ISO-10303-21;
HEADER;
/* Generated by software containing ST-Developer
 * from STEP Tools, Inc. (www.steptools.com) 
 */
/* OPTION: using custom schema-name function */

FILE_DESCRIPTION(
/* description */ (''),
/* implementation_level */ '2;1');

FILE_NAME(
/* name */ '\X2\76D65B504E0D950894A2\X0\.stp',
/* time_stamp */ '2025-04-18T21:00:19+08:00',
/* author */ (''),
/* organization */ (''),
/* preprocessor_version */ 'ST-DEVELOPER v16',
/* originating_system */ 'SIEMENS PLM Software NX 10.0',
/* authorisation */ '');

FILE_SCHEMA (('AUTOMOTIVE_DESIGN { 1 0 10303 214 3 1 1 1 }'));
ENDSEC;

DATA;
#10=SHAPE_REPRESENTATION_RELATIONSHIP('None',
'relationship between _model112-None and _model112-None',#22,#11);
#11=ADVANCED_BREP_SHAPE_REPRESENTATION('_model112-None',(#32),#2062);
#12=SHAPE_DEFINITION_REPRESENTATION(#13,#22);
#13=PRODUCT_DEFINITION_SHAPE('','',#14);
#14=PRODUCT_DEFINITION(' ','',#16,#15);
#15=PRODUCT_DEFINITION_CONTEXT('part definition',#21,'design');
#16=PRODUCT_DEFINITION_FORMATION_WITH_SPECIFIED_SOURCE(' ',' ',#18,
 .NOT_KNOWN.);
#17=PRODUCT_RELATED_PRODUCT_CATEGORY('part','',(#18));
#18=PRODUCT('_model112','_model112',' ',(#19));
#19=PRODUCT_CONTEXT(' ',#21,'mechanical');
#20=APPLICATION_PROTOCOL_DEFINITION('international standard',
'automotive_design',2010,#21);
#21=APPLICATION_CONTEXT(
'core data for automotive mechanical design processes');
#22=SHAPE_REPRESENTATION('_model112-None',(#287),#2062);
#23=PRESENTATION_LAYER_ASSIGNMENT('1','Layer 1',(#32));
#24=STYLED_ITEM('',(#25),#32);
#25=PRESENTATION_STYLE_ASSIGNMENT((#26));
#26=SURFACE_STYLE_USAGE(.BOTH.,#27);
#27=SURFACE_SIDE_STYLE('',(#28));
#28=SURFACE_STYLE_FILL_AREA(#29);
#29=FILL_AREA_STYLE('',(#30));
#30=FILL_AREA_STYLE_COLOUR('',#31);
#31=COLOUR_RGB('Orange',1.,0.6,0.);
#32=MANIFOLD_SOLID_BREP('',#33);
#33=CLOSED_SHELL('',(#76,#77,#78,#79,#80,#81,#82,#83,#84,#85,#86,#87,#88,
#89,#90,#91,#92,#93,#94,#95));
#34=B_SPLINE_SURFACE_WITH_KNOTS('',1,3,((#1081,#1082,#1083,#1084,#1085,
#1086,#1087,#1088,#1089,#1090,#1091,#1092,#1093,#1094,#1095,#1096,#1097,
#1098,#1099,#1100,#1101,#1102,#1103,#1104,#1105,#1106,#1107,#1108,#1109,
#1110,#1111,#1112,#1113,#1114,#1115,#1116,#1117,#1118,#1119,#1120,#1121,
#1122,#1123,#1124,#1125,#1126,#1127,#1128,#1129,#1130,#1131,#1132,#1133,
#1134,#1135,#1136,#1137,#1138,#1139,#1140,#1141,#1142,#1143,#1144,#1145,
#1146,#1147,#1148,#1149,#1150,#1151,#1152,#1153,#1154,#1155,#1156,#1157,
#1158,#1159,#1160,#1161,#1162,#1163,#1164,#1165,#1166,#1167,#1168,#1169,
#1170,#1171,#1172,#1173,#1174,#1175,#1176,#1177,#1178,#1179,#1180,#1181,
#1182,#1183,#1184,#1185,#1186,#1187,#1188,#1189,#1190,#1191,#1192,#1193,
#1194,#1195,#1196,#1197,#1198,#1199,#1200,#1201,#1202,#1203,#1204,#1205,
#1206,#1207,#1208,#1209,#1210,#1211,#1212,#1213,#1214,#1215,#1216,#1217,
#1218,#1219,#1220,#1221,#1222,#1223,#1224,#1225,#1226,#1227,#1228,#1229,
#1230,#1231,#1232,#1233,#1234,#1235,#1236,#1237,#1238,#1239,#1240,#1241,
#1242,#1243,#1244,#1245,#1246,#1247,#1248,#1249,#1250,#1251,#1252,#1253,
#1254,#1255,#1256,#1257,#1258,#1259,#1260,#1261,#1262,#1263,#1264,#1265,
#1266,#1267,#1268,#1269,#1270,#1271,#1272,#1273,#1274,#1275,#1276),(#1277,
#1278,#1279,#1280,#1281,#1282,#1283,#1284,#1285,#1286,#1287,#1288,#1289,
#1290,#1291,#1292,#1293,#1294,#1295,#1296,#1297,#1298,#1299,#1300,#1301,
#1302,#1303,#1304,#1305,#1306,#1307,#1308,#1309,#1310,#1311,#1312,#1313,
#1314,#1315,#1316,#1317,#1318,#1319,#1320,#1321,#1322,#1323,#1324,#1325,
#1326,#1327,#1328,#1329,#1330,#1331,#1332,#1333,#1334,#1335,#1336,#1337,
#1338,#1339,#1340,#1341,#1342,#1343,#1344,#1345,#1346,#1347,#1348,#1349,
#1350,#1351,#1352,#1353,#1354,#1355,#1356,#1357,#1358,#1359,#1360,#1361,
#1362,#1363,#1364,#1365,#1366,#1367,#1368,#1369,#1370,#1371,#1372,#1373,
#1374,#1375,#1376,#1377,#1378,#1379,#1380,#1381,#1382,#1383,#1384,#1385,
#1386,#1387,#1388,#1389,#1390,#1391,#1392,#1393,#1394,#1395,#1396,#1397,
#1398,#1399,#1400,#1401,#1402,#1403,#1404,#1405,#1406,#1407,#1408,#1409,
#1410,#1411,#1412,#1413,#1414,#1415,#1416,#1417,#1418,#1419,#1420,#1421,
#1422,#1423,#1424,#1425,#1426,#1427,#1428,#1429,#1430,#1431,#1432,#1433,
#1434,#1435,#1436,#1437,#1438,#1439,#1440,#1441,#1442,#1443,#1444,#1445,
#1446,#1447,#1448,#1449,#1450,#1451,#1452,#1453,#1454,#1455,#1456,#1457,
#1458,#1459,#1460,#1461,#1462,#1463,#1464,#1465,#1466,#1467,#1468,#1469,
#1470,#1471,#1472)),.UNSPECIFIED.,.F.,.F.,.F.,(2,2),(4,1,1,1,1,1,1,1,1,
1,1,1,1,1,1,1,1,1,1,1,1,1,1,1,1,1,1,1,1,1,1,1,1,1,1,1,1,1,1,1,1,1,1,1,1,
1,1,1,1,1,1,1,1,1,1,1,1,1,1,1,1,1,1,1,1,1,1,1,1,1,1,1,1,1,1,1,1,1,1,1,1,
1,1,1,1,1,1,1,1,1,1,1,1,1,1,1,1,1,1,1,1,1,1,1,1,1,1,1,1,1,1,1,1,1,1,1,1,
1,1,1,1,1,1,1,1,1,1,1,1,1,1,1,1,1,1,1,1,1,1,1,1,1,1,1,1,1,1,1,1,1,1,1,1,
1,1,1,1,1,1,1,1,1,1,1,1,1,1,1,1,1,1,1,1,1,1,1,1,1,1,1,1,1,1,1,1,1,1,1,1,
1,1,1,1,4),(0.,1.),(0.,0.00520382287433462,0.0104076457486692,0.0156114686230039,
0.0208152914973385,0.0260191143716731,0.0312229372460077,0.0364267601203423,
0.041630582994677,0.0468344058690116,0.0520382287433462,0.0572420516176808,
0.0624458744920154,0.06764969736635,0.0728535202406847,0.0780573431150193,
0.0832611659893539,0.0884649888636885,0.0936688117380231,0.0988726346123577,
0.104076457486692,0.109280280361027,0.114484103235362,0.119687926109696,
0.124891748984031,0.130095571858365,0.1352993947327,0.140503217607035,0.145707040481369,
0.150910863355704,0.156114686230039,0.161318509104373,0.166522331978708,
0.171726154853042,0.176929977727377,0.182133800601712,0.187337623476046,
0.192541446350381,0.197745269224716,0.20294909209905,0.208152914973385,
0.213356737847719,0.218560560722054,0.223764383596389,0.228968206470723,
0.234172029345058,0.239375852219392,0.244579675093727,0.249783497968062,
0.254987320842396,0.260191143716731,0.265394966591066,0.2705987894654,0.275802612339735,
0.281006435214069,0.286210258088404,0.291414080962739,0.296617903837073,
0.301821726711408,0.307025549585743,0.312229372460077,0.317433195334412,
0.322637018208746,0.327840841083081,0.333044663957416,0.33824848683175,
0.343452309706085,0.348656132580419,0.353859955454754,0.359063778329089,
0.364267601203423,0.369471424077758,0.374675246952093,0.379879069826427,
0.385082892700762,0.390286715575096,0.395490538449431,0.400694361323766,
0.4058981841981,0.411102007072435,0.41630582994677,0.421509652821104,0.426713475695439,
0.431917298569773,0.437121121444108,0.442324944318443,0.447528767192777,
0.452732590067112,0.457936412941446,0.463140235815781,0.468344058690116,
0.47354788156445,0.478751704438785,0.48395552731312,0.489159350187454,0.494363173061789,
0.499566995936123,0.504770818810458,0.509974641684793,0.515178464559127,
0.520382287433462,0.525586110307796,0.530789933182131,0.535993756056466,
0.5411975789308,0.546401401805135,0.55160522467947,0.556809047553804,0.562012870428139,
0.567216693302473,0.572420516176808,0.577624339051143,0.582828161925477,
0.588031984799812,0.593235807674147,0.598439630548481,0.603643453422816,
0.60884727629715,0.614051099171485,0.61925492204582,0.624458744920154,0.629662567794489,
0.634866390668823,0.640070213543158,0.645274036417493,0.650477859291827,
0.655681682166162,0.660885505040497,0.666089327914831,0.671293150789166,
0.6764969736635,0.681700796537835,0.68690461941217,0.692108442286504,0.697312265160839,
0.702516088035174,0.707719910909508,0.712923733783843,0.718127556658177,
0.723331379532512,0.728535202406847,0.733739025281181,0.738942848155516,
0.74414667102985,0.749350493904185,0.75455431677852,0.759758139652854,0.764961962527189,
0.770165785401524,0.775369608275858,0.780573431150193,0.785777254024527,
0.790981076898862,0.796184899773197,0.801388722647531,0.806592545521866,
0.811796368396201,0.817000191270535,0.82220401414487,0.827407837019204,
0.832611659893539,0.837815482767874,0.843019305642208,0.848223128516543,
0.853426951390877,0.858630774265212,0.863834597139547,0.869038420013881,
0.874242242888216,0.879446065762551,0.884649888636885,0.88985371151122,
0.895057534385554,0.900261357259889,0.905465180134224,0.910669003008558,
0.915872825882893,0.921076648757228,0.926280471631562,0.931484294505897,
0.936688117380231,0.941891940254566,0.947095763128901,0.952299586003235,
0.95750340887757,0.962707231751904,0.967911054626239,0.973114877500574,
0.978318700374908,0.983522523249243,0.988726346123578,0.993930168997912,
0.999133991872247,1.),.UNSPECIFIED.);
#35=B_SPLINE_SURFACE_WITH_KNOTS('',1,3,((#1667,#1668,#1669,#1670,#1671,
#1672,#1673,#1674,#1675,#1676,#1677,#1678,#1679,#1680,#1681,#1682,#1683,
#1684,#1685,#1686,#1687,#1688,#1689,#1690,#1691,#1692,#1693,#1694,#1695,
#1696,#1697,#1698,#1699,#1700,#1701,#1702,#1703,#1704,#1705,#1706,#1707,
#1708,#1709,#1710,#1711,#1712,#1713,#1714,#1715,#1716,#1717,#1718,#1719,
#1720,#1721,#1722,#1723,#1724,#1725,#1726,#1727,#1728,#1729,#1730,#1731,
#1732,#1733,#1734,#1735,#1736,#1737,#1738,#1739,#1740,#1741,#1742,#1743,
#1744,#1745,#1746,#1747,#1748,#1749,#1750,#1751,#1752,#1753,#1754,#1755,
#1756,#1757,#1758,#1759,#1760,#1761,#1762,#1763,#1764,#1765,#1766,#1767,
#1768,#1769,#1770,#1771,#1772,#1773,#1774,#1775,#1776,#1777,#1778,#1779,
#1780,#1781,#1782,#1783,#1784,#1785,#1786,#1787,#1788,#1789,#1790,#1791,
#1792,#1793,#1794,#1795,#1796,#1797,#1798,#1799,#1800,#1801,#1802,#1803,
#1804,#1805,#1806,#1807,#1808,#1809,#1810,#1811,#1812,#1813,#1814,#1815,
#1816,#1817,#1818,#1819,#1820,#1821,#1822,#1823,#1824,#1825,#1826,#1827,
#1828,#1829,#1830,#1831,#1832,#1833,#1834,#1835,#1836,#1837,#1838,#1839,
#1840,#1841,#1842,#1843,#1844,#1845,#1846,#1847,#1848,#1849,#1850,#1851,
#1852,#1853,#1854,#1855,#1856,#1857,#1858,#1859,#1860,#1861,#1862),(#1863,
#1864,#1865,#1866,#1867,#1868,#1869,#1870,#1871,#1872,#1873,#1874,#1875,
#1876,#1877,#1878,#1879,#1880,#1881,#1882,#1883,#1884,#1885,#1886,#1887,
#1888,#1889,#1890,#1891,#1892,#1893,#1894,#1895,#1896,#1897,#1898,#1899,
#1900,#1901,#1902,#1903,#1904,#1905,#1906,#1907,#1908,#1909,#1910,#1911,
#1912,#1913,#1914,#1915,#1916,#1917,#1918,#1919,#1920,#1921,#1922,#1923,
#1924,#1925,#1926,#1927,#1928,#1929,#1930,#1931,#1932,#1933,#1934,#1935,
#1936,#1937,#1938,#1939,#1940,#1941,#1942,#1943,#1944,#1945,#1946,#1947,
#1948,#1949,#1950,#1951,#1952,#1953,#1954,#1955,#1956,#1957,#1958,#1959,
#1960,#1961,#1962,#1963,#1964,#1965,#1966,#1967,#1968,#1969,#1970,#1971,
#1972,#1973,#1974,#1975,#1976,#1977,#1978,#1979,#1980,#1981,#1982,#1983,
#1984,#1985,#1986,#1987,#1988,#1989,#1990,#1991,#1992,#1993,#1994,#1995,
#1996,#1997,#1998,#1999,#2000,#2001,#2002,#2003,#2004,#2005,#2006,#2007,
#2008,#2009,#2010,#2011,#2012,#2013,#2014,#2015,#2016,#2017,#2018,#2019,
#2020,#2021,#2022,#2023,#2024,#2025,#2026,#2027,#2028,#2029,#2030,#2031,
#2032,#2033,#2034,#2035,#2036,#2037,#2038,#2039,#2040,#2041,#2042,#2043,
#2044,#2045,#2046,#2047,#2048,#2049,#2050,#2051,#2052,#2053,#2054,#2055,
#2056,#2057,#2058)),.UNSPECIFIED.,.F.,.F.,.F.,(2,2),(4,1,1,1,1,1,1,1,1,
1,1,1,1,1,1,1,1,1,1,1,1,1,1,1,1,1,1,1,1,1,1,1,1,1,1,1,1,1,1,1,1,1,1,1,1,
1,1,1,1,1,1,1,1,1,1,1,1,1,1,1,1,1,1,1,1,1,1,1,1,1,1,1,1,1,1,1,1,1,1,1,1,
1,1,1,1,1,1,1,1,1,1,1,1,1,1,1,1,1,1,1,1,1,1,1,1,1,1,1,1,1,1,1,1,1,1,1,1,
1,1,1,1,1,1,1,1,1,1,1,1,1,1,1,1,1,1,1,1,1,1,1,1,1,1,1,1,1,1,1,1,1,1,1,1,
1,1,1,1,1,1,1,1,1,1,1,1,1,1,1,1,1,1,1,1,1,1,1,1,1,1,1,1,1,1,1,1,1,1,1,1,
1,1,1,1,4),(0.,1.),(0.,0.00520382287433462,0.0104076457486692,0.0156114686230039,
0.0208152914973385,0.0260191143716731,0.0312229372460077,0.0364267601203423,
0.041630582994677,0.0468344058690116,0.0520382287433462,0.0572420516176808,
0.0624458744920154,0.06764969736635,0.0728535202406847,0.0780573431150193,
0.0832611659893539,0.0884649888636885,0.0936688117380231,0.0988726346123577,
0.104076457486692,0.109280280361027,0.114484103235362,0.119687926109696,
0.124891748984031,0.130095571858365,0.1352993947327,0.140503217607035,0.145707040481369,
0.150910863355704,0.156114686230039,0.161318509104373,0.166522331978708,
0.171726154853042,0.176929977727377,0.182133800601712,0.187337623476046,
0.192541446350381,0.197745269224716,0.20294909209905,0.208152914973385,
0.213356737847719,0.218560560722054,0.223764383596389,0.228968206470723,
0.234172029345058,0.239375852219392,0.244579675093727,0.249783497968062,
0.254987320842396,0.260191143716731,0.265394966591066,0.2705987894654,0.275802612339735,
0.281006435214069,0.286210258088404,0.291414080962739,0.296617903837073,
0.301821726711408,0.307025549585743,0.312229372460077,0.317433195334412,
0.322637018208746,0.327840841083081,0.333044663957416,0.33824848683175,
0.343452309706085,0.348656132580419,0.353859955454754,0.359063778329089,
0.364267601203423,0.369471424077758,0.374675246952093,0.379879069826427,
0.385082892700762,0.390286715575096,0.395490538449431,0.400694361323766,
0.4058981841981,0.411102007072435,0.41630582994677,0.421509652821104,0.426713475695439,
0.431917298569773,0.437121121444108,0.442324944318443,0.447528767192777,
0.452732590067112,0.457936412941446,0.463140235815781,0.468344058690116,
0.47354788156445,0.478751704438785,0.48395552731312,0.489159350187454,0.494363173061789,
0.499566995936123,0.504770818810458,0.509974641684793,0.515178464559127,
0.520382287433462,0.525586110307796,0.530789933182131,0.535993756056466,
0.5411975789308,0.546401401805135,0.55160522467947,0.556809047553804,0.562012870428139,
0.567216693302473,0.572420516176808,0.577624339051143,0.582828161925477,
0.588031984799812,0.593235807674147,0.598439630548481,0.603643453422816,
0.60884727629715,0.614051099171485,0.61925492204582,0.624458744920154,0.629662567794489,
0.634866390668823,0.640070213543158,0.645274036417493,0.650477859291827,
0.655681682166162,0.660885505040497,0.666089327914831,0.671293150789166,
0.6764969736635,0.681700796537835,0.68690461941217,0.692108442286504,0.697312265160839,
0.702516088035174,0.707719910909508,0.712923733783843,0.718127556658177,
0.723331379532512,0.728535202406847,0.733739025281181,0.738942848155516,
0.74414667102985,0.749350493904185,0.75455431677852,0.759758139652854,0.764961962527189,
0.770165785401524,0.775369608275858,0.780573431150193,0.785777254024527,
0.790981076898862,0.796184899773197,0.801388722647531,0.806592545521866,
0.811796368396201,0.817000191270535,0.82220401414487,0.827407837019204,
0.832611659893539,0.837815482767874,0.843019305642208,0.848223128516543,
0.853426951390877,0.858630774265212,0.863834597139547,0.869038420013881,
0.874242242888216,0.879446065762551,0.884649888636885,0.88985371151122,
0.895057534385554,0.900261357259889,0.905465180134224,0.910669003008558,
0.915872825882893,0.921076648757228,0.926280471631562,0.931484294505897,
0.936688117380231,0.941891940254566,0.947095763128901,0.952299586003235,
0.95750340887757,0.962707231751904,0.967911054626239,0.973114877500574,
0.978318700374908,0.983522523249243,0.988726346123578,0.993930168997912,
0.999133991872247,1.),.UNSPECIFIED.);
#36=FACE_OUTER_BOUND('',#133,.T.);
#37=FACE_OUTER_BOUND('',#138,.T.);
#38=FACE_OUTER_BOUND('',#139,.T.);
#39=FACE_OUTER_BOUND('',#150,.T.);
#40=FACE_OUTER_BOUND('',#151,.T.);
#41=FACE_OUTER_BOUND('',#152,.T.);
#42=FACE_OUTER_BOUND('',#153,.T.);
#43=FACE_OUTER_BOUND('',#154,.T.);
#44=B_SPLINE_CURVE_WITH_KNOTS('',3,(#420,#421,#422,#423,#424,#425,#426,
#427,#428,#429,#430,#431),.UNSPECIFIED.,.F.,.F.,(4,2,2,2,2,4),(0.,0.25,
0.375,0.5,0.75,1.),.UNSPECIFIED.);
#45=B_SPLINE_CURVE_WITH_KNOTS('',3,(#433,#434,#435,#436,#437,#438,#439,
#440,#441,#442,#443,#444,#445,#446,#447,#448,#449,#450,#451,#452,#453,#454,
#455,#456,#457,#458,#459,#460,#461,#462,#463,#464,#465,#466,#467,#468,#469,
#470,#471,#472,#473,#474,#475,#476,#477,#478,#479,#480,#481,#482,#483,#484,
#485,#486,#487,#488,#489,#490,#491,#492,#493,#494,#495,#496,#497,#498,#499,
#500,#501,#502,#503,#504,#505,#506,#507,#508,#509,#510,#511,#512,#513,#514,
#515,#516,#517,#518,#519,#520,#521,#522,#523,#524,#525,#526,#527,#528,#529,
#530,#531,#532,#533,#534,#535,#536,#537,#538,#539,#540,#541,#542,#543,#544,
#545,#546,#547,#548,#549,#550,#551,#552,#553,#554,#555,#556,#557,#558,#559,
#560,#561,#562,#563,#564,#565,#566,#567,#568,#569,#570,#571,#572,#573,#574,
#575,#576,#577,#578,#579,#580,#581,#582,#583,#584,#585,#586,#587,#588,#589,
#590,#591,#592,#593,#594,#595,#596,#597,#598,#599,#600,#601,#602,#603,#604,
#605,#606,#607,#608,#609,#610,#611,#612,#613,#614,#615,#616,#617,#618,#619,
#620,#621,#622,#623,#624,#625,#626,#627,#628,#629,#630,#631,#632,#633,#634,
#635,#636,#637,#638,#639,#640,#641,#642,#643,#644),.UNSPECIFIED.,.F.,.F.,
(4,2,2,2,2,2,2,2,2,2,2,2,2,2,2,2,2,2,2,2,2,2,2,2,2,2,2,2,2,2,2,2,2,2,2,
2,2,2,2,2,2,2,2,2,2,2,2,2,2,2,2,2,2,2,2,2,2,2,2,2,2,2,2,2,2,2,2,2,2,2,2,
2,2,2,2,2,2,2,2,2,2,2,2,2,2,2,2,2,2,2,2,2,2,2,2,2,2,2,2,2,2,2,2,2,2,4),
(0.,0.015625,0.0234375,0.03125,0.0390625,0.046875,0.0546875,0.0625,0.0703125,
0.078125,0.0859375000000001,0.0937500000000001,0.1015625,0.109375,0.1171875,
0.125,0.1328125,0.140625,0.1484375,0.15625,0.1640625,0.171875,0.1796875,
0.1875,0.1953125,0.203125,0.2109375,0.21875,0.2265625,0.234375,0.2421875,
0.25,0.2578125,0.265625,0.2734375,0.28125,0.2890625,0.296875,0.3046875,
0.3125,0.3203125,0.328125,0.3359375,0.34375,0.3515625,0.359375,0.3671875,
0.375,0.390625,0.3984375,0.40625,0.4140625,0.421875,0.4296875,0.4375,0.4453125,
0.453125,0.4609375,0.46875,0.4765625,0.484375,0.4921875,0.5,0.5078125,0.515625,
0.5234375,0.53125,0.5390625,0.546875,0.5546875,0.5625,0.578125,0.5859375,
0.59375,0.609375,0.625,0.640625,0.6484375,0.65625,0.671875,0.6796875,0.6875,
0.703125,0.7109375,0.71875,0.7265625,0.734375,0.7421875,0.75,0.7578125,
0.765625,0.78125,0.796875,0.8125,0.828125,0.84375,0.859375,0.875,0.890625,
0.90625,0.921875,0.9375,0.953125,0.96875,0.984375,1.),.UNSPECIFIED.);
#46=B_SPLINE_CURVE_WITH_KNOTS('',3,(#648,#649,#650,#651,#652,#653,#654,
#655,#656,#657,#658,#659,#660,#661,#662,#663,#664,#665,#666,#667,#668,#669,
#670,#671,#672,#673,#674,#675,#676,#677,#678,#679,#680,#681,#682,#683,#684,
#685,#686,#687,#688,#689,#690,#691,#692,#693,#694,#695,#696,#697,#698,#699,
#700,#701,#702,#703,#704,#705,#706,#707,#708,#709,#710,#711,#712,#713,#714,
#715,#716,#717,#718,#719,#720,#721,#722,#723,#724,#725,#726,#727,#728,#729,
#730,#731,#732,#733,#734,#735,#736,#737,#738,#739,#740,#741,#742,#743,#744,
#745,#746,#747,#748,#749,#750,#751,#752,#753,#754,#755,#756,#757,#758,#759,
#760,#761,#762,#763,#764,#765,#766,#767,#768,#769,#770,#771,#772,#773,#774,
#775,#776,#777,#778,#779,#780,#781,#782,#783,#784,#785,#786,#787,#788,#789,
#790,#791,#792,#793,#794,#795,#796,#797,#798,#799,#800,#801,#802,#803,#804,
#805,#806,#807,#808,#809,#810,#811,#812,#813,#814,#815,#816,#817,#818,#819,
#820,#821),.UNSPECIFIED.,.F.,.F.,(4,2,2,2,2,2,2,2,2,2,2,2,2,2,2,2,2,2,2,
2,2,2,2,2,2,2,2,2,2,2,2,2,2,2,2,2,2,2,2,2,2,2,2,2,2,2,2,2,2,2,2,2,2,2,2,
2,2,2,2,2,2,2,2,2,2,2,2,2,2,2,2,2,2,2,2,2,2,2,2,2,2,2,2,2,2,2,4),(0.,0.015625,
0.03125,0.0390625,0.046875,0.0546875,0.0625000000000001,0.0781250000000001,
0.0937500000000001,0.109375,0.1171875,0.125,0.1328125,0.140625,0.15625,
0.171875,0.1796875,0.1875,0.1953125,0.203125,0.21875,0.234375,0.25,0.2578125,
0.265625,0.28125,0.2890625,0.296875,0.3125,0.328125,0.34375,0.359375,0.375,
0.390625,0.3984375,0.40625,0.4140625,0.421875,0.4375,0.453125,0.4609375,
0.46875,0.484375,0.4921875,0.5,0.5078125,0.515625,0.53125,0.5390625,0.546875,
0.5546875,0.5625,0.578125,0.59375,0.609375,0.6171875,0.625,0.640625,0.6484375,
0.65625,0.671875,0.6875,0.703125,0.71875,0.734375,0.75,0.7578125,0.765625,
0.78125,0.796875,0.8046875,0.8125,0.828125,0.8359375,0.84375,0.859375,0.875000000000001,
0.890625000000001,0.898437500000001,0.906250000000001,0.914062500000001,
0.921875000000001,0.9375,0.953125,0.96875,0.984375,1.),.UNSPECIFIED.);
#47=B_SPLINE_CURVE_WITH_KNOTS('',3,(#829,#830,#831,#832,#833,#834,#835,
#836,#837,#838,#839,#840),.UNSPECIFIED.,.F.,.F.,(4,2,2,2,2,4),(0.,0.25,
0.5,0.625,0.75,1.),.UNSPECIFIED.);
#48=B_SPLINE_CURVE_WITH_KNOTS('',3,(#844,#845,#846,#847,#848,#849,#850,
#851,#852,#853,#854,#855),.UNSPECIFIED.,.F.,.F.,(4,2,2,2,2,4),(0.,0.25,
0.375,0.5,0.75,1.),.UNSPECIFIED.);
#49=B_SPLINE_CURVE_WITH_KNOTS('',1,(#877,#878),.UNSPECIFIED.,.F.,.F.,(2,
2),(0.,1.),.UNSPECIFIED.);
#50=B_SPLINE_CURVE_WITH_KNOTS('',1,(#882,#883),.UNSPECIFIED.,.F.,.F.,(2,
2),(0.,1.),.UNSPECIFIED.);
#51=B_SPLINE_CURVE_WITH_KNOTS('',3,(#885,#886,#887,#888,#889,#890,#891,
#892,#893,#894,#895,#896,#897,#898,#899,#900,#901,#902,#903,#904,#905,#906,
#907,#908,#909,#910,#911,#912,#913,#914,#915,#916,#917,#918,#919,#920,#921,
#922,#923,#924,#925,#926,#927,#928,#929,#930,#931,#932,#933,#934,#935,#936,
#937,#938,#939,#940,#941,#942,#943,#944,#945,#946,#947,#948,#949,#950,#951,
#952,#953,#954,#955,#956,#957,#958,#959,#960,#961,#962,#963,#964,#965,#966,
#967,#968,#969,#970,#971,#972,#973,#974,#975,#976,#977,#978,#979,#980,#981,
#982,#983,#984,#985,#986,#987,#988,#989,#990,#991,#992,#993,#994,#995,#996,
#997,#998,#999,#1000,#1001,#1002,#1003,#1004,#1005,#1006,#1007,#1008,#1009,
#1010,#1011,#1012,#1013,#1014,#1015,#1016,#1017,#1018,#1019,#1020,#1021,
#1022,#1023,#1024,#1025,#1026,#1027,#1028,#1029,#1030,#1031,#1032,#1033,
#1034,#1035,#1036,#1037,#1038,#1039,#1040,#1041,#1042,#1043,#1044,#1045,
#1046,#1047,#1048,#1049,#1050,#1051,#1052,#1053,#1054,#1055,#1056,#1057,
#1058,#1059,#1060,#1061,#1062,#1063,#1064,#1065,#1066,#1067,#1068,#1069,
#1070,#1071,#1072,#1073,#1074,#1075,#1076,#1077,#1078,#1079,#1080),
 .UNSPECIFIED.,.F.,.F.,(4,2,2,2,2,2,2,2,2,2,2,2,2,2,2,2,2,2,2,2,2,2,2,2,
2,2,2,2,2,2,2,2,2,2,2,2,2,2,2,2,2,2,2,2,2,2,2,2,2,2,2,2,2,2,2,2,2,2,2,2,
2,2,2,2,2,2,2,2,2,2,2,2,2,2,2,2,2,2,2,2,2,2,2,2,2,2,2,2,2,2,2,2,2,2,2,2,
2,4),(0.,0.0078125,0.015625,0.03125,0.046875,0.0625,0.0703125,0.078125,
0.0859375,0.09375,0.109375,0.1171875,0.125,0.1328125,0.140625,0.1484375,
0.15625,0.171875,0.1875,0.203125,0.2109375,0.21875,0.2265625,0.234375,0.25,
0.2578125,0.265625,0.2734375,0.28125,0.296875,0.3125,0.328125,0.34375,0.3515625,
0.359375,0.3671875,0.375,0.390625,0.3984375,0.40625,0.4140625,0.421875,
0.4375,0.453125,0.46875,0.484375,0.5,0.515625,0.5234375,0.53125,0.5390625,
0.546875,0.5546875,0.5625,0.578125,0.5859375,0.59375,0.6015625,0.609375,
0.625,0.640625,0.65625,0.6640625,0.671875,0.6796875,0.6875,0.6953125,0.703125,
0.71875,0.7265625,0.734375,0.7421875,0.75,0.765625,0.78125,0.796875,0.8046875,
0.8125,0.8203125,0.828125,0.84375,0.8515625,0.859375,0.8671875,0.875,0.8828125,
0.890625,0.8984375,0.90625,0.9140625,0.921875,0.9375,0.9453125,0.953125,
0.9609375,0.96875,0.984375,1.),.UNSPECIFIED.);
#52=B_SPLINE_CURVE_WITH_KNOTS('',3,(#1473,#1474,#1475,#1476,#1477,#1478,
#1479,#1480,#1481,#1482,#1483,#1484,#1485,#1486,#1487,#1488,#1489,#1490,
#1491,#1492,#1493,#1494,#1495,#1496,#1497,#1498,#1499,#1500,#1501,#1502,
#1503,#1504,#1505,#1506,#1507,#1508,#1509,#1510,#1511,#1512,#1513,#1514,
#1515,#1516,#1517,#1518,#1519,#1520,#1521,#1522,#1523,#1524,#1525,#1526,
#1527,#1528,#1529,#1530,#1531,#1532,#1533,#1534,#1535,#1536,#1537,#1538,
#1539,#1540,#1541,#1542,#1543,#1544,#1545,#1546,#1547,#1548,#1549,#1550,
#1551,#1552,#1553,#1554,#1555,#1556,#1557,#1558,#1559,#1560,#1561,#1562,
#1563,#1564,#1565,#1566,#1567,#1568,#1569,#1570,#1571,#1572,#1573,#1574,
#1575,#1576,#1577,#1578,#1579,#1580,#1581,#1582,#1583,#1584,#1585,#1586,
#1587,#1588,#1589,#1590,#1591,#1592,#1593,#1594,#1595,#1596,#1597,#1598,
#1599,#1600,#1601,#1602,#1603,#1604,#1605,#1606,#1607,#1608,#1609,#1610,
#1611,#1612,#1613,#1614,#1615,#1616,#1617,#1618,#1619,#1620,#1621,#1622,
#1623,#1624,#1625,#1626,#1627,#1628,#1629,#1630,#1631,#1632,#1633,#1634,
#1635,#1636,#1637,#1638,#1639,#1640,#1641,#1642,#1643,#1644,#1645,#1646,
#1647,#1648,#1649,#1650,#1651,#1652,#1653,#1654,#1655,#1656,#1657,#1658,
#1659,#1660,#1661,#1662,#1663,#1664,#1665,#1666),.UNSPECIFIED.,.F.,.F.,
(4,2,2,2,2,2,2,2,2,2,2,2,2,2,2,2,2,2,2,2,2,2,2,2,2,2,2,2,2,2,2,2,2,2,2,
2,2,2,2,2,2,2,2,2,2,2,2,2,2,2,2,2,2,2,2,2,2,2,2,2,2,2,2,2,2,2,2,2,2,2,2,
2,2,2,2,2,2,2,2,2,2,2,2,2,2,2,2,2,2,2,2,2,2,2,2,2,4),(0.,0.00781250000000011,
0.0156250000000001,0.0234375000000001,0.0312500000000001,0.0468750000000001,
0.0625000000000001,0.0781250000000001,0.0937500000000001,0.1015625,0.109375,
0.1171875,0.125,0.1328125,0.140625,0.1484375,0.15625,0.171875,0.1875,0.203125,
0.2109375,0.21875,0.2265625,0.234375,0.25,0.265625,0.2734375,0.28125,0.296875,
0.3046875,0.3125,0.3203125,0.328125,0.3359375,0.34375,0.359375,0.375,0.390625,
0.3984375,0.40625,0.4140625,0.421875,0.4296875,0.4375,0.4453125,0.453125,
0.46875,0.484375,0.5,0.5078125,0.515625,0.5234375,0.53125,0.546875,0.5625,
0.578125,0.5859375,0.59375,0.6015625,0.609375,0.6171875,0.625,0.6328125,
0.640625,0.6484375,0.65625,0.671875,0.6875,0.703125,0.7109375,0.71875,0.7265625,
0.734375,0.75,0.765625,0.78125,0.7890625,0.796875,0.8046875,0.8125,0.828125,
0.8359375,0.84375,0.8515625,0.859375,0.8671875,0.875,0.890625,0.90625,0.921875,
0.9375,0.9453125,0.953125,0.9609375,0.96875,0.984375,1.),.UNSPECIFIED.);
#53=LINE('',#416,#58);
#54=LINE('',#647,#59);
#55=LINE('',#823,#60);
#56=LINE('',#827,#61);
#57=LINE('',#880,#62);
#58=VECTOR('',#344,1.);
#59=VECTOR('',#349,1.);
#60=VECTOR('',#350,1.);
#61=VECTOR('',#355,1.);
#62=VECTOR('',#388,1.);
#63=CYLINDRICAL_SURFACE('',#296,35.55);
#64=CYLINDRICAL_SURFACE('',#301,34.5);
#65=CYLINDRICAL_SURFACE('',#306,35.2);
#66=CYLINDRICAL_SURFACE('',#315,37.);
#67=CYLINDRICAL_SURFACE('',#320,35.125);
#68=PLANE('',#293);
#69=PLANE('',#299);
#70=PLANE('',#304);
#71=PLANE('',#307);
#72=PLANE('',#309);
#73=PLANE('',#313);
#74=PLANE('',#318);
#75=PLANE('',#319);
#76=ADVANCED_FACE('',(#101,#102),#96,.T.);
#77=ADVANCED_FACE('',(#103,#104),#68,.F.);
#78=ADVANCED_FACE('',(#105,#106),#63,.F.);
#79=ADVANCED_FACE('',(#107,#108),#69,.F.);
#80=ADVANCED_FACE('',(#36),#64,.F.);
#81=ADVANCED_FACE('',(#109,#110),#70,.F.);
#82=ADVANCED_FACE('',(#111,#112),#65,.F.);
#83=ADVANCED_FACE('',(#37),#71,.F.);
#84=ADVANCED_FACE('',(#38),#72,.F.);
#85=ADVANCED_FACE('',(#113,#114),#97,.F.);
#86=ADVANCED_FACE('',(#115,#116),#73,.F.);
#87=ADVANCED_FACE('',(#117,#118),#66,.T.);
#88=ADVANCED_FACE('',(#119,#120),#98,.F.);
#89=ADVANCED_FACE('',(#121,#122),#99,.T.);
#90=ADVANCED_FACE('',(#39),#74,.F.);
#91=ADVANCED_FACE('',(#40),#75,.F.);
#92=ADVANCED_FACE('',(#41),#34,.F.);
#93=ADVANCED_FACE('',(#42),#35,.F.);
#94=ADVANCED_FACE('',(#43),#67,.F.);
#95=ADVANCED_FACE('',(#123,#124),#100,.T.);
#96=CONICAL_SURFACE('',#290,37.,12.6803834918192);
#97=CONICAL_SURFACE('',#311,33.5,44.9999999999998);
#98=CONICAL_SURFACE('',#316,35.55,45.0000000000002);
#99=CONICAL_SURFACE('',#317,36.35,51.3401917459091);
#100=CONICAL_SURFACE('',#321,37.,45.);
#101=FACE_BOUND('',#125,.T.);
#102=FACE_BOUND('',#126,.T.);
#103=FACE_BOUND('',#127,.T.);
#104=FACE_BOUND('',#128,.T.);
#105=FACE_BOUND('',#129,.T.);
#106=FACE_BOUND('',#130,.T.);
#107=FACE_BOUND('',#131,.T.);
#108=FACE_BOUND('',#132,.T.);
#109=FACE_BOUND('',#134,.T.);
#110=FACE_BOUND('',#135,.T.);
#111=FACE_BOUND('',#136,.T.);
#112=FACE_BOUND('',#137,.T.);
#113=FACE_BOUND('',#140,.T.);
#114=FACE_BOUND('',#141,.T.);
#115=FACE_BOUND('',#142,.T.);
#116=FACE_BOUND('',#143,.T.);
#117=FACE_BOUND('',#144,.T.);
#118=FACE_BOUND('',#145,.T.);
#119=FACE_BOUND('',#146,.T.);
#120=FACE_BOUND('',#147,.T.);
#121=FACE_BOUND('',#148,.T.);
#122=FACE_BOUND('',#149,.T.);
#123=FACE_BOUND('',#155,.T.);
#124=FACE_BOUND('',#156,.T.);
#125=EDGE_LOOP('',(#157));
#126=EDGE_LOOP('',(#158));
#127=EDGE_LOOP('',(#159));
#128=EDGE_LOOP('',(#160));
#129=EDGE_LOOP('',(#161));
#130=EDGE_LOOP('',(#162));
#131=EDGE_LOOP('',(#163,#164,#165,#166));
#132=EDGE_LOOP('',(#167));
#133=EDGE_LOOP('',(#168,#169,#170,#171,#172,#173));
#134=EDGE_LOOP('',(#174,#175,#176,#177,#178));
#135=EDGE_LOOP('',(#179));
#136=EDGE_LOOP('',(#180));
#137=EDGE_LOOP('',(#181));
#138=EDGE_LOOP('',(#182));
#139=EDGE_LOOP('',(#183));
#140=EDGE_LOOP('',(#184));
#141=EDGE_LOOP('',(#185));
#142=EDGE_LOOP('',(#186));
#143=EDGE_LOOP('',(#187));
#144=EDGE_LOOP('',(#188));
#145=EDGE_LOOP('',(#189));
#146=EDGE_LOOP('',(#190));
#147=EDGE_LOOP('',(#191));
#148=EDGE_LOOP('',(#192));
#149=EDGE_LOOP('',(#193));
#150=EDGE_LOOP('',(#194,#195,#196,#197));
#151=EDGE_LOOP('',(#198,#199,#200));
#152=EDGE_LOOP('',(#201,#202,#203,#204,#205));
#153=EDGE_LOOP('',(#206,#207,#208,#209));
#154=EDGE_LOOP('',(#210,#211,#212,#213,#214));
#155=EDGE_LOOP('',(#215));
#156=EDGE_LOOP('',(#216));
#157=ORIENTED_EDGE('',*,*,#241,.T.);
#158=ORIENTED_EDGE('',*,*,#242,.T.);
#159=ORIENTED_EDGE('',*,*,#243,.T.);
#160=ORIENTED_EDGE('',*,*,#244,.T.);
#161=ORIENTED_EDGE('',*,*,#245,.T.);
#162=ORIENTED_EDGE('',*,*,#246,.F.);
#163=ORIENTED_EDGE('',*,*,#247,.F.);
#164=ORIENTED_EDGE('',*,*,#248,.T.);
#165=ORIENTED_EDGE('',*,*,#249,.T.);
#166=ORIENTED_EDGE('',*,*,#250,.T.);
#167=ORIENTED_EDGE('',*,*,#246,.T.);
#168=ORIENTED_EDGE('',*,*,#251,.T.);
#169=ORIENTED_EDGE('',*,*,#252,.T.);
#170=ORIENTED_EDGE('',*,*,#247,.T.);
#171=ORIENTED_EDGE('',*,*,#253,.T.);
#172=ORIENTED_EDGE('',*,*,#254,.T.);
#173=ORIENTED_EDGE('',*,*,#255,.F.);
#174=ORIENTED_EDGE('',*,*,#255,.T.);
#175=ORIENTED_EDGE('',*,*,#256,.T.);
#176=ORIENTED_EDGE('',*,*,#257,.T.);
#177=ORIENTED_EDGE('',*,*,#258,.T.);
#178=ORIENTED_EDGE('',*,*,#259,.T.);
#179=ORIENTED_EDGE('',*,*,#260,.F.);
#180=ORIENTED_EDGE('',*,*,#261,.F.);
#181=ORIENTED_EDGE('',*,*,#260,.T.);
#182=ORIENTED_EDGE('',*,*,#261,.T.);
#183=ORIENTED_EDGE('',*,*,#262,.F.);
#184=ORIENTED_EDGE('',*,*,#263,.F.);
#185=ORIENTED_EDGE('',*,*,#262,.T.);
#186=ORIENTED_EDGE('',*,*,#264,.T.);
#187=ORIENTED_EDGE('',*,*,#263,.T.);
#188=ORIENTED_EDGE('',*,*,#265,.T.);
#189=ORIENTED_EDGE('',*,*,#242,.F.);
#190=ORIENTED_EDGE('',*,*,#244,.F.);
#191=ORIENTED_EDGE('',*,*,#245,.F.);
#192=ORIENTED_EDGE('',*,*,#241,.F.);
#193=ORIENTED_EDGE('',*,*,#243,.F.);
#194=ORIENTED_EDGE('',*,*,#266,.F.);
#195=ORIENTED_EDGE('',*,*,#267,.T.);
#196=ORIENTED_EDGE('',*,*,#248,.F.);
#197=ORIENTED_EDGE('',*,*,#252,.F.);
#198=ORIENTED_EDGE('',*,*,#268,.F.);
#199=ORIENTED_EDGE('',*,*,#256,.F.);
#200=ORIENTED_EDGE('',*,*,#254,.F.);
#201=ORIENTED_EDGE('',*,*,#250,.F.);
#202=ORIENTED_EDGE('',*,*,#269,.T.);
#203=ORIENTED_EDGE('',*,*,#257,.F.);
#204=ORIENTED_EDGE('',*,*,#268,.T.);
#205=ORIENTED_EDGE('',*,*,#253,.F.);
#206=ORIENTED_EDGE('',*,*,#259,.F.);
#207=ORIENTED_EDGE('',*,*,#270,.T.);
#208=ORIENTED_EDGE('',*,*,#266,.T.);
#209=ORIENTED_EDGE('',*,*,#251,.F.);
#210=ORIENTED_EDGE('',*,*,#267,.F.);
#211=ORIENTED_EDGE('',*,*,#270,.F.);
#212=ORIENTED_EDGE('',*,*,#258,.F.);
#213=ORIENTED_EDGE('',*,*,#269,.F.);
#214=ORIENTED_EDGE('',*,*,#249,.F.);
#215=ORIENTED_EDGE('',*,*,#264,.F.);
#216=ORIENTED_EDGE('',*,*,#265,.F.);
#217=VERTEX_POINT('',#399);
#218=VERTEX_POINT('',#401);
#219=VERTEX_POINT('',#404);
#220=VERTEX_POINT('',#406);
#221=VERTEX_POINT('',#409);
#222=VERTEX_POINT('',#411);
#223=VERTEX_POINT('',#414);
#224=VERTEX_POINT('',#415);
#225=VERTEX_POINT('',#417);
#226=VERTEX_POINT('',#419);
#227=VERTEX_POINT('',#645);
#228=VERTEX_POINT('',#646);
#229=VERTEX_POINT('',#822);
#230=VERTEX_POINT('',#824);
#231=VERTEX_POINT('',#828);
#232=VERTEX_POINT('',#841);
#233=VERTEX_POINT('',#843);
#234=VERTEX_POINT('',#857);
#235=VERTEX_POINT('',#860);
#236=VERTEX_POINT('',#864);
#237=VERTEX_POINT('',#867);
#238=VERTEX_POINT('',#870);
#239=VERTEX_POINT('',#873);
#240=VERTEX_POINT('',#879);
#241=EDGE_CURVE('',#217,#217,#271,.T.);
#242=EDGE_CURVE('',#218,#218,#272,.T.);
#243=EDGE_CURVE('',#219,#219,#273,.T.);
#244=EDGE_CURVE('',#220,#220,#274,.T.);
#245=EDGE_CURVE('',#221,#221,#275,.T.);
#246=EDGE_CURVE('',#222,#222,#276,.T.);
#247=EDGE_CURVE('',#223,#224,#277,.T.);
#248=EDGE_CURVE('',#223,#225,#53,.T.);
#249=EDGE_CURVE('',#225,#226,#278,.T.);
#250=EDGE_CURVE('',#226,#224,#44,.T.);
#251=EDGE_CURVE('',#227,#228,#45,.T.);
#252=EDGE_CURVE('',#228,#223,#54,.T.);
#253=EDGE_CURVE('',#224,#229,#46,.T.);
#254=EDGE_CURVE('',#229,#230,#55,.T.);
#255=EDGE_CURVE('',#227,#230,#279,.T.);
#256=EDGE_CURVE('',#230,#231,#56,.T.);
#257=EDGE_CURVE('',#231,#232,#47,.T.);
#258=EDGE_CURVE('',#232,#233,#280,.T.);
#259=EDGE_CURVE('',#233,#227,#48,.T.);
#260=EDGE_CURVE('',#234,#234,#281,.T.);
#261=EDGE_CURVE('',#235,#235,#282,.T.);
#262=EDGE_CURVE('',#236,#236,#283,.T.);
#263=EDGE_CURVE('',#237,#237,#284,.T.);
#264=EDGE_CURVE('',#238,#238,#285,.T.);
#265=EDGE_CURVE('',#239,#239,#286,.T.);
#266=EDGE_CURVE('',#240,#228,#49,.T.);
#267=EDGE_CURVE('',#240,#225,#57,.T.);
#268=EDGE_CURVE('',#231,#229,#50,.T.);
#269=EDGE_CURVE('',#226,#232,#51,.T.);
#270=EDGE_CURVE('',#233,#240,#52,.T.);
#271=CIRCLE('',#288,36.5939024390244);
#272=CIRCLE('',#289,37.);
#273=CIRCLE('',#291,36.35);
#274=CIRCLE('',#292,35.85);
#275=CIRCLE('',#294,35.55);
#276=CIRCLE('',#295,35.55);
#277=CIRCLE('',#297,34.5);
#278=CIRCLE('',#298,35.125);
#279=CIRCLE('',#300,34.5);
#280=CIRCLE('',#302,35.125);
#281=CIRCLE('',#303,35.2);
#282=CIRCLE('',#305,35.2);
#283=CIRCLE('',#308,33.5);
#284=CIRCLE('',#310,35.);
#285=CIRCLE('',#312,36.);
#286=CIRCLE('',#314,37.);
#287=AXIS2_PLACEMENT_3D('',#397,#322,#323);
#288=AXIS2_PLACEMENT_3D('',#398,#324,#325);
#289=AXIS2_PLACEMENT_3D('',#400,#326,#327);
#290=AXIS2_PLACEMENT_3D('',#402,#328,#329);
#291=AXIS2_PLACEMENT_3D('',#403,#330,#331);
#292=AXIS2_PLACEMENT_3D('',#405,#332,#333);
#293=AXIS2_PLACEMENT_3D('',#407,#334,#335);
#294=AXIS2_PLACEMENT_3D('',#408,#336,#337);
#295=AXIS2_PLACEMENT_3D('',#410,#338,#339);
#296=AXIS2_PLACEMENT_3D('',#412,#340,#341);
#297=AXIS2_PLACEMENT_3D('',#413,#342,#343);
#298=AXIS2_PLACEMENT_3D('',#418,#345,#346);
#299=AXIS2_PLACEMENT_3D('',#432,#347,#348);
#300=AXIS2_PLACEMENT_3D('',#825,#351,#352);
#301=AXIS2_PLACEMENT_3D('',#826,#353,#354);
#302=AXIS2_PLACEMENT_3D('',#842,#356,#357);
#303=AXIS2_PLACEMENT_3D('',#856,#358,#359);
#304=AXIS2_PLACEMENT_3D('',#858,#360,#361);
#305=AXIS2_PLACEMENT_3D('',#859,#362,#363);
#306=AXIS2_PLACEMENT_3D('',#861,#364,#365);
#307=AXIS2_PLACEMENT_3D('',#862,#366,#367);
#308=AXIS2_PLACEMENT_3D('',#863,#368,#369);
#309=AXIS2_PLACEMENT_3D('',#865,#370,#371);
#310=AXIS2_PLACEMENT_3D('',#866,#372,#373);
#311=AXIS2_PLACEMENT_3D('',#868,#374,#375);
#312=AXIS2_PLACEMENT_3D('',#869,#376,#377);
#313=AXIS2_PLACEMENT_3D('',#871,#378,#379);
#314=AXIS2_PLACEMENT_3D('',#872,#380,#381);
#315=AXIS2_PLACEMENT_3D('',#874,#382,#383);
#316=AXIS2_PLACEMENT_3D('',#875,#384,#385);
#317=AXIS2_PLACEMENT_3D('',#876,#386,#387);
#318=AXIS2_PLACEMENT_3D('',#881,#389,#390);
#319=AXIS2_PLACEMENT_3D('',#884,#391,#392);
#320=AXIS2_PLACEMENT_3D('',#2059,#393,#394);
#321=AXIS2_PLACEMENT_3D('',#2060,#395,#396);
#322=DIRECTION('',(0.,0.,1.));
#323=DIRECTION('',(1.,0.,0.));
#324=DIRECTION('',(0.,1.,0.));
#325=DIRECTION('',(0.,0.,-1.));
#326=DIRECTION('',(0.,-1.,0.));
#327=DIRECTION('',(0.,0.,-1.));
#328=DIRECTION('',(0.,1.,0.));
#329=DIRECTION('',(0.,-3.97264918162644E-17,1.));
#330=DIRECTION('',(0.,-1.,0.));
#331=DIRECTION('',(0.,0.,1.));
#332=DIRECTION('',(0.,1.,0.));
#333=DIRECTION('',(0.,0.,1.));
#334=DIRECTION('',(0.,1.,0.));
#335=DIRECTION('',(0.,0.,1.));
#336=DIRECTION('',(0.,-1.,0.));
#337=DIRECTION('',(0.,0.,1.));
#338=DIRECTION('',(0.,-1.,0.));
#339=DIRECTION('',(0.,0.,-1.));
#340=DIRECTION('',(0.,-1.,0.));
#341=DIRECTION('',(0.,0.,-1.));
#342=DIRECTION('',(0.,-1.,0.));
#343=DIRECTION('',(0.,0.,-1.));
#344=DIRECTION('',(0.,0.,-1.));
#345=DIRECTION('',(0.,1.,0.));
#346=DIRECTION('',(0.,0.,1.));
#347=DIRECTION('',(0.,1.,0.));
#348=DIRECTION('',(0.,0.,1.));
#349=DIRECTION('',(0.,-1.,0.));
#350=DIRECTION('',(0.,1.,0.));
#351=DIRECTION('',(0.,-1.,0.));
#352=DIRECTION('',(0.,0.,-1.));
#353=DIRECTION('',(0.,-1.,0.));
#354=DIRECTION('',(0.,0.,-1.));
#355=DIRECTION('',(-0.0326700037869777,0.,-0.999466192951297));
#356=DIRECTION('',(0.,-1.,0.));
#357=DIRECTION('',(0.,0.,-1.));
#358=DIRECTION('',(0.,-1.,0.));
#359=DIRECTION('',(0.,0.,-1.));
#360=DIRECTION('',(0.,-1.,0.));
#361=DIRECTION('',(0.,0.,-1.));
#362=DIRECTION('',(0.,-1.,0.));
#363=DIRECTION('',(0.,0.,-1.));
#364=DIRECTION('',(0.,-1.,0.));
#365=DIRECTION('',(0.,0.,-1.));
#366=DIRECTION('',(0.,1.,0.));
#367=DIRECTION('',(0.,0.,1.));
#368=DIRECTION('',(0.,-1.,0.));
#369=DIRECTION('',(0.,0.,-1.));
#370=DIRECTION('',(0.,-1.,0.));
#371=DIRECTION('',(0.,0.,-1.));
#372=DIRECTION('',(0.,-1.,0.));
#373=DIRECTION('',(0.,0.,-1.));
#374=DIRECTION('',(0.,1.,0.));
#375=DIRECTION('',(0.,6.31533340915605E-17,1.));
#376=DIRECTION('',(0.,1.,0.));
#377=DIRECTION('',(0.,0.,-1.));
#378=DIRECTION('',(0.,-1.,0.));
#379=DIRECTION('',(0.,0.,-1.));
#380=DIRECTION('',(0.,-1.,0.));
#381=DIRECTION('',(0.,0.,-1.));
#382=DIRECTION('',(0.,-1.,0.));
#383=DIRECTION('',(0.,0.,-1.));
#384=DIRECTION('',(0.,-1.,0.));
#385=DIRECTION('',(0.,6.53316745334316E-17,-1.));
#386=DIRECTION('',(0.,1.,0.));
#387=DIRECTION('',(0.,-8.09137548556857E-18,1.));
#388=DIRECTION('',(0.,-1.,0.));
#389=DIRECTION('',(1.,0.,0.));
#390=DIRECTION('',(0.,0.,-1.));
#391=DIRECTION('',(-0.999466192951297,0.,0.0326700037869777));
#392=DIRECTION('',(0.0326700037869777,0.,0.999466192951297));
#393=DIRECTION('',(0.,1.,0.));
#394=DIRECTION('',(0.,0.,1.));
#395=DIRECTION('',(0.,-1.,0.));
#396=DIRECTION('',(0.,3.76386482251477E-18,-1.));
#397=CARTESIAN_POINT('',(0.,0.,0.));
#398=CARTESIAN_POINT('',(0.,-12.8048780487804,0.));
#399=CARTESIAN_POINT('',(0.,-12.8048780487804,-36.5939024390244));
#400=CARTESIAN_POINT('',(0.,-11.,0.));
#401=CARTESIAN_POINT('',(0.,-11.,-37.));
#402=CARTESIAN_POINT('',(0.,-11.,0.));
#403=CARTESIAN_POINT('',(0.,-13.,0.));
#404=CARTESIAN_POINT('',(0.,-13.,36.35));
#405=CARTESIAN_POINT('',(0.,-13.,0.));
#406=CARTESIAN_POINT('',(0.,-13.,35.85));
#407=CARTESIAN_POINT('',(-36.55,-13.,0.));
#408=CARTESIAN_POINT('',(0.,-12.7,0.));
#409=CARTESIAN_POINT('',(0.,-12.7,35.55));
#410=CARTESIAN_POINT('',(0.,-8.,0.));
#411=CARTESIAN_POINT('',(0.,-8.,-35.55));
#412=CARTESIAN_POINT('',(0.,0.,0.));
#413=CARTESIAN_POINT('',(0.,-8.,0.));
#414=CARTESIAN_POINT('',(0.,-8.,-34.5));
#415=CARTESIAN_POINT('',(-15.2916269115492,-8.,30.9259785034845));
#416=CARTESIAN_POINT('',(0.,-8.,0.));
#417=CARTESIAN_POINT('',(0.,-8.,-35.125));
#418=CARTESIAN_POINT('',(0.,-8.,0.));
#419=CARTESIAN_POINT('',(-26.8135370423642,-8.,-22.6892013142323));
#420=CARTESIAN_POINT('',(-26.8135370423642,-8.,-22.6892013142323));
#421=CARTESIAN_POINT('',(-30.1996396287654,-8.,-18.6068442148466));
#422=CARTESIAN_POINT('',(-32.6250011966137,-8.,-13.7628945263002));
#423=CARTESIAN_POINT('',(-34.4987145507968,-8.,-6.14440318189439));
#424=CARTESIAN_POINT('',(-34.841146596035,-8.,-3.49718744987669));
#425=CARTESIAN_POINT('',(-34.9205712438557,-8.,1.75714215860726));
#426=CARTESIAN_POINT('',(-34.666630527876,-8.,4.35983775226863));
#427=CARTESIAN_POINT('',(-33.0138922680281,-8.,12.0936872157707));
#428=CARTESIAN_POINT('',(-30.7262596780813,-8.,16.9783885846138));
#429=CARTESIAN_POINT('',(-24.2424413014295,-8.,25.2467455083596));
#430=CARTESIAN_POINT('',(-20.0574662411222,-8.00000000000001,28.6281405850856));
#431=CARTESIAN_POINT('',(-15.2916269115492,-8.00000000000001,30.9259785034845));
#432=CARTESIAN_POINT('',(-35.55,-8.,0.));
#433=CARTESIAN_POINT('',(-30.5502020131969,-1.,-16.0291970152238));
#434=CARTESIAN_POINT('',(-27.8114412274072,-1.03403498657462,-21.2490277523613));
#435=CARTESIAN_POINT('',(-23.7344091688213,-1.06756648412307,-25.7060463158276));
#436=CARTESIAN_POINT('',(-16.42445992965,-1.1180545765565,-30.4787690854707));
#437=CARTESIAN_POINT('',(-13.74511535804,-1.13502577147555,-31.7768813875986));
#438=CARTESIAN_POINT('',(-8.23472405699249,-1.16869566090485,-33.6286738756158));
#439=CARTESIAN_POINT('',(-5.3487814362415,-1.18553459810186,-34.2097750358917));
#440=CARTESIAN_POINT('',(0.525164087200553,-1.21934536253558,-34.6214149557831));
#441=CARTESIAN_POINT('',(3.452753058207,-1.23618654563957,-34.4498209656589));
#442=CARTESIAN_POINT('',(9.17232703012025,-1.269625356245,-33.3853273924255));
#443=CARTESIAN_POINT('',(12.0072141921431,-1.28664935225014,-32.4735143732972));
#444=CARTESIAN_POINT('',(17.2723280976016,-1.32038427418336,-30.0061495446774));
#445=CARTESIAN_POINT('',(19.7669417750989,-1.33722512256823,-28.4267365435679));
#446=CARTESIAN_POINT('',(24.271969449565,-1.37094135235917,-24.6917564522444));
#447=CARTESIAN_POINT('',(26.2571770921195,-1.3876279854496,-22.5700780772899));
#448=CARTESIAN_POINT('',(29.689561205344,-1.42124118616803,-17.8150983352892));
#449=CARTESIAN_POINT('',(31.0922847040717,-1.43806376013507,-15.2310298821629));
#450=CARTESIAN_POINT('',(33.2038967823765,-1.47178010141543,-9.80895906076043));
#451=CARTESIAN_POINT('',(33.9237332145542,-1.48874709922824,-6.91959575918687));
#452=CARTESIAN_POINT('',(34.6032989295872,-1.52237117163647,-1.14550594604943));
#453=CARTESIAN_POINT('',(34.5764645023028,-1.53929786899663,1.80909136017624));
#454=CARTESIAN_POINT('',(33.7784333491557,-1.57285193802692,7.60408768394485));
#455=CARTESIAN_POINT('',(33.0226049670831,-1.58951759249996,10.4097632573537));
#456=CARTESIAN_POINT('',(30.790944993623,-1.62332376245481,15.835823827192));
#457=CARTESIAN_POINT('',(29.3361119807811,-1.64009728789427,18.3877658629946));
#458=CARTESIAN_POINT('',(25.8417704622976,-1.67384560193849,23.0417078133362));
#459=CARTESIAN_POINT('',(23.7663946168217,-1.6908476341381,25.1765228774465));
#460=CARTESIAN_POINT('',(19.2189378852829,-1.72429320631174,28.7981118103725));
#461=CARTESIAN_POINT('',(16.6924515382365,-1.74127874882481,30.3341447283851));
#462=CARTESIAN_POINT('',(11.3496496418272,-1.77481691676899,32.7106057383038));
#463=CARTESIAN_POINT('',(8.5671042909181,-1.79143688807275,33.5480010362467));
#464=CARTESIAN_POINT('',(2.77717602553439,-1.82548106072338,34.5130546718582));
#465=CARTESIAN_POINT('',(-0.15546471869507,-1.84219742166208,34.6221948830916));
#466=CARTESIAN_POINT('',(-5.95344778947381,-1.87581584018272,34.106846925794));
#467=CARTESIAN_POINT('',(-8.86124432058467,-1.89288954391673,33.4690257539496));
#468=CARTESIAN_POINT('',(-14.3357652345899,-1.92620882246735,31.5148087566204));
#469=CARTESIAN_POINT('',(-16.974765328116,-1.94315580217254,30.1769676088514));
#470=CARTESIAN_POINT('',(-21.8093223089317,-1.97693877536893,26.8913646443502));
#471=CARTESIAN_POINT('',(-23.9882846114116,-1.99349874507389,24.9686623509811));
#472=CARTESIAN_POINT('',(-27.8628696604187,-2.0275263693781,20.5555927300068));
#473=CARTESIAN_POINT('',(-29.5001341752081,-2.04428520198278,18.1236300468483));
#474=CARTESIAN_POINT('',(-32.1198572254472,-2.07773229925027,12.9243434745132));
#475=CARTESIAN_POINT('',(-33.1108325404523,-2.09482996503044,10.1177468984551));
#476=CARTESIAN_POINT('',(-34.3368175373014,-2.12821308634638,4.43610135514744));
#477=CARTESIAN_POINT('',(-34.5915651331738,-2.1451402406099,1.48647508576079));
#478=CARTESIAN_POINT('',(-34.3489171937868,-2.17904316447199,-4.35176678575211));
#479=CARTESIAN_POINT('',(-33.8643172021039,-2.19560700918962,-7.21722770002974));
#480=CARTESIAN_POINT('',(-32.1564847046988,-2.2294840839246,-12.8390360493012));
#481=CARTESIAN_POINT('',(-30.931515765879,-2.24659625625322,-15.557006073425));
#482=CARTESIAN_POINT('',(-27.8762746872444,-2.28007298064324,-20.5351507202821));
#483=CARTESIAN_POINT('',(-26.0570486904036,-2.29670114165579,-22.8017722848161));
#484=CARTESIAN_POINT('',(-21.8239154630363,-2.33075222303269,-26.8813563579839));
#485=CARTESIAN_POINT('',(-19.4758621266016,-2.34741279481654,-28.6255582662359));
#486=CARTESIAN_POINT('',(-14.4015402329059,-2.38111502957354,-31.4853526349643));
#487=CARTESIAN_POINT('',(-11.6452882001084,-2.39815075350841,-32.6049243625837));
#488=CARTESIAN_POINT('',(-6.02749334328163,-2.43149650539055,-34.09344737556));
#489=CARTESIAN_POINT('',(-3.08914915276789,-2.44850497765782,-34.4852235024971));
#490=CARTESIAN_POINT('',(2.74978099523823,-2.48212594715717,-34.5139419218299));
#491=CARTESIAN_POINT('',(5.63522029244371,-2.49872488394156,-34.1634864264956));
#492=CARTESIAN_POINT('',(11.3365246096032,-2.53284013710457,-32.7167040261328));
#493=CARTESIAN_POINT('',(14.0535459970838,-2.54951205285763,-31.6422749621473));
#494=CARTESIAN_POINT('',(19.1602178595653,-2.58304793062223,-28.8378531005045));
#495=CARTESIAN_POINT('',(21.5640862820564,-2.60013195472954,-27.0865887909367));
#496=CARTESIAN_POINT('',(25.7908138087514,-2.63345337514556,-23.0982040988383));
#497=CARTESIAN_POINT('',(27.6739128559222,-2.6504226394967,-20.8067921115509));
#498=CARTESIAN_POINT('',(30.7759673783237,-2.68427144482545,-15.8621525228712));
#499=CARTESIAN_POINT('',(31.9999305028726,-2.70082482653231,-13.2254708771721));
#500=CARTESIAN_POINT('',(33.77746353283,-2.73482921858237,-7.6152209028988));
#501=CARTESIAN_POINT('',(34.296365875805,-2.75155846934503,-4.74332403043715));
#502=CARTESIAN_POINT('',(34.6061015959652,-2.78496723133826,1.07590309718579));
#503=CARTESIAN_POINT('',(34.3855111526328,-2.80200478824611,4.04093919442132));
#504=CARTESIAN_POINT('',(33.225280414509,-2.83556221580934,9.7351583540324));
#505=CARTESIAN_POINT('',(32.2705981306301,-2.85248699252839,12.5447722796892));
#506=CARTESIAN_POINT('',(29.705508804339,-2.88630709417835,17.7861058675929));
#507=CARTESIAN_POINT('',(28.1105234860605,-2.90291909197036,20.2167364586285));
#508=CARTESIAN_POINT('',(24.2785139575719,-2.93675972088671,24.6874811131063));
#509=CARTESIAN_POINT('',(22.1143144315103,-2.95350599413196,26.6402183331412));
#510=CARTESIAN_POINT('',(17.3318175198565,-2.9869657212207,29.972524702993));
#511=CARTESIAN_POINT('',(14.6969651553051,-3.00396385242549,31.3479093833885));
#512=CARTESIAN_POINT('',(9.24697056092947,-3.03767897407313,33.3644382978448));
#513=CARTESIAN_POINT('',(6.35490938722488,-3.05460337382811,34.0348777004316));
#514=CARTESIAN_POINT('',(0.550579882889155,-3.08825254229372,34.6187035458541));
#515=CARTESIAN_POINT('',(-2.35604937805704,-3.10494045642328,34.5452824199658));
#516=CARTESIAN_POINT('',(-8.17850157299129,-3.13870655485549,33.6457964412736));
#517=CARTESIAN_POINT('',(-10.9753990078228,-3.15536913228716,32.8373147115032));
#518=CARTESIAN_POINT('',(-16.3299196574618,-3.1891136652484,30.5300236623567));
#519=CARTESIAN_POINT('',(-18.8868622290783,-3.20604709937686,29.0168652552715));
#520=CARTESIAN_POINT('',(-23.473891418827,-3.2396874754629,25.4493311456291));
#521=CARTESIAN_POINT('',(-25.5692869658576,-3.25668609906728,23.3444744257865));
#522=CARTESIAN_POINT('',(-29.1247630557784,-3.2901622022258,18.7216745806389));
#523=CARTESIAN_POINT('',(-30.5954022590404,-3.30685570245512,16.2128908075826));
#524=CARTESIAN_POINT('',(-32.9020805489165,-3.34075772249617,10.7883994773876));
#525=CARTESIAN_POINT('',(-33.6887260359597,-3.35737393148528,7.98893214697889));
#526=CARTESIAN_POINT('',(-34.5517038028121,-3.39120622591542,2.2210499989243));
#527=CARTESIAN_POINT('',(-34.6140462029759,-3.40815071793117,-0.748231078585939));
#528=CARTESIAN_POINT('',(-33.6950036958011,-3.45835568950069,-9.41620428276654));
#529=CARTESIAN_POINT('',(-31.5375101193381,-3.49239953493121,-15.1475760812579));
#530=CARTESIAN_POINT('',(-26.506842685269,-3.54296561579313,-22.2730934599264));
#531=CARTESIAN_POINT('',(-24.514788394407,-3.55977714721975,-24.4507697500237));
#532=CARTESIAN_POINT('',(-20.0458628173496,-3.59361034810529,-28.2308054312878));
#533=CARTESIAN_POINT('',(-17.608513807654,-3.61026113044277,-29.8124784903976));
#534=CARTESIAN_POINT('',(-12.3260104583212,-3.64387986426535,-32.3560365069042));
#535=CARTESIAN_POINT('',(-9.53444246310777,-3.66074377451593,-33.2837397232641));
#536=CARTESIAN_POINT('',(-3.82633893774183,-3.69431043998735,-34.4103480566795));
#537=CARTESIAN_POINT('',(-0.855334474742299,-3.71130424937019,-34.611701145536));
#538=CARTESIAN_POINT('',(4.94870190472424,-3.74501169896979,-34.266774034183));
#539=CARTESIAN_POINT('',(7.85156338230093,-3.76188593745906,-33.721820966614));
#540=CARTESIAN_POINT('',(13.4175592870026,-3.79552401687452,-31.9182919284605));
#541=CARTESIAN_POINT('',(16.0468169509066,-3.81221855192811,-30.6814443584745));
#542=CARTESIAN_POINT('',(20.9955230238553,-3.84587542494821,-27.5325148711996));
#543=CARTESIAN_POINT('',(23.2535452276395,-3.86268309512173,-25.6512848644651));
#544=CARTESIAN_POINT('',(27.2212057825898,-3.89644216146148,-21.3944323737208));
#545=CARTESIAN_POINT('',(28.9585765868182,-3.91341401524868,-18.9763150509815));
#546=CARTESIAN_POINT('',(31.7255151265772,-3.94696486452273,-13.8633106003596));
#547=CARTESIAN_POINT('',(32.7937074021619,-3.96392514730049,-11.1074062293965));
#548=CARTESIAN_POINT('',(34.1954031669995,-3.99744701118405,-5.42919152082579));
#549=CARTESIAN_POINT('',(34.5310440401652,-4.01408025900961,-2.54288979071674));
#550=CARTESIAN_POINT('',(34.4645226474376,-4.0480239973287,3.32505183054635));
#551=CARTESIAN_POINT('',(34.0568742775268,-4.06475730191015,6.23282779261001));
#552=CARTESIAN_POINT('',(32.5315900797319,-4.09846415376946,11.8496613762541));
#553=CARTESIAN_POINT('',(31.3930390914383,-4.11549641590185,14.6005208212715));
#554=CARTESIAN_POINT('',(28.5077418396308,-4.14887655891152,19.6470549155318));
#555=CARTESIAN_POINT('',(26.7279721781653,-4.16585970098043,22.0093361111292));
#556=CARTESIAN_POINT('',(22.643728022455,-4.19946538523226,26.1926889428047));
#557=CARTESIAN_POINT('',(20.3682669424909,-4.21607306424681,28.0000201552499));
#558=CARTESIAN_POINT('',(15.3447574115484,-4.25013424684397,31.0387797265888));
#559=CARTESIAN_POINT('',(12.6616608122456,-4.26686017134474,32.2242828878708));
#560=CARTESIAN_POINT('',(7.08374725228365,-4.30040664751671,33.8901547212114));
#561=CARTESIAN_POINT('',(4.14646950721096,-4.31749987998988,34.3730054551631));
#562=CARTESIAN_POINT('',(-1.66240849687629,-4.35081504649365,34.5822658509302));
#563=CARTESIAN_POINT('',(-4.60995273452565,-4.36775143116182,34.315267093096));
#564=CARTESIAN_POINT('',(-10.3159641056417,-4.40161697471634,33.0510227444809));
#565=CARTESIAN_POINT('',(-13.0516696061281,-4.41816376613141,32.0706983425048));
#566=CARTESIAN_POINT('',(-18.2848952670538,-4.45213977508869,29.4030334618104));
#567=CARTESIAN_POINT('',(-20.7043836659997,-4.4689227513911,27.7498464713746));
#568=CARTESIAN_POINT('',(-25.0618121480906,-4.50232083806435,23.8878850890487));
#569=CARTESIAN_POINT('',(-27.0203860220772,-4.51939377960305,21.6470375081461));
#570=CARTESIAN_POINT('',(-30.2608270790304,-4.55288564202948,16.8219451358685));
#571=CARTESIAN_POINT('',(-31.5888231776589,-4.56979451442442,14.1749608868911));
#572=CARTESIAN_POINT('',(-33.5224580441792,-4.60367518423172,8.66187465682442));
#573=CARTESIAN_POINT('',(-34.1322165493225,-4.62026540283086,5.82031939052849));
#574=CARTESIAN_POINT('',(-34.8712274306373,-4.67098084011092,-2.96391548313628));
#575=CARTESIAN_POINT('',(-33.852843838306,-4.70427684084428,-8.8700015038742));
#576=CARTESIAN_POINT('',(-30.2251430448436,-4.75533868735622,-16.8908619843278));
#577=CARTESIAN_POINT('',(-28.6755677115679,-4.77214772971639,-19.4012959921084));
#578=CARTESIAN_POINT('',(-25.0252771775507,-4.80571326934131,-23.9255924052232));
#579=CARTESIAN_POINT('',(-22.8774175228887,-4.82279222750514,-25.9873403171182));
#580=CARTESIAN_POINT('',(-15.8631109451804,-4.87283315370307,-31.1846768179192));
#581=CARTESIAN_POINT('',(-10.289270921836,-4.90650579731871,-33.445387269124));
#582=CARTESIAN_POINT('',(1.30962230024569,-4.97427769777801,-34.9678125583418));
#583=CARTESIAN_POINT('',(7.31489841993691,-5.00801710139417,-34.2140702932677));
#584=CARTESIAN_POINT('',(18.1324454363219,-5.07487163663268,-29.9219779998827));
#585=CARTESIAN_POINT('',(22.9922769418834,-5.10868463913193,-26.3788662981954));
#586=CARTESIAN_POINT('',(28.55131232534,-5.15928864522327,-19.5865364737739));
#587=CARTESIAN_POINT('',(30.1151511381993,-5.17624179427213,-17.0815567299212));
#588=CARTESIAN_POINT('',(32.549004103218,-5.20956461776562,-11.8010270859279));
#589=CARTESIAN_POINT('',(33.4428227129193,-5.22660910638424,-8.9604616933829));
#590=CARTESIAN_POINT('',(34.9851616486157,-5.27715615867534,-0.37084159093139));
#591=CARTESIAN_POINT('',(34.5378485531026,-5.31082866887068,5.62614913517451));
#592=CARTESIAN_POINT('',(31.6962531942876,-5.36120851647741,13.9342803056233));
#593=CARTESIAN_POINT('',(30.3932116636024,-5.37814354046998,16.5818148154924));
#594=CARTESIAN_POINT('',(27.1892914510556,-5.41162165399426,21.4346991626515));
#595=CARTESIAN_POINT('',(25.2467747059905,-5.42863492124822,23.6919817383144));
#596=CARTESIAN_POINT('',(18.7624387407701,-5.47924571870356,29.5306522019664));
#597=CARTESIAN_POINT('',(13.4319265545316,-5.51281253345911,32.3129667592937));
#598=CARTESIAN_POINT('',(4.87071113740345,-5.56317975624969,34.279728571772));
#599=CARTESIAN_POINT('',(1.93635318568632,-5.58004621896288,34.5681443744744));
#600=CARTESIAN_POINT('',(-3.87720980944588,-5.61377126836847,34.4045536702303));
#601=CARTESIAN_POINT('',(-6.81950287255848,-5.63074139186722,33.9440947229921));
#602=CARTESIAN_POINT('',(-12.4054322047941,-5.66434444387284,32.323558557259));
#603=CARTESIAN_POINT('',(-15.1103267636565,-5.68124326058857,31.1529305485096));
#604=CARTESIAN_POINT('',(-20.1453365637738,-5.71482454795228,28.1601220060748));
#605=CARTESIAN_POINT('',(-22.4354445641238,-5.73147046416161,26.3719855884878));
#606=CARTESIAN_POINT('',(-26.5605655000976,-5.76529765178229,22.2118697318417));
#607=CARTESIAN_POINT('',(-28.3512521662061,-5.78210227723677,19.8724666135791));
#608=CARTESIAN_POINT('',(-31.2779849516079,-5.8158138477681,14.8457430284446));
#609=CARTESIAN_POINT('',(-32.4380202195921,-5.83283520559892,12.1028826773963));
#610=CARTESIAN_POINT('',(-34.006149723251,-5.86625953208831,6.50282291542093));
#611=CARTESIAN_POINT('',(-34.4378952733284,-5.88320342149396,3.58487736562436));
#612=CARTESIAN_POINT('',(-34.5495555233609,-5.91681345747418,-2.26896225651877));
#613=CARTESIAN_POINT('',(-34.2379303384263,-5.93342732271414,-5.15774205562757));
#614=CARTESIAN_POINT('',(-32.1971763640363,-5.98443232517359,-13.7092867089587));
#615=CARTESIAN_POINT('',(-29.3525089281023,-6.01822712209973,-19.045640426791));
#616=CARTESIAN_POINT('',(-21.455513150644,-6.08511617460824,-27.6399557720971));
#617=CARTESIAN_POINT('',(-16.3638606964853,-6.11909835419991,-30.9261927740804));
#618=CARTESIAN_POINT('',(-5.29887353277322,-6.18655853115684,-34.5850730182435));
#619=CARTESIAN_POINT('',(0.755451724986744,-6.22034913899365,-34.9804482058915));
#620=CARTESIAN_POINT('',(12.201876678864,-6.28740717484905,-32.7920214306413));
#621=CARTESIAN_POINT('',(17.6918738106331,-6.32157343162179,-30.1878905724427));
#622=CARTESIAN_POINT('',(26.6367974698776,-6.38876563123149,-22.6890316385222));
#623=CARTESIAN_POINT('',(30.1291379731548,-6.42220500380272,-17.7891341180968));
#624=CARTESIAN_POINT('',(34.3007736642681,-6.4897897059295,-6.90472111744469));
#625=CARTESIAN_POINT('',(34.9787367017995,-6.52370220810697,-0.882372994955876));
#626=CARTESIAN_POINT('',(33.3237598992619,-6.59060758672787,10.6685345541167));
#627=CARTESIAN_POINT('',(31.0024068712602,-6.62425648408331,16.2199450331433));
#628=CARTESIAN_POINT('',(23.9516489382282,-6.69183997082486,25.5059671808231));
#629=CARTESIAN_POINT('',(19.1912067774325,-6.72565037085076,29.2569377350536));
#630=CARTESIAN_POINT('',(8.50687528942342,-6.7926028797221,33.9397097220523));
#631=CARTESIAN_POINT('',(2.56594269436045,-6.82643009734244,34.8951308026112));
#632=CARTESIAN_POINT('',(-9.04515254511479,-6.89372986099736,33.7999915839884));
#633=CARTESIAN_POINT('',(-14.7421715108891,-6.92739134622441,31.7320054004742));
#634=CARTESIAN_POINT('',(-24.3519048668565,-6.99487476740787,25.1244207286011));
#635=CARTESIAN_POINT('',(-28.2967855911991,-7.02859038567772,20.5807013514966));
#636=CARTESIAN_POINT('',(-33.489817050906,-7.09556502999991,10.1343720481652));
#637=CARTESIAN_POINT('',(-34.7356714869436,-7.12935892718611,4.20317135032861));
#638=CARTESIAN_POINT('',(-34.188222834775,-7.19699989940078,-7.44304658381624));
#639=CARTESIAN_POINT('',(-32.4082142290713,-7.23060777659395,-13.1909390846669));
#640=CARTESIAN_POINT('',(-26.2682488577483,-7.29749626026887,-23.1143316018477));
#641=CARTESIAN_POINT('',(-21.8850522970076,-7.33152392878767,-27.2994599591559));
#642=CARTESIAN_POINT('',(-11.7032261176752,-7.3989209408262,-32.9734821719344));
#643=CARTESIAN_POINT('',(-5.89469643795037,-7.43230154284644,-34.5));
#644=CARTESIAN_POINT('',(1.25653012004897E-13,-7.46629321227129,-34.5));
#645=CARTESIAN_POINT('',(-30.5502020131974,-1.,-16.0291970152229));
#646=CARTESIAN_POINT('',(0.,-7.46629321227129,-34.5));
#647=CARTESIAN_POINT('',(0.,0.,-34.5));
#648=CARTESIAN_POINT('',(-15.2916269108458,-7.99999999999831,30.9259785038312));
#649=CARTESIAN_POINT('',(-9.59370651072829,-7.96351642762691,33.7433662516595));
#650=CARTESIAN_POINT('',(-3.18002055483079,-7.92714016229023,34.9250914210765));
#651=CARTESIAN_POINT('',(9.35900347286179,-7.85444030119408,33.7976862446922));
#652=CARTESIAN_POINT('',(15.4993067460515,-7.8181833374605,31.4535442575616));
#653=CARTESIAN_POINT('',(23.055602236325,-7.76363195310649,25.8556607827572));
#654=CARTESIAN_POINT('',(25.3418634924912,-7.74537544227756,23.6208634740197));
#655=CARTESIAN_POINT('',(29.1976082713923,-7.70922851960606,18.6455063691138));
#656=CARTESIAN_POINT('',(30.7705950286153,-7.69128659254114,15.9213191552821));
#657=CARTESIAN_POINT('',(33.1584396927519,-7.65461838007795,10.0417030030534));
#658=CARTESIAN_POINT('',(33.9284638379351,-7.63672206173368,7.0039753734636));
#659=CARTESIAN_POINT('',(34.6360260377058,-7.60026886926978,0.736226697098958));
#660=CARTESIAN_POINT('',(34.5557611004245,-7.58205226612126,-2.44770827861372));
#661=CARTESIAN_POINT('',(33.0433356335899,-7.52810529879218,-11.7369320690359));
#662=CARTESIAN_POINT('',(30.2706176489916,-7.49112071302084,-17.7039796783914));
#663=CARTESIAN_POINT('',(22.0839630339864,-7.41889633735782,-27.2404068621939));
#664=CARTESIAN_POINT('',(16.6834959702937,-7.38276816959637,-30.8526832380055));
#665=CARTESIAN_POINT('',(4.65807663940596,-7.30961913308641,-34.7639097743181));
#666=CARTESIAN_POINT('',(-1.8712195001539,-7.27367848456875,-35.0247054685635));
#667=CARTESIAN_POINT('',(-11.0959536384494,-7.2186528812633,-32.8195852616655));
#668=CARTESIAN_POINT('',(-14.0529857681614,-7.20053509609741,-31.6641115890199));
#669=CARTESIAN_POINT('',(-19.5366185817644,-7.1644336899567,-28.6080916195525));
#670=CARTESIAN_POINT('',(-22.1007431409744,-7.14609694535732,-26.6762725675253));
#671=CARTESIAN_POINT('',(-26.5447451557789,-7.10999584075485,-22.2585460013673));
#672=CARTESIAN_POINT('',(-28.4909591992632,-7.09163869195492,-19.7072237916381));
#673=CARTESIAN_POINT('',(-31.5806111014059,-7.05529666659457,-14.2398886277086));
#674=CARTESIAN_POINT('',(-32.7528028010894,-7.03715241021644,-11.2910397971736));
#675=CARTESIAN_POINT('',(-35.0119555106797,-6.98282408436225,-2.0851032185062));
#676=CARTESIAN_POINT('',(-34.7897643354103,-6.94637588492003,4.40885278927391));
#677=CARTESIAN_POINT('',(-30.9989626426537,-6.87401804594655,16.3960361218872));
#678=CARTESIAN_POINT('',(-27.3891340393878,-6.83752308899318,21.896062543335));
#679=CARTESIAN_POINT('',(-20.2933784078854,-6.78302492277021,28.0760903150112));
#680=CARTESIAN_POINT('',(-17.6275141057481,-6.76480304750625,29.8237841068496));
#681=CARTESIAN_POINT('',(-11.9305780780507,-6.72866420671527,32.5245854504536));
#682=CARTESIAN_POINT('',(-8.9430217064962,-6.71078058251945,33.4716809325679));
#683=CARTESIAN_POINT('',(-2.68368386649656,-6.67396242734304,34.5416980271555));
#684=CARTESIAN_POINT('',(0.456067546974174,-6.65604296938613,34.6403654810389));
#685=CARTESIAN_POINT('',(6.71888842551512,-6.61976573542153,33.98557718493));
#686=CARTESIAN_POINT('',(9.82091458366964,-6.60149882682154,33.2209006850334));
#687=CARTESIAN_POINT('',(18.5619251017705,-6.54746688893572,29.7492749298972));
#688=CARTESIAN_POINT('',(23.7913626953955,-6.51051424584066,25.7646276073396));
#689=CARTESIAN_POINT('',(31.3552684354806,-6.43834824578559,15.7064354959265));
#690=CARTESIAN_POINT('',(33.717988047947,-6.40198976509607,9.65221963019153));
#691=CARTESIAN_POINT('',(34.9515893569723,-6.32922167903852,-2.90765596529857));
#692=CARTESIAN_POINT('',(33.7920123907175,-6.29298315341866,-9.36045362061043));
#693=CARTESIAN_POINT('',(29.7043060976838,-6.23848046557896,-17.8247369575151));
#694=CARTESIAN_POINT('',(27.9292694901377,-6.22015789809151,-20.4956965577972));
#695=CARTESIAN_POINT('',(23.7683369839705,-6.18411672205401,-25.2028535816574));
#696=CARTESIAN_POINT('',(21.3677877169183,-6.16604637753974,-27.2702679186604));
#697=CARTESIAN_POINT('',(13.3974416228166,-6.11112497600847,-32.4153978079313));
#698=CARTESIAN_POINT('',(7.20546814446145,-6.07505938840843,-34.3291546506272));
#699=CARTESIAN_POINT('',(-2.29725064925153,-6.02053593022243,-34.5689535133246));
#700=CARTESIAN_POINT('',(-5.43563614283588,-6.00246899781965,-34.2137908137516));
#701=CARTESIAN_POINT('',(-11.5290435027321,-5.96600825751062,-32.6681921452131));
#702=CARTESIAN_POINT('',(-14.4975561543334,-5.94770874473464,-31.4625158882505));
#703=CARTESIAN_POINT('',(-22.644498884783,-5.89374752906671,-26.7722399534091));
#704=CARTESIAN_POINT('',(-27.2415110195231,-5.85712442631873,-22.0883572253908));
#705=CARTESIAN_POINT('',(-33.2928028378716,-5.78430591858612,-11.0265464557983));
#706=CARTESIAN_POINT('',(-34.7544824123382,-5.7484897712484,-4.69373306818902));
#707=CARTESIAN_POINT('',(-34.1715758043582,-5.67542069544162,7.88724190778608));
#708=CARTESIAN_POINT('',(-32.095813792468,-5.63919323902447,14.1210330765873));
#709=CARTESIAN_POINT('',(-25.0768110432401,-5.56678629289588,24.5091490275056));
#710=CARTESIAN_POINT('',(-20.0967869720078,-5.53023615694311,28.7473471363266));
#711=CARTESIAN_POINT('',(-8.58653201487579,-5.45770084466249,34.0082678466905));
#712=CARTESIAN_POINT('',(-2.16692194996143,-5.42121599209208,35.0018630156704));
#713=CARTESIAN_POINT('',(10.3266769869681,-5.34889021471325,33.5139628768638));
#714=CARTESIAN_POINT('',(16.4002164388411,-5.31231581153716,30.9936277204679));
#715=CARTESIAN_POINT('',(23.7933706240021,-5.2579034582577,25.1784834526987));
#716=CARTESIAN_POINT('',(26.0117023764755,-5.23964115270024,22.8814240518045));
#717=CARTESIAN_POINT('',(29.7247040674436,-5.20354196485032,17.7935436398638));
#718=CARTESIAN_POINT('',(31.2151539579778,-5.18562397725307,15.0317726101303));
#719=CARTESIAN_POINT('',(33.4351059033129,-5.14876762258993,9.07930160624543));
#720=CARTESIAN_POINT('',(34.1165839250943,-5.13088579424511,6.01998724851233));
#721=CARTESIAN_POINT('',(34.6426540712706,-5.09462655045441,-0.260890951414486));
#722=CARTESIAN_POINT('',(34.4704674287252,-5.0764016066945,-3.44565640574578));
#723=CARTESIAN_POINT('',(32.6909569714674,-5.02224351803956,-12.6844007968332));
#724=CARTESIAN_POINT('',(29.7491570406007,-4.98532999390551,-18.5679940088641));
#725=CARTESIAN_POINT('',(21.286171982389,-4.91325723664264,-27.8690083870183));
#726=CARTESIAN_POINT('',(15.7817204501734,-4.87682879108583,-31.3224270041537));
#727=CARTESIAN_POINT('',(6.68979712849175,-4.82226331077366,-33.9922549682882));
#728=CARTESIAN_POINT('',(3.53975185217669,-4.80406350363693,-34.4644396234036));
#729=CARTESIAN_POINT('',(-2.80888929134646,-4.76755820207527,-34.5316895427835));
#730=CARTESIAN_POINT('',(-5.92774610446315,-4.74956711339798,-34.1323455416315));
#731=CARTESIAN_POINT('',(-15.0450159692472,-4.69487294477835,-31.678355997342));
#732=CARTESIAN_POINT('',(-20.6895609131099,-4.65872086376229,-28.3107271295915));
#733=CARTESIAN_POINT('',(-27.167791308334,-4.60420233668737,-21.4938925225907));
#734=CARTESIAN_POINT('',(-29.0344169099911,-4.58595652696916,-18.898645896441));
#735=CARTESIAN_POINT('',(-31.9748686042269,-4.54968781995599,-13.3328151477723));
#736=CARTESIAN_POINT('',(-33.0545126654564,-4.53170367089839,-10.3787643942135));
#737=CARTESIAN_POINT('',(-34.3931484332383,-4.49525297762804,-4.17503278438028));
#738=CARTESIAN_POINT('',(-34.6279175644706,-4.47732554373713,-1.05000265123604));
#739=CARTESIAN_POINT('',(-34.2444107564869,-4.44076525755793,5.24552307786123));
#740=CARTESIAN_POINT('',(-33.616409241388,-4.42256582930077,8.3682991568918));
#741=CARTESIAN_POINT('',(-30.5253112349051,-4.36859251290798,17.2574904973763));
#742=CARTESIAN_POINT('',(-26.7685386095425,-4.33179874312263,22.6550437619495));
#743=CARTESIAN_POINT('',(-19.4813126222948,-4.27738802520135,28.646419938607));
#744=CARTESIAN_POINT('',(-16.7735520096587,-4.25920531231756,30.3128992551523));
#745=CARTESIAN_POINT('',(-10.9911727720727,-4.22295911358369,32.8544978559738));
#746=CARTESIAN_POINT('',(-7.97359846854242,-4.20500750436298,33.7159992997581));
#747=CARTESIAN_POINT('',(-1.68099844536882,-4.1681572267739,34.605218183758));
#748=CARTESIAN_POINT('',(1.45499967408844,-4.1502494922641,34.6129334781154));
#749=CARTESIAN_POINT('',(7.69921140634915,-4.11410004579331,33.7771273457703));
#750=CARTESIAN_POINT('',(10.7752323131976,-4.09589309076848,32.9237963490004));
#751=CARTESIAN_POINT('',(19.4138840097309,-4.04144947314791,29.2006694682163));
#752=CARTESIAN_POINT('',(24.5270018161605,-4.00479209833013,25.0646894619857));
#753=CARTESIAN_POINT('',(31.794292508236,-3.93264588945592,14.7964671397074));
#754=CARTESIAN_POINT('',(33.9825644571102,-3.89611869983711,8.67743304868007));
#755=CARTESIAN_POINT('',(34.8532227996493,-3.82362115396643,-3.91987141038845));
#756=CARTESIAN_POINT('',(33.5076935455225,-3.78708830163726,-10.3320049298049));
#757=CARTESIAN_POINT('',(29.1775280722699,-3.73278007625096,-18.6745366406893));
#758=CARTESIAN_POINT('',(27.3251732089248,-3.71442762596079,-21.2942771690979));
#759=CARTESIAN_POINT('',(23.0314480307226,-3.67842518799926,-25.8778618255108));
#760=CARTESIAN_POINT('',(20.5690045129702,-3.66029147575243,-27.8774731401186));
#761=CARTESIAN_POINT('',(12.4583182871799,-3.60528775005497,-32.7870420560594));
#762=CARTESIAN_POINT('',(6.21069267259846,-3.56956616607912,-34.5255633621055));
#763=CARTESIAN_POINT('',(-3.31596790327843,-3.51456176969367,-34.4867897041822));
#764=CARTESIAN_POINT('',(-6.41867388962919,-3.49665740567717,-34.0438811364309));
#765=CARTESIAN_POINT('',(-12.4816014327071,-3.46020915317032,-32.3170983073649));
#766=CARTESIAN_POINT('',(-15.3992167143921,-3.44197443824615,-31.0314566521512));
#767=CARTESIAN_POINT('',(-23.4144549035851,-3.38804511072503,-26.1029119266909));
#768=CARTESIAN_POINT('',(-27.8797263225433,-3.35108042949178,-21.2718754803336));
#769=CARTESIAN_POINT('',(-33.5909953253342,-3.27879948048267,-10.0705937920316));
#770=CARTESIAN_POINT('',(-34.8779860222657,-3.24269918149276,-3.70144025360994));
#771=CARTESIAN_POINT('',(-33.9259151487364,-3.16956943612263,8.89982304549595));
#772=CARTESIAN_POINT('',(-31.6726718884974,-3.13356021187492,15.045169434071));
#773=CARTESIAN_POINT('',(-24.3589610437122,-3.06086239212418,25.2221387817773));
#774=CARTESIAN_POINT('',(-19.2304339808945,-3.02448751265648,29.3293242043018));
#775=CARTESIAN_POINT('',(-7.61137655585857,-2.95190256926547,34.2357385826495));
#776=CARTESIAN_POINT('',(-1.16750577544546,-2.91546714867588,35.0529099689939));
#777=CARTESIAN_POINT('',(11.3157963738209,-2.84312503087433,33.1967215166846));
#778=CARTESIAN_POINT('',(17.2930991401819,-2.80636623744882,30.5035543304312));
#779=CARTESIAN_POINT('',(24.5100104887649,-2.75223769847422,24.4811440093405));
#780=CARTESIAN_POINT('',(26.6694738743159,-2.73390097533798,22.1101019943));
#781=CARTESIAN_POINT('',(30.2240937528763,-2.69779124233387,16.9299026502964));
#782=CARTESIAN_POINT('',(31.646099809146,-2.6796643256114,14.09871622922));
#783=CARTESIAN_POINT('',(34.6996231603194,-2.62469702741445,5.11701888816381));
#784=CARTESIAN_POINT('',(35.0406983357027,-2.58898777532416,-1.37092800586634));
#785=CARTESIAN_POINT('',(32.307434897816,-2.51615874435595,-13.6367017190509));
#786=CARTESIAN_POINT('',(29.1898117199064,-2.47958639464358,-19.431423630852));
#787=CARTESIAN_POINT('',(22.6561102284172,-2.42554630650693,-26.2067644408675));
#788=CARTESIAN_POINT('',(20.1555603039287,-2.40732746598265,-28.1771911045914));
#789=CARTESIAN_POINT('',(14.7113573156647,-2.37075455572116,-31.3652144204501));
#790=CARTESIAN_POINT('',(11.8175770442086,-2.35285512961751,-32.567724604266));
#791=CARTESIAN_POINT('',(2.61256091311205,-2.29826764025564,-34.9810202517845));
#792=CARTESIAN_POINT('',(-3.88429599056062,-2.2619660613594,-34.8623119283772));
#793=CARTESIAN_POINT('',(-12.9922766675694,-2.20709799241275,-32.1170575251963));
#794=CARTESIAN_POINT('',(-15.8566518320418,-2.1890698220041,-30.8011049452094));
#795=CARTESIAN_POINT('',(-21.1647376327539,-2.15297866901828,-27.4261800859159));
#796=CARTESIAN_POINT('',(-23.6051145489558,-2.13466553060758,-25.354889809468));
#797=CARTESIAN_POINT('',(-29.8787098031703,-2.08014030161912,-18.3521165257927));
#798=CARTESIAN_POINT('',(-32.7821017692698,-2.04398966179535,-12.4606764193196));
#799=CARTESIAN_POINT('',(-35.0703521981268,-1.97107863336967,-0.0710629093741478));
#800=CARTESIAN_POINT('',(-34.4816387392054,-1.93486097943393,6.40159500414662));
#801=CARTESIAN_POINT('',(-29.9917470581639,-1.86259022139636,18.1785295647724));
#802=CARTESIAN_POINT('',(-26.070716751686,-1.8256562015169,23.4476971224329));
#803=CARTESIAN_POINT('',(-18.6417033706685,-1.77170987833188,29.1983490717027));
#804=CARTESIAN_POINT('',(-15.8700706300453,-1.75346467555172,30.7942532206958));
#805=CARTESIAN_POINT('',(-10.0391241559371,-1.71710462401009,33.1566156204858));
#806=CARTESIAN_POINT('',(-7.00144563028356,-1.69920366818611,33.9311656151265));
#807=CARTESIAN_POINT('',(-0.686726142251744,-1.66248468533217,34.6391779365577));
#808=CARTESIAN_POINT('',(2.44660135244153,-1.64456003069323,34.5570983516743));
#809=CARTESIAN_POINT('',(8.66636143754162,-1.60843623024587,33.5421091182255));
#810=CARTESIAN_POINT('',(11.7147116926141,-1.59020289259943,32.6013824540878));
#811=CARTESIAN_POINT('',(20.2441584374396,-1.53561731070852,28.6314945644643));
#812=CARTESIAN_POINT('',(25.2369627717488,-1.49930938812541,24.3492616843528));
#813=CARTESIAN_POINT('',(32.2047609122316,-1.42674594330973,13.8796328878586));
#814=CARTESIAN_POINT('',(34.2175301882659,-1.39038872879589,7.70098718116366));
#815=CARTESIAN_POINT('',(34.7264522570203,-1.31799251183198,-4.92118780277887));
#816=CARTESIAN_POINT('',(33.1975816276711,-1.28121898577012,-11.2887454582506));
#817=CARTESIAN_POINT('',(27.1074531644415,-1.20913801555852,-22.2418790322371));
#818=CARTESIAN_POINT('',(22.5074159673385,-1.17278375686454,-26.8994898121515));
#819=CARTESIAN_POINT('',(11.5143278507016,-1.09964790099261,-33.1298442469536));
#820=CARTESIAN_POINT('',(5.22590136513659,-1.06405339614562,-34.689247582263));
#821=CARTESIAN_POINT('',(-1.12711513065083,-1.02718208397614,-34.4815836568197));
#822=CARTESIAN_POINT('',(-1.12711513065083,-1.02718208397613,-34.4815836568197));
#823=CARTESIAN_POINT('',(-1.12711513065082,0.,-34.4815836568197));
#824=CARTESIAN_POINT('',(-1.12711513065083,-1.,-34.4815836568198));
#825=CARTESIAN_POINT('',(0.,-1.,0.));
#826=CARTESIAN_POINT('',(0.,0.,0.));
#827=CARTESIAN_POINT('',(-0.0368228555868155,-1.,-1.12651346864929));
#828=CARTESIAN_POINT('',(-1.12865325709372,-1.,-34.528639218557));
#829=CARTESIAN_POINT('',(-1.12865325709372,-1.,-34.528639218557));
#830=CARTESIAN_POINT('',(3.777118300694,-1.,-34.7382867109607));
#831=CARTESIAN_POINT('',(8.71308842353245,-1.,-33.8791488288029));
#832=CARTESIAN_POINT('',(17.705169078029,-1.,-30.2806961091371));
#833=CARTESIAN_POINT('',(21.8532099389665,-1.,-27.5002089589156));
#834=CARTESIAN_POINT('',(26.9189301726948,-1.,-22.2835108404317));
#835=CARTESIAN_POINT('',(28.4485797238536,-1.,-20.3369209238019));
#836=CARTESIAN_POINT('',(31.0308380378635,-1.,-16.2272408310987));
#837=CARTESIAN_POINT('',(32.100600993427,-1.,-14.0549793300745));
#838=CARTESIAN_POINT('',(34.6319933860439,-1.,-7.17861152302459));
#839=CARTESIAN_POINT('',(35.3437400983,-1.,-2.30395495499028));
#840=CARTESIAN_POINT('',(35.0290610970914,-1.,2.59432142500415));
#841=CARTESIAN_POINT('',(35.0290610970914,-1.00000000000001,2.59432142500414));
#842=CARTESIAN_POINT('',(0.,-1.,0.));
#843=CARTESIAN_POINT('',(-8.36251719380177,-1.,34.1150103500405));
#844=CARTESIAN_POINT('',(-8.36251719380177,-1.,34.1150103500405));
#845=CARTESIAN_POINT('',(-13.500356923343,-1.,32.8016929922849));
#846=CARTESIAN_POINT('',(-18.3087463614197,-1.,30.3084286931133));
#847=CARTESIAN_POINT('',(-24.300926180161,-1.,25.2460530105183));
#848=CARTESIAN_POINT('',(-26.1335466015511,-1.,23.3058980253957));
#849=CARTESIAN_POINT('',(-29.2854677868984,-1.,19.1019727068993));
#850=CARTESIAN_POINT('',(-30.6094081514597,-1.,16.8471861074271));
#851=CARTESIAN_POINT('',(-33.8178524764957,-1.,9.61991804750322));
#852=CARTESIAN_POINT('',(-34.8377804501723,-1.,4.32417939889041));
#853=CARTESIAN_POINT('',(-34.4523211755908,-1.,-6.17472929523981));
#854=CARTESIAN_POINT('',(-33.0548051421137,-1.,-11.3695111181598));
#855=CARTESIAN_POINT('',(-30.5502020131974,-1.,-16.0291970152229));
#856=CARTESIAN_POINT('',(0.,-1.,0.));
#857=CARTESIAN_POINT('',(0.,-1.,-35.2));
#858=CARTESIAN_POINT('',(-34.5,-1.,0.));
#859=CARTESIAN_POINT('',(0.,0.,0.));
#860=CARTESIAN_POINT('',(0.,0.,-35.2));
#861=CARTESIAN_POINT('',(0.,0.,0.));
#862=CARTESIAN_POINT('',(-34.5,0.,0.));
#863=CARTESIAN_POINT('',(0.,1.49999999999999,0.));
#864=CARTESIAN_POINT('',(0.,1.49999999999999,-33.5));
#865=CARTESIAN_POINT('',(0.,1.49999999999995,0.));
#866=CARTESIAN_POINT('',(0.,3.,0.));
#867=CARTESIAN_POINT('',(0.,3.,-35.));
#868=CARTESIAN_POINT('',(0.,1.49999999999999,0.));
#869=CARTESIAN_POINT('',(0.,3.,0.));
#870=CARTESIAN_POINT('',(0.,3.,-36.));
#871=CARTESIAN_POINT('',(-35.,3.,0.));
#872=CARTESIAN_POINT('',(0.,2.,0.));
#873=CARTESIAN_POINT('',(0.,2.,-37.));
#874=CARTESIAN_POINT('',(0.,0.,0.));
#875=CARTESIAN_POINT('',(0.,-12.7,0.));
#876=CARTESIAN_POINT('',(0.,-13.,0.));
#877=CARTESIAN_POINT('',(0.,-7.94600736730522,-35.3308892896288));
#878=CARTESIAN_POINT('',(0.,-7.46051970957939,-34.49));
#879=CARTESIAN_POINT('',(0.,-7.82713713051481,-35.125));
#880=CARTESIAN_POINT('',(0.,-8.,-35.125));
#881=CARTESIAN_POINT('',(0.,-8.,-34.49));
#882=CARTESIAN_POINT('',(-1.15425889535569,-0.547491942085723,-35.3119868410016));
#883=CARTESIAN_POINT('',(-1.12678707219816,-1.03297959981155,-34.471547437207));
#884=CARTESIAN_POINT('',(-1.12678707219816,-0.493499309390948,-34.471547437207));
#885=CARTESIAN_POINT('',(-26.8135370423641,-8.,-22.6892013142324));
#886=CARTESIAN_POINT('',(-28.906573283606,-7.98160252775734,-20.2157028420607));
#887=CARTESIAN_POINT('',(-30.6289819444614,-7.96350536300136,-17.4920363646561));
#888=CARTESIAN_POINT('',(-33.2959478769627,-7.92730301220336,-11.6398335946515));
#889=CARTESIAN_POINT('',(-34.2300101555533,-7.90893689159155,-8.5051277466268));
#890=CARTESIAN_POINT('',(-35.69084290437,-7.85415908817305,0.995002873608007));
#891=CARTESIAN_POINT('',(-34.8774447647193,-7.81777910558601,7.66498090338324));
#892=CARTESIAN_POINT('',(-29.8938704715399,-7.74476430680313,19.5331665071506));
#893=CARTESIAN_POINT('',(-25.7593842368127,-7.70830195764558,24.7344002116005));
#894=CARTESIAN_POINT('',(-15.2955785618907,-7.63571089092067,32.2704463332072));
#895=CARTESIAN_POINT('',(-8.98935005780099,-7.5986828040403,34.5541903828238));
#896=CARTESIAN_POINT('',(0.593036547728085,-7.54446606098265,35.2657432683842));
#897=CARTESIAN_POINT('',(3.86461140898587,-7.52609570340692,35.0591281261156));
#898=CARTESIAN_POINT('',(10.1578441482993,-7.48966796834335,33.7771503914217));
#899=CARTESIAN_POINT('',(13.2141275226697,-7.47149190766369,32.7047428449466));
#900=CARTESIAN_POINT('',(18.960821737328,-7.43478647754493,29.7439171896496));
#901=CARTESIAN_POINT('',(21.5806539583097,-7.4168007526363,27.9016056194056));
#902=CARTESIAN_POINT('',(26.3124930945006,-7.38039232094887,23.492060968783));
#903=CARTESIAN_POINT('',(28.3528400864075,-7.36222845960794,20.980941286472));
#904=CARTESIAN_POINT('',(33.355707925629,-7.30730998842304,12.7449451433605));
#905=CARTESIAN_POINT('',(35.1523716051569,-7.27087369093649,6.26113174981469));
#906=CARTESIAN_POINT('',(35.1108227172073,-7.21631761813223,-3.35813890938586));
#907=CARTESIAN_POINT('',(34.6525180676057,-7.19802619492457,-6.58426374586227));
#908=CARTESIAN_POINT('',(32.8760719944853,-7.16143522568326,-12.7794142163965));
#909=CARTESIAN_POINT('',(31.5829033522448,-7.14344216715243,-15.7106421229647));
#910=CARTESIAN_POINT('',(28.1685318850152,-7.10689330104578,-21.2329430724049));
#911=CARTESIAN_POINT('',(26.119984922096,-7.0888805339788,-23.7039099392263));
#912=CARTESIAN_POINT('',(21.3760932236194,-7.05218537819753,-28.056934922272));
#913=CARTESIAN_POINT('',(18.6898856187179,-7.03388044008937,-29.911985016314));
#914=CARTESIAN_POINT('',(12.9673464677176,-6.99770744954987,-32.8007103222342));
#915=CARTESIAN_POINT('',(9.85919982011013,-6.97929530616598,-33.8648053359076));
#916=CARTESIAN_POINT('',(3.57010504875396,-6.94296022449274,-35.0896453597444));
#917=CARTESIAN_POINT('',(0.309184302784791,-6.92462789210757,-35.2715813076949));
#918=CARTESIAN_POINT('',(-9.33901825860922,-6.86965595660902,-34.4703645829143));
#919=CARTESIAN_POINT('',(-15.5944872253165,-6.83354991921954,-32.1274054711136));
#920=CARTESIAN_POINT('',(-25.9902839365641,-6.76004202772965,-24.4921080150867));
#921=CARTESIAN_POINT('',(-30.0753454616473,-6.72409201762493,-19.252106556706));
#922=CARTESIAN_POINT('',(-34.9469094406647,-6.6511009396382,-7.34054031077887));
#923=CARTESIAN_POINT('',(-35.6986453314229,-6.61419905468346,-0.662027748195028));
#924=CARTESIAN_POINT('',(-34.1490499577445,-6.56008584569368,8.82465271514971));
#925=CARTESIAN_POINT('',(-33.1861634379586,-6.54172988159546,11.9494210634038));
#926=CARTESIAN_POINT('',(-30.4641481420476,-6.50506865316104,17.7776766046858));
#927=CARTESIAN_POINT('',(-28.7177800503779,-6.48701503156955,20.4831911577647));
#928=CARTESIAN_POINT('',(-24.4843247690755,-6.45043836981409,25.3927125693544));
#929=CARTESIAN_POINT('',(-22.078949766967,-6.4324913884878,27.5080387368125));
#930=CARTESIAN_POINT('',(-16.699116450561,-6.3959004179223,31.0694661642075));
#931=CARTESIAN_POINT('',(-13.7662773970479,-6.37765047412099,32.4737857700797));
#932=CARTESIAN_POINT('',(-4.60053585310145,-6.32300357936525,35.4085698287623));
#933=CARTESIAN_POINT('',(2.12500616972871,-6.28659946713465,35.6435906476409));
#934=CARTESIAN_POINT('',(11.4781505463894,-6.2317185862681,33.3514854264981));
#935=CARTESIAN_POINT('',(14.4943837470632,-6.21353037019085,32.1575867007805));
#936=CARTESIAN_POINT('',(20.1157142708311,-6.17708028502768,28.9750855391253));
#937=CARTESIAN_POINT('',(22.6614143934156,-6.15913832142402,27.0314919543243));
#938=CARTESIAN_POINT('',(27.2195433879895,-6.12242713990048,22.4351892645495));
#939=CARTESIAN_POINT('',(29.1560238217427,-6.10429805910421,19.8499118058753));
#940=CARTESIAN_POINT('',(32.2739611390393,-6.0678053389883,14.2296927651596));
#941=CARTESIAN_POINT('',(33.4535856030431,-6.04941274211085,11.1751894556088));
#942=CARTESIAN_POINT('',(35.6580278373391,-5.99531384473392,1.82131052461885));
#943=CARTESIAN_POINT('',(35.3746419841277,-5.95824245508596,-4.88723652378746));
#944=CARTESIAN_POINT('',(31.3390828077512,-5.88555890030867,-17.1205217535438));
#945=CARTESIAN_POINT('',(27.6250997975028,-5.84924161111345,-22.630111465139));
#946=CARTESIAN_POINT('',(17.7960533377694,-5.77607648684058,-30.9607585395751));
#947=CARTESIAN_POINT('',(11.6846002479037,-5.73977228422244,-33.7383923452866));
#948=CARTESIAN_POINT('',(-0.978757637314739,-5.66675022674111,-35.6910497812154));
#949=CARTESIAN_POINT('',(-7.70505134563203,-5.63004173911799,-34.8631155910948));
#950=CARTESIAN_POINT('',(-16.5635577836152,-5.57552918036532,-31.1395878832405));
#951=CARTESIAN_POINT('',(-19.3821810823029,-5.55713620608908,-29.468882794922));
#952=CARTESIAN_POINT('',(-24.4058950026233,-5.5206666568161,-25.4644121434004));
#953=CARTESIAN_POINT('',(-26.6378963700781,-5.50249511961025,-23.1224508546708));
#954=CARTESIAN_POINT('',(-30.4122367612195,-5.46608116049485,-17.8695582410204));
#955=CARTESIAN_POINT('',(-31.9075527545345,-5.44810639769599,-15.0373017124297));
#956=CARTESIAN_POINT('',(-34.115921108568,-5.41126431569695,-8.96193575562791));
#957=CARTESIAN_POINT('',(-34.7923274414791,-5.39310295686276,-5.79405863114334));
#958=CARTESIAN_POINT('',(-35.5031210228362,-5.33874879231194,3.81315873033734));
#959=CARTESIAN_POINT('',(-34.1558969262665,-5.30193658591859,10.4058889983067));
#960=CARTESIAN_POINT('',(-29.7441787847554,-5.24731248916803,18.9561336337665));
#961=CARTESIAN_POINT('',(-27.8708653370133,-5.22902642688384,21.6188351352446));
#962=CARTESIAN_POINT('',(-23.4698462421314,-5.19272966012813,26.3310745054115));
#963=CARTESIAN_POINT('',(-20.9852656085467,-5.17474804398369,28.3532799762251));
#964=CARTESIAN_POINT('',(-15.4372183167168,-5.13777167564632,31.7172216424057));
#965=CARTESIAN_POINT('',(-12.4849653638992,-5.11975376053962,32.9885764101524));
#966=CARTESIAN_POINT('',(-6.28308570653167,-5.08343745967447,34.7079726822326));
#967=CARTESIAN_POINT('',(-3.04479620407706,-5.06513334034133,35.1392203561097));
#968=CARTESIAN_POINT('',(6.5691406157977,-5.01060384415806,35.0954681007146));
#969=CARTESIAN_POINT('',(13.033046182912,-4.97368622911776,33.2455851016156));
#970=CARTESIAN_POINT('',(23.9672226275247,-4.90127396617033,26.4707661596213));
#971=CARTESIAN_POINT('',(28.4589725327686,-4.8646086339286,21.5754082659881));
#972=CARTESIAN_POINT('',(34.2694712138527,-4.79178196156879,10.050607055689));
#973=CARTESIAN_POINT('',(35.5351358720215,-4.75514453281994,3.47137702843366));
#974=CARTESIAN_POINT('',(34.4730161964918,-4.68240392715089,-9.2955631477054));
#975=CARTESIAN_POINT('',(32.1410989066609,-4.64620927827504,-15.569918531186));
#976=CARTESIAN_POINT('',(24.5009552797484,-4.57259975759369,-25.9841450191322));
#977=CARTESIAN_POINT('',(19.2612890203778,-4.53665050426528,-30.0680873674777));
#978=CARTESIAN_POINT('',(7.36410301336678,-4.46374311326404,-34.9407658684425));
#979=CARTESIAN_POINT('',(0.714439927703775,-4.42699849494441,-35.7076180060392));
#980=CARTESIAN_POINT('',(-8.85412600232266,-4.37241748893996,-34.144029836911));
#981=CARTESIAN_POINT('',(-11.9704712952622,-4.35409987425038,-33.1773634545571));
#982=CARTESIAN_POINT('',(-17.7752187460113,-4.31758170197466,-30.4642614773103));
#983=CARTESIAN_POINT('',(-20.5327201758168,-4.29915608363994,-28.6782995187567));
#984=CARTESIAN_POINT('',(-25.3839230784457,-4.26299371755443,-24.4886485999834));
#985=CARTESIAN_POINT('',(-27.5408318934099,-4.24469687525443,-22.0369755252099));
#986=CARTESIAN_POINT('',(-31.0872777021654,-4.20817439667709,-16.6645395000346));
#987=CARTESIAN_POINT('',(-32.4763518545196,-4.19015787074101,-13.7689933627666));
#988=CARTESIAN_POINT('',(-34.4494249006705,-4.15330746826653,-7.58523117746114));
#989=CARTESIAN_POINT('',(-34.9935029732884,-4.13531709436352,-4.42808207261632));
#990=CARTESIAN_POINT('',(-35.2150075841807,-4.09903120883617,2.01405114867209));
#991=CARTESIAN_POINT('',(-34.8775619123822,-4.08074080705187,5.25396992697292));
#992=CARTESIAN_POINT('',(-32.58563096613,-4.0259160588179,14.597050363739));
#993=CARTESIAN_POINT('',(-29.2701759160353,-3.98948853900018,20.4519918084383));
#994=CARTESIAN_POINT('',(-22.4206362035291,-3.9348262508988,27.2285894374097));
#995=CARTESIAN_POINT('',(-19.8311744770159,-3.9166604773476,29.170947581456));
#996=CARTESIAN_POINT('',(-14.1726552526771,-3.87995112074136,32.3010140247433));
#997=CARTESIAN_POINT('',(-11.1843943630108,-3.86196391788822,33.4533581856763));
#998=CARTESIAN_POINT('',(-4.88995889732584,-3.8255636896572,34.9328806878128));
#999=CARTESIAN_POINT('',(-1.66626040220051,-3.80739059988315,35.2321390038903));
#1000=CARTESIAN_POINT('',(4.75075844632133,-3.77078252546299,34.9501121128687));
#1001=CARTESIAN_POINT('',(7.97426198846445,-3.75240226258407,34.3574714295104));
#1002=CARTESIAN_POINT('',(17.09843596396,-3.69818763340228,31.3439850967858));
#1003=CARTESIAN_POINT('',(22.6637834523776,-3.66149522040681,27.5984520872403));
#1004=CARTESIAN_POINT('',(30.9868461835317,-3.5882976745683,17.7520985121791));
#1005=CARTESIAN_POINT('',(33.737529357983,-3.55238126759554,11.7038409801985));
#1006=CARTESIAN_POINT('',(35.6953704367959,-3.47901180409651,-1.02044610365285));
#1007=CARTESIAN_POINT('',(34.8672180280277,-3.44263701178337,-7.68765619169975));
#1008=CARTESIAN_POINT('',(31.1469463566491,-3.38811936890534,-16.5498546546479));
#1009=CARTESIAN_POINT('',(29.4803488111761,-3.36975344119148,-19.3652275626843));
#1010=CARTESIAN_POINT('',(25.4746896104469,-3.3332475134868,-24.3955568461667));
#1011=CARTESIAN_POINT('',(23.1421180786961,-3.31513856565921,-26.6214570896566));
#1012=CARTESIAN_POINT('',(17.8827884282354,-3.27866580925846,-30.4050240055112));
#1013=CARTESIAN_POINT('',(15.0505066750875,-3.26069030941328,-31.9008498092546));
#1014=CARTESIAN_POINT('',(8.98520486684965,-3.22390161215788,-34.1093544827546));
#1015=CARTESIAN_POINT('',(5.80850443787279,-3.20568652975644,-34.7896980422387));
#1016=CARTESIAN_POINT('',(-0.59130820469522,-3.16947502445256,-35.2663035812091));
#1017=CARTESIAN_POINT('',(-3.86407027409982,-3.15110518138636,-35.0615977324759));
#1018=CARTESIAN_POINT('',(-10.2077302950658,-3.11437281214738,-33.7646104206807));
#1019=CARTESIAN_POINT('',(-13.261396603875,-3.09619539724871,-32.6833512235899));
#1020=CARTESIAN_POINT('',(-21.8168254165023,-3.04153364964102,-28.2664748793525));
#1021=CARTESIAN_POINT('',(-26.7329046193236,-3.00512123037542,-23.6705679747539));
#1022=CARTESIAN_POINT('',(-31.714877676796,-2.95026614484531,-15.4345957868741));
#1023=CARTESIAN_POINT('',(-33.0023787235166,-2.93204386057222,-12.4507698036574));
#1024=CARTESIAN_POINT('',(-34.7185092160397,-2.89563212275243,-6.22926865128291));
#1025=CARTESIAN_POINT('',(-35.1416442085881,-2.87769094811199,-3.05426999384417));
#1026=CARTESIAN_POINT('',(-35.1073733690295,-2.84092876082346,3.4257930477261));
#1027=CARTESIAN_POINT('',(-34.6459374748534,-2.82284363173122,6.61546436109739));
#1028=CARTESIAN_POINT('',(-32.8688856985763,-2.78633458668049,12.7961597816815));
#1029=CARTESIAN_POINT('',(-31.5411590086517,-2.76796052283732,15.7856243636385));
#1030=CARTESIAN_POINT('',(-26.4763927389692,-2.71385023516601,23.9546727209466));
#1031=CARTESIAN_POINT('',(-21.5230274192599,-2.67674757891971,28.4947300263216));
#1032=CARTESIAN_POINT('',(-10.0213144845812,-2.60412712645262,34.2748246467329));
#1033=CARTESIAN_POINT('',(-3.49856723108875,-2.56779840555321,35.540030791357));
#1034=CARTESIAN_POINT('',(9.351275187727,-2.4945875514175,34.4657426103726));
#1035=CARTESIAN_POINT('',(15.6283246236877,-2.45830974608969,32.1022767139979));
#1036=CARTESIAN_POINT('',(23.3729386838712,-2.40354953344834,26.4145817915288));
#1037=CARTESIAN_POINT('',(25.7247964608402,-2.38516655780009,24.131161460716));
#1038=CARTESIAN_POINT('',(29.6741280315802,-2.34892900111126,19.0663114408683));
#1039=CARTESIAN_POINT('',(31.2995735627403,-2.33078619625983,16.2650194902551));
#1040=CARTESIAN_POINT('',(33.7423607596152,-2.29411160419812,10.2794578940598));
#1041=CARTESIAN_POINT('',(34.5357882349186,-2.27614174849516,7.17654038629412));
#1042=CARTESIAN_POINT('',(35.2655735621015,-2.23942294526221,0.750148158206098));
#1043=CARTESIAN_POINT('',(35.1839403386415,-2.22124934220019,-2.48462311035486));
#1044=CARTESIAN_POINT('',(33.6326021918528,-2.16700267006607,-11.9951337557758));
#1045=CARTESIAN_POINT('',(30.7836094650324,-2.1298497138385,-18.090370338375));
#1046=CARTESIAN_POINT('',(24.4995561694743,-2.07557693098827,-25.3735885108427));
#1047=CARTESIAN_POINT('',(22.0544811362754,-2.0573195469128,-27.5272599497828));
#1048=CARTESIAN_POINT('',(16.677554383787,-2.02075922787141,-31.0806910848049));
#1049=CARTESIAN_POINT('',(13.7895664408371,-2.00278583992197,-32.4676906678592));
#1050=CARTESIAN_POINT('',(7.60570330623693,-1.96592413204787,-34.4449757896206));
#1051=CARTESIAN_POINT('',(4.44251086507167,-1.94789827812875,-34.9913200900603));
#1052=CARTESIAN_POINT('',(-1.99181835104716,-1.9116565241881,-35.215920321465));
#1053=CARTESIAN_POINT('',(-5.24267126760055,-1.8933083073708,-34.8812808949061));
#1054=CARTESIAN_POINT('',(-11.5134612495096,-1.85650920789488,-33.3411092938659));
#1055=CARTESIAN_POINT('',(-14.5373065159792,-1.83825745540375,-32.1358365950183));
#1056=CARTESIAN_POINT('',(-20.1152640379308,-1.80207775619905,-28.9727704420129));
#1057=CARTESIAN_POINT('',(-22.7229586251516,-1.78367540621286,-26.9757848312989));
#1058=CARTESIAN_POINT('',(-27.2275663207611,-1.74732925067441,-22.4206478094065));
#1059=CARTESIAN_POINT('',(-29.1910297576394,-1.72894022790625,-19.7982328429339));
#1060=CARTESIAN_POINT('',(-32.2982009488227,-1.69246875343146,-14.1743591560214));
#1061=CARTESIAN_POINT('',(-33.462559632237,-1.6743046037075,-11.1573527889117));
#1062=CARTESIAN_POINT('',(-34.9374821532585,-1.63788278586178,-4.85816417878172));
#1063=CARTESIAN_POINT('',(-35.2338243467858,-1.61990726233324,-1.66913505161728));
#1064=CARTESIAN_POINT('',(-34.9469280252616,-1.58307238504504,4.78754754732316));
#1065=CARTESIAN_POINT('',(-34.358228508358,-1.56490362879821,7.97415982711969));
#1066=CARTESIAN_POINT('',(-31.3353911144195,-1.51055757332283,17.1200687332248));
#1067=CARTESIAN_POINT('',(-27.5658975592448,-1.47373983782088,22.6943869716068));
#1068=CARTESIAN_POINT('',(-20.21516621893,-1.41911476493784,28.9032826951712));
#1069=CARTESIAN_POINT('',(-17.4657312873506,-1.40083436553355,30.6449144696432));
#1070=CARTESIAN_POINT('',(-11.5945189881342,-1.36453106456374,33.3126054473));
#1071=CARTESIAN_POINT('',(-8.52491744737499,-1.34654925904144,34.2288016758654));
#1072=CARTESIAN_POINT('',(-2.11297943564835,-1.30958148125384,35.2110834760138));
#1073=CARTESIAN_POINT('',(1.10264977928561,-1.29155435976707,35.2548136924714));
#1074=CARTESIAN_POINT('',(7.48927581412147,-1.255244751017,34.4677889167066));
#1075=CARTESIAN_POINT('',(10.6465603492307,-1.23693679225926,33.6256653058494));
#1076=CARTESIAN_POINT('',(19.5101598191058,-1.18240425493047,29.9030976147322));
#1077=CARTESIAN_POINT('',(24.7722626638838,-1.14549539577989,25.7191516076097));
#1078=CARTESIAN_POINT('',(32.2787168531395,-1.0730727184711,15.2716795153156));
#1079=CARTESIAN_POINT('',(34.5525002726964,-1.03640534776197,9.02894362459835));
#1080=CARTESIAN_POINT('',(35.0290610970914,-1.,2.59432142500415));
#1081=CARTESIAN_POINT('',(0.,-8.05399263269478,-35.3308892896288));
#1082=CARTESIAN_POINT('',(-2.31240129660608,-8.04097179936144,-35.3308892896288));
#1083=CARTESIAN_POINT('',(-6.93714561246706,-8.01493013269478,-34.8753861001832));
#1084=CARTESIAN_POINT('',(-13.6077027438613,-7.97586763269478,-32.8519005169714));
#1085=CARTESIAN_POINT('',(-19.7553193032846,-7.93680513269477,-29.5659247125926));
#1086=CARTESIAN_POINT('',(-25.1437560991022,-7.89774263269478,-25.1437560991022));
#1087=CARTESIAN_POINT('',(-29.5659247125926,-7.85868013269477,-19.7553193032846));
#1088=CARTESIAN_POINT('',(-32.8519005169714,-7.81961763269478,-13.6077027438613));
#1089=CARTESIAN_POINT('',(-34.8753861001832,-7.78055513269478,-6.93714561246706));
#1090=CARTESIAN_POINT('',(-35.5586408843515,-7.74149263269478,-8.88178419700125E-16));
#1091=CARTESIAN_POINT('',(-34.8753861001832,-7.70243013269478,6.93714561246706));
#1092=CARTESIAN_POINT('',(-32.8519005169714,-7.66336763269478,13.6077027438613));
#1093=CARTESIAN_POINT('',(-29.5659247125926,-7.62430513269478,19.7553193032846));
#1094=CARTESIAN_POINT('',(-25.1437560991022,-7.58524263269478,25.1437560991022));
#1095=CARTESIAN_POINT('',(-19.7553193032846,-7.54618013269478,29.5659247125926));
#1096=CARTESIAN_POINT('',(-13.6077027438613,-7.50711763269478,32.8519005169714));
#1097=CARTESIAN_POINT('',(-6.93714561246708,-7.46805513269478,34.8753861001832));
#1098=CARTESIAN_POINT('',(-3.5527136788005E-15,-7.42899263269478,35.5586408843515));
#1099=CARTESIAN_POINT('',(6.93714561246707,-7.38993013269478,34.8753861001832));
#1100=CARTESIAN_POINT('',(13.6077027438612,-7.35086763269478,32.8519005169714));
#1101=CARTESIAN_POINT('',(19.7553193032846,-7.31180513269478,29.5659247125926));
#1102=CARTESIAN_POINT('',(25.1437560991022,-7.27274263269478,25.1437560991022));
#1103=CARTESIAN_POINT('',(29.5659247125926,-7.23368013269478,19.7553193032846));
#1104=CARTESIAN_POINT('',(32.8519005169714,-7.19461763269478,13.6077027438613));
#1105=CARTESIAN_POINT('',(34.8753861001832,-7.15555513269478,6.93714561246707));
#1106=CARTESIAN_POINT('',(35.5586408843515,-7.11649263269478,6.66133814775094E-15));
#1107=CARTESIAN_POINT('',(34.8753861001832,-7.07743013269478,-6.93714561246706));
#1108=CARTESIAN_POINT('',(32.8519005169714,-7.03836763269478,-13.6077027438613));
#1109=CARTESIAN_POINT('',(29.5659247125926,-6.99930513269478,-19.7553193032846));
#1110=CARTESIAN_POINT('',(25.1437560991022,-6.96024263269478,-25.1437560991022));
#1111=CARTESIAN_POINT('',(19.7553193032846,-6.92118013269478,-29.5659247125926));
#1112=CARTESIAN_POINT('',(13.6077027438613,-6.88211763269478,-32.8519005169714));
#1113=CARTESIAN_POINT('',(6.93714561246708,-6.84305513269478,-34.8753861001832));
#1114=CARTESIAN_POINT('',(7.99360577730113E-15,-6.80399263269478,-35.5586408843515));
#1115=CARTESIAN_POINT('',(-6.93714561246706,-6.76493013269478,-34.8753861001832));
#1116=CARTESIAN_POINT('',(-13.6077027438613,-6.72586763269478,-32.8519005169714));
#1117=CARTESIAN_POINT('',(-19.7553193032846,-6.68680513269478,-29.5659247125926));
#1118=CARTESIAN_POINT('',(-25.1437560991022,-6.64774263269478,-25.1437560991022));
#1119=CARTESIAN_POINT('',(-29.5659247125926,-6.60868013269478,-19.7553193032846));
#1120=CARTESIAN_POINT('',(-32.8519005169714,-6.56961763269478,-13.6077027438613));
#1121=CARTESIAN_POINT('',(-34.8753861001832,-6.53055513269478,-6.93714561246708));
#1122=CARTESIAN_POINT('',(-35.5586408843515,-6.49149263269478,4.44089209850063E-15));
#1123=CARTESIAN_POINT('',(-34.8753861001832,-6.45243013269478,6.937145612467));
#1124=CARTESIAN_POINT('',(-32.8519005169714,-6.41336763269478,13.6077027438613));
#1125=CARTESIAN_POINT('',(-29.5659247125926,-6.37430513269478,19.7553193032846));
#1126=CARTESIAN_POINT('',(-25.1437560991022,-6.33524263269478,25.1437560991021));
#1127=CARTESIAN_POINT('',(-19.7553193032846,-6.29618013269478,29.5659247125926));
#1128=CARTESIAN_POINT('',(-13.6077027438613,-6.25711763269478,32.8519005169714));
#1129=CARTESIAN_POINT('',(-6.93714561246702,-6.21805513269478,34.8753861001832));
#1130=CARTESIAN_POINT('',(-1.33226762955019E-14,-6.17899263269478,35.5586408843515));
#1131=CARTESIAN_POINT('',(6.93714561246699,-6.13993013269478,34.8753861001832));
#1132=CARTESIAN_POINT('',(13.6077027438613,-6.10086763269478,32.8519005169714));
#1133=CARTESIAN_POINT('',(19.7553193032846,-6.06180513269478,29.5659247125926));
#1134=CARTESIAN_POINT('',(25.1437560991022,-6.02274263269478,25.1437560991021));
#1135=CARTESIAN_POINT('',(29.5659247125926,-5.98368013269478,19.7553193032846));
#1136=CARTESIAN_POINT('',(32.8519005169714,-5.94461763269478,13.6077027438613));
#1137=CARTESIAN_POINT('',(34.8753861001832,-5.90555513269478,6.93714561246702));
#1138=CARTESIAN_POINT('',(35.5586408843515,-5.86649263269478,1.46549439250521E-14));
#1139=CARTESIAN_POINT('',(34.8753861001832,-5.82743013269478,-6.93714561246699));
#1140=CARTESIAN_POINT('',(32.8519005169714,-5.78836763269478,-13.6077027438613));
#1141=CARTESIAN_POINT('',(29.5659247125926,-5.74930513269478,-19.7553193032846));
#1142=CARTESIAN_POINT('',(25.1437560991022,-5.71024263269478,-25.1437560991021));
#1143=CARTESIAN_POINT('',(19.7553193032846,-5.67118013269478,-29.5659247125926));
#1144=CARTESIAN_POINT('',(13.6077027438613,-5.63211763269478,-32.8519005169714));
#1145=CARTESIAN_POINT('',(6.93714561246702,-5.59305513269478,-34.8753861001832));
#1146=CARTESIAN_POINT('',(1.73194791841524E-14,-5.55399263269478,-35.5586408843515));
#1147=CARTESIAN_POINT('',(-6.93714561246699,-5.51493013269478,-34.8753861001832));
#1148=CARTESIAN_POINT('',(-13.6077027438613,-5.47586763269478,-32.8519005169714));
#1149=CARTESIAN_POINT('',(-19.7553193032846,-5.43680513269478,-29.5659247125926));
#1150=CARTESIAN_POINT('',(-25.1437560991022,-5.39774263269478,-25.1437560991021));
#1151=CARTESIAN_POINT('',(-29.5659247125926,-5.35868013269478,-19.7553193032847));
#1152=CARTESIAN_POINT('',(-32.8519005169714,-5.31961763269478,-13.6077027438613));
#1153=CARTESIAN_POINT('',(-34.8753861001832,-5.28055513269478,-6.93714561246702));
#1154=CARTESIAN_POINT('',(-35.5586408843515,-5.24149263269478,-1.82076576038526E-14));
#1155=CARTESIAN_POINT('',(-34.8753861001832,-5.20243013269478,6.93714561246698));
#1156=CARTESIAN_POINT('',(-32.8519005169714,-5.16336763269478,13.6077027438613));
#1157=CARTESIAN_POINT('',(-29.5659247125926,-5.12430513269478,19.7553193032846));
#1158=CARTESIAN_POINT('',(-25.1437560991022,-5.08524263269478,25.1437560991021));
#1159=CARTESIAN_POINT('',(-19.7553193032846,-5.04618013269478,29.5659247125926));
#1160=CARTESIAN_POINT('',(-13.6077027438613,-5.00711763269478,32.8519005169714));
#1161=CARTESIAN_POINT('',(-6.93714561246703,-4.96805513269478,34.8753861001832));
#1162=CARTESIAN_POINT('',(-2.79776202205539E-14,-4.92899263269478,35.5586408843515));
#1163=CARTESIAN_POINT('',(6.93714561246702,-4.88993013269478,34.8753861001832));
#1164=CARTESIAN_POINT('',(13.6077027438611,-4.85086763269478,32.8519005169715));
#1165=CARTESIAN_POINT('',(19.7553193032847,-4.81180513269478,29.5659247125925));
#1166=CARTESIAN_POINT('',(25.1437560991022,-4.77274263269478,25.1437560991022));
#1167=CARTESIAN_POINT('',(29.5659247125926,-4.73368013269478,19.7553193032847));
#1168=CARTESIAN_POINT('',(32.8519005169714,-4.69461763269478,13.6077027438613));
#1169=CARTESIAN_POINT('',(34.8753861001832,-4.65555513269478,6.93714561246712));
#1170=CARTESIAN_POINT('',(35.5586408843515,-4.61649263269478,1.32782673745169E-13));
#1171=CARTESIAN_POINT('',(34.8753861001832,-4.57743013269478,-6.93714561246714));
#1172=CARTESIAN_POINT('',(32.8519005169714,-4.53836763269478,-13.6077027438612));
#1173=CARTESIAN_POINT('',(29.5659247125926,-4.49930513269478,-19.7553193032846));
#1174=CARTESIAN_POINT('',(25.1437560991022,-4.46024263269478,-25.1437560991021));
#1175=CARTESIAN_POINT('',(19.7553193032848,-4.42118013269478,-29.5659247125925));
#1176=CARTESIAN_POINT('',(13.6077027438612,-4.38211763269478,-32.8519005169714));
#1177=CARTESIAN_POINT('',(6.93714561246706,-4.34305513269478,-34.8753861001832));
#1178=CARTESIAN_POINT('',(2.44249065417534E-14,-4.30399263269478,-35.5586408843515));
#1179=CARTESIAN_POINT('',(-6.93714561246701,-4.26493013269478,-34.8753861001832));
#1180=CARTESIAN_POINT('',(-13.6077027438611,-4.22586763269478,-32.8519005169715));
#1181=CARTESIAN_POINT('',(-19.7553193032847,-4.18680513269478,-29.5659247125925));
#1182=CARTESIAN_POINT('',(-25.1437560991022,-4.14774263269478,-25.1437560991022));
#1183=CARTESIAN_POINT('',(-29.5659247125926,-4.10868013269478,-19.7553193032847));
#1184=CARTESIAN_POINT('',(-32.8519005169714,-4.06961763269478,-13.6077027438613));
#1185=CARTESIAN_POINT('',(-34.8753861001832,-4.03055513269478,-6.93714561246719));
#1186=CARTESIAN_POINT('',(-35.5586408843515,-3.99149263269478,8.26005930321116E-14));
#1187=CARTESIAN_POINT('',(-34.8753861001832,-3.95243013269478,6.93714561246707));
#1188=CARTESIAN_POINT('',(-32.8519005169714,-3.91336763269478,13.6077027438612));
#1189=CARTESIAN_POINT('',(-29.5659247125926,-3.87430513269478,19.7553193032846));
#1190=CARTESIAN_POINT('',(-25.1437560991022,-3.83524263269478,25.1437560991021));
#1191=CARTESIAN_POINT('',(-19.7553193032848,-3.79618013269478,29.5659247125925));
#1192=CARTESIAN_POINT('',(-13.6077027438612,-3.75711763269478,32.8519005169714));
#1193=CARTESIAN_POINT('',(-6.93714561246707,-3.71805513269478,34.8753861001832));
#1194=CARTESIAN_POINT('',(-2.97539770599542E-14,-3.67899263269478,35.5586408843515));
#1195=CARTESIAN_POINT('',(6.93714561246701,-3.63993013269478,34.8753861001832));
#1196=CARTESIAN_POINT('',(13.6077027438611,-3.60086763269478,32.8519005169715));
#1197=CARTESIAN_POINT('',(19.7553193032847,-3.56180513269478,29.5659247125925));
#1198=CARTESIAN_POINT('',(25.1437560991022,-3.52274263269478,25.1437560991022));
#1199=CARTESIAN_POINT('',(29.5659247125926,-3.48368013269478,19.7553193032847));
#1200=CARTESIAN_POINT('',(32.8519005169714,-3.44461763269478,13.6077027438613));
#1201=CARTESIAN_POINT('',(34.8753861001832,-3.40555513269478,6.93714561246713));
#1202=CARTESIAN_POINT('',(35.5586408843515,-3.36649263269478,1.4166445794217E-13));
#1203=CARTESIAN_POINT('',(34.8753861001832,-3.32743013269478,-6.93714561246713));
#1204=CARTESIAN_POINT('',(32.8519005169714,-3.28836763269478,-13.6077027438612));
#1205=CARTESIAN_POINT('',(29.5659247125926,-3.24930513269478,-19.7553193032846));
#1206=CARTESIAN_POINT('',(25.1437560991022,-3.21024263269478,-25.1437560991021));
#1207=CARTESIAN_POINT('',(19.7553193032848,-3.17118013269478,-29.5659247125925));
#1208=CARTESIAN_POINT('',(13.6077027438612,-3.13211763269478,-32.8519005169714));
#1209=CARTESIAN_POINT('',(6.93714561246707,-3.09305513269478,-34.8753861001832));
#1210=CARTESIAN_POINT('',(3.28626015289046E-14,-3.05399263269478,-35.5586408843515));
#1211=CARTESIAN_POINT('',(-6.937145612467,-3.01493013269478,-34.8753861001832));
#1212=CARTESIAN_POINT('',(-13.6077027438611,-2.97586763269478,-32.8519005169715));
#1213=CARTESIAN_POINT('',(-19.7553193032847,-2.93680513269478,-29.5659247125925));
#1214=CARTESIAN_POINT('',(-25.1437560991022,-2.89774263269478,-25.1437560991022));
#1215=CARTESIAN_POINT('',(-29.5659247125926,-2.85868013269478,-19.7553193032847));
#1216=CARTESIAN_POINT('',(-32.8519005169714,-2.81961763269478,-13.6077027438613));
#1217=CARTESIAN_POINT('',(-34.8753861001832,-2.78055513269478,-6.9371456124672));
#1218=CARTESIAN_POINT('',(-35.5586408843515,-2.74149263269478,7.37188088351104E-14));
#1219=CARTESIAN_POINT('',(-34.8753861001832,-2.70243013269478,6.93714561246706));
#1220=CARTESIAN_POINT('',(-32.8519005169714,-2.66336763269478,13.6077027438612));
#1221=CARTESIAN_POINT('',(-29.5659247125926,-2.62430513269478,19.7553193032846));
#1222=CARTESIAN_POINT('',(-25.1437560991022,-2.58524263269478,25.1437560991021));
#1223=CARTESIAN_POINT('',(-19.7553193032848,-2.54618013269478,29.5659247125925));
#1224=CARTESIAN_POINT('',(-13.6077027438612,-2.50711763269478,32.8519005169714));
#1225=CARTESIAN_POINT('',(-6.93714561246707,-2.46805513269478,34.8753861001832));
#1226=CARTESIAN_POINT('',(-3.77475828372553E-14,-2.42899263269478,35.5586408843515));
#1227=CARTESIAN_POINT('',(6.937145612467,-2.38993013269478,34.8753861001832));
#1228=CARTESIAN_POINT('',(13.6077027438611,-2.35086763269478,32.8519005169715));
#1229=CARTESIAN_POINT('',(19.7553193032847,-2.31180513269478,29.5659247125925));
#1230=CARTESIAN_POINT('',(25.1437560991022,-2.27274263269478,25.1437560991022));
#1231=CARTESIAN_POINT('',(29.5659247125925,-2.23368013269478,19.7553193032847));
#1232=CARTESIAN_POINT('',(32.8519005169714,-2.19461763269478,13.6077027438613));
#1233=CARTESIAN_POINT('',(34.8753861001832,-2.15555513269478,6.93714561246714));
#1234=CARTESIAN_POINT('',(35.5586408843515,-2.11649263269478,1.51434420558871E-13));
#1235=CARTESIAN_POINT('',(34.8753861001832,-2.07743013269478,-6.93714561246712));
#1236=CARTESIAN_POINT('',(32.8519005169714,-2.03836763269478,-13.6077027438612));
#1237=CARTESIAN_POINT('',(29.5659247125926,-1.99930513269478,-19.7553193032846));
#1238=CARTESIAN_POINT('',(25.1437560991022,-1.96024263269478,-25.1437560991021));
#1239=CARTESIAN_POINT('',(19.7553193032848,-1.92118013269478,-29.5659247125925));
#1240=CARTESIAN_POINT('',(13.6077027438612,-1.88211763269478,-32.8519005169714));
#1241=CARTESIAN_POINT('',(6.93714561246708,-1.84305513269478,-34.8753861001832));
#1242=CARTESIAN_POINT('',(4.30766533554561E-14,-1.80399263269478,-35.5586408843515));
#1243=CARTESIAN_POINT('',(-6.93714561246699,-1.76493013269478,-34.8753861001832));
#1244=CARTESIAN_POINT('',(-13.6077027438612,-1.72586763269478,-32.8519005169714));
#1245=CARTESIAN_POINT('',(-19.7553193032845,-1.68680513269478,-29.5659247125926));
#1246=CARTESIAN_POINT('',(-25.1437560991021,-1.64774263269478,-25.1437560991022));
#1247=CARTESIAN_POINT('',(-29.5659247125924,-1.60868013269478,-19.7553193032849));
#1248=CARTESIAN_POINT('',(-32.8519005169715,-1.56961763269478,-13.6077027438611));
#1249=CARTESIAN_POINT('',(-34.8753861001832,-1.53055513269478,-6.93714561246702));
#1250=CARTESIAN_POINT('',(-35.5586408843515,-1.49149263269478,1.90958360235527E-14));
#1251=CARTESIAN_POINT('',(-34.8753861001832,-1.45243013269478,6.93714561246705));
#1252=CARTESIAN_POINT('',(-32.8519005169714,-1.41336763269478,13.6077027438612));
#1253=CARTESIAN_POINT('',(-29.5659247125926,-1.37430513269478,19.7553193032846));
#1254=CARTESIAN_POINT('',(-25.1437560991022,-1.33524263269478,25.1437560991021));
#1255=CARTESIAN_POINT('',(-19.7553193032847,-1.29618013269478,29.5659247125925));
#1256=CARTESIAN_POINT('',(-13.6077027438614,-1.25711763269478,32.8519005169714));
#1257=CARTESIAN_POINT('',(-6.93714561246721,-1.21805513269478,34.8753861001832));
#1258=CARTESIAN_POINT('',(-2.61568544601687E-13,-1.17899263269478,35.5586408843515));
#1259=CARTESIAN_POINT('',(6.93714561246724,-1.13993013269478,34.8753861001832));
#1260=CARTESIAN_POINT('',(13.6077027438612,-1.10086763269478,32.8519005169714));
#1261=CARTESIAN_POINT('',(19.7553193032847,-1.06180513269478,29.5659247125926));
#1262=CARTESIAN_POINT('',(25.1437560991022,-1.02274263269478,25.1437560991022));
#1263=CARTESIAN_POINT('',(29.5659247125925,-0.983680132694776,19.7553193032847));
#1264=CARTESIAN_POINT('',(32.8519005169714,-0.944617632694776,13.6077027438613));
#1265=CARTESIAN_POINT('',(34.8753861001832,-0.905555132694776,6.93714561246715));
#1266=CARTESIAN_POINT('',(35.5586408843515,-0.866492632694776,1.11466391672366E-13));
#1267=CARTESIAN_POINT('',(34.8753861001832,-0.827430132694776,-6.93714561246692));
#1268=CARTESIAN_POINT('',(32.8519005169715,-0.788367632694776,-13.607702743861));
#1269=CARTESIAN_POINT('',(29.5659247125925,-0.749305132694776,-19.7553193032848));
#1270=CARTESIAN_POINT('',(25.1437560991022,-0.710242632694776,-25.1437560991022));
#1271=CARTESIAN_POINT('',(19.7553193032846,-0.671180132694776,-29.5659247125926));
#1272=CARTESIAN_POINT('',(13.6077027438613,-0.632117632694776,-32.8519005169714));
#1273=CARTESIAN_POINT('',(6.93714561246709,-0.593055132694776,-34.8753861001832));
#1274=CARTESIAN_POINT('',(1.92756064555012,-0.564846569158425,-35.3687911815458));
#1275=CARTESIAN_POINT('',(-0.769642450544496,-0.549658838955407,-35.3245817447238));
#1276=CARTESIAN_POINT('',(-1.15425889535569,-0.547491942085723,-35.3119868410016));
#1277=CARTESIAN_POINT('',(0.,-8.53948029042061,-34.49));
#1278=CARTESIAN_POINT('',(-2.25736522129817,-8.52645945708727,-34.49));
#1279=CARTESIAN_POINT('',(-6.77203877356756,-8.50041779042061,-34.0453379685637));
#1280=CARTESIAN_POINT('',(-13.2838339784882,-8.46135529042061,-32.0700121511787));
#1281=CARTESIAN_POINT('',(-19.2851348061114,-8.42229279042061,-28.8622438846071));
#1282=CARTESIAN_POINT('',(-24.5453246520064,-8.38323029042061,-24.5453246520064));
#1283=CARTESIAN_POINT('',(-28.8622438846071,-8.34416779042061,-19.2851348061114));
#1284=CARTESIAN_POINT('',(-32.0700121511787,-8.30510529042061,-13.2838339784882));
#1285=CARTESIAN_POINT('',(-34.0453379685637,-8.26604279042061,-6.77203877356757));
#1286=CARTESIAN_POINT('',(-34.7123310157181,-8.22698029042061,-1.77635683940025E-15));
#1287=CARTESIAN_POINT('',(-34.0453379685637,-8.18791779042061,6.77203877356756));
#1288=CARTESIAN_POINT('',(-32.0700121511787,-8.14885529042061,13.2838339784882));
#1289=CARTESIAN_POINT('',(-28.8622438846071,-8.10979279042061,19.2851348061114));
#1290=CARTESIAN_POINT('',(-24.5453246520064,-8.07073029042061,24.5453246520064));
#1291=CARTESIAN_POINT('',(-19.2851348061114,-8.03166779042061,28.8622438846071));
#1292=CARTESIAN_POINT('',(-13.2838339784882,-7.99260529042061,32.0700121511787));
#1293=CARTESIAN_POINT('',(-6.77203877356759,-7.95354279042061,34.0453379685637));
#1294=CARTESIAN_POINT('',(-3.5527136788005E-15,-7.91448029042061,34.7123310157181));
#1295=CARTESIAN_POINT('',(6.77203877356758,-7.87541779042061,34.0453379685637));
#1296=CARTESIAN_POINT('',(13.2838339784882,-7.83635529042061,32.0700121511787));
#1297=CARTESIAN_POINT('',(19.2851348061114,-7.79729279042061,28.8622438846071));
#1298=CARTESIAN_POINT('',(24.5453246520064,-7.75823029042061,24.5453246520064));
#1299=CARTESIAN_POINT('',(28.8622438846071,-7.71916779042061,19.2851348061114));
#1300=CARTESIAN_POINT('',(32.0700121511787,-7.68010529042061,13.2838339784882));
#1301=CARTESIAN_POINT('',(34.0453379685637,-7.64104279042061,6.77203877356758));
#1302=CARTESIAN_POINT('',(34.7123310157181,-7.60198029042061,5.32907051820075E-15));
#1303=CARTESIAN_POINT('',(34.0453379685637,-7.56291779042061,-6.77203877356757));
#1304=CARTESIAN_POINT('',(32.0700121511787,-7.52385529042061,-13.2838339784882));
#1305=CARTESIAN_POINT('',(28.8622438846071,-7.48479279042061,-19.2851348061114));
#1306=CARTESIAN_POINT('',(24.5453246520064,-7.44573029042061,-24.5453246520064));
#1307=CARTESIAN_POINT('',(19.2851348061114,-7.40666779042061,-28.8622438846071));
#1308=CARTESIAN_POINT('',(13.2838339784882,-7.36760529042061,-32.0700121511787));
#1309=CARTESIAN_POINT('',(6.77203877356758,-7.32854279042061,-34.0453379685637));
#1310=CARTESIAN_POINT('',(7.99360577730113E-15,-7.28948029042061,-34.7123310157181));
#1311=CARTESIAN_POINT('',(-6.77203877356757,-7.25041779042061,-34.0453379685637));
#1312=CARTESIAN_POINT('',(-13.2838339784882,-7.21135529042061,-32.0700121511787));
#1313=CARTESIAN_POINT('',(-19.2851348061114,-7.17229279042061,-28.8622438846071));
#1314=CARTESIAN_POINT('',(-24.5453246520064,-7.13323029042061,-24.5453246520064));
#1315=CARTESIAN_POINT('',(-28.8622438846071,-7.09416779042061,-19.2851348061114));
#1316=CARTESIAN_POINT('',(-32.0700121511787,-7.05510529042061,-13.2838339784882));
#1317=CARTESIAN_POINT('',(-34.0453379685637,-7.01604279042061,-6.77203877356758));
#1318=CARTESIAN_POINT('',(-34.7123310157181,-6.97698029042061,4.88498130835069E-15));
#1319=CARTESIAN_POINT('',(-34.0453379685637,-6.93791779042061,6.7720387735675));
#1320=CARTESIAN_POINT('',(-32.0700121511787,-6.89885529042061,13.2838339784882));
#1321=CARTESIAN_POINT('',(-28.8622438846071,-6.85979279042061,19.2851348061114));
#1322=CARTESIAN_POINT('',(-24.5453246520065,-6.82073029042061,24.5453246520064));
#1323=CARTESIAN_POINT('',(-19.2851348061114,-6.78166779042061,28.8622438846071));
#1324=CARTESIAN_POINT('',(-13.2838339784882,-6.74260529042061,32.0700121511787));
#1325=CARTESIAN_POINT('',(-6.77203877356753,-6.70354279042061,34.0453379685637));
#1326=CARTESIAN_POINT('',(-1.33226762955019E-14,-6.66448029042061,34.7123310157181));
#1327=CARTESIAN_POINT('',(6.7720387735675,-6.62541779042061,34.0453379685637));
#1328=CARTESIAN_POINT('',(13.2838339784882,-6.58635529042061,32.0700121511787));
#1329=CARTESIAN_POINT('',(19.2851348061113,-6.54729279042061,28.8622438846071));
#1330=CARTESIAN_POINT('',(24.5453246520065,-6.50823029042061,24.5453246520064));
#1331=CARTESIAN_POINT('',(28.8622438846071,-6.46916779042061,19.2851348061114));
#1332=CARTESIAN_POINT('',(32.0700121511787,-6.43010529042061,13.2838339784882));
#1333=CARTESIAN_POINT('',(34.0453379685637,-6.39104279042061,6.77203877356753));
#1334=CARTESIAN_POINT('',(34.7123310157181,-6.35198029042061,1.50990331349021E-14));
#1335=CARTESIAN_POINT('',(34.0453379685637,-6.31291779042061,-6.7720387735675));
#1336=CARTESIAN_POINT('',(32.0700121511787,-6.27385529042061,-13.2838339784882));
#1337=CARTESIAN_POINT('',(28.8622438846071,-6.23479279042061,-19.2851348061114));
#1338=CARTESIAN_POINT('',(24.5453246520065,-6.19573029042061,-24.5453246520064));
#1339=CARTESIAN_POINT('',(19.2851348061114,-6.15666779042061,-28.8622438846071));
#1340=CARTESIAN_POINT('',(13.2838339784882,-6.11760529042061,-32.0700121511787));
#1341=CARTESIAN_POINT('',(6.77203877356753,-6.07854279042061,-34.0453379685637));
#1342=CARTESIAN_POINT('',(1.73194791841524E-14,-6.03948029042061,-34.7123310157181));
#1343=CARTESIAN_POINT('',(-6.7720387735675,-6.00041779042061,-34.0453379685637));
#1344=CARTESIAN_POINT('',(-13.2838339784882,-5.96135529042061,-32.0700121511787));
#1345=CARTESIAN_POINT('',(-19.2851348061113,-5.92229279042061,-28.8622438846071));
#1346=CARTESIAN_POINT('',(-24.5453246520064,-5.88323029042061,-24.5453246520064));
#1347=CARTESIAN_POINT('',(-28.8622438846071,-5.84416779042061,-19.2851348061114));
#1348=CARTESIAN_POINT('',(-32.0700121511787,-5.80510529042061,-13.2838339784882));
#1349=CARTESIAN_POINT('',(-34.0453379685637,-5.76604279042061,-6.77203877356753));
#1350=CARTESIAN_POINT('',(-34.7123310157181,-5.72698029042061,-1.95399252334028E-14));
#1351=CARTESIAN_POINT('',(-34.0453379685637,-5.68791779042061,6.77203877356749));
#1352=CARTESIAN_POINT('',(-32.0700121511787,-5.64885529042061,13.2838339784882));
#1353=CARTESIAN_POINT('',(-28.8622438846071,-5.60979279042061,19.2851348061114));
#1354=CARTESIAN_POINT('',(-24.5453246520065,-5.57073029042061,24.5453246520064));
#1355=CARTESIAN_POINT('',(-19.2851348061114,-5.53166779042061,28.8622438846071));
#1356=CARTESIAN_POINT('',(-13.2838339784882,-5.49260529042061,32.0700121511787));
#1357=CARTESIAN_POINT('',(-6.77203877356754,-5.45354279042061,34.0453379685637));
#1358=CARTESIAN_POINT('',(-2.79776202205539E-14,-5.41448029042061,34.7123310157181));
#1359=CARTESIAN_POINT('',(6.77203877356752,-5.37541779042061,34.0453379685637));
#1360=CARTESIAN_POINT('',(13.2838339784881,-5.33635529042061,32.0700121511788));
#1361=CARTESIAN_POINT('',(19.2851348061115,-5.29729279042061,28.862243884607));
#1362=CARTESIAN_POINT('',(24.5453246520064,-5.25823029042061,24.5453246520064));
#1363=CARTESIAN_POINT('',(28.8622438846071,-5.21916779042061,19.2851348061114));
#1364=CARTESIAN_POINT('',(32.0700121511787,-5.18010529042061,13.2838339784882));
#1365=CARTESIAN_POINT('',(34.0453379685637,-5.14104279042061,6.77203877356763));
#1366=CARTESIAN_POINT('',(34.7123310157181,-5.10198029042061,1.29674049276218E-13));
#1367=CARTESIAN_POINT('',(34.0453379685637,-5.06291779042061,-6.77203877356764));
#1368=CARTESIAN_POINT('',(32.0700121511787,-5.02385529042061,-13.2838339784882));
#1369=CARTESIAN_POINT('',(28.8622438846071,-4.98479279042061,-19.2851348061114));
#1370=CARTESIAN_POINT('',(24.5453246520064,-4.94573029042061,-24.5453246520064));
#1371=CARTESIAN_POINT('',(19.2851348061115,-4.90666779042061,-28.862243884607));
#1372=CARTESIAN_POINT('',(13.2838339784881,-4.86760529042061,-32.0700121511787));
#1373=CARTESIAN_POINT('',(6.77203877356757,-4.82854279042061,-34.0453379685637));
#1374=CARTESIAN_POINT('',(2.44249065417534E-14,-4.78948029042061,-34.7123310157181));
#1375=CARTESIAN_POINT('',(-6.77203877356752,-4.75041779042061,-34.0453379685637));
#1376=CARTESIAN_POINT('',(-13.2838339784881,-4.71135529042061,-32.0700121511788));
#1377=CARTESIAN_POINT('',(-19.2851348061115,-4.67229279042061,-28.8622438846071));
#1378=CARTESIAN_POINT('',(-24.5453246520064,-4.63323029042061,-24.5453246520064));
#1379=CARTESIAN_POINT('',(-28.8622438846071,-4.59416779042061,-19.2851348061114));
#1380=CARTESIAN_POINT('',(-32.0700121511787,-4.55510529042061,-13.2838339784882));
#1381=CARTESIAN_POINT('',(-34.0453379685637,-4.51604279042061,-6.77203877356769));
#1382=CARTESIAN_POINT('',(-34.7123310157181,-4.47698029042061,8.03801469828613E-14));
#1383=CARTESIAN_POINT('',(-34.0453379685637,-4.43791779042061,6.77203877356758));
#1384=CARTESIAN_POINT('',(-32.0700121511787,-4.39885529042061,13.2838339784882));
#1385=CARTESIAN_POINT('',(-28.8622438846071,-4.35979279042061,19.2851348061114));
#1386=CARTESIAN_POINT('',(-24.5453246520065,-4.32073029042061,24.5453246520064));
#1387=CARTESIAN_POINT('',(-19.2851348061115,-4.28166779042061,28.862243884607));
#1388=CARTESIAN_POINT('',(-13.2838339784881,-4.24260529042061,32.0700121511787));
#1389=CARTESIAN_POINT('',(-6.77203877356757,-4.20354279042061,34.0453379685637));
#1390=CARTESIAN_POINT('',(-2.97539770599542E-14,-4.16448029042061,34.7123310157181));
#1391=CARTESIAN_POINT('',(6.77203877356752,-4.12541779042061,34.0453379685637));
#1392=CARTESIAN_POINT('',(13.2838339784881,-4.08635529042061,32.0700121511788));
#1393=CARTESIAN_POINT('',(19.2851348061115,-4.04729279042061,28.8622438846071));
#1394=CARTESIAN_POINT('',(24.5453246520064,-4.00823029042061,24.5453246520064));
#1395=CARTESIAN_POINT('',(28.8622438846071,-3.96916779042061,19.2851348061114));
#1396=CARTESIAN_POINT('',(32.0700121511787,-3.93010529042061,13.2838339784882));
#1397=CARTESIAN_POINT('',(34.0453379685637,-3.89104279042061,6.77203877356764));
#1398=CARTESIAN_POINT('',(34.7123310157181,-3.85198029042061,1.38111744263369E-13));
#1399=CARTESIAN_POINT('',(34.0453379685637,-3.81291779042061,-6.77203877356763));
#1400=CARTESIAN_POINT('',(32.0700121511787,-3.77385529042061,-13.2838339784882));
#1401=CARTESIAN_POINT('',(28.8622438846071,-3.73479279042061,-19.2851348061114));
#1402=CARTESIAN_POINT('',(24.5453246520064,-3.69573029042061,-24.5453246520064));
#1403=CARTESIAN_POINT('',(19.2851348061115,-3.65666779042061,-28.862243884607));
#1404=CARTESIAN_POINT('',(13.2838339784881,-3.61760529042061,-32.0700121511787));
#1405=CARTESIAN_POINT('',(6.77203877356758,-3.57854279042061,-34.0453379685637));
#1406=CARTESIAN_POINT('',(3.28626015289046E-14,-3.53948029042061,-34.7123310157181));
#1407=CARTESIAN_POINT('',(-6.77203877356751,-3.50041779042061,-34.0453379685637));
#1408=CARTESIAN_POINT('',(-13.2838339784881,-3.46135529042061,-32.0700121511788));
#1409=CARTESIAN_POINT('',(-19.2851348061115,-3.42229279042061,-28.8622438846071));
#1410=CARTESIAN_POINT('',(-24.5453246520064,-3.38323029042061,-24.5453246520064));
#1411=CARTESIAN_POINT('',(-28.8622438846071,-3.34416779042061,-19.2851348061114));
#1412=CARTESIAN_POINT('',(-32.0700121511787,-3.30510529042061,-13.2838339784882));
#1413=CARTESIAN_POINT('',(-34.0453379685637,-3.26604279042061,-6.7720387735677));
#1414=CARTESIAN_POINT('',(-34.7123310157181,-3.22698029042061,7.061018436616E-14));
#1415=CARTESIAN_POINT('',(-34.0453379685637,-3.18791779042061,6.77203877356757));
#1416=CARTESIAN_POINT('',(-32.0700121511787,-3.14885529042061,13.2838339784882));
#1417=CARTESIAN_POINT('',(-28.8622438846071,-3.10979279042061,19.2851348061114));
#1418=CARTESIAN_POINT('',(-24.5453246520065,-3.07073029042061,24.5453246520064));
#1419=CARTESIAN_POINT('',(-19.2851348061115,-3.03166779042061,28.862243884607));
#1420=CARTESIAN_POINT('',(-13.2838339784881,-2.99260529042061,32.0700121511787));
#1421=CARTESIAN_POINT('',(-6.77203877356758,-2.95354279042061,34.0453379685637));
#1422=CARTESIAN_POINT('',(-3.77475828372553E-14,-2.91448029042061,34.7123310157181));
#1423=CARTESIAN_POINT('',(6.77203877356751,-2.87541779042061,34.0453379685637));
#1424=CARTESIAN_POINT('',(13.2838339784881,-2.83635529042061,32.0700121511788));
#1425=CARTESIAN_POINT('',(19.2851348061115,-2.79729279042061,28.8622438846071));
#1426=CARTESIAN_POINT('',(24.5453246520064,-2.75823029042061,24.5453246520064));
#1427=CARTESIAN_POINT('',(28.8622438846071,-2.71916779042061,19.2851348061114));
#1428=CARTESIAN_POINT('',(32.0700121511787,-2.68010529042061,13.2838339784882));
#1429=CARTESIAN_POINT('',(34.0453379685637,-2.64104279042061,6.77203877356764));
#1430=CARTESIAN_POINT('',(34.7123310157181,-2.60198029042061,1.46549439250521E-13));
#1431=CARTESIAN_POINT('',(34.0453379685637,-2.56291779042061,-6.77203877356763));
#1432=CARTESIAN_POINT('',(32.0700121511787,-2.52385529042061,-13.2838339784881));
#1433=CARTESIAN_POINT('',(28.8622438846071,-2.48479279042061,-19.2851348061113));
#1434=CARTESIAN_POINT('',(24.5453246520065,-2.44573029042061,-24.5453246520064));
#1435=CARTESIAN_POINT('',(19.2851348061115,-2.40666779042061,-28.862243884607));
#1436=CARTESIAN_POINT('',(13.2838339784881,-2.36760529042061,-32.0700121511787));
#1437=CARTESIAN_POINT('',(6.77203877356758,-2.32854279042061,-34.0453379685637));
#1438=CARTESIAN_POINT('',(4.30766533554561E-14,-2.28948029042061,-34.7123310157181));
#1439=CARTESIAN_POINT('',(-6.7720387735675,-2.25041779042061,-34.0453379685637));
#1440=CARTESIAN_POINT('',(-13.2838339784881,-2.21135529042061,-32.0700121511788));
#1441=CARTESIAN_POINT('',(-19.2851348061113,-2.17229279042061,-28.8622438846072));
#1442=CARTESIAN_POINT('',(-24.5453246520063,-2.13323029042061,-24.5453246520065));
#1443=CARTESIAN_POINT('',(-28.862243884607,-2.09416779042061,-19.2851348061116));
#1444=CARTESIAN_POINT('',(-32.0700121511788,-2.05510529042061,-13.283833978488));
#1445=CARTESIAN_POINT('',(-34.0453379685637,-2.01604279042061,-6.77203877356753));
#1446=CARTESIAN_POINT('',(-34.7123310157181,-1.97698029042061,1.90958360235527E-14));
#1447=CARTESIAN_POINT('',(-34.0453379685637,-1.93791779042061,6.77203877356756));
#1448=CARTESIAN_POINT('',(-32.0700121511787,-1.89885529042061,13.2838339784882));
#1449=CARTESIAN_POINT('',(-28.8622438846071,-1.85979279042061,19.2851348061113));
#1450=CARTESIAN_POINT('',(-24.5453246520065,-1.82073029042061,24.5453246520064));
#1451=CARTESIAN_POINT('',(-19.2851348061115,-1.78166779042061,28.862243884607));
#1452=CARTESIAN_POINT('',(-13.2838339784883,-1.74260529042061,32.0700121511787));
#1453=CARTESIAN_POINT('',(-6.77203877356771,-1.70354279042061,34.0453379685637));
#1454=CARTESIAN_POINT('',(-2.61568544601687E-13,-1.66448029042061,34.7123310157182));
#1455=CARTESIAN_POINT('',(6.77203877356774,-1.62541779042061,34.0453379685637));
#1456=CARTESIAN_POINT('',(13.2838339784882,-1.58635529042061,32.0700121511787));
#1457=CARTESIAN_POINT('',(19.2851348061114,-1.54729279042061,28.8622438846071));
#1458=CARTESIAN_POINT('',(24.5453246520064,-1.50823029042061,24.5453246520064));
#1459=CARTESIAN_POINT('',(28.8622438846071,-1.46916779042061,19.2851348061114));
#1460=CARTESIAN_POINT('',(32.0700121511787,-1.43010529042061,13.2838339784882));
#1461=CARTESIAN_POINT('',(34.0453379685637,-1.39104279042061,6.77203877356765));
#1462=CARTESIAN_POINT('',(34.7123310157181,-1.35198029042061,1.09690034832965E-13));
#1463=CARTESIAN_POINT('',(34.0453379685637,-1.31291779042061,-6.77203877356743));
#1464=CARTESIAN_POINT('',(32.0700121511788,-1.27385529042061,-13.283833978488));
#1465=CARTESIAN_POINT('',(28.862243884607,-1.23479279042061,-19.2851348061116));
#1466=CARTESIAN_POINT('',(24.5453246520064,-1.19573029042061,-24.5453246520064));
#1467=CARTESIAN_POINT('',(19.2851348061114,-1.15666779042061,-28.8622438846071));
#1468=CARTESIAN_POINT('',(13.2838339784882,-1.11760529042061,-32.0700121511787));
#1469=CARTESIAN_POINT('',(6.77203877356759,-1.07854279042061,-34.0453379685637));
#1470=CARTESIAN_POINT('',(1.88168393158842,-1.05033422688426,-34.5269998117371));
#1471=CARTESIAN_POINT('',(-0.75132465253491,-1.03514649668124,-34.4838425771854));
#1472=CARTESIAN_POINT('',(-1.12678707219816,-1.03297959981155,-34.471547437207));
#1473=CARTESIAN_POINT('',(-8.36251719380177,-1.,34.1150103500405));
#1474=CARTESIAN_POINT('',(-11.3961948911261,-1.0178007778614,33.3713734100535));
#1475=CARTESIAN_POINT('',(-14.372846314756,-1.03573116056186,32.2023392861645));
#1476=CARTESIAN_POINT('',(-19.8420929015113,-1.0710993703518,29.1523706750694));
#1477=CARTESIAN_POINT('',(-22.3702420858116,-1.08883702848825,27.2632589614995));
#1478=CARTESIAN_POINT('',(-26.869295016116,-1.12447479442418,22.8419352401788));
#1479=CARTESIAN_POINT('',(-28.7847096822765,-1.1420180398722,20.3746203397658));
#1480=CARTESIAN_POINT('',(-31.9501658940861,-1.17787559184445,14.9288835759047));
#1481=CARTESIAN_POINT('',(-33.1583190692396,-1.19564279518066,12.0034133766538));
#1482=CARTESIAN_POINT('',(-35.5577290576619,-1.24853640374601,2.92835346487171));
#1483=CARTESIAN_POINT('',(-35.4956199199839,-1.28446385040635,-3.61879055803626));
#1484=CARTESIAN_POINT('',(-32.0543709323856,-1.35563302848008,-15.6700983639519));
#1485=CARTESIAN_POINT('',(-28.6981523886819,-1.39069017965385,-21.2076885553865));
#1486=CARTESIAN_POINT('',(-19.5525971290641,-1.46236748941622,-29.8503927929733));
#1487=CARTESIAN_POINT('',(-13.7850456081136,-1.49804918033515,-32.9055798525977));
#1488=CARTESIAN_POINT('',(-1.59183328577706,-1.56845326845669,-35.6408576586444));
#1489=CARTESIAN_POINT('',(4.99066624738903,-1.60488527186375,-35.327613510157));
#1490=CARTESIAN_POINT('',(13.9129954178867,-1.65787722202867,-32.4035419935974));
#1491=CARTESIAN_POINT('',(16.76019793306,-1.67564123392401,-31.0288766651186));
#1492=CARTESIAN_POINT('',(22.0154846629265,-1.7112895762262,-27.5502061137651));
#1493=CARTESIAN_POINT('',(24.3669036813093,-1.72882287461473,-25.4942287384784));
#1494=CARTESIAN_POINT('',(28.5167635553118,-1.76469697256002,-20.7483948852557));
#1495=CARTESIAN_POINT('',(30.2577597791083,-1.78243934680302,-18.1116508512628));
#1496=CARTESIAN_POINT('',(32.9836109408626,-1.81769959687419,-12.4757898631743));
#1497=CARTESIAN_POINT('',(33.9779506617061,-1.83564626199001,-9.43508368231984));
#1498=CARTESIAN_POINT('',(35.1096627372768,-1.87115992354901,-3.29143095573746));
#1499=CARTESIAN_POINT('',(35.2641983629884,-1.8890789800265,-0.0980775785811869));
#1500=CARTESIAN_POINT('',(34.7253137103118,-1.92462518728618,6.14214076003155));
#1501=CARTESIAN_POINT('',(34.0398383076937,-1.94235623139201,9.22011025990231));
#1502=CARTESIAN_POINT('',(31.8516986489077,-1.97787453346354,15.1390329413031));
#1503=CARTESIAN_POINT('',(30.3866509012396,-1.99540439449784,17.89773513374));
#1504=CARTESIAN_POINT('',(26.7194661147007,-2.03128106840434,23.0162465762052));
#1505=CARTESIAN_POINT('',(24.5452898641646,-2.04902611235267,25.3195894034589));
#1506=CARTESIAN_POINT('',(17.2536221761355,-2.10213130001093,31.2286262122691));
#1507=CARTESIAN_POINT('',(11.2576415209063,-2.13774471236068,33.8573189046536));
#1508=CARTESIAN_POINT('',(-1.14771797103381,-2.20916646978728,35.6613976097911));
#1509=CARTESIAN_POINT('',(-7.57478159198115,-2.24433659984583,34.8704196269633));
#1510=CARTESIAN_POINT('',(-19.2040176705347,-2.31554609824571,30.0753917087794));
#1511=CARTESIAN_POINT('',(-24.3580113235127,-2.35153636332026,26.0671529490376));
#1512=CARTESIAN_POINT('',(-29.9796042439961,-2.4043152281599,18.5674403930535));
#1513=CARTESIAN_POINT('',(-31.5355903371691,-2.42220334748209,15.783208688446));
#1514=CARTESIAN_POINT('',(-33.8330864338227,-2.45788830154363,9.94612471157831));
#1515=CARTESIAN_POINT('',(-34.5850130495226,-2.47544735960364,6.9032414511757));
#1516=CARTESIAN_POINT('',(-35.2619398003447,-2.51134199669671,0.611123298316883));
#1517=CARTESIAN_POINT('',(-35.1756062668687,-2.5289123278564,-2.51221566463498));
#1518=CARTESIAN_POINT('',(-34.1715288047087,-2.56428035423238,-8.71442040163159));
#1519=CARTESIAN_POINT('',(-33.2460516083999,-2.58213469185988,-11.7573750748064));
#1520=CARTESIAN_POINT('',(-29.348268610718,-2.63557426153917,-20.2860917710984));
#1521=CARTESIAN_POINT('',(-25.1558789730318,-2.67126077540035,-25.3054845777448));
#1522=CARTESIAN_POINT('',(-14.8315896961962,-2.74208877911769,-32.4531931203077));
#1523=CARTESIAN_POINT('',(-8.7211404461038,-2.77786337784651,-34.5992429305498));
#1524=CARTESIAN_POINT('',(0.6711936855478,-2.83096131968412,-35.2585478047303));
#1525=CARTESIAN_POINT('',(3.85537346888897,-2.84886478787575,-35.0559205175212));
#1526=CARTESIAN_POINT('',(10.0595259184388,-2.88474920142785,-33.8021804949272));
#1527=CARTESIAN_POINT('',(13.0217243238098,-2.90233718865034,-32.7724208578638));
#1528=CARTESIAN_POINT('',(21.4199404529182,-2.95581232082507,-28.5355351972661));
#1529=CARTESIAN_POINT('',(26.270260512469,-2.99125585427695,-24.1405072738179));
#1530=CARTESIAN_POINT('',(31.3091991455424,-3.04466335942069,-16.2259340970659));
#1531=CARTESIAN_POINT('',(32.6420067922909,-3.06243249072095,-13.3477660784269));
#1532=CARTESIAN_POINT('',(34.494477848319,-3.09809718497866,-7.33447098870765));
#1533=CARTESIAN_POINT('',(35.0092314882443,-3.11566551865083,-4.25340364270586));
#1534=CARTESIAN_POINT('',(35.2064943976096,-3.15122465763485,2.05924359324944));
#1535=CARTESIAN_POINT('',(34.8804219179341,-3.16890173592296,5.19017570625798));
#1536=CARTESIAN_POINT('',(33.4111738671464,-3.20461304983954,11.2816318790429));
#1537=CARTESIAN_POINT('',(32.2521528980691,-3.22252254011775,14.2590768125431));
#1538=CARTESIAN_POINT('',(29.2298502488267,-3.25782648659691,19.7265935360772));
#1539=CARTESIAN_POINT('',(27.3212969458455,-3.27582135192552,22.2958211224762));
#1540=CARTESIAN_POINT('',(22.9499040084028,-3.31115061700792,26.7742191731826));
#1541=CARTESIAN_POINT('',(20.4583916415911,-3.32893061526917,28.7252635168044));
#1542=CARTESIAN_POINT('',(12.3028352458427,-3.38273680000592,33.4976055949672));
#1543=CARTESIAN_POINT('',(6.04671157355779,-3.41782429148747,35.1626774400298));
#1544=CARTESIAN_POINT('',(-6.47678809393805,-3.48888821946927,35.086006064977));
#1545=CARTESIAN_POINT('',(-12.7800161338882,-3.52490873957262,33.3113913344212));
#1546=CARTESIAN_POINT('',(-23.5040702459278,-3.59540603683677,26.8428069860789));
#1547=CARTESIAN_POINT('',(-27.9724840552343,-3.63105506042874,22.1582402978616));
#1548=CARTESIAN_POINT('',(-32.4400868116183,-3.68458478868002,13.832095131765));
#1549=CARTESIAN_POINT('',(-33.5477558601946,-3.70238621299666,10.8676019913037));
#1550=CARTESIAN_POINT('',(-34.9404930034146,-3.73763121860221,4.76640797403571));
#1551=CARTESIAN_POINT('',(-35.2282572435646,-3.75560844947016,1.5787833251468));
#1552=CARTESIAN_POINT('',(-34.9540305225617,-3.79121366732435,-4.66244736531679));
#1553=CARTESIAN_POINT('',(-34.38939089915,-3.80912785687717,-7.8071656002784));
#1554=CARTESIAN_POINT('',(-32.4646853656852,-3.84451685587363,-13.7704845677912));
#1555=CARTESIAN_POINT('',(-31.1094378430225,-3.8622104291248,-16.6114763744812));
#1556=CARTESIAN_POINT('',(-27.6475554579681,-3.89789198660563,-21.8940847592998));
#1557=CARTESIAN_POINT('',(-25.6009051268843,-3.91543385244224,-24.2540035499528));
#1558=CARTESIAN_POINT('',(-20.883323331142,-3.95125555990389,-28.4174213848448));
#1559=CARTESIAN_POINT('',(-18.2445524811932,-3.96906126031397,-30.1775250997584));
#1560=CARTESIAN_POINT('',(-12.6258997709566,-4.00430477476382,-32.926180637288));
#1561=CARTESIAN_POINT('',(-9.58688573602425,-4.02227110533175,-33.9354799746442));
#1562=CARTESIAN_POINT('',(-3.44731577529119,-4.05775657445073,-35.0947459482255));
#1563=CARTESIAN_POINT('',(-0.269500777415868,-4.07559695431865,-35.265100245961));
#1564=CARTESIAN_POINT('',(9.15446013365683,-4.12929498926232,-34.4920090567091));
#1565=CARTESIAN_POINT('',(15.2665727950923,-4.1645385474466,-32.2505663749002));
#1566=CARTESIAN_POINT('',(25.4916986744277,-4.23605666446713,-24.966789443216));
#1567=CARTESIAN_POINT('',(29.5848761182706,-4.27144402679197,-19.9479189278938));
#1568=CARTESIAN_POINT('',(34.6633491920659,-4.34219268989877,-8.46383998408203));
#1569=CARTESIAN_POINT('',(35.6211943304648,-4.37833697369717,-1.99435793938873));
#1570=CARTESIAN_POINT('',(34.4967141995074,-4.43126646168464,7.31523516144827));
#1571=CARTESIAN_POINT('',(33.6986746689736,-4.44913405538995,10.3939506876458));
#1572=CARTESIAN_POINT('',(31.3193312085345,-4.48467341893555,16.2090831940814));
#1573=CARTESIAN_POINT('',(29.763429632182,-4.50221526621516,18.9186556892254));
#1574=CARTESIAN_POINT('',(25.9032615256705,-4.53822242158357,23.9332053617986));
#1575=CARTESIAN_POINT('',(23.6740805947897,-4.55582230061351,26.1369608834533));
#1576=CARTESIAN_POINT('',(18.6687534617443,-4.59115519958774,29.9178953206333));
#1577=CARTESIAN_POINT('',(15.8886296722014,-4.60904456884844,31.4813893883547));
#1578=CARTESIAN_POINT('',(7.17999102643881,-4.66232671539716,34.9464816052564));
#1579=CARTESIAN_POINT('',(0.691994029023031,-4.69815837160385,35.6769718198711));
#1580=CARTESIAN_POINT('',(-11.7310038603053,-4.76896464826732,33.700277779294));
#1581=CARTESIAN_POINT('',(-17.6266293215832,-4.80467990326804,31.0218202277077));
#1582=CARTESIAN_POINT('',(-27.2683736713618,-4.87560583292449,23.0105886234944));
#1583=CARTESIAN_POINT('',(-31.0121839668178,-4.91121891635803,17.639722205802));
#1584=CARTESIAN_POINT('',(-34.1498705931362,-4.96469541906318,8.79428198856836));
#1585=CARTESIAN_POINT('',(-34.8029304056586,-4.98246083547619,5.69508318446877));
#1586=CARTESIAN_POINT('',(-35.2609658341857,-5.01798358554513,-0.585000632069367));
#1587=CARTESIAN_POINT('',(-35.0714917849157,-5.03552620281895,-3.70283246827326));
#1588=CARTESIAN_POINT('',(-33.8501632730333,-5.07124903567711,-9.89378343691098));
#1589=CARTESIAN_POINT('',(-32.8290260277715,-5.0889489471157,-12.8774258709135));
#1590=CARTESIAN_POINT('',(-30.0330688763964,-5.12457669624827,-18.4820946014947));
#1591=CARTESIAN_POINT('',(-28.2351291182706,-5.14253732778361,-21.1257997049286));
#1592=CARTESIAN_POINT('',(-24.064313623005,-5.17771301363439,-25.776554062788));
#1593=CARTESIAN_POINT('',(-21.6296389302254,-5.19565907167474,-27.851801909185));
#1594=CARTESIAN_POINT('',(-16.3637193776122,-5.23127170869348,-31.237682980195));
#1595=CARTESIAN_POINT('',(-13.5029318701619,-5.24897249085535,-32.5787203222866));
#1596=CARTESIAN_POINT('',(-7.48644683202831,-5.28473356125053,-34.4623751468064));
#1597=CARTESIAN_POINT('',(-4.40775651526361,-5.30229754041528,-34.9895216692729));
#1598=CARTESIAN_POINT('',(1.89036020667131,-5.33777194492385,-35.2153586156865));
#1599=CARTESIAN_POINT('',(5.06833312359116,-5.35570060025442,-34.9004768324196));
#1600=CARTESIAN_POINT('',(11.2101730876197,-5.39168135580995,-33.4374535981369));
#1601=CARTESIAN_POINT('',(14.1246529956751,-5.40917972939572,-32.313509493783));
#1602=CARTESIAN_POINT('',(19.6436661927706,-5.44476682952027,-29.288139178856));
#1603=CARTESIAN_POINT('',(22.1934382111344,-5.46259366455944,-27.4043863304236));
#1604=CARTESIAN_POINT('',(28.9330446966595,-5.51552621763126,-20.875306194049));
#1605=CARTESIAN_POINT('',(32.2621588285461,-5.55170037825522,-15.2390600064967));
#1606=CARTESIAN_POINT('',(35.5421022121823,-5.62240663177281,-3.13605046176352));
#1607=CARTESIAN_POINT('',(35.5265683440549,-5.6578526851153,3.33977906340772));
#1608=CARTESIAN_POINT('',(32.1624891592051,-5.72932928256956,15.4552733259943));
#1609=CARTESIAN_POINT('',(28.8006431921366,-5.76469517827943,21.0556079088087));
#1610=CARTESIAN_POINT('',(22.02869609655,-5.81805214679052,27.5366062761627));
#1611=CARTESIAN_POINT('',(19.4526866961737,-5.83591465927577,29.414326477628));
#1612=CARTESIAN_POINT('',(13.9314946794634,-5.87147940215966,32.3963435873258));
#1613=CARTESIAN_POINT('',(11.0045466722758,-5.88908680130043,33.5065598339383));
#1614=CARTESIAN_POINT('',(4.83548210955069,-5.92474024736935,34.9343342878578));
#1615=CARTESIAN_POINT('',(1.72401052377008,-5.94228257044533,35.2229313631276));
#1616=CARTESIAN_POINT('',(-4.55149924537356,-5.97807820455299,34.9701438475313));
#1617=CARTESIAN_POINT('',(-7.68564514255646,-5.99591805507013,34.4160455566386));
#1618=CARTESIAN_POINT('',(-16.6191342237026,-6.04890001525781,31.5696188559548));
#1619=CARTESIAN_POINT('',(-22.1038902544546,-6.08453582475272,28.011291211739));
#1620=CARTESIAN_POINT('',(-30.4413893343009,-6.15606976600185,18.6154832096116));
#1621=CARTESIAN_POINT('',(-33.3037990963267,-6.19117293896616,12.8060919255054));
#1622=CARTESIAN_POINT('',(-35.6778040321372,-6.26238147000488,0.483036331347575));
#1623=CARTESIAN_POINT('',(-35.1623455351385,-6.29837159968068,-6.03947455414315));
#1624=CARTESIAN_POINT('',(-31.9789624456339,-6.35116613371746,-14.8622551706124));
#1625=CARTESIAN_POINT('',(-30.5131203118185,-6.36898849824228,-17.6804208301367));
#1626=CARTESIAN_POINT('',(-26.8886473295359,-6.40479056049719,-22.8177219871329));
#1627=CARTESIAN_POINT('',(-24.7648817649575,-6.42228606732377,-25.1089431653032));
#1628=CARTESIAN_POINT('',(-19.8838093148731,-6.45810487670705,-29.1271784222316));
#1629=CARTESIAN_POINT('',(-17.2121365563185,-6.47577028504078,-30.7788069015851));
#1630=CARTESIAN_POINT('',(-11.4896940700458,-6.5110780735277,-33.3403588657227));
#1631=CARTESIAN_POINT('',(-8.42729812043889,-6.52901176265553,-34.2418591765186));
#1632=CARTESIAN_POINT('',(0.835428949270905,-6.58242103124269,-35.6665428289854));
#1633=CARTESIAN_POINT('',(7.38426783017062,-6.61832904388363,-34.905145651768));
#1634=CARTESIAN_POINT('',(16.0815929117825,-6.67135124481938,-31.3836062182059));
#1635=CARTESIAN_POINT('',(18.8363581336982,-6.68916305645126,-29.8137320816948));
#1636=CARTESIAN_POINT('',(23.8355824423206,-6.72498407420264,-25.9909987883374));
#1637=CARTESIAN_POINT('',(26.0426812307797,-6.7425182442055,-23.78049858618));
#1638=CARTESIAN_POINT('',(29.8659565896218,-6.7780957448093,-18.7552124936547));
#1639=CARTESIAN_POINT('',(31.4181472015669,-6.79575888853097,-16.0149787669163));
#1640=CARTESIAN_POINT('',(33.7563954476533,-6.83134788673169,-10.2022196048582));
#1641=CARTESIAN_POINT('',(34.5405734908539,-6.84926582367989,-7.1043069723039));
#1642=CARTESIAN_POINT('',(35.2521821228993,-6.88473848114196,-0.897802989381879));
#1643=CARTESIAN_POINT('',(35.1889247603118,-6.90273244210308,2.30178804963352));
#1644=CARTESIAN_POINT('',(34.2277837408015,-6.93796091857161,8.48631098919011));
#1645=CARTESIAN_POINT('',(33.3313853665619,-6.95570814673943,11.5199451392344));
#1646=CARTESIAN_POINT('',(29.4584892545026,-7.00954947830229,20.1410546323493));
#1647=CARTESIAN_POINT('',(25.329698365079,-7.04492100008166,25.1271791451347));
#1648=CARTESIAN_POINT('',(15.0873028380529,-7.1154759057568,32.3317497845455));
#1649=CARTESIAN_POINT('',(8.92433678126189,-7.15166790101562,34.5447807631835));
#1650=CARTESIAN_POINT('',(-3.56433314425257,-7.22236233445325,35.5004393521909));
#1651=CARTESIAN_POINT('',(-9.92206000466304,-7.25771100016592,34.2780551183058));
#1652=CARTESIAN_POINT('',(-21.2135967368379,-7.32939254072866,28.6952200011878));
#1653=CARTESIAN_POINT('',(-26.0738023785298,-7.36469465332277,24.3506010758392));
#1654=CARTESIAN_POINT('',(-31.1718005678614,-7.41796421800307,16.4876257816218));
#1655=CARTESIAN_POINT('',(-32.5367275209877,-7.43586845085203,13.5994738792756));
#1656=CARTESIAN_POINT('',(-34.4301857198317,-7.47143672014237,7.62539434167157));
#1657=CARTESIAN_POINT('',(-34.9750138102402,-7.48912686358281,4.52671051138131));
#1658=CARTESIAN_POINT('',(-35.221494671258,-7.52468354374859,-1.78578055843518));
#1659=CARTESIAN_POINT('',(-34.9241211575959,-7.54221454110602,-4.89543659103839));
#1660=CARTESIAN_POINT('',(-33.4986428203767,-7.57805791471069,-11.022725036947));
#1661=CARTESIAN_POINT('',(-32.3707744029849,-7.59583485618488,-13.9885041883169));
#1662=CARTESIAN_POINT('',(-27.9001651241695,-7.64892263753842,-22.2365701165012));
#1663=CARTESIAN_POINT('',(-23.3709630000199,-7.6845205538927,-26.9610869371552));
#1664=CARTESIAN_POINT('',(-12.5959362669886,-7.75598884421753,-33.3832968704276));
#1665=CARTESIAN_POINT('',(-6.33692546303395,-7.79124556427115,-35.125));
#1666=CARTESIAN_POINT('',(0.,-7.82713713051481,-35.125));
#1667=CARTESIAN_POINT('',(0.,-7.46051970957939,-34.49));
#1668=CARTESIAN_POINT('',(-2.25736522129817,-7.44749887624606,-34.49));
#1669=CARTESIAN_POINT('',(-6.77203877356756,-7.42145720957939,-34.0453379685637));
#1670=CARTESIAN_POINT('',(-13.2838339784882,-7.38239470957939,-32.0700121511787));
#1671=CARTESIAN_POINT('',(-19.2851348061114,-7.34333220957939,-28.8622438846071));
#1672=CARTESIAN_POINT('',(-24.5453246520064,-7.30426970957939,-24.5453246520064));
#1673=CARTESIAN_POINT('',(-28.8622438846071,-7.26520720957939,-19.2851348061114));
#1674=CARTESIAN_POINT('',(-32.0700121511787,-7.22614470957939,-13.2838339784882));
#1675=CARTESIAN_POINT('',(-34.0453379685637,-7.18708220957939,-6.77203877356757));
#1676=CARTESIAN_POINT('',(-34.7123310157181,-7.14801970957939,-1.77635683940025E-15));
#1677=CARTESIAN_POINT('',(-34.0453379685637,-7.10895720957939,6.77203877356756));
#1678=CARTESIAN_POINT('',(-32.0700121511787,-7.06989470957939,13.2838339784882));
#1679=CARTESIAN_POINT('',(-28.8622438846071,-7.03083220957939,19.2851348061114));
#1680=CARTESIAN_POINT('',(-24.5453246520064,-6.99176970957939,24.5453246520064));
#1681=CARTESIAN_POINT('',(-19.2851348061114,-6.95270720957939,28.8622438846071));
#1682=CARTESIAN_POINT('',(-13.2838339784882,-6.91364470957939,32.0700121511787));
#1683=CARTESIAN_POINT('',(-6.77203877356759,-6.87458220957939,34.0453379685637));
#1684=CARTESIAN_POINT('',(-3.5527136788005E-15,-6.83551970957939,34.7123310157181));
#1685=CARTESIAN_POINT('',(6.77203877356758,-6.79645720957939,34.0453379685637));
#1686=CARTESIAN_POINT('',(13.2838339784882,-6.75739470957939,32.0700121511787));
#1687=CARTESIAN_POINT('',(19.2851348061114,-6.71833220957939,28.8622438846071));
#1688=CARTESIAN_POINT('',(24.5453246520064,-6.67926970957939,24.5453246520064));
#1689=CARTESIAN_POINT('',(28.8622438846071,-6.64020720957939,19.2851348061114));
#1690=CARTESIAN_POINT('',(32.0700121511787,-6.60114470957939,13.2838339784882));
#1691=CARTESIAN_POINT('',(34.0453379685637,-6.56208220957939,6.77203877356758));
#1692=CARTESIAN_POINT('',(34.7123310157181,-6.52301970957939,5.32907051820075E-15));
#1693=CARTESIAN_POINT('',(34.0453379685637,-6.48395720957939,-6.77203877356757));
#1694=CARTESIAN_POINT('',(32.0700121511787,-6.44489470957939,-13.2838339784882));
#1695=CARTESIAN_POINT('',(28.8622438846071,-6.40583220957939,-19.2851348061114));
#1696=CARTESIAN_POINT('',(24.5453246520064,-6.36676970957939,-24.5453246520064));
#1697=CARTESIAN_POINT('',(19.2851348061114,-6.32770720957939,-28.8622438846071));
#1698=CARTESIAN_POINT('',(13.2838339784882,-6.28864470957939,-32.0700121511787));
#1699=CARTESIAN_POINT('',(6.77203877356758,-6.24958220957939,-34.0453379685637));
#1700=CARTESIAN_POINT('',(7.99360577730113E-15,-6.21051970957939,-34.7123310157181));
#1701=CARTESIAN_POINT('',(-6.77203877356757,-6.17145720957939,-34.0453379685637));
#1702=CARTESIAN_POINT('',(-13.2838339784882,-6.13239470957939,-32.0700121511787));
#1703=CARTESIAN_POINT('',(-19.2851348061114,-6.09333220957939,-28.8622438846071));
#1704=CARTESIAN_POINT('',(-24.5453246520064,-6.05426970957939,-24.5453246520064));
#1705=CARTESIAN_POINT('',(-28.8622438846071,-6.01520720957939,-19.2851348061114));
#1706=CARTESIAN_POINT('',(-32.0700121511787,-5.97614470957939,-13.2838339784882));
#1707=CARTESIAN_POINT('',(-34.0453379685637,-5.93708220957939,-6.77203877356758));
#1708=CARTESIAN_POINT('',(-34.7123310157181,-5.89801970957939,4.88498130835069E-15));
#1709=CARTESIAN_POINT('',(-34.0453379685637,-5.85895720957939,6.7720387735675));
#1710=CARTESIAN_POINT('',(-32.0700121511787,-5.81989470957939,13.2838339784882));
#1711=CARTESIAN_POINT('',(-28.8622438846071,-5.78083220957939,19.2851348061114));
#1712=CARTESIAN_POINT('',(-24.5453246520065,-5.74176970957939,24.5453246520064));
#1713=CARTESIAN_POINT('',(-19.2851348061114,-5.70270720957939,28.8622438846071));
#1714=CARTESIAN_POINT('',(-13.2838339784882,-5.66364470957939,32.0700121511787));
#1715=CARTESIAN_POINT('',(-6.77203877356753,-5.62458220957939,34.0453379685637));
#1716=CARTESIAN_POINT('',(-1.33226762955019E-14,-5.58551970957939,34.7123310157181));
#1717=CARTESIAN_POINT('',(6.7720387735675,-5.54645720957939,34.0453379685637));
#1718=CARTESIAN_POINT('',(13.2838339784882,-5.50739470957939,32.0700121511787));
#1719=CARTESIAN_POINT('',(19.2851348061113,-5.46833220957939,28.8622438846071));
#1720=CARTESIAN_POINT('',(24.5453246520065,-5.42926970957939,24.5453246520064));
#1721=CARTESIAN_POINT('',(28.8622438846071,-5.39020720957939,19.2851348061114));
#1722=CARTESIAN_POINT('',(32.0700121511787,-5.35114470957939,13.2838339784882));
#1723=CARTESIAN_POINT('',(34.0453379685637,-5.31208220957939,6.77203877356753));
#1724=CARTESIAN_POINT('',(34.7123310157181,-5.27301970957939,1.50990331349021E-14));
#1725=CARTESIAN_POINT('',(34.0453379685637,-5.23395720957939,-6.7720387735675));
#1726=CARTESIAN_POINT('',(32.0700121511787,-5.19489470957939,-13.2838339784882));
#1727=CARTESIAN_POINT('',(28.8622438846071,-5.15583220957939,-19.2851348061114));
#1728=CARTESIAN_POINT('',(24.5453246520065,-5.11676970957939,-24.5453246520064));
#1729=CARTESIAN_POINT('',(19.2851348061114,-5.07770720957939,-28.8622438846071));
#1730=CARTESIAN_POINT('',(13.2838339784882,-5.03864470957939,-32.0700121511787));
#1731=CARTESIAN_POINT('',(6.77203877356753,-4.99958220957939,-34.0453379685637));
#1732=CARTESIAN_POINT('',(1.73194791841524E-14,-4.96051970957939,-34.7123310157181));
#1733=CARTESIAN_POINT('',(-6.7720387735675,-4.92145720957939,-34.0453379685637));
#1734=CARTESIAN_POINT('',(-13.2838339784882,-4.88239470957939,-32.0700121511787));
#1735=CARTESIAN_POINT('',(-19.2851348061113,-4.84333220957939,-28.8622438846071));
#1736=CARTESIAN_POINT('',(-24.5453246520064,-4.80426970957939,-24.5453246520064));
#1737=CARTESIAN_POINT('',(-28.8622438846071,-4.76520720957939,-19.2851348061114));
#1738=CARTESIAN_POINT('',(-32.0700121511787,-4.72614470957939,-13.2838339784882));
#1739=CARTESIAN_POINT('',(-34.0453379685637,-4.68708220957939,-6.77203877356753));
#1740=CARTESIAN_POINT('',(-34.7123310157181,-4.64801970957939,-1.95399252334028E-14));
#1741=CARTESIAN_POINT('',(-34.0453379685637,-4.60895720957939,6.77203877356749));
#1742=CARTESIAN_POINT('',(-32.0700121511787,-4.56989470957939,13.2838339784882));
#1743=CARTESIAN_POINT('',(-28.8622438846071,-4.53083220957939,19.2851348061114));
#1744=CARTESIAN_POINT('',(-24.5453246520065,-4.49176970957939,24.5453246520064));
#1745=CARTESIAN_POINT('',(-19.2851348061114,-4.45270720957939,28.8622438846071));
#1746=CARTESIAN_POINT('',(-13.2838339784882,-4.41364470957939,32.0700121511787));
#1747=CARTESIAN_POINT('',(-6.77203877356754,-4.37458220957939,34.0453379685637));
#1748=CARTESIAN_POINT('',(-2.79776202205539E-14,-4.33551970957939,34.7123310157181));
#1749=CARTESIAN_POINT('',(6.77203877356752,-4.29645720957939,34.0453379685637));
#1750=CARTESIAN_POINT('',(13.2838339784881,-4.25739470957939,32.0700121511788));
#1751=CARTESIAN_POINT('',(19.2851348061115,-4.21833220957939,28.862243884607));
#1752=CARTESIAN_POINT('',(24.5453246520064,-4.17926970957939,24.5453246520064));
#1753=CARTESIAN_POINT('',(28.8622438846071,-4.14020720957939,19.2851348061114));
#1754=CARTESIAN_POINT('',(32.0700121511787,-4.10114470957939,13.2838339784882));
#1755=CARTESIAN_POINT('',(34.0453379685637,-4.06208220957939,6.77203877356763));
#1756=CARTESIAN_POINT('',(34.7123310157181,-4.02301970957939,1.29674049276218E-13));
#1757=CARTESIAN_POINT('',(34.0453379685637,-3.98395720957939,-6.77203877356764));
#1758=CARTESIAN_POINT('',(32.0700121511787,-3.94489470957939,-13.2838339784882));
#1759=CARTESIAN_POINT('',(28.8622438846071,-3.90583220957939,-19.2851348061114));
#1760=CARTESIAN_POINT('',(24.5453246520064,-3.86676970957939,-24.5453246520064));
#1761=CARTESIAN_POINT('',(19.2851348061115,-3.82770720957939,-28.862243884607));
#1762=CARTESIAN_POINT('',(13.2838339784881,-3.78864470957939,-32.0700121511787));
#1763=CARTESIAN_POINT('',(6.77203877356757,-3.74958220957939,-34.0453379685637));
#1764=CARTESIAN_POINT('',(2.44249065417534E-14,-3.71051970957939,-34.7123310157181));
#1765=CARTESIAN_POINT('',(-6.77203877356752,-3.67145720957939,-34.0453379685637));
#1766=CARTESIAN_POINT('',(-13.2838339784881,-3.63239470957939,-32.0700121511788));
#1767=CARTESIAN_POINT('',(-19.2851348061115,-3.59333220957939,-28.8622438846071));
#1768=CARTESIAN_POINT('',(-24.5453246520064,-3.55426970957939,-24.5453246520064));
#1769=CARTESIAN_POINT('',(-28.8622438846071,-3.51520720957939,-19.2851348061114));
#1770=CARTESIAN_POINT('',(-32.0700121511787,-3.47614470957939,-13.2838339784882));
#1771=CARTESIAN_POINT('',(-34.0453379685637,-3.43708220957939,-6.77203877356769));
#1772=CARTESIAN_POINT('',(-34.7123310157181,-3.39801970957939,8.03801469828613E-14));
#1773=CARTESIAN_POINT('',(-34.0453379685637,-3.35895720957939,6.77203877356758));
#1774=CARTESIAN_POINT('',(-32.0700121511787,-3.31989470957939,13.2838339784882));
#1775=CARTESIAN_POINT('',(-28.8622438846071,-3.28083220957939,19.2851348061114));
#1776=CARTESIAN_POINT('',(-24.5453246520065,-3.24176970957939,24.5453246520064));
#1777=CARTESIAN_POINT('',(-19.2851348061115,-3.20270720957939,28.862243884607));
#1778=CARTESIAN_POINT('',(-13.2838339784881,-3.16364470957939,32.0700121511787));
#1779=CARTESIAN_POINT('',(-6.77203877356757,-3.12458220957939,34.0453379685637));
#1780=CARTESIAN_POINT('',(-2.97539770599542E-14,-3.08551970957939,34.7123310157181));
#1781=CARTESIAN_POINT('',(6.77203877356752,-3.04645720957939,34.0453379685637));
#1782=CARTESIAN_POINT('',(13.2838339784881,-3.00739470957939,32.0700121511788));
#1783=CARTESIAN_POINT('',(19.2851348061115,-2.96833220957939,28.8622438846071));
#1784=CARTESIAN_POINT('',(24.5453246520064,-2.92926970957939,24.5453246520064));
#1785=CARTESIAN_POINT('',(28.8622438846071,-2.89020720957939,19.2851348061114));
#1786=CARTESIAN_POINT('',(32.0700121511787,-2.85114470957939,13.2838339784882));
#1787=CARTESIAN_POINT('',(34.0453379685637,-2.81208220957939,6.77203877356764));
#1788=CARTESIAN_POINT('',(34.7123310157181,-2.77301970957939,1.38111744263369E-13));
#1789=CARTESIAN_POINT('',(34.0453379685637,-2.73395720957939,-6.77203877356763));
#1790=CARTESIAN_POINT('',(32.0700121511787,-2.69489470957939,-13.2838339784882));
#1791=CARTESIAN_POINT('',(28.8622438846071,-2.65583220957939,-19.2851348061114));
#1792=CARTESIAN_POINT('',(24.5453246520064,-2.61676970957939,-24.5453246520064));
#1793=CARTESIAN_POINT('',(19.2851348061115,-2.57770720957939,-28.862243884607));
#1794=CARTESIAN_POINT('',(13.2838339784881,-2.53864470957939,-32.0700121511787));
#1795=CARTESIAN_POINT('',(6.77203877356758,-2.49958220957939,-34.0453379685637));
#1796=CARTESIAN_POINT('',(3.28626015289046E-14,-2.46051970957939,-34.7123310157181));
#1797=CARTESIAN_POINT('',(-6.77203877356751,-2.42145720957939,-34.0453379685637));
#1798=CARTESIAN_POINT('',(-13.2838339784881,-2.38239470957939,-32.0700121511788));
#1799=CARTESIAN_POINT('',(-19.2851348061115,-2.34333220957939,-28.8622438846071));
#1800=CARTESIAN_POINT('',(-24.5453246520064,-2.30426970957939,-24.5453246520064));
#1801=CARTESIAN_POINT('',(-28.8622438846071,-2.26520720957939,-19.2851348061114));
#1802=CARTESIAN_POINT('',(-32.0700121511787,-2.22614470957939,-13.2838339784882));
#1803=CARTESIAN_POINT('',(-34.0453379685637,-2.18708220957939,-6.7720387735677));
#1804=CARTESIAN_POINT('',(-34.7123310157181,-2.14801970957939,7.061018436616E-14));
#1805=CARTESIAN_POINT('',(-34.0453379685637,-2.10895720957939,6.77203877356757));
#1806=CARTESIAN_POINT('',(-32.0700121511787,-2.06989470957939,13.2838339784882));
#1807=CARTESIAN_POINT('',(-28.8622438846071,-2.03083220957939,19.2851348061114));
#1808=CARTESIAN_POINT('',(-24.5453246520065,-1.99176970957939,24.5453246520064));
#1809=CARTESIAN_POINT('',(-19.2851348061115,-1.95270720957939,28.862243884607));
#1810=CARTESIAN_POINT('',(-13.2838339784881,-1.91364470957939,32.0700121511787));
#1811=CARTESIAN_POINT('',(-6.77203877356758,-1.87458220957939,34.0453379685637));
#1812=CARTESIAN_POINT('',(-3.77475828372553E-14,-1.83551970957939,34.7123310157181));
#1813=CARTESIAN_POINT('',(6.77203877356751,-1.79645720957939,34.0453379685637));
#1814=CARTESIAN_POINT('',(13.2838339784881,-1.75739470957939,32.0700121511788));
#1815=CARTESIAN_POINT('',(19.2851348061115,-1.71833220957939,28.8622438846071));
#1816=CARTESIAN_POINT('',(24.5453246520064,-1.67926970957939,24.5453246520064));
#1817=CARTESIAN_POINT('',(28.8622438846071,-1.64020720957939,19.2851348061114));
#1818=CARTESIAN_POINT('',(32.0700121511787,-1.60114470957939,13.2838339784882));
#1819=CARTESIAN_POINT('',(34.0453379685637,-1.56208220957939,6.77203877356764));
#1820=CARTESIAN_POINT('',(34.7123310157181,-1.52301970957939,1.46549439250521E-13));
#1821=CARTESIAN_POINT('',(34.0453379685637,-1.48395720957939,-6.77203877356763));
#1822=CARTESIAN_POINT('',(32.0700121511787,-1.44489470957939,-13.2838339784881));
#1823=CARTESIAN_POINT('',(28.8622438846071,-1.40583220957939,-19.2851348061113));
#1824=CARTESIAN_POINT('',(24.5453246520065,-1.36676970957939,-24.5453246520064));
#1825=CARTESIAN_POINT('',(19.2851348061115,-1.32770720957939,-28.862243884607));
#1826=CARTESIAN_POINT('',(13.2838339784881,-1.28864470957939,-32.0700121511787));
#1827=CARTESIAN_POINT('',(6.77203877356758,-1.24958220957939,-34.0453379685637));
#1828=CARTESIAN_POINT('',(4.30766533554561E-14,-1.21051970957939,-34.7123310157181));
#1829=CARTESIAN_POINT('',(-6.7720387735675,-1.17145720957939,-34.0453379685637));
#1830=CARTESIAN_POINT('',(-13.2838339784881,-1.13239470957939,-32.0700121511788));
#1831=CARTESIAN_POINT('',(-19.2851348061113,-1.09333220957939,-28.8622438846072));
#1832=CARTESIAN_POINT('',(-24.5453246520063,-1.05426970957939,-24.5453246520065));
#1833=CARTESIAN_POINT('',(-28.862243884607,-1.01520720957939,-19.2851348061116));
#1834=CARTESIAN_POINT('',(-32.0700121511788,-0.976144709579394,-13.283833978488));
#1835=CARTESIAN_POINT('',(-34.0453379685637,-0.937082209579394,-6.77203877356753));
#1836=CARTESIAN_POINT('',(-34.7123310157181,-0.898019709579394,1.90958360235527E-14));
#1837=CARTESIAN_POINT('',(-34.0453379685637,-0.858957209579394,6.77203877356756));
#1838=CARTESIAN_POINT('',(-32.0700121511787,-0.819894709579394,13.2838339784882));
#1839=CARTESIAN_POINT('',(-28.8622438846071,-0.780832209579394,19.2851348061113));
#1840=CARTESIAN_POINT('',(-24.5453246520065,-0.741769709579394,24.5453246520064));
#1841=CARTESIAN_POINT('',(-19.2851348061115,-0.702707209579394,28.862243884607));
#1842=CARTESIAN_POINT('',(-13.2838339784883,-0.663644709579394,32.0700121511787));
#1843=CARTESIAN_POINT('',(-6.77203877356771,-0.624582209579394,34.0453379685637));
#1844=CARTESIAN_POINT('',(-2.61568544601687E-13,-0.585519709579394,34.7123310157182));
#1845=CARTESIAN_POINT('',(6.77203877356774,-0.546457209579394,34.0453379685637));
#1846=CARTESIAN_POINT('',(13.2838339784882,-0.507394709579394,32.0700121511787));
#1847=CARTESIAN_POINT('',(19.2851348061114,-0.468332209579394,28.8622438846071));
#1848=CARTESIAN_POINT('',(24.5453246520064,-0.429269709579394,24.5453246520064));
#1849=CARTESIAN_POINT('',(28.8622438846071,-0.390207209579394,19.2851348061114));
#1850=CARTESIAN_POINT('',(32.0700121511787,-0.351144709579394,13.2838339784882));
#1851=CARTESIAN_POINT('',(34.0453379685637,-0.312082209579394,6.77203877356765));
#1852=CARTESIAN_POINT('',(34.7123310157181,-0.273019709579394,1.09690034832965E-13));
#1853=CARTESIAN_POINT('',(34.0453379685637,-0.233957209579394,-6.77203877356743));
#1854=CARTESIAN_POINT('',(32.0700121511788,-0.194894709579394,-13.283833978488));
#1855=CARTESIAN_POINT('',(28.862243884607,-0.155832209579394,-19.2851348061116));
#1856=CARTESIAN_POINT('',(24.5453246520064,-0.116769709579394,-24.5453246520064));
#1857=CARTESIAN_POINT('',(19.2851348061114,-0.077707209579394,-28.8622438846071));
#1858=CARTESIAN_POINT('',(13.2838339784882,-0.038644709579394,-32.0700121511787));
#1859=CARTESIAN_POINT('',(6.77203877356759,0.000417790420605968,-34.0453379685637));
#1860=CARTESIAN_POINT('',(1.88168393158842,0.0286263539569553,-34.5269998117371));
#1861=CARTESIAN_POINT('',(-0.75132465253491,0.0438140841599743,-34.4838425771854));
#1862=CARTESIAN_POINT('',(-1.12678707219816,0.0459809810296576,-34.471547437207));
#1863=CARTESIAN_POINT('',(0.,-7.94600736730522,-35.3308892896288));
#1864=CARTESIAN_POINT('',(-2.31240129660608,-7.93298653397189,-35.3308892896288));
#1865=CARTESIAN_POINT('',(-6.93714561246706,-7.90694486730523,-34.8753861001832));
#1866=CARTESIAN_POINT('',(-13.6077027438613,-7.86788236730522,-32.8519005169714));
#1867=CARTESIAN_POINT('',(-19.7553193032846,-7.82881986730523,-29.5659247125926));
#1868=CARTESIAN_POINT('',(-25.1437560991022,-7.78975736730522,-25.1437560991022));
#1869=CARTESIAN_POINT('',(-29.5659247125926,-7.75069486730523,-19.7553193032846));
#1870=CARTESIAN_POINT('',(-32.8519005169714,-7.71163236730523,-13.6077027438613));
#1871=CARTESIAN_POINT('',(-34.8753861001832,-7.67256986730523,-6.93714561246706));
#1872=CARTESIAN_POINT('',(-35.5586408843515,-7.63350736730523,-8.88178419700125E-16));
#1873=CARTESIAN_POINT('',(-34.8753861001832,-7.59444486730522,6.93714561246706));
#1874=CARTESIAN_POINT('',(-32.8519005169714,-7.55538236730522,13.6077027438613));
#1875=CARTESIAN_POINT('',(-29.5659247125926,-7.51631986730522,19.7553193032846));
#1876=CARTESIAN_POINT('',(-25.1437560991022,-7.47725736730522,25.1437560991022));
#1877=CARTESIAN_POINT('',(-19.7553193032846,-7.43819486730522,29.5659247125926));
#1878=CARTESIAN_POINT('',(-13.6077027438613,-7.39913236730522,32.8519005169714));
#1879=CARTESIAN_POINT('',(-6.93714561246708,-7.36006986730522,34.8753861001832));
#1880=CARTESIAN_POINT('',(-3.5527136788005E-15,-7.32100736730522,35.5586408843515));
#1881=CARTESIAN_POINT('',(6.93714561246707,-7.28194486730522,34.8753861001832));
#1882=CARTESIAN_POINT('',(13.6077027438612,-7.24288236730522,32.8519005169714));
#1883=CARTESIAN_POINT('',(19.7553193032846,-7.20381986730522,29.5659247125926));
#1884=CARTESIAN_POINT('',(25.1437560991022,-7.16475736730522,25.1437560991022));
#1885=CARTESIAN_POINT('',(29.5659247125926,-7.12569486730522,19.7553193032846));
#1886=CARTESIAN_POINT('',(32.8519005169714,-7.08663236730522,13.6077027438613));
#1887=CARTESIAN_POINT('',(34.8753861001832,-7.04756986730522,6.93714561246707));
#1888=CARTESIAN_POINT('',(35.5586408843515,-7.00850736730522,6.66133814775094E-15));
#1889=CARTESIAN_POINT('',(34.8753861001832,-6.96944486730522,-6.93714561246706));
#1890=CARTESIAN_POINT('',(32.8519005169714,-6.93038236730522,-13.6077027438613));
#1891=CARTESIAN_POINT('',(29.5659247125926,-6.89131986730522,-19.7553193032846));
#1892=CARTESIAN_POINT('',(25.1437560991022,-6.85225736730522,-25.1437560991022));
#1893=CARTESIAN_POINT('',(19.7553193032846,-6.81319486730522,-29.5659247125926));
#1894=CARTESIAN_POINT('',(13.6077027438613,-6.77413236730523,-32.8519005169714));
#1895=CARTESIAN_POINT('',(6.93714561246708,-6.73506986730523,-34.8753861001832));
#1896=CARTESIAN_POINT('',(7.99360577730113E-15,-6.69600736730523,-35.5586408843515));
#1897=CARTESIAN_POINT('',(-6.93714561246706,-6.65694486730523,-34.8753861001832));
#1898=CARTESIAN_POINT('',(-13.6077027438613,-6.61788236730522,-32.8519005169714));
#1899=CARTESIAN_POINT('',(-19.7553193032846,-6.57881986730522,-29.5659247125926));
#1900=CARTESIAN_POINT('',(-25.1437560991022,-6.53975736730522,-25.1437560991022));
#1901=CARTESIAN_POINT('',(-29.5659247125926,-6.50069486730522,-19.7553193032846));
#1902=CARTESIAN_POINT('',(-32.8519005169714,-6.46163236730522,-13.6077027438613));
#1903=CARTESIAN_POINT('',(-34.8753861001832,-6.42256986730522,-6.93714561246708));
#1904=CARTESIAN_POINT('',(-35.5586408843515,-6.38350736730522,4.44089209850063E-15));
#1905=CARTESIAN_POINT('',(-34.8753861001832,-6.34444486730522,6.937145612467));
#1906=CARTESIAN_POINT('',(-32.8519005169714,-6.30538236730522,13.6077027438613));
#1907=CARTESIAN_POINT('',(-29.5659247125926,-6.26631986730522,19.7553193032846));
#1908=CARTESIAN_POINT('',(-25.1437560991022,-6.22725736730522,25.1437560991021));
#1909=CARTESIAN_POINT('',(-19.7553193032846,-6.18819486730522,29.5659247125926));
#1910=CARTESIAN_POINT('',(-13.6077027438613,-6.14913236730522,32.8519005169714));
#1911=CARTESIAN_POINT('',(-6.93714561246702,-6.11006986730522,34.8753861001832));
#1912=CARTESIAN_POINT('',(-1.33226762955019E-14,-6.07100736730522,35.5586408843515));
#1913=CARTESIAN_POINT('',(6.93714561246699,-6.03194486730522,34.8753861001832));
#1914=CARTESIAN_POINT('',(13.6077027438613,-5.99288236730522,32.8519005169714));
#1915=CARTESIAN_POINT('',(19.7553193032846,-5.95381986730522,29.5659247125926));
#1916=CARTESIAN_POINT('',(25.1437560991022,-5.91475736730522,25.1437560991021));
#1917=CARTESIAN_POINT('',(29.5659247125926,-5.87569486730522,19.7553193032846));
#1918=CARTESIAN_POINT('',(32.8519005169714,-5.83663236730522,13.6077027438613));
#1919=CARTESIAN_POINT('',(34.8753861001832,-5.79756986730522,6.93714561246702));
#1920=CARTESIAN_POINT('',(35.5586408843515,-5.75850736730523,1.46549439250521E-14));
#1921=CARTESIAN_POINT('',(34.8753861001832,-5.71944486730523,-6.93714561246699));
#1922=CARTESIAN_POINT('',(32.8519005169714,-5.68038236730523,-13.6077027438613));
#1923=CARTESIAN_POINT('',(29.5659247125926,-5.64131986730522,-19.7553193032846));
#1924=CARTESIAN_POINT('',(25.1437560991022,-5.60225736730522,-25.1437560991021));
#1925=CARTESIAN_POINT('',(19.7553193032846,-5.56319486730522,-29.5659247125926));
#1926=CARTESIAN_POINT('',(13.6077027438613,-5.52413236730522,-32.8519005169714));
#1927=CARTESIAN_POINT('',(6.93714561246702,-5.48506986730522,-34.8753861001832));
#1928=CARTESIAN_POINT('',(1.73194791841524E-14,-5.44600736730522,-35.5586408843515));
#1929=CARTESIAN_POINT('',(-6.93714561246699,-5.40694486730522,-34.8753861001832));
#1930=CARTESIAN_POINT('',(-13.6077027438613,-5.36788236730522,-32.8519005169714));
#1931=CARTESIAN_POINT('',(-19.7553193032846,-5.32881986730522,-29.5659247125926));
#1932=CARTESIAN_POINT('',(-25.1437560991022,-5.28975736730522,-25.1437560991021));
#1933=CARTESIAN_POINT('',(-29.5659247125926,-5.25069486730522,-19.7553193032847));
#1934=CARTESIAN_POINT('',(-32.8519005169714,-5.21163236730522,-13.6077027438613));
#1935=CARTESIAN_POINT('',(-34.8753861001832,-5.17256986730522,-6.93714561246702));
#1936=CARTESIAN_POINT('',(-35.5586408843515,-5.13350736730522,-1.82076576038526E-14));
#1937=CARTESIAN_POINT('',(-34.8753861001832,-5.09444486730522,6.93714561246698));
#1938=CARTESIAN_POINT('',(-32.8519005169714,-5.05538236730522,13.6077027438613));
#1939=CARTESIAN_POINT('',(-29.5659247125926,-5.01631986730522,19.7553193032846));
#1940=CARTESIAN_POINT('',(-25.1437560991022,-4.97725736730522,25.1437560991021));
#1941=CARTESIAN_POINT('',(-19.7553193032846,-4.93819486730522,29.5659247125926));
#1942=CARTESIAN_POINT('',(-13.6077027438613,-4.89913236730522,32.8519005169714));
#1943=CARTESIAN_POINT('',(-6.93714561246703,-4.86006986730522,34.8753861001832));
#1944=CARTESIAN_POINT('',(-2.79776202205539E-14,-4.82100736730522,35.5586408843515));
#1945=CARTESIAN_POINT('',(6.93714561246702,-4.78194486730522,34.8753861001832));
#1946=CARTESIAN_POINT('',(13.6077027438611,-4.74288236730523,32.8519005169715));
#1947=CARTESIAN_POINT('',(19.7553193032847,-4.70381986730523,29.5659247125925));
#1948=CARTESIAN_POINT('',(25.1437560991022,-4.66475736730522,25.1437560991022));
#1949=CARTESIAN_POINT('',(29.5659247125926,-4.62569486730522,19.7553193032847));
#1950=CARTESIAN_POINT('',(32.8519005169714,-4.58663236730522,13.6077027438613));
#1951=CARTESIAN_POINT('',(34.8753861001832,-4.54756986730522,6.93714561246712));
#1952=CARTESIAN_POINT('',(35.5586408843515,-4.50850736730522,1.32782673745169E-13));
#1953=CARTESIAN_POINT('',(34.8753861001832,-4.46944486730522,-6.93714561246714));
#1954=CARTESIAN_POINT('',(32.8519005169714,-4.43038236730522,-13.6077027438612));
#1955=CARTESIAN_POINT('',(29.5659247125926,-4.39131986730522,-19.7553193032846));
#1956=CARTESIAN_POINT('',(25.1437560991022,-4.35225736730522,-25.1437560991021));
#1957=CARTESIAN_POINT('',(19.7553193032848,-4.31319486730522,-29.5659247125925));
#1958=CARTESIAN_POINT('',(13.6077027438612,-4.27413236730522,-32.8519005169714));
#1959=CARTESIAN_POINT('',(6.93714561246706,-4.23506986730522,-34.8753861001832));
#1960=CARTESIAN_POINT('',(2.44249065417534E-14,-4.19600736730522,-35.5586408843515));
#1961=CARTESIAN_POINT('',(-6.93714561246701,-4.15694486730522,-34.8753861001832));
#1962=CARTESIAN_POINT('',(-13.6077027438611,-4.11788236730522,-32.8519005169715));
#1963=CARTESIAN_POINT('',(-19.7553193032847,-4.07881986730522,-29.5659247125925));
#1964=CARTESIAN_POINT('',(-25.1437560991022,-4.03975736730522,-25.1437560991022));
#1965=CARTESIAN_POINT('',(-29.5659247125926,-4.00069486730522,-19.7553193032847));
#1966=CARTESIAN_POINT('',(-32.8519005169714,-3.96163236730522,-13.6077027438613));
#1967=CARTESIAN_POINT('',(-34.8753861001832,-3.92256986730522,-6.93714561246719));
#1968=CARTESIAN_POINT('',(-35.5586408843515,-3.88350736730522,8.26005930321116E-14));
#1969=CARTESIAN_POINT('',(-34.8753861001832,-3.84444486730522,6.93714561246707));
#1970=CARTESIAN_POINT('',(-32.8519005169714,-3.80538236730522,13.6077027438612));
#1971=CARTESIAN_POINT('',(-29.5659247125926,-3.76631986730522,19.7553193032846));
#1972=CARTESIAN_POINT('',(-25.1437560991022,-3.72725736730522,25.1437560991021));
#1973=CARTESIAN_POINT('',(-19.7553193032848,-3.68819486730522,29.5659247125925));
#1974=CARTESIAN_POINT('',(-13.6077027438612,-3.64913236730522,32.8519005169714));
#1975=CARTESIAN_POINT('',(-6.93714561246707,-3.61006986730522,34.8753861001832));
#1976=CARTESIAN_POINT('',(-2.97539770599542E-14,-3.57100736730522,35.5586408843515));
#1977=CARTESIAN_POINT('',(6.93714561246701,-3.53194486730522,34.8753861001832));
#1978=CARTESIAN_POINT('',(13.6077027438611,-3.49288236730522,32.8519005169715));
#1979=CARTESIAN_POINT('',(19.7553193032847,-3.45381986730522,29.5659247125925));
#1980=CARTESIAN_POINT('',(25.1437560991022,-3.41475736730522,25.1437560991022));
#1981=CARTESIAN_POINT('',(29.5659247125926,-3.37569486730522,19.7553193032847));
#1982=CARTESIAN_POINT('',(32.8519005169714,-3.33663236730522,13.6077027438613));
#1983=CARTESIAN_POINT('',(34.8753861001832,-3.29756986730522,6.93714561246713));
#1984=CARTESIAN_POINT('',(35.5586408843515,-3.25850736730522,1.4166445794217E-13));
#1985=CARTESIAN_POINT('',(34.8753861001832,-3.21944486730522,-6.93714561246713));
#1986=CARTESIAN_POINT('',(32.8519005169714,-3.18038236730522,-13.6077027438612));
#1987=CARTESIAN_POINT('',(29.5659247125926,-3.14131986730522,-19.7553193032846));
#1988=CARTESIAN_POINT('',(25.1437560991022,-3.10225736730522,-25.1437560991021));
#1989=CARTESIAN_POINT('',(19.7553193032848,-3.06319486730522,-29.5659247125925));
#1990=CARTESIAN_POINT('',(13.6077027438612,-3.02413236730522,-32.8519005169714));
#1991=CARTESIAN_POINT('',(6.93714561246707,-2.98506986730522,-34.8753861001832));
#1992=CARTESIAN_POINT('',(3.28626015289046E-14,-2.94600736730522,-35.5586408843515));
#1993=CARTESIAN_POINT('',(-6.937145612467,-2.90694486730522,-34.8753861001832));
#1994=CARTESIAN_POINT('',(-13.6077027438611,-2.86788236730522,-32.8519005169715));
#1995=CARTESIAN_POINT('',(-19.7553193032847,-2.82881986730522,-29.5659247125925));
#1996=CARTESIAN_POINT('',(-25.1437560991022,-2.78975736730522,-25.1437560991022));
#1997=CARTESIAN_POINT('',(-29.5659247125926,-2.75069486730522,-19.7553193032847));
#1998=CARTESIAN_POINT('',(-32.8519005169714,-2.71163236730522,-13.6077027438613));
#1999=CARTESIAN_POINT('',(-34.8753861001832,-2.67256986730522,-6.9371456124672));
#2000=CARTESIAN_POINT('',(-35.5586408843515,-2.63350736730522,7.37188088351104E-14));
#2001=CARTESIAN_POINT('',(-34.8753861001832,-2.59444486730522,6.93714561246706));
#2002=CARTESIAN_POINT('',(-32.8519005169714,-2.55538236730522,13.6077027438612));
#2003=CARTESIAN_POINT('',(-29.5659247125926,-2.51631986730522,19.7553193032846));
#2004=CARTESIAN_POINT('',(-25.1437560991022,-2.47725736730522,25.1437560991021));
#2005=CARTESIAN_POINT('',(-19.7553193032848,-2.43819486730522,29.5659247125925));
#2006=CARTESIAN_POINT('',(-13.6077027438612,-2.39913236730522,32.8519005169714));
#2007=CARTESIAN_POINT('',(-6.93714561246707,-2.36006986730522,34.8753861001832));
#2008=CARTESIAN_POINT('',(-3.77475828372553E-14,-2.32100736730522,35.5586408843515));
#2009=CARTESIAN_POINT('',(6.937145612467,-2.28194486730522,34.8753861001832));
#2010=CARTESIAN_POINT('',(13.6077027438611,-2.24288236730522,32.8519005169715));
#2011=CARTESIAN_POINT('',(19.7553193032847,-2.20381986730522,29.5659247125925));
#2012=CARTESIAN_POINT('',(25.1437560991022,-2.16475736730522,25.1437560991022));
#2013=CARTESIAN_POINT('',(29.5659247125925,-2.12569486730522,19.7553193032847));
#2014=CARTESIAN_POINT('',(32.8519005169714,-2.08663236730522,13.6077027438613));
#2015=CARTESIAN_POINT('',(34.8753861001832,-2.04756986730522,6.93714561246714));
#2016=CARTESIAN_POINT('',(35.5586408843515,-2.00850736730522,1.51434420558871E-13));
#2017=CARTESIAN_POINT('',(34.8753861001832,-1.96944486730522,-6.93714561246712));
#2018=CARTESIAN_POINT('',(32.8519005169714,-1.93038236730522,-13.6077027438612));
#2019=CARTESIAN_POINT('',(29.5659247125926,-1.89131986730522,-19.7553193032846));
#2020=CARTESIAN_POINT('',(25.1437560991022,-1.85225736730522,-25.1437560991021));
#2021=CARTESIAN_POINT('',(19.7553193032848,-1.81319486730522,-29.5659247125925));
#2022=CARTESIAN_POINT('',(13.6077027438612,-1.77413236730522,-32.8519005169714));
#2023=CARTESIAN_POINT('',(6.93714561246708,-1.73506986730522,-34.8753861001832));
#2024=CARTESIAN_POINT('',(4.30766533554561E-14,-1.69600736730522,-35.5586408843515));
#2025=CARTESIAN_POINT('',(-6.93714561246699,-1.65694486730522,-34.8753861001832));
#2026=CARTESIAN_POINT('',(-13.6077027438612,-1.61788236730522,-32.8519005169714));
#2027=CARTESIAN_POINT('',(-19.7553193032845,-1.57881986730522,-29.5659247125926));
#2028=CARTESIAN_POINT('',(-25.1437560991021,-1.53975736730522,-25.1437560991022));
#2029=CARTESIAN_POINT('',(-29.5659247125924,-1.50069486730522,-19.7553193032849));
#2030=CARTESIAN_POINT('',(-32.8519005169715,-1.46163236730522,-13.6077027438611));
#2031=CARTESIAN_POINT('',(-34.8753861001832,-1.42256986730522,-6.93714561246702));
#2032=CARTESIAN_POINT('',(-35.5586408843515,-1.38350736730522,1.90958360235527E-14));
#2033=CARTESIAN_POINT('',(-34.8753861001832,-1.34444486730522,6.93714561246705));
#2034=CARTESIAN_POINT('',(-32.8519005169714,-1.30538236730522,13.6077027438612));
#2035=CARTESIAN_POINT('',(-29.5659247125926,-1.26631986730522,19.7553193032846));
#2036=CARTESIAN_POINT('',(-25.1437560991022,-1.22725736730522,25.1437560991021));
#2037=CARTESIAN_POINT('',(-19.7553193032847,-1.18819486730522,29.5659247125925));
#2038=CARTESIAN_POINT('',(-13.6077027438614,-1.14913236730522,32.8519005169714));
#2039=CARTESIAN_POINT('',(-6.93714561246721,-1.11006986730522,34.8753861001832));
#2040=CARTESIAN_POINT('',(-2.61568544601687E-13,-1.07100736730522,35.5586408843515));
#2041=CARTESIAN_POINT('',(6.93714561246724,-1.03194486730522,34.8753861001832));
#2042=CARTESIAN_POINT('',(13.6077027438612,-0.992882367305224,32.8519005169714));
#2043=CARTESIAN_POINT('',(19.7553193032847,-0.953819867305224,29.5659247125926));
#2044=CARTESIAN_POINT('',(25.1437560991022,-0.914757367305224,25.1437560991022));
#2045=CARTESIAN_POINT('',(29.5659247125925,-0.875694867305224,19.7553193032847));
#2046=CARTESIAN_POINT('',(32.8519005169714,-0.836632367305224,13.6077027438613));
#2047=CARTESIAN_POINT('',(34.8753861001832,-0.797569867305224,6.93714561246715));
#2048=CARTESIAN_POINT('',(35.5586408843515,-0.758507367305224,1.11466391672366E-13));
#2049=CARTESIAN_POINT('',(34.8753861001832,-0.719444867305224,-6.93714561246692));
#2050=CARTESIAN_POINT('',(32.8519005169715,-0.680382367305224,-13.607702743861));
#2051=CARTESIAN_POINT('',(29.5659247125925,-0.641319867305224,-19.7553193032848));
#2052=CARTESIAN_POINT('',(25.1437560991022,-0.602257367305224,-25.1437560991022));
#2053=CARTESIAN_POINT('',(19.7553193032846,-0.563194867305224,-29.5659247125926));
#2054=CARTESIAN_POINT('',(13.6077027438613,-0.524132367305224,-32.8519005169714));
#2055=CARTESIAN_POINT('',(6.93714561246709,-0.485069867305224,-34.8753861001832));
#2056=CARTESIAN_POINT('',(1.92756064555012,-0.456861303768874,-35.3687911815458));
#2057=CARTESIAN_POINT('',(-0.769642450544496,-0.441673573565856,-35.3245817447238));
#2058=CARTESIAN_POINT('',(-1.15425889535569,-0.439506676696172,-35.3119868410016));
#2059=CARTESIAN_POINT('',(0.,-8.,0.));
#2060=CARTESIAN_POINT('',(0.,2.,0.));
#2061=MECHANICAL_DESIGN_GEOMETRIC_PRESENTATION_REPRESENTATION('',(#24),
#2062);
#2062=(
GEOMETRIC_REPRESENTATION_CONTEXT(3)
GLOBAL_UNCERTAINTY_ASSIGNED_CONTEXT((#2063))
GLOBAL_UNIT_ASSIGNED_CONTEXT((#2069,#2065,#2064))
REPRESENTATION_CONTEXT('\X2\76D65B504E0D950894A2\X0\',
'TOP_LEVEL_ASSEMBLY_PART')
);
#2063=UNCERTAINTY_MEASURE_WITH_UNIT(LENGTH_MEASURE(0.0508),#2069,
'DISTANCE_ACCURACY_VALUE','Maximum Tolerance applied to model');
#2064=(
NAMED_UNIT(*)
SI_UNIT($,.STERADIAN.)
SOLID_ANGLE_UNIT()
);
#2065=(
CONVERSION_BASED_UNIT('DEGREE',#2067)
NAMED_UNIT(#2066)
PLANE_ANGLE_UNIT()
);
#2066=DIMENSIONAL_EXPONENTS(0.,0.,0.,0.,0.,0.,0.);
#2067=PLANE_ANGLE_MEASURE_WITH_UNIT(PLANE_ANGLE_MEASURE(0.0174532925),#2068);
#2068=(
NAMED_UNIT(*)
PLANE_ANGLE_UNIT()
SI_UNIT($,.RADIAN.)
);
#2069=(
LENGTH_UNIT()
NAMED_UNIT(*)
SI_UNIT(.MILLI.,.METRE.)
);
ENDSEC;
END-ISO-10303-21;
