:020000040000FA
:1000000070140020C1000000ADEB0000C9870000A3
:10001000FFFFFFFFFFFFFFFFFFFFFFFFFFFFFFFFF0
:10002000FFFFFFFFFFFFFFFFFFFFFFFFFD1F0100BF
:10003000FFFFFFFFFFFFFFFFB9F5000015460100BE
:1000400035010000350100003501000035010000D8
:100050003501000035010000817700003501000006
:10006000E12A0000FFFFFFFF35010000350100001D
:10007000458500003501000035010000FFFFFFFF4E
:10008000FFFFFFFF350100003501000035010000D2
:100090003501000035010000350100003501000088
:1000A0003501000035010000350100003501000078
:1000B000350100003501000065EF0000350100004A
:1000C0002048804720488047204800472048016951
:1000D000002908D14169002905D18169002902D18F
:1000E000C169002909D01B48C1680901090D00290F
:1000F0000ED005290CD006290AD0BFF34F8F164821
:100100001649016016491548C860BFF34F8FFEE7D6
:10011000114801681148884200D0704711481249BF
:1001200001600D48114901607047FEE7FEE7FEE7F8
:10013000FEE7FEE7FEE700000D480E490E4A0F4BB2
:1001400070470000CD000000294601008101000039
:100150000003084080010840000000200400FA0568
:1001600000ED00E0008108400100000000000000F8
:10017000300400207014002070040020700400205F
:1001800000F002F800F04FF80CA030C8083824182E
:100190002D18A246671EAB4654465D46AC4201D1BF
:1001A00000F041F87E460F3E0FCCB64601263342A2
:1001B00000D0FB1AA246AB463343184718F30100A0
:1001C00038F301000023002400250026103A01D353
:1001D00078C1FBD8520700D330C100D50B607047FF
:1001E00010B5662902D116F089FA10BD642902D132
:1001F00000F0B0F810BD782902D100F0E1F810BD90
:10020000732902D101F022FD10BD002010BD1FB5E1
:1002100001F0DEFD04000020002116F059F8E06036
:100220001FBD10B510BD02F037FA1146FFF7EFFF02
:1002300015F072FA02F04FFA03B4FFF7F2FF03BCB5
:1002400002F0D2FA70B505460C46164602E00FCC15
:100250000FC5103E102EFAD2082E02D303CC03C5D0
:10026000083E042E07D301CC01C5361F03E02178D8
:100270002970641C6D1C761EF9D270BD0FB41CB5BC
:100280000C0007AA009001D00019401E084B7B44C7
:1002900069460190069801F0A6FC002C03D069463F
:1002A000002001F0B3FC1CBC08BC04B018470000DF
:1002B0008519000070B5044685690068C10601D53E
:1002C000302600E02026C00707D070BD62683046A7
:1002D000A1689047206A401C20626D1EF6D570BD53
:1002E00070B5044685690078C00707D170BD6268A3
:1002F000A16820209047206A401C20626D1EF6D520
:1003000070BD70B50C460546012A05D028788006D8
:1003100000D5EA69002302E0012305E05B1C93425B
:1003200002D2E05C0028F9D1A869E618C01AA861D9
:10033000286AC01828622846FFF7BCFF04E06A68F4
:100340002078A968641C9047B442F8D32846FFF788
:10035000C7FF70BDF7B5002575291068009914A670
:1003600011D0C046C046002802DA404211A608E07B
:10037000009909688A0701D50FA602E0490704D54C
:100380000EA6012501E0C046C046009F0024243788
:1003900004E001F05FFC30313955641C0028F8D1CD
:1003A0002B4632462146009801F0B3F9FEBD00000D
:1003B000000000002D0000002B00000020000000C5
:1003C00070B504460D4621461068C046C0462188D7
:1003D000090502D50F4A7A4402E00E4A7A440E32E9
:1003E00023460021243305E006070009360F965DF9
:1003F0005E54491C0028F7D120780023000705D55A
:10040000702D03D0002901D002231132204601F0C3
:1004100080F970BD0AE40100F3B50446002081B004
:1004200020622046E168884700287DD0252802D038
:100430006268A16883E0454F00257F442046E1685B
:1004400088472028064608DB312E06D2B819203806
:100450000078002801D00543F0E7A80701D5042063
:1004600085430020E0610746A0612A2E0AD030466D
:1004700014F0FEFE002827D0B8000019303E00908E
:10048000866119E00298BA00121902C891610290BF
:100490002046E1688847012F064617D1E069002809
:1004A0001FDA202085431CE000980A218069484318
:1004B00000998019303888612046E16888470646EF
:1004C00014F0D6FE0028EFD1012F0AD02E2E08D12D
:1004D0002046E16888470646202005437F1C022FFE
:1004E000C3DBA069002803DA4042A0610120054374
:1004F000E80701D010208543002E24D03046413833
:10050000192803D80120C002054320362046256063
:100510003146029A1546FFF763FE00280CD00128E9
:1005200007D0ED1DE80800E00DE0C00008300290A3
:1005300077E72D1D029574E762683046A168904701
:10054000206A401C6CE7206AFEBD0000CEE301007B
:1005500030B5441C03E00178401C00290DD0810710
:10056000F9D10B4BDD0104C8D11A91432940FAD0CF
:10057000001B0A0603D0C01E30BD001B30BD0A049C
:1005800001D0801E30BD0902FCD0401E30BD0000ED
:10059000010101010346F0B50B439B072DD1244D0A
:1005A000EF01042A29D308C810C95E1B9E43121FFD
:1005B0003E4017D0D8B2E1B2401A3106014310D103
:1005C00098B2A1B2401A310401430AD118022102A3
:1005D000000A090A401A3102014302D1180E210E05
:1005E000401AF0BDA342DCD018BA21BA884201D922
:1005F0000120F0BD0020C043F0BD002A01D1002041
:10060000F0BD03780C78401C491C002B0DD0A34290
:100610000BD1521E09D003780C78401C491C002BCA
:1006200003D0A34201D1521EEBD1181BF0BD000034
:1006300001010101F8B5042A2CD3830712D00B78ED
:10064000491C0370401C521E83070BD00B78491CB9
:100650000370401C521E830704D00B78491C0370A2
:10066000401C521E8B079B0F05D0C91ADF002023A8
:10067000DE1B08C90AE0FFF7E5FDF8BD1D4608C905
:10068000FD401C46B4402C4310C0121F042AF5D272
:10069000F308C91A521EF0D40B78491C0370401C91
:1006A000521EEAD40B78491C0370401C012AE4D482
:1006B00009780170F8BD01E004C0091F0429FBD2CC
:1006C0008B0701D50280801CC90700D002707047DB
:1006D00000290BD0C30702D00270401C491E02291A
:1006E00004D3830702D50280801C891EE3E7002221
:1006F000EEE70022DFE70000F8B507460B46394673
:100700001943890713D1164CE601042A0FD302CBF3
:100710000D1B8D43354202D102C0121FF5E7CBB24B
:100720000370401C521E002B13D0090AF7E7002A61
:1007300014D01978521E5B1C0170401C002908D08F
:10074000002A0BD01978521E5B1C0170401C002936
:10075000EDD1002A02D01146FFF7C9FF3846F8BD97
:1007600001010101002203098B4273D3030A8B426A
:1007700058D3030B8B423CD3030C8B4221D312E0A2
:1007800003460B437FD4002243088B4274D30309F2
:100790008B425FD3030A8B4244D3030B8B4228D393
:1007A000030C8B420DD3FF22090212BA030C8B42B9
:1007B00002D31212090265D0030B8B4219D300E059
:1007C000090AC30B8B4201D3CB03C01A5241830BDE
:1007D0008B4201D38B03C01A5241430B8B4201D38E
:1007E0004B03C01A5241030B8B4201D30B03C01AB7
:1007F0005241C30A8B4201D3CB02C01A5241830A31
:100800008B4201D38B02C01A5241430A8B4201D35F
:100810004B02C01A5241030A8B4201D30B02C01A89
:100820005241CDD2C3098B4201D3CB01C01A5241F0
:1008300083098B4201D38B01C01A524143098B4279
:1008400001D34B01C01A524103098B4201D30B0162
:10085000C01A5241C3088B4201D3CB00C01A524187
:1008600083088B4201D38B00C01A524143088B424C
:1008700001D34B00C01A5241411A00D201465241E5
:10088000104670475DE0CA0F00D04942031000D304
:100890004042534000229C4603098B422DD3030A59
:1008A0008B4212D3FC22890112BA030A8B420CD369
:1008B000890192118B4208D3890192118B4204D392
:1008C00089013AD0921100E08909C3098B4201D312
:1008D000CB01C01A524183098B4201D38B01C01A4C
:1008E000524143098B4201D34B01C01A52410309C3
:1008F0008B4201D30B01C01A5241C3088B4201D372
:10090000CB00C01A524183088B4201D38B00C01A1E
:100910005241D9D243088B4201D34B00C01A5241F5
:10092000411A00D20146634652415B10104601D382
:100930004042002B00D54942704763465B1000D30C
:10094000404201B50020C046C04602BD7047704716
:10095000704700000246C80FC00781434B0030B506
:100960004B405B009B0D20D01923DB06C9180123E7
:100970001B05994220DB0324A40704251346AB4042
:100980000BD3002B04D1EB0613409B00E34204D4AD
:1009900001246407002312195941FF231B059942C2
:1009A0000BD2C9000143500F09E0CB0204D501432B
:1009B0000803024305D0054830BDFF21C90508439F
:1009C00030BD084607210905884330BD0000C07FBF
:1009D000F0B50C46871A9C410D46861A9D4103D2FC
:1009E000C01BA141D21963410D0D1F0DC94EEC1B57
:1009F000AE435CD07F057F0D0026002F51D02D0522
:100A0000AC46A943DD020123ED0A1B051D4320234B
:100A10001B1B24D41746E740381871412F46E74086
:100A2000CC199D402818314661410C0D27D16144F5
:100A30009A4013D50023401C594152000ED1400862
:100A4000400001224B005205D34207D30520400746
:100A5000C14201D5B04900E0B0493046F0BD6B005D
:100A6000002A00D001229A181F23203C1B1B01D50D
:100A7000002302E0E540281871410C0DD7D0012475
:100A800024050919C407CD0740084908E40F284385
:100A90006144002CD5D00024401C61419A40D0D143
:100AA000CDE76A05520DD9D1C90FC907D5E79C4DCD
:100AB0004E00002801D0012400E0002434195F001A
:100AC000002A01D0012600E00026BE19954FAC4255
:100AD0000CD8AE420AD8B44206D001256D05EC42CE
:100AE000BCD010461946F0BD9942FCD000203946D2
:100AF000F0BDF0B51FB40C460F46811A9F41254644
:100B0000861A9D4106D20125ED076F40401ABC416F
:100B100052187B41210D1E0D8D1BAC467D4D8D4322
:100B20007ED075056D0D7CD00D05AE46AC431B0324
:100B30001B0B794D52429D41202366469B1B14D3CB
:100B40001746F740381800260090744160462F463B
:100B50000741E41900989D402818664116D4714653
:100B600071189A4025D5012320E093182A466A413E
:100B70005200002B00D0521C1E23203E9B1B002B3A
:100B800061DD3541EE1728186641E8D50018764139
:100B90005B1C9A4000D3401C4B05F3181524E3401E
:100BA00010D3002B52D071467118D30FC01802D346
:100BB000491C05B0F0BD0123DB079A42F9D140087A
:100BC0004000F6E701225205B21801D1002853D0A7
:100BD0000123CC0ADB029943891E002A08D1020CAA
:100BE00003D0020C0004103902E002460020203934
:100BF0000023550B05D112020823550B01D15201D8
:100C00000D23550C01D112011B1DD50C01D19200F1
:100C10009B1C150D01D152005B1C2025EE1A01E032
:100C20002CE022E00546F54015439840CA1AE1073A
:100C300069181305C918002ABBDA032040070818F1
:100C4000C10FC9070FE071466118B2E7F10740080C
:100C50000843711071444A000CD001235B059A428D
:100C6000A7D2C90FC9070020A3E74905490D26D11E
:100C7000002001E00028F4D100219AE7284D660009
:100C8000002801D0012100E0002171185F00002A36
:100C900001D0012600E00026BE19224FA94210D83B
:100CA000AE420ED8B14208D001256D05E94206D00A
:100CB0001946A802414010467BE79C4201D02146DC
:100CC00077E70020394674E710B50C465C4005D53F
:100CD0000124E4076340FFF70CFF10BDFFF778FE27
:100CE00010BD30B40C465C4004D50124E4076340D9
:100CF00030BC6DE630BCFCE670B50124E407614011
:100D00000D465D4002D4FFF763FE70BD6340FFF700
:100D1000F0FE70BDFF0700000000F0FF0000F07F54
:100D20000000E0FF0000F87FF0B5F94D0C091E0946
:100D30002C402E402F468BB0A7437DD0B543FCD02E
:100D4000002E7AD0002CFCD00D465D40ED0F2543DF
:100D5000AC1BFF25AD0464190894C502440DC902FB
:100D60002143500DDC0204430120C007014304432A
:100D7000D2020191200C110C00958C4601042346EF
:100D80008B430A9161460904E24D8A430991010AA5
:100D90007D4449198039097805464D4301266D186F
:100DA000F605751B6943C90C640B891C4C43641818
:100DB000B5012C1B250C2E04B4434C434D43210C90
:100DC000691889090591009DE90701D00121C9072A
:100DD00004912C4601996708CD072F434C08059DC7
:100DE000E10B4D432D0C29466646754302950D4691
:100DF00045432E46029D7D1BB44100950D465D4343
:100E000001942C0C2F040D465543AE462D0C3D434A
:100E1000029503947546049C2D04641B049406D229
:100E2000029C039D641C002675410395029401AC4D
:100E300070CC009F7D1B01E03EE162E1B4410904FA
:100E40000095079101940599A4086143090C0C468B
:100E50004443650BE7040C4666467443A646640BA0
:100E60003C43039502947446049DE4042C1B0494B3
:100E700006D2029C039D641C0026754103950294D2
:100E800001AC70CC009F7D1BB44101940C465C43C7
:100E90000095650FE7000C465443A646640F3C439B
:100EA000039502947446049DE4002C1B049406D21E
:100EB000029C039D641C002675410395029401ACBD
:100EC00070CC009F7D1BB441AE09AF06049DC900E4
:100ED000AD092F43049DA406AD060495079D344338
:100EE00069180791059DE10B4D432D0C2946664677
:100EF000754302950D4645432E46029D7D1BB44128
:100F000000950D465D4301942C0C2F040D4655436E
:100F1000AE462D0C3D43029503947546049C2D046A
:100F2000641B049406D2029C039D641C0026754138
:100F30000395029401AC70CC009F7D1BB4410194D9
:100F40008C050694079C890A611800950791019CFD
:100F50000599A4086143090C0D464543680BEF044D
:100F60000D46644665436C0B3C43049FED047D1BBA
:100F7000AC4602D20025641C6841009E019D371BCF
:100F800085410846584301950C46460FC500544319
:100F9000600F28436546E4002C1B02D20025401C4C
:100FA0006E41019D3F1AB5412846BD098006284380
:100FB0008446A009BF064E020699A4067618074388
:100FC000079D002068410A99079019430020099B5A
:100FD00000906046FF1913434041E20F64003A431A
:100FE000A4460446D71A8C41A04203D901200090A0
:100FF00020463A46C70F941840416246D20F22431A
:10100000644664000494009CBE466400D71AA4465B
:10101000044602978C417746002F01D1A04204D9A3
:101020006046401C8446029A2046C40FA646941887
:101030004041049A0546D20F224364466400D31A05
:101040008D417146002901D1A84202D928461A468D
:10105000641C10430122002800D0164361020020C6
:10106000079B891904465C410223002C02DB4918C6
:1010700013466441089DCE0A2D145D194B05670582
:10108000E10A2C050D1908993E43C9076940002B58
:1010900008D0934006D30022761C5141002B01D189
:1010A000760876001C4A002D43DB154241D0AA4346
:1010B0003FD030460BB0F0BD06180D464D41174CE1
:1010C0007642AC411AD395181C465C41134A6D42D6
:1010D000A24113D3012252054C00D4420AD15C0034
:1010E000D4420BD04B4002D592021143E2E74900B3
:1010F0004908DFE75940C90FC90718E0002008492F
:10110000D8E7054801420DD10342F7D0F2E70000CD
:101110000000FF0789DA01000000F07F0000E0FF17
:101120000000F87F114859400143C012414000209F
:10113000C0E70123089A9B069A4205DC0322520766
:101140008918C90FC907B5E7052252078918074A48
:101150001143D2125140ADE770B515461C46024608
:101160000B4628462146FFF7DFFD70BDFFFFFF7FDE
:101170000346CA02400D10B510430A1504D00124DD
:10118000E4072043002A05DB0A4CA21A04D4D0400D
:10119000FF2A00DD002010BD4A00002B01D00120F5
:1011A00000E00020101801225205D042F2D8C817E2
:1011B000C04310BD1E0400001F22030C02D10F22E9
:1011C000000402D0030E03D004E000200146704763
:1011D0000002083A030F01D10001121F830F01D151
:1011E0008000921E002801DB4000521E120551189B
:1011F0004205C012411810467047C10FC90700D000
:101200004042012292071143D6E701218907D3E723
:10121000F0B58B4C0F09254689B0BD437BD01D0925
:101220002646AE43FAD00E465E402740F60F3E43B8
:10123000254071D024012142FBD0FF24AD19A40424
:101240002D1B039501252D05DB02DB0AC9022B436B
:10125000C90A29431E010901040F130F0501214387
:101260001701880B820391432D098C46A90B1E435D
:101270008A039543B30B9A0396433F09BA0B940331
:10128000A74302962E467E430497B6464E19D719B9
:101290000C460196544305977E43371B7646BF1B89
:1012A0003601B646BE0B361900967646BC04371991
:1012B000009C01D3641C00946400002F01D001261F
:1012C0003443029E049F754366467E43049676002F
:1012D00034196E0034190094029C019E1C19664357
:1012E000751BAE46069465464519059C05956C43ED
:1012F000594375460891691A0191049E014651436C
:10130000A41B0491611A009C0791E10605D06109B4
:101310000122114302E072E06EE06109089D00279E
:101320002C0A2D066918049D7C412A0A2D0669188D
:10133000019D6241AC0DAD026D185441079A910DAB
:10134000920255196141029A644658435443069BE0
:10135000059A5A43121A131B9A0E9B015B187A4185
:10136000010B0005C3185141220A200644195A41B5
:101370009A4200D2491C01204002814203D3152326
:101380000226F64302E014230326F6432020C51A62
:10139000A9401746AF40DA400A4320460399D84097
:1013A0000914731819055118039A3843D20751408C
:1013B000AC4009D00122944006D30022401C514188
:1013C000002C01D1400840001E4A934212D3012252
:1013D00003989206904207DB0520400709181A4837
:1013E0000143C012414004E0032040070818C10F28
:1013F000C907002009B0F0BD0020F107FAE7051881
:101400000C464C4111486D42A04115D394181A4620
:101410005A410E48644290410ED301204A004005D3
:10142000824209D35A00824206D35940C90F084A62
:10143000C90700201143DDE700200649DAE7000074
:101440000000FF07FE070000FFFFFF7F0000E0FF36
:101450000000F07F0000F87F0121C9050123411839
:1014600042001B06D3185B0E0AD0C1100722D20619
:10147000891840075242D14201D55200891870475D
:10148000090208D50146002A03D0C10FC907002070
:10149000704710467047420202D000200249704750
:1014A000072109050143F4E70000F87FF0B5FF25A7
:1014B0002D04C609C209FF2704462E400137CB0977
:1014C0003E4348402A402B400746002A6BD0002B61
:1014D00069D0AA4267D0AB4265D0002800DA324614
:1014E0000125ED0529432C4309022002090AD21ADD
:1014F0004B0C7F24E31A434C000A7C44E35C7D24BC
:101500002404121914145B00A218884201D3521C3F
:1015100000E0400049420C465C4324115C43DB017F
:101520006415E318040A5C43C502200D0C464443CD
:101530006419250A5D432303EC0C0D466543000343
:101540000019EB184C42A34201D35B18401CD40590
:101550002018002B07D05B00C91804D3401C0029B9
:1015600001D1400840003F2189048A4209D3002A62
:1015700008DC1106090F04D0032149074018C00FE9
:10158000C007F0BD01224100120689187F225206D1
:101590009142F6D205214907C84201D59010F0BD0D
:1015A000FF20C005F0BD002F00DA32461648AA42DF
:1015B00007D2AB4205D21902090E17D0F80FC007A7
:1015C000F0BDFF2563002D06AB42F9D84900A942C2
:1015D000F6D8AB4201D1A942F2D0A94201D10021F3
:1015E00001E061004908D0050843F0BD1102090E71
:1015F000FBD0FF200243D005F0BD0A46014610464D
:1016000054E700009FD301000000C07F10B50146E1
:101610009E240002CA15A307002A02D01843002AFC
:1016200004DBA21A002A0CDDD04010BD1206120EF7
:1016300001D140004008A21A03D4D0404042002803
:10164000F3DDFF2248001206904201D9002010BDB0
:10165000C817C043584010BD1F22030C02D10F22EF
:1016600000041CD0030E01D10002083A030F01D17F
:101670000001121F830F01D18000921E002801DBA0
:101680004000521ED20551180212511819229040E2
:1016900004D3491C002801D1490849000846704775
:1016A000C10FC90700D04042012292071143D3E77E
:1016B00001218907D0E7000010B5FF22C30D1340B8
:1016C00009D05A4007D0914205DA5C42A14202DDBE
:1016D000C905081810BDC40FE407002B06D0002A66
:1016E00006D0002902DBFF20C0050443204610BDC0
:1016F0004102FCD0004810BD0000C07F10B500F0D2
:101700006BFB006810BD10B5044600F065FB04607B
:1017100010BDFFB504460D4681B02430009021680D
:10172000880604D51022E0699143216000E0012081
:10173000A84201DD471B00E000270498A1697A193F
:101740001018081AA0612078C00602D42046FEF7BF
:10175000B1FD002608E003986268A168805D9047AB
:10176000206A401C761C206204988642F3DB2078B5
:10177000C0060AD52046FEF79DFD06E06268A16816
:1017800030209047206A401C206238467F1E002887
:10179000F4DC07E000986268A168405D9047206A29
:1017A000401C206228466D1E0028F3DC2046FEF710
:1017B00097FD2078000602D5022005B0F0BD01207B
:1017C000FBE700007047FFB50C461E468FB003CA0A
:1017D000089009914F007D0D00D16D1E0021084633
:1017E0000020C0460321099A89050840002A03DA2F
:1017F0008200801840080840800D01280A9002DD10
:101800000020C0430A90089807430DD0F048F149E2
:10181000281848430714189800281DD07542291E1F
:101820001DDD0A9842421BE01898012802D00020D2
:10183000302104E00020F24305E02154401CB04276
:10184000FBDB30460022189B002121540F998B604E
:101850000A60486013B0F0BDBD1B6D1CDFE70A9A3B
:10186000002900DA69420BA800F03CFB0BAB07CB68
:1018700003AB07C30899099800F0A0FB6B4607C3A8
:101880000146D5480918002D00910BDDD249039877
:101890000A9A49424018002303A90390684600F0C1
:1018A000FDFD08E003990A9A0023081803A9039094
:1018B000684600F09DFD6B4607C30004000C03D092
:1018C0000020C043410800E01046189A002A03D0C7
:1018D0000022009215461EE0751E05D400F080FA25
:1018E000303262556D1EF9D501220843079602D0A9
:1018F00000227F1C04E02078302801D100227F1EC6
:10190000002A069787D01EE0112D07DA00F068FA4A
:10191000303262556D1C02460A43F5D1084303D0AC
:101920000098002819D00EE00021681E05E0235C15
:10193000625C63542254401E491C8142F7DBA81BA1
:10194000401E07950690079A18990020A0540F98FA
:10195000079B069A81600CC07CE711260020189036
:1019600059E7D21DF0B50D460446D10893B0C90021
:1019700003C90C900D9113F0DFFB02460D98C00FC8
:1019800001D02D2007E02068810701D52B2002E03F
:101990004007C00F4001032A0F9001D0072A05DB42
:1019A00003462946204600F059FA0EE120788006C9
:1019B00001D5E76900E006272846652D04D0662892
:1019C00014D0672D69D12DE00020112F009001DB8C
:1019D000112300E07B1C0CAA03A910A8FFF7F3FE5B
:1019E0001199002610987D1C0E9142E001203B4683
:1019F0000CAAC0070B900120009003A910A8FFF7C4
:101A0000E2FE119D12981099002600280E9501D132
:101A1000781C0D18781B02D446427D1C761EE81BEC
:101A200000903AE0012F00DA01270020112F0090EA
:101A300001DD112300E03B460CAA03A910A8FFF723
:101A4000C2FE11993D46109800260E912178090793
:101A50000BD40E99A94200DA0D4603A9012D04DD2D
:101A60004A19203AD27F302A06D0B84201DA011D45
:101A700004DA012100910FE06D1EEFE7002802DC7F
:101A800086192D1A03E0411CA94200DD0D46801B7A
:101A9000401C00900120C0070B902078000705D45F
:101AA0000098A84202DB0020C04300906946002055
:101AB000C8720B98012102AF0337C907884225D0AD
:101AC000022010902B2011900B9800280BDA404236
:101AD0000B902D20119006E00B9800F0BBF83031F0
:101AE0007F1E0B9039701099481E00291090F3DC6E
:101AF0000B980028F0D111987F1E387020880005BF
:101B000001D5452000E065207F1E387001A8C01B6C
:101B1000C01D0B900F98002800D00120411900989B
:101B2000C01709180B980818A169081A401EA0616F
:101B30002078C00602D42046FEF7BCFB0F98002890
:101B400005D06268A1689047206A401C2062207816
:101B5000C00625D52046FEF7ADFB21E0002E07DBB1
:101B60000E98B04204DD03A86268805DA16802E0BF
:101B70006268A16830209047206A761C401C206271
:101B80000098401E002800900AD100F021F9C0689A
:101B900062680168405CA1689047206A401C20622E
:101BA00028466D1E0028D9DC07E062683878A168F5
:101BB0007F1C9047206A401C20620B99481E002918
:101BC0000B90F2DC2046FEF78BFB032042E6000080
:101BD00001FCFFFF104D0000E1DFFFFF01694A1C1F
:101BE00002610878704700B58FB00291002105911D
:101BF0000549019379440391114604906846FEF724
:101C00000BFC0FB000BD0000E5FFFFFF0A6810707D
:101C1000521C0A6070470CC908399A4202D2531C00
:101C20000B601070704710B54369002B02D0C0469E
:101C3000C04601E0FEF765FB012010BD12780146A9
:101C400024310A7000224A700122ECE71168002258
:101C5000D243E8E701468008081A02091018020A70
:101C60001018020C1018C008820012185200891AAD
:101C700001E0401C0A390A29FBD27047F8B5224C12
:101C80004E00069DA6420AD8A64201D1002806D1E0
:101C90005E00A64203D8A6420AD1002A08D00D242D
:101CA000240425422CD02946002000F047FCF8BD32
:101CB0000C461C430CD4994202D0EFF30080F8BDCF
:101CC000904202D0EFF30080F8BDEFF30080F8BD42
:101CD00009242407E5008B4206D0EFF30080A043DF
:101CE000591A06D2284304E0101A05D3EFF30080F6
:101CF000A04380F30088F8BDEFF30080A043F1E734
:101D0000009500F033FCF8BD0000E0FF70B505461B
:101D10004800440D124B0020002C0AD0634008D02C
:101D20009A4206DA6642B24203DD12054019514179
:101D300070BD002C08D0002B09D0C90FC907002A9C
:101D4000F6DB084A114370BDC90FC90770BD2846AC
:101D50000A03104302D00020034970BD284670BD1D
:101D6000FF0700000000F07F0000F87F10B5FF23A0
:101D70001B0644009C421DD84C009C421AD80346C6
:101D8000124A0B4307D4401A02D3EFF3008010BD70
:101D9000EFF3008010BD081A06D2EFF30080012196
:101DA0009043C907084302E0EFF30080904380F3BB
:101DB000008810BD0D231B041A4204D011460020D8
:101DC00000F0BCFB10BD00F05BFC10BD00000090FB
:101DD00000487047EC03002000487047CC03002007
:101DE0000B4670B5024689078008084319469D08CE
:101DF000141AA94125090807054308092C19484167
:101E0000250A01060D43010A2C194141200C0D043D
:101E100028430D0C00194D41002140194D41C008C7
:101E200069070843E908840F8D00254384002418BE
:101E30004D4124196D41121BAB4107E00925ED43CB
:101E40002C11521963410024401C61411C460A2593
:101E50000026551BB441F1D270BD0000F8B51F46F5
:101E6000044601230068DB02032601461840072AC6
:101E700005DB002801D017A506E017A504E000281F
:101E800001D016A500E016A5102081432160A069AD
:101E9000C01E002FA06101D0401EA0612046FEF7A9
:101EA00009FA002F09D038466268A1689047206A75
:101EB000401C2062C01C206206E0206AFAE76268CB
:101EC0002878A1686D1C9047761EF8D22046FEF750
:101ED00007FAF8BD4E414E006E616E00494E460055
:101EE000696E6600F7B516468AB0334878446C468A
:101EF00003467C33C06F5A689B680DC42E487844F3
:101F0000763003AC0DC80DC43720C0010818372146
:101F10001B30FEF735FC05460C46803D1B3C02D5C8
:101F20006442012000E000200027099010E0E00753
:101F30000CD00C2020497843794432464C39411862
:101F40006846012300F054FA6B4607C364107F1CF7
:101F5000002CECD1184F7F442E3F16E0E80712D03A
:101F60002001C0190EC80691089307920068F0423C
:101F700001D1981908903246012306A903A800F060
:101F800037FA03AB07C36D10641C002DE6D1099826
:101F9000002806D032466946012303A800F07EFAE5
:101FA00005E001233246694603A800F021FA0A9BA6
:101FB00007C30DB0F0BD0000B8CA010003464000E1
:101FC0000A4610B5400D0BD00121C9070F24A40209
:101FD00000191C0364082143540D2143D20207E079
:101FE00000210120F2E7D40F490021435200401E96
:101FF0000029F8DADB0FDB07184310BDFFB50D46EB
:10200000144685B04868516813F074F80091019047
:10201000A868A16813F06EF802910390A86861683F
:1020200013F068F8029A12188242029201D201203B
:1020300000E00020019A0B18D2180028019202D06B
:102040008A4202D903E08A4201D2012000E0002046
:102050000099081800906868A16813F04BF8029A7C
:1020600012188242029201D2012000E00020019A5F
:102070000B18D2180028019202D08A4202D903E03C
:102080008A4201D2012000E0002000990818009047
:102090002868216840004900400849084018FA496A
:1020A000471814E001994000C90F084300900198B7
:1020B00002994000C90F084301900298039940001B
:1020C000C90F08430290039840007F1E03900098B8
:1020D0000028E7DA0898002801D0EC4E00E000263E
:1020E000B74201DA012000E00020002804902AD045
:1020F000F71BF806C00E15D0029B2021091A039A7F
:102100008B401A430392029A019BC2408B401A43B0
:102110000292019A009BC2408B4000991A4301929F
:10212000C14000917B110DD06F460320C11A03D529
:1021300000218200B95003E08A008100BA587A5029
:10214000401EF3D5374603980299002800D001209D
:10215000014308980291002808460CD0002800D0BE
:1021600001200199019A490508430121D20AC902B7
:10217000D202019200E001210E9B0122D207012B25
:1021800002D0002B03D013E0002807D120E09042BA
:1021900004D890420CD1019B0B4209D0019B5918E5
:1021A000019105D10099491C009101D17F1C009239
:1021B00000280DD0102108460020C04604980028B1
:1021C00006D00F98002803D0082108460020C046FA
:1021D00028682168019B009A4840C10F0598C907EB
:1021E00039430EC009B0F0BDFFB587B0099A089811
:1021F000089953689268406889689646002203935C
:1022000017469446089A12685300099A5B081268A8
:10221000520052089A1A9E4BD4180A9A002A01D0EA
:10222000352200E040220692002201231546049246
:10223000DB07059324E0002D05D175460346039E78
:102240004D1BB34109D375466646039B491B049D4C
:102250009841059B7519AC465F4163463B4308D0E6
:10226000059B049EDD0776082E435B0804960593C4
:1022700001E0521E641EC50FED0749184041521C73
:10228000069B9A42D7DB002D04D17546039A6B1A40
:10229000824101D203200CE0039A0B466B4042407E
:1022A000134303D0014303D0012002E0022000E0E9
:1022B0000020614601910021009702910A990029AE
:1022C00005D0614640020143704B019102E0800756
:1022D000002302909C4201DA012000E00020070068
:1022E0003AD01A1BD006C00E15D0029D2021019CA9
:1022F000091AC5408C402543029C8C4000D0012423
:102300002543019C0295009DC4408D4000992C43BB
:102310000194C140009154111DD06D46022100224C
:1023200002290CD10320001B07E0002804DB8600F3
:10233000AE59002E00D00122401C0328F5DB081BFB
:1023400002D588002A5004E08000285810438A00F3
:10235000A850491EE3D51C460A98002802980CD0C4
:10236000002800D001200199019A49050843012164
:10237000D20AC902D202019200E00121109B01227F
:10238000D207012B02D0002B03D013E0002807D185
:102390001FE0904204D890420CD1019B0B4209D01F
:1023A000019B5918019105D10099491C009101D157
:1023B000641C009200280CD0102108460020C04662
:1023C000002F06D01198002803D0082108460020CD
:1023D000C04608980999019A009B0068096848401E
:1023E000C10F0798C907214382600AC00BB0F0BD36
:1023F00000B585B0019300920A460146002302A869
:10240000FFF7FCFD02A807C805B000BDFFB50A46EE
:102410001F4685B00799019301230091014602A848
:10242000FFF7ECFD02990398049ECA0F4900D207FA
:1024300000920F22490892028C1A0021002800DB2A
:102440000C46450013486D08844214D3079A002AAD
:1024500004DA441E0026104DF64302E004460D4601
:102460000E46102108460020C046002F03D004214C
:1024700008460020C0462005E90A084300990843A1
:102480006905F20A1143ADE602C0FFFF013C0000FE
:10249000FF3F0000FF070000FFFFFF7F00B585B092
:1024A000019300920A460146002302A8FFF79CFE12
:1024B00002A807C8A8E7FFB50A461F4685B00799D6
:1024C000019301230091014602A8FFF78DFE0299B6
:1024D0000398049ECA0F4900D20700920F224908B0
:1024E00092028C1A0021002800DB0C46450011489E
:1024F0006D08844214D3079A002A04DA441E002689
:102500000D4DF64302E004460D460E4610210846E6
:102510000020C046002F03D0042108460020C046FA
:102520002005E90A0843009908436905F20A1143A6
:1025300058E60000FF070000FFFFFF7FC80212D52A
:102540004803400F002804D0C803C043012188403D
:102550007047EFF3008000010009032109070843D9
:1025600080F30088704700207047000010B50020FD
:102570000249029A00F008F910BD00000000F87F3F
:10258000F0B53D4B02460C461C400020002C63D0A9
:102590003A4D8B4366D000296BDB0B0D1D05A9431B
:1025A00001252D0529430124FD33E34001D3921871
:1025B0004941FF3381339C468B02940D0121234313
:1025C00089074C42920200271B198C105D1A04D413
:1025D0002D1B02D42B466500491992185B416408F3
:1025E000F4D15C1A08D40125ED07EE175519744192
:1025F00002D42A462346491C94185B4101229207C3
:102600001D46E61B8D4106D4B61A854103D42B46E0
:10261000550034467F1924195B415208802AEFD1B6
:10262000234300D0022338460A22D04001D301229E
:1026300013438A0510436246890A12058918002B44
:1026400009D00122D34002D30022401C5141002B6B
:1026500001D140084000F0BD0B03134307D0C90F60
:10266000C907F0BD0803104303D1002901DB104660
:10267000F0BD00202946F0BD0000F07F0000F87F8B
:1026800010B5024800F080F810BD00000000C07FC7
:1026900000487047CC0300207546FFF7F9FFAE46AF
:1026A000050069465346C008C000854618B020B5ED
:1026B000FDF742FD60BC00274908B6460026C0C5AC
:1026C000C0C5C0C5C0C5C0C5C0C5C0C5C0C5403DEA
:1026D00049008D46704710B50446C046C0462046A6
:1026E000FDF7AAFD10BD000082078B079A4237D183
:1026F00070B5920F0AD0032402780B78401C491C55
:10270000002A2BD09A4229D12042F5D11D4EF40146
:1027100004C808C9951B9543254010D19A4207D19A
:1027200004C808C9951B9543254008D19A42EFD0AB
:1027300012BA1BBA01209A4200D2404270BD12BAAE
:102740001BBA2DBA18241000E0401900E140401ACD
:1027500005D12E00E64002D1083CF4D1D01A70BD5C
:1027600002780B78401C491C002A09D09A4207D1F4
:1027700002780B78401C491C002A01D09A42EFD005
:10278000D01A70470101010110B50C461107090F5D
:10279000092904D00A290AD008290CD104E01146DD
:1027A0000820FFF7CBFE06E0510606D501E05106F2
:1027B00001D50120C007214610BDD10607D5010172
:1027C0000909CC084907000E0006044309E0410F3F
:1027D00020024907000A0143200E00061D22D141B4
:1027E00001430846E7E7000001491820ABBEFEE7B9
:1027F00026000200704770B58C180578401C6B07E6
:102800005B0F01D10378401C2A1106D10278401CCD
:1028100003E00678401C0E70491C5B1EF9D12B07A3
:1028200005D40023521E0DD40B70491CFAE703781F
:10283000401CCB1A921C03E01D780D70491C5B1CD8
:10284000521EF9D5A142D8D3002070BD8030C1609E
:10285000704780220029016801D0114300E09143B4
:102860000160704710B504210348FFF7EFFF0349EB
:102870000120087010BD0000000001400C00002085
:1028800080308068084000D001207047F0B50025F6
:1028900087B002952E46039500247B4F03223C709F
:1028A00023461146794800F03FF9022200231146E1
:1028B000764800F02AF9012200231146734800F0FF
:1028C00024F900231A461946704800F01EF9012128
:1028D0006E4800F03FF9387800280ED17D273F017F
:1028E0000220641C12F030FDBC4202DB002007B065
:1028F000F0BD654800780028F2D06448016B426B57
:102900000905090D6D1802991205120D8918029119
:102910000399806B761C0005000D08180390052EA6
:10292000BADB28463146FDF71DFF0190314602987B
:10293000FDF718FF044631460398FDF713FF0746DD
:102940002046FEF7B5FE524913F0E0FD514C2061E0
:10295000FEF782FD05460E463846FEF7A9FEFEF755
:102960007BFD00224C4BFEF753FC2A463346FEF714
:10297000B8F9FDF7EFFF4949FEF798FD484913F014
:10298000C5FD414D0646E0606878002809D0E8683A
:10299000FEF786FE314613F0B9FD4249FEF786FD8B
:1029A000E0600198FEF784FE394913F0AFFD074659
:1029B0000121C9023C4805F0BDFD01283FD0384641
:1029C000FEF74AFD0022394BFEF796F905460E4602
:1029D0003749384613F09AFDFEF73EFD2A46334646
:1029E000FEF7A2F9FDF7B6FF3249FEF75FFDFEF7ED
:1029F00033FD12F0E7FC00222F4BFEF795F92F4A2A
:102A00002F4BFEF761F902460B4600202D49FEF7D9
:102A10008BF9FDF79FFFFEF71FFD2B4A2B4BFEF7AF
:102A200060F9FDF797FF2A4913F000FD2949884214
:102A300002D8294988421BDD002020701AE027496E
:102A40003846FEF733FD0646A0606878002809D0B6
:102A5000A868FEF725FE314613F058FD1149FEF730
:102A600025FDA0600121C9020F4805F01FFD07E008
:102A70000121217001216060C9020B4805F05FFD52
:102A8000012007B0F0BD00000C0000200000014054
:102A90000000203A880100200000443F0000484226
:102AA00000007AC400007A4400200B40000004407B
:102AB000000020410000704100F4AA4083DBB5DC37
:102AC000E1796B3F0000F03F666666666612714012
:102AD000000040C0000020C20000FA428C2EBA3D27
:102AE00010B504210348FFF7CBFE012801D1FFF701
:102AF000B9FE10BD000001408030002A026801D0FC
:102B00000A4300E08A4302607047930830B49B0098
:102B10001B1858689207D40E1F22A2409043A14070
:102B20000843586030BC70475B1E12021B04FF3A1A
:102B3000013A13430B430168802211400B430360A9
:102B40007047CA06D20E02674909490141677047BA
:102B5000016270470029416F02D00122114301E058
:102B6000490849004167704710B40022072801D97D
:102B7000012208389300064A9B181A6880000F2427
:102B80008440A24381401143196010BC704700008B
:102B900000200240F0B5374BC000C61893B048087B
:102BA0000E9010010C908808069010020B90C80837
:102BB0000590100309900809049010040890480932
:102BC0000A90100507908809864610060390C809E8
:102BD00000258446100702900020FF24AC400346E5
:102BE0000C4240D00124AC40214201D00F201346BA
:102BF0000E9F274203D0F02738430C9F3B43069F8C
:102C0000274204D00F273F0238430B9F3B43059FC9
:102C1000274204D00F273F033843099F3B43049FBB
:102C2000274204D00F273F043843089F3B430A9FA5
:102C3000274204D00F273F053843079F3B43774681
:102C4000274204D00F273F063843039F3B43674684
:102C5000274204D00F2424072043029C23433468D6
:102C600084431C4334600835361D092DB4DB13B092
:102C7000F0BD00002020024018488078002801D1D3
:102C80000120704770B5012180200CF01DF900284B
:102C900023D00A2012F032FB002120200CF014F97E
:102CA00004460A2012F02AFB012140200CF00CF906
:102CB000044012F04BF9642012F020FB0021402068
:102CC0000CF002F920400546002180200CF0FCF8B1
:102CD00004462C4012F03AF9204670BDA4000020B2
:102CE00018488078002801D10120704770B5012173
:102CF00080200CF0E9F8002823D00A2012F0FEFA18
:102D0000002140200CF0E0F804460A2012F0F6FA08
:102D1000012120200CF0D8F8044012F017F96420AB
:102D200012F0ECFA002120200CF0CEF820400546ED
:102D3000002180200CF0C8F804462C4012F006F95F
:102D4000204670BDA4000020F8B500207E4C03464C
:102D50006070A0707DA27EA1632010F027FF01218A
:102D600002200CF015F806460A2012F0C7FA694650
:102D700002200BF0D5FF0546684635400078012655
:102D800070406070002102200CF002F828400746D5
:102D900060780021002806D002200CF095F8384019
:102DA000050002D009E00120F9E703236CA26DA120
:102DB000632010F0FBFE0FF0C1F96E4F6178387898
:102DC000884311D004236CA26CA1632010F0EEFEA6
:102DD000C82012F093FA042367A26CA1632010F0BC
:102DE000E5FEC82012F08AFA00236CA26CA16320D1
:102DF00010F0DCFE012104200BF0CAFF0540012188
:102E000008200BF0C5FF05400A2012F077FA69464A
:102E100004200BF085FF0540684600786946704045
:102E2000A07008200BF07CFF054068460078002861
:102E300001D00020A070002104200BF0A9FF054064
:102E4000002108200BF0A4FF054026700021082077
:102E50000CF03AF80540002104200CF035F8284227
:102E600007D1002352A253A1632010F09FFE0FF060
:102E700065F93878A178884311D0042351A23FA185
:102E8000632010F093FEC82012F038FA04234DA2FC
:102E90004DA1632010F08AFEC82012F02FFAA0780E
:102EA00000282BD04C484D498068884226DB4C488E
:102EB000807A002823D0012180200CF005F800281A
:102EC0001CD00A2012F01AFA002140200BF0FCFF5F
:102ED0000A2012F013FA012120200BF0F5FF12F066
:102EE00035F8642012F00AFA002120200BF0ECFFE4
:102EF000002180200BF0E8FF12F028F8F8BD012136
:102F000080200BF0E1FF0028F8D00A2012F0F6F93B
:102F1000002120200BF0D8FF0A2012F0EFF9012148
:102F200040200BF0D1FF12F011F8642012F0E6F906
:102F3000002140200BF0C8FF002180200BF0C4FFCF
:102F400012F004F8F8BD0000A400002034350000A1
:102F5000B3F5CABCBBAF4154434DC4A3BFE90000A5
:102F6000464300004154434DC4A3BFE9D2ECB3A390
:102F7000000000003100002034360000BCECB2E25A
:102F8000B5BDBEC9B0E6D3B2BCFE00004154434D4E
:102F9000C4A3BFE9D2D1BDFBD3C3000034370000C6
:102FA000B3F5CABCBBAF41504D4DC4A3BFE900004F
:102FB0004644000041504D4DC4A3BFE9D2ECB3A339
:102FC000000000003438000041504D4DC4A3BFE95B
:102FD000D2D1BDFBD3C30000880100200000F04027
:102FE000B4030020F0B5554C83B0A07800283ED043
:102FF000002568460095057106F04CFB01A806F017
:1030000027F8217801274E4E4E48002969D0012922
:103010002FD002292BD10420205E002808DD401E7D
:1030200000B2A080002803D1012108200BF04CFF42
:1030300081200099C005814210DB6846007907288D
:103040000CD000280AD04048814210DC0021082022
:103050000BF03AFF052012F051F966E0002108203C
:103060000BF032FF012104200BF02EFF257003B07E
:10307000F0BD80683549884203DB3549897A0029EB
:1030800003D05020A08003B0F0BD0421615E002970
:1030900004DD491E09B2A1800029F4DCFEF7DCF949
:1030A00032462C4BFDF710FE06460F460098FEF701
:1030B000D3F932463B4613F053F9CFD36846007933
:1030C0000728CBD00028C9D0234800998142DADDF7
:1030D0000420A08001210BF0F7FE0220207003B035
:1030E000F0BD694609790729F9D00029F7D0009980
:1030F000194A0291914207DD012108200BF0E4FEFC
:103100000220207003B0F0BD8068FEF7A5F93246BA
:10311000104BFDF7D9FD05460E460298FEF79CF9C7
:103120002A46334613F04EF9ECD2002104200BF06E
:10313000CBFE1020A080277003B0F0BDA4000020BB
:103140009A99999988010020666656410000F040DE
:10315000B40300209999B93F66665E4106498978B3
:10316000002901D101207047012110B541401020F4
:103170000BF0AAFE10BD0000A4000020054A527802
:10318000002A01D10120704710B5014602200BF042
:103190009BFE10BDA400002010B5124C60780028E2
:1031A00012D0002102200BF08FFEA078002810D052
:1031B000002108200BF088FE142012F09FF8002157
:1031C00004200BF081FE10BD012102200BF0E0FD78
:1031D000EBE7012104200BF0DBFD012108200BF0BF
:1031E000D7FD10BDA400002070B584B0184E002596
:1031F000164C334617A221210A200195009409F0AC
:1032000057FB0C200190174B17A221210295009427
:103210005B2009F0B7FD334616A231213820019515
:10322000009409F045FB731015A240210A20019576
:10323000009409F0DDFC154B15A240215E2001959C
:10324000009409F0D5FC04B070BD000010840000AB
:10325000FFFF0000B9D8D7A2DFD9C1A8DFD9C1A824
:1032600000000000E0FF0000404D5038363935378F
:1032700000000000D0BBD0BBDFF7A3A1000000001E
:103280004E6F7620313420323032350020FD000080
:1032900031353A34353A32360000000070B5104C02
:1032A0000026A079052809D10E4D012168784840F3
:1032B000687002D001200EF0A1FF2E70A0790428C2
:1032C00009D100200EF09AFF07480078002804D0AA
:1032D000064811F063F8A67170BD0548F9E70000D3
:1032E00028000020180100204C00002004CE01001E
:1032F00098D30100F0B5494F0C2638780024484D8A
:1033000083B000281BD0787800280BD003F076FB20
:10331000034644A2312138200095019409F0C8FAEF
:1033200003B0F0BD03F06AFB034641A22821372019
:1033300001960095029409F025FD03B0F0BD0DF053
:10334000F1FA79783D4B00290095019429D03C4A47
:1033500021210A2009F0ACFA3A4B3B4A21215B209B
:1033600001960095029409F00DFD344B374A312146
:1033700038200095019409F09BFA354B354A4021DD
:103380000A200095019409F033FC334B334A402165
:103390005E200095019409F02BFC0120387003B0E9
:1033A000F0BD2FA21521042009F022FC234B32A2EC
:1033B000282104200095019409F07AFA1F4B1CA2E1
:1033C0002821372001960095029409F0DBFC1B4B65
:1033D0002CA2282185200095019409F069FA174B49
:1033E0002AA23D2107200095019409F061FA134BB0
:1033F0003A223D21392001960095029409F0C4F942
:10340000134B25A23D21402001960095029409F01E
:10341000B9FC0120387003B0F0BD00001801002095
:1034200010840000D0BBD0BBDFF7A3A100000000D8
:1034300052656473746F6E6572333500FFFF000070
:1034400054320000E0FF00006832000074320000D7
:10345000FF7F00008032000020FD0000903200005D
:10346000444645782D47543936D6C7BBDBB5E7B35C
:10347000D8D7D3CFB5CDB300C8EDD3B2BCFED3C936
:1034800000000000C9E8BCC600000000B9CCBCFECA
:10349000B0E6B1BE0000000056312E3520427569FD
:1034A0006C6431310000000010B5024810F076FF66
:1034B00010BD000000D701000B480821415E002923
:1034C00001DD491E01810621415E002901DD491E01
:1034D000C1800189002905D10C21415E002901DD4F
:1034E000491E8181704700001E0100200348002111
:1034F0000181418101718170704700001E0100202F
:10350000F0B5FF4883B080780A283ED201007944A4
:10351000097949188F44043B13D183FEF6F5F4F47E
:103520000DF000FA0021F74801910090F64BF7A248
:1035300016210E2009F0BCF904F0D2F922E00DF0BA
:10354000F1F9F04800250090EF4BF0A2162101950B
:103550000E2009F0ADF9EA4C2020E0800020FFF7B2
:10356000FDFD06460A2011F0C9FEFFF7B9FB064033
:103570000120FFF703FE304202D12571042000E054
:103580000120A070E7490120087003B0F0BDE649B2
:103590000120E44E087030780028F6D00DF0C2F912
:1035A0000025D84FD84BD9A216210E20009701959F
:1035B00009F07EF9D24C0620205E00281AD002289D
:1035C0000BDAE5800020FFF7D9FD052011F096FE0B
:1035D000FFF752FB0120FFF7C1FDD448357000789A
:1035E0000028D2D0072818D0022020710420A07013
:1035F00003B0F0BDCE480078002805D0042020712B
:10360000A070357003B0F0BDCA4BCBA225211120AC
:103610000097019509F0ECFADFE70320E7E7C248DD
:103620000127B74E077030780028EBD10DF07AF9FA
:103630000024B44D1F23DB02C4A216210E200095E6
:10364000019409F035F93079052831D20100794427
:10365000097949188F4414021D240B00B54BC1A2EF
:10366000252120200095019409F022F920E0B14B9A
:10367000C0A2252120200095019409F019F917E036
:10368000AC4BC1A2252120200095019409F010F92E
:103690000EE02521A74BC0A211200095019405E062
:1036A000A44BC2A2252120200095019409F000F925
:1036B00010F0A0FB377003B0F0BD0124042007F028
:1036C0009FFC002800D100240021084605F06BFC77
:1036D000002819D0002C17D08949052088709448FB
:1036E00000780028E7D00020FFF748FD052011F002
:1036F00005FEFFF7C1FA0120FFF730FD03B0F0BD72
:10370000CDE020E011E005E07D48002101710421B9
:103710008170F3E78449012008708448007800280C
:10372000ECD1774906208870E8E7012007F068FCB3
:1037300004460121002005F036FC2042E4D0704907
:1037400007208870DAE7784901206D4D0870E87825
:10375000002832D0994CA07A002810D1E88800289F
:1037600001D11020E8800620285E102802D00A2807
:1037700002D004E0002000E00120FFF7FFFC9048A9
:103780009049006840004008884202DBA07A002887
:1037900002D12889002802D05020A8810DE0A889F4
:1037A00000280AD1E870FFF7E9FC052011F0A6FD1A
:1037B000FFF762FA0120FFF7D1FC83484178002926
:1037C00006D10078022803D02889002818D021E0EB
:1037D0000820285E082802DD0020288101E000285A
:1037E00018D10A20285E032807DA05F07FFB6889D4
:1037F000401C6881082028810CE00820A87009E09E
:103800000A20285E002805D010212981002801DD2A
:10381000401E688102F016FF002802D00920A8701F
:1038200002E0A878072830D00021084605F0BBFB4D
:10383000042007F0E5FB0024642011F05FFD641C08
:10384000052CF9DB61480078002804D00021012014
:1038500005F0A9FB0EE05E480078002805D05D4821
:103860000178012005F09FFB04E05B48017801200E
:1038700005F099FB02F0DCFB002800D0032007F0E4
:10388000BFFB05F033FB0020687026480078002855
:1038900000D133E70DF046F800F0C6F82EE72249D4
:1038A0000120204D087028780028F2D00DF03AF859
:1038B000134CA078092821D0002112481F23019120
:1038C0000090DB0245A216210A2008F0F1FF10F05B
:1038D00091FA1748E178007808420CD00020FFF7F1
:1038E0004DFC052011F00AFDFFF7C6F90120FFF796
:1038F00035FC0020E07000202870FFE67AE0000030
:103900001E01002010840000FFFF0000CACAC5E4A9
:10391000C6F7C4A3C4E2BFAAC6F4D6D0A1ADA1AD78
:1039200000000000B0000020AE000020B600002023
:10393000A5000020E0FF0000C7EBBDABB8BAD4D8AB
:10394000C1ACBDD3B5BD555342000000CACAC5E4E1
:10395000C6F7C4A3C4E2BFAAC6F4CAA7B0DCA3A139
:1039600000000000B5E7B3D8B5E7D1B9B9FDB5CDD2
:1039700000000000B7C5B5E7CAE4B3F6BFAAC6F4B5
:10398000CAA7B0DC00000000D0BEC6ACCDA8D0C530
:10399000B4EDCEF300000000CFB5CDB3B4A6D3DABA
:1039A000B7C7D5FDB3A3C4A3CABD0000CFB5CDB37F
:1039B000B3F6CFD6B9CAD5CF00000000B8010020B9
:1039C000C0000020CDCCCC3DB90000204701002034
:1039D000750100205D00002076010020CFB5CDB339
:1039E000B3F6CFD6B9CAD5CFA3ACC4A3C4E2CDA396
:1039F000D6B90000002105481F2301910090DB0289
:103A000003A216210A2008F053FF60E7108400008B
:103A1000B5E7B3D8B5E7C1BFB9FDB5CDA3ACC4A375
:103A2000C4E2CDA3D6B90000F0B5FD48FD4C007846
:103A3000FD4F002585B0002806D01721FB4BFCA2C6
:103A400016200195009425E0FE48FF49007809788A
:103A5000084218D0FD48817AFD48C07801430BD058
:103A6000002810D03F235B01FAA2172116200195F0
:103A7000009409F0BDF80FE017213B46FAA20D2093
:103A800001950094F5E73F235B01FDA21721192062
:103A90000195009408F00CFF3B46FEA22C21062065
:103AA0000195009408F004FF0C263B463A222C2195
:103AB0001E2001960295009408F066FEE348807A85
:103AC00000286ED0E0480178F44800296AD0F44913
:103AD0000068096812F01AFD4000F2494008884267
:103AE00009DA024602232C2129200097029601942C
:103AF00008F09AFF17E0EC49884209DA02460123F0
:103B00002C21292000970296019408F08DFF0AE0ED
:103B1000FDF77CFD82B204232C2129200097029618
:103B2000019409F0A9F83B4657222C215220019616
:103B30000295009408F028FEC449087A002804D0B1
:103B400001284ED0022855D05DE0487A01285AD08D
:103B5000082845D201007944097949188F44959580
:103B6000030D17232D373B46D0A22C216720019649
:103B70000295009409F006F987E03B46CDA22C217E
:103B8000672001960295009409F0FCF87DE0CB4B8C
:103B9000CBA22C21672001960295009409F0F2F83F
:103BA00073E061E036E0C54BC7A22C216720019687
:103BB0000295009409F0E6F867E0C54BC5A22C21F8
:103BC000672001960295009409F0DCF85DE0C04B97
:103BD000C2A22C21672001960295009409F0D2F828
:103BE00053E03B46BFA22C2167200195009408F0CA
:103BF0005FFE4AE03B46BDA22C2167200195009460
:103C000008F056FE41E02C213B46BAA26720019500
:103C1000009438E0A94900910296019402680223B9
:103C20002C21292008F000FF3B4656222C2152204F
:103C300001960295009408F0A7FD994802230068B8
:103C40002C214200A248009052080296019467205D
:103C500008F0EAFE3B4641222C2190200196029575
:103C6000009408F091FD10E0994BA5A22C21292089
:103C700001960295009409F085F83B46A2A22C21FA
:103C800056200195009408F013FE3B46A0A23D216A
:103C900006200195009408F00BFE3B463A223D2198
:103CA0001E2001960295009408F06EFD66489A4920
:103CB0000078002872D09948994A006843005B0850
:103CC000934200DA0020096812F020FC4000754998
:103CD0004008884209DA024602233D212920009744
:103CE0000296019408F0A0FE17E06F49884209DAB5
:103CF000024601233D21292000970296019408F0F5
:103D000093FE0AE0FDF782FC82B204233D212920C4
:103D100000970296019408F0AFFF3B4657223D21E1
:103D2000522001960295009408F02EFD7D480178FE
:103D300000291CD04068FDF769FC002821DAFF2724
:103D40004042D03703903B462D223D2101960295FB
:103D50000094672008F018FD0398009782B202963D
:103D6000019402233D21672008F086FF27E03B46AF
:103D70006DA23D21672001960295009409F002F89A
:103D8000DFE00A2801DA1F2710E06849496C0A467B
:103D9000143A824203DD3F277F0107E019E008392A
:103DA000814201DD4A4F01E01F27FF0282B2022358
:103DB0003D21672000970296019408F05DFF3B4685
:103DC0005BA23D21882001960295009408F08CFDAD
:103DD000B7E03A480090029601940A6802233D2118
:103DE000292008F021FE3B4656223D215220019613
:103DF0000295009408F0C8FC484800684200484812
:103E00005208824200DA00223148009002233D210C
:103E100002960194672008F007FE3B46412289E0A4
:103E20005E00002010840000FFFF000020FD000065
:103E3000CFB5CDB3B9FDC8C8A3ACC4A3C4E2D4DD2B
:103E4000CDA30000A5000020B4000020B801002090
:103E50001E0100205553422D41BFDAC4A3C4E2D253
:103E6000D1BFAAC6F4000000B0B4CFC2456E7465DD
:103E700072BFAAC6F441BFDAC4A3C4E200000000C6
:103E8000CACAC5E4C6F7C4A3C4E2D2D1BFAAC6F465
:103E900000000000CAE4B3F600000000BC000020EF
:103EA000C00000200000C84200007A44504420377F
:103EB000560000005044203956000000FF7F0000EB
:103EC0005044313256000000504431355600000055
:103ED000E0FF00005044323056000000504445508E
:103EE00052000000B8DFD1B900000000B8DFC1F710
:103EF00000000000BFECB3E4B9D8B1D50000000069
:103F0000547970652D430000CEB4C1ACBDD3000020
:103F1000B5E7B3D800000000C4000020C8000020AE
:103F2000CDCC4C3D880100202D2D2D00A802002075
:103F3000A1E600003D21902001960295009408F032
:103F400023FC0248057005B0F0BD0000B000002061
:103F5000F8B53448344F0078344C0025002818D088
:103F6000B879032815D1A078072857D1E078002820
:103F700013D00020FFF702F90646052011F0BEF924
:103F8000FEF77AFE06400120FFF7E8F8304200D045
:103F9000E570B879042816D040E02548807A0028DA
:103FA0003CD1FFF7DBF806460A2011F0A7F9FEF72F
:103FB00097FE06400120FFF7E1F83040E070E8D0BE
:103FC000A020A081E5E7E078002802D1A0780728AA
:103FD0000AD00020FFF7D2F8052011F08FF9FEF784
:103FE0004BFE0120FFF7BAF8124813490278002A65
:103FF0000CD005700D7000215023A02208460095BA
:1040000008F0B0F80D4810F0C9F905E0087800286C
:1040100006D00B4810F0C2F902F0B4FCBD71F8BD37
:104020000848F7E7A5000020280000201E01002016
:10403000B80100204B0100204C0000209CC9010069
:1040400004CE010098D3010010B500230FA210A1E7
:1040500048200FF0ABFD124A1248D17A03789942FA
:1040600011D00170002901D0012906D1022101706F
:10407000D17201210C4810F0E3FF08F04DF98021C6
:104080000A4804F013FA0BF099FA10BD3237000019
:10409000C9E8D6C3CFD4CABEB7BDCFF20000000076
:1040A000E802002009000020A802002000400B4088
:1040B00008480821C1700A2181600749097A00294E
:1040C00006D00649C97A002901D04B2189014160F7
:1040D000704700005000002074030020B40300204B
:1040E00070B50D4C00256068012807D000280BDD55
:1040F000E178002909D0491EE17009E007486560B0
:10410000C57204F051F9A56070BD0821E1702570F9
:10411000401E606070BD000050000020B40300200D
:10412000F8B5704901200870FF216F4AE131118014
:104130006F496E4C8D796F49704A0978704B8E4685
:1041400021460979E6788C466B4912781B78062E51
:1041500047D237007F443F79FF19BF440228576692
:1041600088A7002A03D0052A01D050262671664E62
:10417000644F37602679002E09D0042D13D0072A0A
:1041800011D05C4A73452CD00870137090E0087011
:10419000E07060700EF0B6F8002069460870487054
:1041A000887068462FE008700520E07080E0564A6D
:1041B000774613684F4A5E073E4313D05E0701D02F
:1041C00000261670042D04D0504A514D9268AA4220
:1041D0000FDA08704C48002101600520E0700EF0F5
:1041E00091F865E0087010704A4A5669761C56616D
:1041F000E8E7002B5CDC08700220E07028202071CA
:104200000EF080F8444806F0C1FE51E0002A03D0C9
:10421000072A01D00322E2706246002A48D10870C2
:104220000420E0701820207142E00026364F002A5A
:104230003E6004D0052A02D05027277102E067466D
:10424000002F07D0072A05D0042D0AD0294A73452C
:104250002ED099E708700420E07018202071267095
:1042600026E008700520E0700EF04CF820E0604673
:1042700010431DD100252448A5700560254E2571E9
:10428000E5703046B56201F0D5FFF06410F024FF10
:104290006078002820D100215023A02208460095F4
:1042A00007F060FF1D4810F079F801E0042D03D0FD
:1042B0000F4900208871F8BDA070134800250560E3
:1042C0002571E570134801F0B5FF1249C86410F07C
:1042D00003FF60780028DED065700EF013F806F05A
:1042E000B7F9D8E7AE000020060000203C0100200E
:1042F000280000203601002035010020B6000020F3
:10430000B4000020803202007800002088010020E4
:104310009A99214174030020D00200209CC9010019
:10432000E4480078002803D1E348807900287AD057
:10433000F0B585B00CF0F6FAE0480C25C078E04CFA
:10434000E04F002606286FD2010079440979491808
:104350008F4402FDFC02FBFADB49097805293BD0BA
:10436000062943D0D94B03280196009448D0D8A2FF
:104370001621212008F09CFA3B46D9A228210620CC
:104380000196009408F094FA3B463A2228211E2018
:1043900002960195009408F0F7F9D34800780028B8
:1043A00078D0D248D2490068420052088A4200DAE6
:1043B0000020D049096812F0A9F84000CE49400811
:1043C000884223DA024602232821292000970295F9
:1043D000019408F029FB33E03F235B01C7A21621BB
:1043E00021200196009408F063FAC5E71F23DB0241
:1043F000C6A2162121200196009408F059FABBE7C5
:10440000C6A21621212008F053FAB5E7C749884211
:104410000BDA0246012328212920009702950194F6
:1044200008F002FB0CE043E13CE1FDF7EFF882B25B
:1044300004232821292000970295019408F01CFCF0
:104440003B4657222821522002960195009408F0FD
:104450009BF9B748017800291DD04068FDF7D6F8D0
:10446000002822DAFF274042D03703903B462D2216
:104470002821029601950094672008F085F9039899
:10448000009782B20295019402232821672008F048
:10449000F3FB27E030E03B46A6A2282167200296E6
:1044A0000195009408F06EFCFCE00A2801DA1F2751
:1044B0000FE0A149496C0A46143A824202DD3F27C7
:1044C0007F0106E00839814201DD9C4F01E01F2792
:1044D000FF0282B2022328216720009702950194EF
:1044E00008F0CAFB3B4696A2282188200296019537
:1044F000009408F0F9F9D5E0924800907D480295C3
:104500000194026802232821292008F08DFA3B46F5
:1045100056222821522002960195009408F034F981
:1045200072480068420072485208824200DA002253
:10453000824800900223282102950194672008F008
:1045400073FA3B46412203E0A3E09AE08AE005E0EB
:104550002821902002960195009426E0594B7AA2DA
:10456000162121200196009408F0A2F95E480078F7
:1045700000281DD0534F78A23B46282119200196D0
:10458000009408F035FB781000905A480295019489
:104590000268022328214F2008F046FA3B465622A3
:1045A0002821782002960195009408F0EDF879E032
:1045B0006C480068C117490F0818C010E1210901B3
:1045C0000190FCF7DDF8009008463C21FCF7D8F894
:1045D00007463C210198FCF7D3F80098039104901A
:1045E000384B61A22821019600940E2008F000FBB0
:1045F0003F20400100900498029582B2019401236B
:104600002821332008F038FB2E4B59A228213E20C8
:104610000195009408F04CF93F2040010090BAB297
:1046200002232821029501944E2008F025FB254BFA
:1046300050A2282162200195009408F039F93F200A
:104640000399400100908AB2029501940223282127
:10465000722008F011FB28211A4B47A286200195F1
:1046600000941DE03B4645A216210A2001960094C5
:1046700008F01EF928213B4646A22E200196009400
:104680000EE03F235B01222145A2212001960094E8
:1046900006E01F23DB0246A222211B200196009484
:1046A00008F006F90FF0A6FB0248067005B0F0BD51
:1046B0007047000035010020280000203C01002048
:1046C00010840000FFFF0000B600002020FD000065
:1046D000B5E7B3D8B0FCB3E4B5E7D6D0A1AD0000E0
:1046E000B5E7B3D800000000B4000020C8000020E7
:1046F000CDCC4C3DC40000200000C842C8B7C8CF94
:10470000B3E4C2FAD7B4CCACA1AD0000B5E7B3D8DE
:10471000B0FCB3E4B5E7D2ECB3A30000B5E7B3D87F
:10472000B6FEB4CEB2B9B5E7D6D0000000007A44E8
:10473000880100202D2D2D00A8020020E0FF0000A0
:10474000A1E60000FF7F0000D7D4B6AFBEF9BAE201
:10475000D4CBD0D0D6D00000B5E7B3D8B5E7D1B927
:104760003A00000078000020CAA3D3E03A0000001D
:10477000CAB10000B7D60000C3EB0000C8B7C8CF6D
:10478000CAC7B7F1BFC9D2D4B6FEB4CEB2B9B5E785
:1047900000000000C7EBC9D4B5C8A1ADA1AD0000B1
:1047A000D7D4B6AFBEF9BAE2D2D1BDE1CAF80000A3
:1047B000D7D4B6AFBEF9BAE2D2ECB3A3BDE1CAF822
:1047C0000000000003490879002801D0401E08714C
:1047D000704700003C01002010B502480FF0DEFDDC
:1047E00010BD0000B4E4010010B5054CA079042808
:1047F00002D104480FF0D2FD0020A07110BD0000CE
:1048000028000020E8CE010010B5054800780028F7
:1048100003D004480FF0C2FD10BD0348FAE70000C2
:104820004C00002004CE010098D3010010B50248CE
:104830000FF0B4FD10BD000004CE010010B5024819
:104840000FF0ACFD10BD000098D3010010B5094C6D
:10485000A07904280AD108480078002807D0074822
:104860000FF09CFD00200649A071087010BD05489E
:10487000F6E70000280000204C000020F0CF0100E7
:10488000EE00002098D30100F8B53F4C3F4E217850
:1048900000270125B079002906D001292CD0022952
:1048A00059D0032967D156E0012804D0022807D047
:1048B00004280BD011E0606810285FDA401C03E088
:1048C000606801285ADD401E606057E0304800787B
:1048D000002806D02F480FF061FDB079032802D0E0
:1048E00049E02D48F7E7E1216068C90148432B49B9
:1048F00008602570657041E0FF21E131284A0428F5
:10490000118004D0274828498068884204DA234867
:104910006570076003201CE02048006800280EDD59
:10492000A2784107114303D0400724D0A77022E0AA
:1049300065701E48A5704169491C41611BE01B4818
:10494000876201F077FC1949C86410F0C5FB6570F7
:10495000022020700FE004280DD1144801F06AFCF9
:104960001249C86410F0B8FB09480078002808D044
:1049700008480FF013FDB079002800D06570B771BA
:10498000F8BD0548F5E700003401002028000020AC
:104990004C00002004CE010098D3010078000020D4
:1049A00006000020880100209A992141740300200C
:1049B000F0B5864E85B07078002803D184488079A0
:1049C00000287DD00BF0AEFF3078824F0C240025FC
:1049D000002808D03F235B01012829D0022870D08D
:1049E00003286FD1EAE07C4B7CA21521232000979D
:1049F000019507F05DFF784B7CA22A2120200097CB
:104A0000019507F055FF7B4801970294009070686C
:104A100082B20A2801DA392000E03D2002232A214F
:104A200008F02AF96C4B74A22A2100970194BDE08A
:104A300068483F2300905B0172A216210195212056
:104A400007F036FF7349012008707348007800288A
:104A50001DD072480068C117490F0818C710E1211E
:104A600009013846FBF78CFE009008463C21FBF715
:104A700087FE04903C213846FBF782FE009F554894
:104A80000391019500900A2F23DA0E2022E0514F66
:104A9000514B63A2282119200097019508F0A8F82E
:104AA000624800906248019702940268022328211C
:104AB0004F2007F0B9FF56222821474B782002E00B
:104AC0007AE050E075E000970295019407F05CFEF3
:104AD0006FE00B20404B57A2282108F089F83F21B6
:104AE00049013C480294009101900A2F01DA012308
:104AF00000E00223BAB20A2F01DA332000E02D20B1
:104B0000282108F0B9F8334F334B4CA228213E201E
:104B10000097019407F0CCFE3F20400100900498DC
:104B2000019782B20294022328214E2008F0A4F8B3
:104B3000294B43A2282162200097019407F0B8FE78
:104B40003F20400100900398019782B20294022313
:104B50002821722008F090F828211F4B39A28620C6
:104B60000097019423E038A2162121200097019597
:104B700007F09EFE184B1DA22921202000970195C9
:104B800007F096FE1B48019702940090706882B26D
:104B90000A2801DA392000E03D200223292108F00B
:104BA0006BF80D4B14A22921009701944F2007F0B8
:104BB0007FFE0FF01FF9757005B0F0BD1F23DB02FB
:104BC000232125A21C2000970195F0E73401002045
:104BD0002800002010840000FFFF0000C7EBD6B8BB
:104BE000B6A8BEF9BAE2CAB1BCE40000B9B2BCC60C
:104BF00000000000E0FF0000BEF9BAE2D0A1CAB197
:104C000000000000CAD6B6AFBEF9BAE2D4CBD0D00D
:104C1000D6D00000AE000020B400002078000020B4
:104C2000B5E7B3D8B5E7D1B93A000000FF7F00007F
:104C3000C4000020CAA3D3E03A000000CAB10000BB
:104C4000B7D60000C3EB0000CAD6B6AFBEF9BAE2D1
:104C5000D2D1CDEAB3C90000CAD6B6AFBEF9BAE226
:104C6000D2ECB3A3BDE1CAF800000000F8B5002300
:104C70001EA21FA134200EF099FF0124002500215F
:104C800020460AF021F90646002120460AF0CEF817
:104C900030400746002120460AF07AF806463E409A
:104CA000082C03D103F074FC002805D160066D1CAC
:104CB000040EEDB2082DE2D3002E07D1032310A27B
:104CC00010A134200EF072FF0DF038FA1149502077
:104CD0000861002310A211A135200EF067FF1348D0
:104CE000C16F806F06F0E6FFF8BD000031320000B2
:104CF000BEF9BAE2BFD8D6C6C6F7C5E4D6C300002F
:104D000045440000BEF9BAE2BFD8D6C6C6F7D2EC19
:104D1000B3A300007400002031330000D3A6D3C336
:104D2000414443D0A3D7BCCAFDBEDD00A802002089
:104D300010B5002101200AF0C7F810BDF0B583B00E
:104D4000002668460670067101A804F081F9524CED
:104D5000524FA068002806DD68460079052801D07A
:104D6000E66017E0A660F8684D49400040088842B8
:104D700003DA68460079032823D0E068002801DDC3
:104D8000401EE0600F218901884203DB2D20400195
:104D9000E660A06001A804F05BF96846007900288D
:104DA00012D0072810D02069002801DD401E2061A4
:104DB0003C48B9683C4E814226DB2069002823D15B
:104DC00004E0E068401CDCE75020F0E704F04BFA18
:104DD0006178814218D06070002815D06068002882
:104DE00012DC307C002805D030493148007800289A
:104DF0000AD101E02F49F8E72F48806A11F05CFBE7
:104E000002D32E480FF0CAFA684604F021F925486B
:104E1000B968814223DB6068002803DD401E01255C
:104E200060602CE0A068002803DD401E0025A06023
:104E300025E023480078032820D068460078002821
:104E400003D120490A5E082A09DB317C002906D0FB
:104E500001290FD0022904D0032910D10EE000252A
:104E60000DE001280AD0022808D0032806D0052822
:104E7000F5D103E00428F2D00028F0D001252078F5
:104E8000A84206D0294601200AF01EF8002800D0CA
:104E9000257003B0F0BD00007400002088010020E0
:104EA000CDCC4C3E9A992141E8020020000084417B
:104EB0003E010020000038417403002068DA010040
:104EC0003F0100200600002010B5024806F066FBF6
:104ED00010BD00002CE2010010B5024806F05EFB98
:104EE00010BD00000CE2010003498968014201D0B5
:104EF00001207047002070470080084004494A683C
:104F00000123DB029A43C00202434A60704700005B
:104F100000800840F0B4084F7D6AFE6A3C6B854310
:104F20008E439443002B02D005430E4314437D620D
:104F3000FE623C63F0BC70470080084010B4054B33
:104F40009A6A07248440A24381400A439A6210BCB3
:104F5000704700000080084010B500218020012328
:104F60000A460AF051FF10BD002A05DD0B780373D5
:104F7000491C521E002AF9DC80687047F8B54D4C78
:104F80000820205E002801DD401E20810620205ED2
:104F9000002801DD401EE080A078012803D002280F
:104FA00001D0082829D14449012008702078002820
:104FB00001D0401E20704148007800281DD0404894
:104FC0000078012803D0022801D0032815D13D48DC
:104FD0000078002811D13749E6783B4D0F69C86841
:104FE000002E0BD0A96811F021FAE0603846E9687C
:104FF00011F01CFA761E2061E670F8BD0221C9434B
:10500000FCF75AFB06460221E060C9433846FCF72C
:1050100053FB2E4F2061F9694900090E03D12C4939
:10502000884200DBFE6178683146401C7860B869D0
:1050300011F0C4FA01D2B86900E0E068B861F8681C
:10504000216911F0BBFA01D2F86800E02069F8602C
:105050002878002806D06968386911F0AFFA04D2C0
:10506000386903E01B48386101E0686838612569E8
:1050700019496800400811F049FA184E3146FCF70A
:1050800015FAB96811F0D2F9B8602946E06811F054
:105090003DFA400040083146FCF708FA396A11F041
:1050A000C5F938620020E06008212061E1702071BC
:1050B000F8BD0000D8000020AE000020AC000020A9
:1050C000B60000206C000020880100205003002062
:1050D0009A99193E0000C8C200007A440000614558
:1050E000F8B5704A6D48704992680D7894466C4BDB
:1050F000024606246D498678145F9B7A002209785F
:10510000072E1DD237007F443F79FF19BF44033675
:10511000B01866546000664C257B022D05D0654CA6
:105120002478002C12D00D21B6E0072909D00629D9
:1051300009D001218170227300215F480FF080FFA8
:10514000F8BD0B2100E00C218170F8BD072904D0C7
:10515000062904D0002906D103E00B219CE00C2194
:105160009AE0002B01D0092196E0544B9C4501DDCB
:105170000A2191E001218FE00271F8BD002BFCD0E3
:10518000082916D20B007B441B79DB189F441105BC
:10519000050511050403D4E7D5E7494B6146D961FC
:1051A000C26008210261C170012141700221817039
:1051B000E2E7022EE0D0F8BD234307D00729CCD088
:1051C0000629CCD0002DF6D1022165E0072163E04D
:1051D000002CF0D1022181700271F8BD002C01D0A9
:1051E000062112E0002B07D0072907D0062907D097
:1051F000002D07D0052108E0072106E00B2104E07F
:105200000C2102E0052902D00221817002710821DF
:10521000415E0029E1DC0271032181704270284C5B
:10522000012027782070E6682649304611F06EF993
:10523000A5682946FCF73AF96061014622482268D0
:1052400063686CC0E569A3692269C5608360026018
:105250004160216A0161002120460FF0C7FE002F46
:10526000BBD10AF073FB002113480FF0E9FEF8BD33
:10527000002C01D006210FE0002BA7D007299ED0DB
:1052800006299ED0002D01D0052105E00529EED18B
:105290000F2189010181042181706DE7D800002070
:1052A000B8010020880100206C000020B60000201A
:1052B000E802002075010020A8020020000004413F
:1052C0005003002000007A4428030020FE480079A3
:1052D000002803D0FD48807900287DD0F0B593B038
:1052E0000BF020FBF84880780E2800D370E3010013
:1052F0007944097949188F4406185EFE3C4DFDFC3F
:10530000FBFAF9FAF8F7F34E0025F14C3346F2A216
:1053100021211B200195009407F0CAFA2F21334662
:10532000F2A22E200195009415E3F3481523009076
:105330004B221946282007F0F9FCF04E0025E44CDA
:105340003346EFA22F211B200195009407F0B0FAFD
:105350000C2001903346EFA23D21029500942420B9
:1053600007F010FD3D213346ECA251200195009439
:10537000F1E2E24E0025D64C3346EAA22121142068
:105380000195009407F094FA3346D8A22F21019595
:105390000094FDE30025CE4CE74BE8A22121142028
:1053A0000195009407F084FA2F21D44BE8A2142031
:1053B00001950094CFE20025C54CC64BE9A213210C
:1053C00014200195009407F073FAEA4E30798007B3
:1053D000800F04D0012800E0EDE313D10AE00C2097
:1053E0000190BC4BC3A21321029500946F2007F0DB
:1053F0007BFA07E0B74BE0A213216F2001950094E0
:1054000007F056FABD4BDEA223210320019500943C
:1054100007F04EFAD748DD494068884250D9FBF77B
:10542000A1F9C5490C2682B200910223029601948B
:1054300023213C2007F020FCB04BD5A223214F2094
:1054400001960295009407F04FFACA48CF49406888
:10545000FBF788F90846E1210901FBF783F9B64912
:1054600082B2009102230296019423215D2007F06D
:1054700003FCA24BC7A223216F2001960295009442
:1054800007F032FABB48E12140680901FBF76AF9ED
:1054900008463C21FBF766F9A74982B20091022336
:1054A0000296019423217C2007F0E6FB934BBAA2DD
:1054B00023218F2001960295009407F015FA55E0FC
:1054C000E1210901FBF74EF99B490C2682B20091BC
:1054D00002230296019423213C2007F0CDFB2321D7
:1054E000864BACA24F2007E067E367E367E321E365
:1054F000CDE215E364E36CE201960295009407F0B7
:10550000F3F99C48E12140680901FBF72BF90846B3
:105510003C21FBF727F9884982B2009102230296C9
:10552000019423215D2007F0A7FB744B9AA223214D
:105530006F2001960295009407F0D6F98D483C2122
:105540004068FBF70FF97C488AB2009002232321C0
:10555000029601947C2007F08FFB684B8FA22321D9
:105560008F2001960295009407F0BEF9634B8CA240
:10557000322103200195009407F09AF97D488A4969
:10558000006A88420BDA0C225249029200910246CC
:10559000012301943221212007F046FA0CE00FF09C
:1055A000F9FE82B20C214B48029100900323019432
:1055B0003221212007F060FB0C26464B7BA23221D2
:1055C0003C2001960295009407F0DCFB78484B4B99
:1055D000007801950028009416D076A23221572039
:1055E00007F066F9754870498068039088423EDA92
:1055F0003F20400100900223029601943221732043
:10560000039A07F011FA52E06DA23221572007F0F9
:105610004FF96A48C168806810F078FF400062491D
:10562000400888420BDA3F214901024600910123DC
:10563000029601943221732007F0F6F90CE00FF086
:10564000A9FE82B23F20400100900323322102963E
:105650000194732007F010FB3F235B015722322196
:10566000932001960295009407F08EF829E05649A0
:1056700010F04CFFFBF7CAFF0A21FBF781F8052960
:105680000ADB0398FBF7E8FE504A514BFBF71CFB83
:10569000FBF760F9024600E0039A3F2040010090CA
:1056A0000123322102960194732007F0BDF93F23B4
:1056B0005B0156223221932001960295009407F057
:1056C00063F80E4B86E00000D80000202800002080
:1056D00010840000FF7F0000B2E2C8DDCFB5CDB37B
:1056E000D5FDD4DAC6F4B6AF00000000C7EBC9D4CC
:1056F000BAF3A1ADA1AD0000EEB40100FFFF0000C0
:10570000C7EBBDABB5E7B3D8BCDCC1ACBDD3B5BD51
:1057100000000000547970652D430000B3E4B5E744
:10572000C6F70000D5FDD4DAC8B7C8CFB3E4C2FAD3
:10573000D7B4CCACA1AD0000E0FF0000CFB5CDB335
:10574000BCECB2E2B5BDB9FDB3E4CAC2BCFE000018
:10575000C7EBB5C8B4FDCAC2BCFEBDE2B3FDA1AD86
:10576000A1AD0000B3E4B5E7B2E2C8DDBDF8D0D02A
:10577000D6D0000050030020A1ADA1AD0000000074
:10578000B3E4B5E7CAB1B3A4000000008051010042
:10579000CCEC0000CAB10000B7D60000C3EB00009B
:1057A000C4DCC1BF000000000000204157680000B9
:1057B000B4000020B5E7D1B9000000008801002046
:1057C000B9A6C2CA000000000000C8429A9999997F
:1057D0009999B93FFBA2402103200195009407F05D
:1057E00067F8FA48FA498068884215DA0FF0D2FD66
:1057F00082B21F20C0020090022340210296019431
:10580000212007F039FA1F23DB024021F1A23320C7
:1058100001960295009418E0EF498842EF4917DAA3
:10582000FBF744FE1F21C9020246009101230296A4
:1058300001944021212007F0F7F81F23DB02E8A2A2
:1058400040213C2001960295009407F09BFA18E055
:10585000FBF72CFE0FF09EFD82B21F20C0020090CD
:105860000323402102960194212007F005FA1F230B
:10587000DB02DBA240213C2001960295009407F058
:1058800081FAD848007801950028009424D0D64B9E
:10589000D6A24021572007F00BF8D64801780029FE
:1058A0005CD040680FF076FD002861DAFF274042A7
:1058B000D03703903B462D223D210196029500945E
:1058C000752006F061FF0398022382B24021009701
:1058D000029601947C2070E0C34EC7A2334640215B
:1058E000572007F085F9C6480078082870D20100D3
:1058F0007944097949188F44030A1118031F27278F
:1059000040213346BFA281200195009423E040212D
:10591000BE4BBFA28120019500941CE04021BE4BEC
:10592000BEA281200195009415E04021BD4BBEA28E
:105930008120019500940EE03F235B014021BCA231
:1059400081200195009406E01F23DB02BAA24021CA
:1059500081200195009406F0ABFF24E2A24BB8A28F
:105960004021732001960295009407F00BFA26E07F
:105970000A280BDA1F279F48009702960194426875
:1059800001234021732007F04FF818E0AD49496C1E
:105990000A46143A824202DD3F277F0106E00839B9
:1059A000814201DD9C4F01E01F27FF0282B20223EA
:1059B0004021732000970296019407F05DF93B4661
:1059C000A1A240218F2001960295009406F08CFF41
:1059D000E9E13F2600259D4C760133469CA2162125
:1059E00021200195009406F063FF33469CA22921F3
:1059F00018200195009406F05BFF7448774E80688C
:105A00003146FBF753FD984988420BDA764A0C2160
:105A1000009202910246032301942921432007F0BA
:105A200003F829E06A4988420BDA6F4A0C21009298
:105A300002910246022301942921432006F0F4FF3B
:105A40001AE0B0420BDA684A0C2100920291024639
:105A5000012301942921432006F0E6FF0CE00FF01A
:105A600099FC82B20C2060490091029004230194B9
:105A70002921432007F000F90C2001905A4B58A22D
:105A8000292102950094702007F07CF990E01F27EF
:105A900000246E4DFF023B4674A21621042000959F
:105AA000019406F005FF0C263B463F221621932069
:105AB00001960095029406F067FE4B4F71A23B469B
:105AC0002E2107200095019406F0F2FE524B70A2A1
:105AD0002E213B2001960095029407F053F93B4696
:105AE0006CA22E21562001960095029406F0FCFE31
:105AF000494B69A22E21632001960095029407F07C
:105B000041F93B4665A22E217F200095019406F0C5
:105B1000CFFE3E213B4663A20720009501941AE781
:105B200000214A481F230191DB020090162162A246
:105B30001C203BE01F260024444DF602334663A29E
:105B400016211C200095019406F0B2FE334664A293
:105B500029210A200095019406F0AAFE6248807867
:105B6000092829D00C200190334660A229210095F4
:105B70000294242006F0B8FE33465DA2292132208B
:105B80000095019406F094FE0C2033462C2200E090
:105B9000DBE001902921009502944A2006F0F4FDF3
:105BA000334655A2292153200095019406F080FE2A
:105BB0000EF020F9F7E01DE1A4E0C8E0DDE0F7E039
:105BC000ABE00000C8DDC1BF0000000050030020B2
:105BD0000000C8426D41680000401C4600007A4445
:105BE00041680000B4000020FFFF0000CEC2B6C82C
:105BF0000000000088010020D7B4CCAC3A000000BF
:105C0000B6000020B5C8B4FD000000001FF8000079
:105C1000D4A4B3E400000000E0FF0000BAE3C1F741
:105C200000000000FF7F0000BAE3D1B900000000CF
:105C3000B3E4C2FA00000000D2ECB3A300000000FD
:105C40002D2D2D00A8020020A1E6000010840000E8
:105C5000C8DDC1BFB2E2CAD4D2D1CDEAB3C9000017
:105C6000B9B2B3E4C8EB000000002041C7BFD6C6FC
:105C7000BDE1CAF8B1BEB4CEB2E2C8DDB2A2CDCBAE
:105C8000B3F60000CDACCAB1B0B4CFC20000000082
:105C9000454E5400BACD000045534300CDCBB3F67A
:105CA00000000000C6E4D3E0C8CED2E2B2D9D7F7F4
:105CB000D2D4BCCCD0F80000C8DDC1BFB2E2CAD497
:105CC000D2ECB3A3BDE1CAF800000000C8DDC1BF3B
:105CD000B2E2CAD4CEDEB7A8BCCCD0F80000000037
:105CE000CFB5CDB300000000D8000020B7C500003C
:105CF000B5E7D6D000000000C7EBD2C6B3FDCFDFBA
:105D0000B2C400000C20019033463BA2292100952B
:105D10000294242006F0E8FD2EE70025374C384B8E
:105D2000384A132114200195009406F0C1FD364E27
:105D300036A233462A2115200195009406F0B8FDBD
:105D4000334637A23621019500942E2003E6002524
:105D50002A4C1F23DB02354A16211C200195009492
:105D600006F0A6FD324B33A229211520019500949F
:105D700006F09EFD0EF03EF815E01F2600251F4C94
:105D8000F6023346294A16211C200195009406F09C
:105D90008FFD33462CA2292115200195009406F091
:105DA00087FD0EF027F82D480121017113B0F0BDD9
:105DB0001F260025114CF60233461C4A16211C20D2
:105DC0000195009406F074FD402102A8FAF791FCB9
:105DD000002023490191009022A2402102A8FAF755
:105DE0004DFA334602AA292104200195009406F0B9
:105DF000FFFEDDE670470000B3E400001084000001
:105E0000FF7F000064570000FFFF0000D5FDD4DADB
:105E1000C7D0BBBBB5BDC8ABCBD9B3E4B5E70000B9
:105E2000C7EBC9D4BAF3A1ADA1AD0000CC5C0000B2
:105E3000E0FF0000B3A4C6DAB4E6B4A2C4A3CABDAE
:105E4000D2D1BCA4BBEE0000B3E4B7C5B5E7B9DC62
:105E5000C0EDD0BEC6ACD2ECB3A30000D800002089
:105E600000802040C7EBBDABB5E7B3D8B7C5B5E7F9
:105E7000D6C125342E316656D2D4C4DA00000000D3
:105E800070B51F48002580781E4C0E2831D20100C5
:105E90007944097949188F442C060A120A0A0A1211
:105EA000211212121212A079042824D021E0A07924
:105EB00004281ED1124850210170082118E0A07951
:105EC000042816D10E4845700F480078002803D0EA
:105ED0000E480EF063FA0CE00D48FAE7A1790529A7
:105EE00009D007480278002A01D0002901D00221F8
:105EF0008170A57170BD024907208870F9E7000024
:105F0000D8000020280000204C00002004CE010012
:105F100098D30100F8B505460027012040033A4612
:105F2000012311460090FEF7F5FF244E3046FFF79F
:105F300013F87760E62030600020295C317329185F
:105F400049783173801C2428F7DBB5683046FFF7A9
:105F500003F87760E620306000210120AA07920F45
:105F600006D0012A06D0022A06D0032A07D105E06E
:105F7000542404E0232402E0532400E03C24CB1703
:105F80005B0F5B18DB08AD08DB00CA1A03469340C1
:105F90006340DCB262183273491C1029DEDBB4683E
:105FA0003046FEF7D9FF3A46002311460098FEF727
:105FB000B1FF034920464840F8BD000000A008405A
:105FC00052AA4225F0B50024B12793B02546174EBA
:105FD000FF000EF0BBFF68460572002C09DB21466E
:105FE000B44206DC4C225143C91907F0A5FB002836
:105FF00003D00020C04313B0F0BD6846007A0028EB
:1060000004D04520C000641C8442E2DB012C01DD89
:10601000641E02E0002C00D1012460004C214C439E
:106020002018FF30393013B0F0BD00002702000007
:106030000B480C4A81781278114301D00020704738
:1060400009490978002901D00120704707490978DA
:10605000002901D04078704705480078704700005B
:106060005C000020470100201F0100207501002076
:1060700076010020F0B5A1B0124800F083F8054683
:106080000021684607F098FA68460EF0DDF9684688
:1060900000F078F8012600270B4CA84201D02670AA
:1060A00000E0277009480178684609F07FFF6846DC
:1060B00000F068F8A84202D0667021B0F0BD6770A9
:1060C00021B0F0BDA8020020EC00002074010020E7
:1060D000F8B505460027012040033A460123114642
:1060E0000090FEF717FF254E3046FEF735FF77602C
:1060F000E6203060687A3073A87A3073E87A3073BB
:10610000287B30732946382214313046FEF72CFFA5
:1061100005463046FEF720FF7760E620306000201D
:106120000122A907890F06D0012906D0022906D02D
:10613000032907D105E0472404E06A2402E0212472
:1061400000E06F24AD0843075B0F114699406140A2
:106150008CB221183173401CC0B21028E1D3B4684E
:10616000304607494C40FEF7F7FE3A4600231146F9
:106170000098FEF7CFFE2046F8BD000000A00840C2
:106180004F6E52A3F8B505460027012040033A465A
:10619000012311460090FEF7BDFE244E3046FEF767
:1061A000DBFE7760E6203060002029180B7933731E
:1061B00049793173801C7C28F7DBB5683046FEF7DF
:1061C000CBFE7760E620306000210120AA07920F05
:1061D00006D0012A06D0022A06D0032A07D105E0FC
:1061E000522404E03F2402E0402400E06E24CB1758
:1061F0005B0F5B18DB08AD08DB00CA1A034693404F
:106200006340DCB262183273491C1029DEDBB468CB
:106210003046FEF7A1FE3A46002311460098FEF7ED
:1062200079FE034920464840F8BD000000A0084020
:106230005334A55AF8B504460026012040033246DF
:10624000074601231146FEF765FE0F4D2846FEF76F
:1062500083FE6E60E620286000212846625C02739F
:10626000621852780273891C4C29F7DB846807494D
:106270004C40FEF771FE3246002311463846FEF7C9
:1062800049FE2046F8BD000000A008404FEE52A392
:1062900070B5164D164CA97920780026012904D036
:1062A000022909D004290ED014E0002801D0401E94
:1062B00005E00220207010E0022802D2401C20706D
:1062C0000BE0267009E00B480078002809D00A4846
:1062D0000EF064F8A879002805D001206070AE7136
:1062E00070BD0648F4E7667070BD0000280000200D
:1062F000F30000204C00002004CE010098D30100E0
:1063000010B50E480C4981610D4909680A7D002AC3
:1063100010D0896881600B4941600B4941610B498C
:1063200001606421C1600A49C1610A49016105F047
:10633000A7FB10BD0849EDE7F8D0010034020020AA
:1063400020000020B80B0000FED00100B0020020A9
:1063500029110100F4D00100E42500000448006880
:10636000807D002802D10348002181717047000020
:1063700020000020C8020020F0B500268FB0334670
:106380007FA280A12D200DF011FC04A801F066FD74
:106390000898002804D17F27BF023868401C5CD0D1
:1063A0000F21684607F0E0FA002807D0032379A2FE
:1063B00079A12D200DF0FAFB0BF0C0FE1022002178
:1063C0000AA807F08FFA002807D0032376A277A146
:1063D0002D200DF0EBFB0BF0B1FE684608F02EF817
:1063E0000646024600206946012493079B0F06D00B
:1063F000012B06D0022B2CD0032B04D12BE05123F0
:1064000000E021230B540B5C92081B1845076D0F0D
:106410002746AF407B400B54401CC0B21028E4D349
:1064200000247F250F46AD022868B04204D10AA897
:10643000395D005D814207D0032361A261A12D2057
:106440000DF0B4FB0BF07AFE641C102CECDB0FB0EB
:10645000F0BD7323D6E72623D4E70120FEF74EFDD7
:106460000820FEF741FD01280AD001200EF046FF6A
:10647000761C322EEBD00820FEF736FD0128F4D131
:106480000F21684607F070FA002807D0032341A2C5
:1064900041A12D200DF08AFB0BF050FE684607F05D
:1064A000CDFF0646384601F0CFFC0028CFD131465B
:1064B000384601F023FD0028C9D13868B042C6D162
:1064C000002051236A460124B107890F06D0012913
:1064D00006D0022907D0032909D106E0135406E0AB
:1064E0002121115403E0732100E026211154115C95
:1064F000B608091845076D0F2746AF40794011547B
:10650000401CC0B21028DFD310220021684607F0DB
:1065100066FA002807D003232EA22FA12D200DF00C
:1065200045FB0BF00BFE0222099403A8D11E089430
:10653000416081600830521EFAD101F077FC04A856
:1065400001F0A6FC002882D1042328A228A12D2036
:106550000DF02CFB01200EF093FE042323A228A1B2
:106560002D200DF023FB01200EF08AFEBFF34F8F8C
:1065700028492748C860BFF34F8F00BFFDE70000E0
:1065800030450000B9CCBCFECDEAD5FBD0D4BCEC84
:10659000B2E9000045380000B4E6B4A2C6F7B6C1BF
:1065A000C8A1D2ECB3A3000045410000B0B2C8AB13
:1065B000C3DCD4BFB6C1C8A1D2ECB3A300000000B5
:1065C00045420000B9CCBCFED2D1B1BBB4DBB8C4EB
:1065D0002100000045430000B0B2C8ABC3DCD4BF0B
:1065E000D0B4C8EBCAA7B0DC000000003046000001
:1065F000BCECB2E2B5BDCAD7B4CEC6F4B6AF0000AB
:10660000CFB5CDB3B9CCBCFED2D1CBF8B6A8000083
:106610000400FA0500ED00E0074808490268107D13
:10662000002801D0886801E005488860926890429F
:1066300000DD10468860704720000020A80200207E
:10664000E425000010B52149214C097800290CD01F
:106650000846FBF72DF81F490FF058FF1E490FF0B1
:10666000E5FE21460FF052FF26E01C49497F08292C
:1066700017D20A007A441279921897440305070941
:106680000B0D0F1116480CE016480AE0164808E0FA
:10669000164806E0164804E0204602E0154800E0EF
:1066A000154821460FF032FFFAF7D6FE134A144B75
:1066B000FAF70AFBFAF74EF90146124880680FF024
:1066C000FBFE01D2012010BD002010BD750100208D
:1066D00000004040CDCCCC3D00006040A80200202E
:1066E0000000204066662640CDCC2C40333333403A
:1066F0009A99394066664640CDCC4C409A99999912
:106700009999C93F8801002010B5A0B00B48FFF748
:1067100039FD0B49044609786846002900D08021DC
:10672000802207F009F8002802D10098A04202D088
:10673000002020B010BD012020B010BDA802002014
:106740007401002000B5A1B06B46002801D0802163
:1067500000E000218022184606F0EEFF002805D157
:106760006846FFF70FFD0099884202D0002021B053
:1067700000BD012021B000BD70B5FF242D340023E1
:1067800013A214A128200DF011FA022009F030FB09
:10679000002808D0012313A213A128200DF006FA27
:1067A00002200EF06DFD144D0020287001200EF027
:1067B000A5FD287800280AD1641E002CF6DC0323EE
:1067C0000EA20FA128200DF0F1F90BF0B7FC70BD5F
:1067D00030320000B2E2CAD4D0C4CCF8B6A8CAB1F4
:1067E000C6F7000057300000BCECB2E2B5BDCFB533
:1067F000CDB3BFA8CBC00000010000204530000091
:10680000D0C4CCF8B6A8CAB1C6F7D2ECB3A3000086
:1068100030B42448244A0068537E447B0020234936
:10682000002C0DD0002B0BD0214B1C7D002C0CD04C
:10683000D47F0C705B7D002B09D0937F4B7007E0F9
:1068400008704870002B22D002E00870F2E7487010
:10685000184C194BE578002D1DD01D788D70A5784A
:10686000002D1AD05D78CD70127D002A17D0657882
:10687000002D14D09D780D712478002C04D0012AAD
:1068800002D0002A00D0D878487130BC7047887098
:10689000C8700871F8E78870E1E7C870E4E708712C
:1068A000EAE7000020000020A802002041010020AB
:1068B000E8020020C8020020080300200B480068FE
:1068C000417B0B480029027D01D0052A0DD00949E2
:1068D000032A04D2C26D8A4203DDC16501E0052AA4
:1068E00003D2826D8A4200DD81657047200000205E
:1068F000A8020020B80B000010B5024804F04EFEBC
:1069000010BD0000C8DC010011480168887B032825
:1069100002D90A7D002A06D0042807D90D4AD27B65
:10692000002A02D002E0032000E004200A4A137D7E
:10693000834200D910758A7D0849002A04D0CA799B
:10694000824200D9C87170470520C87170470000A5
:1069500020000020E8020020A8020020C802002039
:106960000648002141600170C16041618160816120
:10697000034AC161026101627047000028030020E0
:106980000000C8C201490020887070473C00002008
:1069900070B515480278002A01D0032300E00223D5
:1069A000124D134CA9792078022904D0012906D070
:1069B000042909D00DE000280ED0401E02E09842C4
:1069C0000AD2401C207007E0002A0AD009480DF0C6
:1069D000E5FCA879002803D0012060700020A87190
:1069E00070BD0548F3E700004C000020280000209F
:1069F000F500002004CE010098D3010070B43448A3
:106A0000002403464579D9781A799B78082D52D20B
:106A10002E007E443679B619B74403070C1D3D2F6E
:106A20002637002B22D1012102E0002915D10221B5
:106A3000417140E0002A06D0521E5B1C0271837037
:106A4000491CC17037E0FF22FF2B00D28270FF2962
:106A500030D2C2702EE0002904D0491EC170521CF1
:106A6000027128E00621E3E7002B04D05B1E83704F
:106A7000491CC1701FE00521DAE7002A03D0521E2D
:106A80000271491C0AE00721D2E7FF2A01D2521CF9
:106A900009E00421CCE7002902D0491EC1700AE0B8
:106AA000002A02D0521E027105E0FF2B02D25B1CAD
:106AB000837000E044718178C908CA02C178007906
:106AC000C908890170BC1143C00808437047000021
:106AD00018010020002831D070B586B0002504468A
:106AE000FF210095019502950395082229316846FA
:106AF000049506F021FE002808D10B2102A80822E7
:106B0000C901064606F018FE002802D0002006B093
:106B100070BD01202070082209496846F9F73AFD46
:106B2000002800D02570082206493046F9F732FDCA
:106B3000002800D02570012006B070BD704700000D
:106B4000D4E70100DCE70100024800214180818098
:106B5000017070476C01002010B502480DF01EFC5A
:106B600010BD0000E8E40100F0B5634F002538785F
:106B7000624C634E8DB000282ED00220385E452135
:106B8000C90088427EDA0C21401C82B202910323A4
:106B9000009601942321362006F06EF8022003A906
:106BA000385E0BF055F800286DD06846007B002851
:106BB00002D0B888401CB88078880323401C7880B5
:106BC0000C20009601940290B888312182B23620C0
:106BD00006F052F80DB0F0BD09F0A4FE0220385EB8
:106BE0004849884209D11F23DB0247A228211B20E4
:106BF0000195009405F05CFE3BE048490195884210
:106C0000009407D13F235B0145A228211B2005F0FA
:106C10004FFE2EE01521334646A2084605F048FEF9
:106C2000334649A2232115200195009405F0E0FF89
:106C3000684605744523DB0045A2202104A8F9F726
:106C40001DFB334604AA23214B200195009405F037
:106C5000CFFF334641A2312115200195009405F064
:106C6000C7FF33463FA2312152200195009405F021
:106C7000BFFF33463EA2402120200195009405F03D
:106C800017FE01E01BE015E00C2001903A4B3BA2FF
:106C90004021029500943B2006F074F8334638A258
:106CA000402156200195009405F002FE0120387025
:106CB0000DB0F0BD134878803D700DB0F0BD884236
:106CC000FBD103A8FFF706FF0028F3D06846007B3E
:106CD000002805D07888401C78803D700DB0F0BD4C
:106CE0000EF0E0F900282848385E01D0401C00E092
:106CF000801C7880F1E700006C0100201084000007
:106D0000FFFF00002A020000C8D5D6BECAFDBEDDC6
:106D1000D0A3D1E9CAA7B0DC00000000290200001E
:106D2000C8D5D6BECAFDBEDDD0A3D1E9CDEAB3C970
:106D300000000000C8D5D6BECAFDBEDDD0A3D1E993
:106D4000D4CBD0D0D6D00000BDF8B6C83A000000F1
:106D5000202F202564CCF5C4BF000000D2ECB3A3E3
:106D60003A0000002020202020CCF5C4BF00000005
:106D7000B0B4CFC200000000E0FF00004553430064
:106D8000D2D4CDCBB3F600000200000038B502F03B
:106D900029FD684602F0B0F8002806D06846007861
:106DA000002805D003F054FC05E002F04FF802E0A3
:106DB0001A49002008801A481A4A8178127811432B
:106DC0002AD119490978002909D1184909780029D7
:106DD00001D0407801E01648007800281CD0154802
:106DE000807A002802D001F0DDFB01E002F03BFADE
:106DF0001149002803D011480479886807E0104839
:106E00004C7F006889688068814200DD084603F095
:106E1000D5FE204602F0A4F838BD00000400002092
:106E20005C000020470100201F01002075010020A8
:106E300076010020B4030020A8020020C802002030
:106E40002000002027480078002849D1F0B5A3B0E1
:106E500009F068FD244F02A8397809F0A7F81F2629
:106E60000024224DF602002816D002A8FFF78AF966
:106E70000299884221D033461DA217211520009582
:106E8000019405F015FD33461EA22521152000951D
:106E9000019405F0ADFE1CE033461FA2172115201A
:106EA0000095019405F004FD334620A2252115200C
:106EB0000095019405F09CFE0BE03978204809F01C
:106EC00075F8204B20A2252115200095019405F08E
:106ED000EFFC0CF08FFF03480121017023B0F0BDDF
:106EE00070470000EE0000207401002010840000B4
:106EF000B5B1C7B0C5E4D6C3CEC4BCFED2D1CBF0C9
:106F0000BBB5000020CEDEB7A8B3B7CFFAC9E8D62C
:106F1000C3B8FCB8C4000000B6C1C8A1B5B1C7B0C1
:106F2000C5E4D6C3CEC4BCFECAB1000020B3F6CFC0
:106F3000D6D2ECB3A32CC7EBD6D8CAD4000000003D
:106F4000A8020020FFFF0000D2D1B3B7CFFAB5B13D
:106F5000C7B0C9E8D6C3B8FCB8C40000F3B5424A0C
:106F600000270C24414D424E83B0904212DA0EF0BD
:106F700011FA82B2042300960195029457200499D5
:106F800005F07AFE33463BA20297009501948120DA
:106F9000049924E0384A904225DA3849FAF786FA0B
:106FA0003749884209DA0246022300960195029485
:106FB0005720049905F038FD0AE00EF0EBF982B293
:106FC00005230096019502945720049905F054FE7C
:106FD00033462CA20297009501948A20049905F06B
:106FE000D1FE05B0F0BD2849FAF760FA274988427A
:106FF00009DA02460323009601950294572004996A
:1070000005F012FD24E01E49884209DA02460223F7
:107010000096019502945720049905F005FD17E0AC
:107020001649884209DA0246012300960195029426
:107030005720049905F0F8FC0AE00EF0ABF982B293
:1070400005230096019502945720049905F014FE3B
:1070500033460FA20297009501948120049905F010
:1070600091FE05B0F0BD000000401C4610840000F9
:10707000FFFF00006D4168008096184B00007A44C5
:107080000000C8424168000000247449000020410B
:107090004B416800F0B5174E83B03078002827D1F7
:1070A00009F040FC154F0025134C3B4614A2142157
:1070B00008200195009405F0FBFB3B4616A2222117
:1070C00008200195009405F0F3FB3B4618A23021FF
:1070D00015200195009405F0EBFB1F23DB0219A29C
:1070E00040211C200195009405F0E2FB0120307046
:1070F00003B0F0BD3001002010840000E0FF00006C
:10710000B4EDCEF3B5C4B3E4B5E7CFB5CDB3C5E4C4
:10711000D6C3BDABBBE10000D2FDC6F0B5E7B3D826
:10712000C6F0BBF0BBF2B1ACD5A8B2A2D4EC000063
:10713000B3C9D1CFD6D8C8CBC9EDC9CBBAA6A3A104
:1071400000000000C4FAC8B7B6A8D2AABCCCD0F8D8
:10715000C2F0A3BF00000000F7B584B0244E0027A2
:10716000224C3346019700940320049905F0A0FBBC
:10717000204905980C25884212DA0EF00BF982B2EC
:1071800004230096029501945720049905F074FD9C
:10719000334619A20297019500948120049921E0B9
:1071A0001649FAF783F91649884209DA024602239A
:1071B0000096029501945720049905F035FC0AE0E9
:1071C0000EF0E8F882B2052300960295019457204C
:1071D000049905F051FD33460AA2029701950094E7
:1071E0008A20049905F0CEFD07B0F0BD10840000A0
:1071F000FFFF000000401C466D41680000007A441B
:107200000000C84241680000F3B5044633480C252D
:10721000334E344F83B0844209DA03232246009769
:10722000019602955720049905F0FEFB43E02E4895
:1072300084421ADB2D48844224DB2D498C420CDA2F
:1072400020460EF0A7F882B205230097019602951A
:107250005720049905F010FD2DE024492046FAF747
:1072600025F904461D48844209DA02232246009784
:10727000019602955720049905F0D6FB1BE01A48A9
:10728000844209DA0123224600970196029557208D
:10729000049905F0C9FB0EE0144884420BDA20463D
:1072A0000EF078F882B203230097019602955720DA
:1072B000049905F0E1FC0E4900208C423B46009603
:1072C0000195029003DA0BA28A20049902E00AA237
:1072D0008120049905F056FD05B0F0BD0000204165
:1072E00010840000FFFF00000000C84200007A4444
:1072F00000401C46576800004B576800F0B51F4817
:107300001D4E0078377883B0002832D109F00AFB8F
:107310000120307000211A480DF092FE0024194D12
:107320000028009501940ED0174B18A217211520A4
:1073300005F0BEFA144B1AA22521152000950194E0
:1073400005F056FC0FE01F23DB021AA217211520BF
:1073500005F0AEFA1F23DB021BA2252115200095A4
:10736000019405F045FC37700CF044FD0349012001
:10737000087003B0F0BD000074010020EE00002092
:10738000A802002010840000FFFF0000D2D1BDAB96
:10739000B5B1C7B0CFB5CDB3C9E8D6C3B8FC00000E
:1073A00020D0C2D6C1B1B8D3C3C5E4D6C3CEC4BC05
:1073B000FE000000B8FCD0C2B1B8D3C3C5E4D6C348
:1073C000CEC4BCFECAB1000020B3F6CFD6D2ECB317
:1073D000A32CC7EBD6D8CAD400000000F0B53F4CB0
:1073E00083B0207800281FD109F09CFA207901276A
:1073F00000253B4E02283BD16178002916D0E17868
:10740000002932D0374B38A217210E200096019563
:1074100005F0EEFB1F23DB0238A228210E20009688
:10742000019505F0E5FB277003B0F0BDA770374B61
:1074300037A223210E200096019505F0D9FB39488B
:10744000416A002909D18169002906D141690029D1
:1074500003D1406B3449884203D009F0CFFDA070BE
:1074600000E0E770677003B0F0BDA178002906D096
:1074700000280ED0012813D0022822D119E01F23A2
:10748000DB022AA217211C200096019505F010FAB4
:1074900021E017211D4B29A21520009601950EE031
:1074A0001A4B2BA2172115200096019505F000FA22
:1074B00007E0164B2BA217211C200096019505F022
:1074C000F7F9124B2CA225212F200096019505F0EB
:1074D000EFF90CF08FFC277003B0F0BDEE00002038
:1074E00010840000E0FF0000B5B1C7B0BFE2C2D811
:1074F000BCC6CAFDBEDDCEAABFD52100202020D645
:10750000D8D6C3B2D9D7F7CAA7B0DC00FFFF0000B6
:10751000D5FDD4DAD6D8D6C3BFE2C2D8BCC62E2E8B
:107520002E2E0000740300200000C8C2BFE2C2D8A3
:10753000BCC6D6D8D6C3CAA7B0DC0000D2D1BDAB7A
:10754000CFB5CDB3C9E8D6C3BBD6B8B4CEAA000078
:10755000D2D1BDABB2E2C8DDCAFDBEDDBBD6B8B488
:10756000CEAA0000D2D1BDABBFE2C2D8BCC6BBD64A
:10757000B8B4CEAA00000000B3F6B3A7C4ACC8CF1D
:10758000D6B50000F0B5204E83B03078002839D150
:1075900009F0C8F900251D4C3F235B011CA21521F1
:1075A0000E200195009405F083F91F4F1FA23B4662
:1075B000242107200195009405F07AF93B4621A289
:1075C000312107200195009405F072F93B4623A272
:1075D000402120200195009405F06AF90C200190CB
:1075E000204B21A24021029500943B2005F0CAFBCC
:1075F0003B461EA2402156200195009405F058F903
:107600000120307003B0F0BD2F0100201084000075
:10761000D2D1BCA4BBEED2BBB4CED0D4B2E2C8DDD2
:10762000C4A3CABD00000000FFFF0000CFC2B4CE5B
:10763000C6F4B6AFCAB1C8F4B7FBBACFCCF5BCFE3E
:10764000A3AC0000D4F2CFB5CDB3BDABBBE1D7D472
:10765000B6AFBFAACABCB2E2C8DD0000B0B4CFC2A8
:1076600000000000E0FF000045534300D2D4CDCB22
:10767000B3F6000003488068006B002800D0004784
:10768000704700003C00002033480068807D0028DF
:1076900061D0F8B5314E7079002823D001F0E3FDB8
:1076A00000272F4C00280CD0684601F0D1FC0028A0
:1076B00007D068460078022815D0032813D0042884
:1076C00011D0E0680025002801D0401EE060A07ABB
:1076D000A84207D0E068691E08432DD0FF20E130A2
:1076E000E060A572F8BD607A01250028EFD0F0793E
:1076F000062812D202007A441279921897440C0A92
:1077000008060402174908E0174906E0174904E093
:10771000174902E0174900E0174918480278002A83
:10772000D5D040680EF04AFFD1D901200DF04CFBB6
:107730000028CCD06772CAE700200DF045FB002876
:1077400000D0A572F079E17A884202D901206072F6
:10775000F8BD6772F8BD704720000020C802002005
:107760005C0000200000284200003442000040423B
:107770000000504200005C4200007042880100207E
:1077800010B50CF033FD10BD01218140014841606E
:1077900081607047404002400449496801228240AC
:1077A000114201D001207047002070474040024044
:1077B0000179027AC90712071143C2880068114390
:1077C000024A8000801801607047000000400240BB
:1077D0000122054B82401868012902D090431860AD
:1077E00070471043FBE7000040400240064800217C
:1077F000064B417001221A70027050220271C17052
:1078000004490348086070473C010020350100200E
:10781000803202007800002030B5002485B0234675
:1078200016A217A103200CF0C1F9FF25013521464E
:1078300001232A460846FDF76DFBFF21E03168462B
:1078400041801349018004710294124C858169467C
:1078500020460CF0CDFF294620460CF0ADFF0E4926
:10786000280108600122294620460CF0B9FF0121B9
:1078700020460CF0A6FF05B030BD000030300000FF
:10788000C6F4B6AFD0C4CCF8B6A8CAB1C6F70000EB
:10789000D330000000E0064000E100E010B50548EC
:1078A00001210173002104480DF0CAFB03490020A7
:1078B000087010BDE8020020A80200202F0100205F
:1078C00010B502480CF06AFD10BD0000ACD50100F7
:1078D00010B502480CF062FD10BD000034D6010066
:1078E000F8B51B4C00202070E0701A480425417840
:1078F00000290AD10078022807D0FEF7A3FE01264E
:10790000002806D0A5702671F8BDA570032020714F
:10791000F8BD684601F09CFB00280DD00121002035
:1079200001F041FB002807D068460078002805D008
:10793000072809D0A670F8BDA570F8BD06480078E4
:107940000028F7D0022000E00620A070F8BD00005B
:107950001E010020B9000020A500002010B502483B
:107960000CF01CFD10BD000070D4010010B50348E0
:107970000CF014FD02490120087010BD04CE010076
:107980004C00002010B502480CF008FD10BD0000AE
:1079900068DA010010B502480CF000FD10BD0000CF
:1079A00000DA010010B502480CF0F8FC10BD000030
:1079B0004CE2010010B502480CF0F0FC10BD0000D4
:1079C00080E2010010B502480CF0E8FC10BD000098
:1079D000C0D0010010B502480CF0E0FC10BD000062
:1079E0001CCF010010B502480CF0D8FC10BD0000FF
:1079F00080D8010010B502480CF0D0FC10BD00008A
:107A0000ACD1010010B505480068007B002801D00A
:107A1000034800E003480CF0C1FC10BD200000202A
:107A200020CC0100ECCB010010B502480CF0B6FCF4
:107A300010BD000054DC010010B502480CF0AEFC93
:107A400010BD000068E0010010B502480CF0A6FC73
:107A500010BD00009CE0010010B502480CF09EFC37
:107A600010BD0000D0E0010010B502480CF096FCFB
:107A700010BD000034E0010010B502480CF08EFC8F
:107A800010BD000060DF010010B502480CF086FC5C
:107A900010BD00007CD9010010B502480CF07EFC3E
:107AA00010BD000004D1010010B505480068007D3C
:107AB000002801D0034800E003480CF06FFC10BD23
:107AC000200000204CD801004CDB010010B502481A
:107AD0000CF064FC10BD000008CB010010B502489A
:107AE0000CF05CFC10BD000034DA010010B5024857
:107AF0000CF054FC10BD0000E4D8010010B50248A1
:107B00000CF04CFC10BD00003CD4010010B5024844
:107B10000CF044FC10BD0000BCDE010010B50248B2
:107B20000CF03CFC10BD0000C4DD010010B50248A3
:107B30000CF034FC10BD0000F8DD010010B5024867
:107B40000CF02CFC10BD000044CA010010B5024826
:107B50000CF024FC10BD0000A0E7010010B50248A5
:107B60000CF01CFC10BD00006CE7010010B50248D1
:107B70000CF014FC10BD000058D1010010B50248F3
:107B80000CF00CFC10BD0000D8E601000A480021F2
:107B9000C1700171017800290CD1084909780029C8
:107BA00008D00021417006490978002900D0012140
:107BB000817070470121F5E7470100207601002020
:107BC0007501002010B502480CF0E8FB10BD000064
:107BD00098D7010010B502480CF0E0FB10BD000082
:107BE000F0CF010010B502480CF0D8FB10BD00002A
:107BF00080E3010001490020087070473001002037
:107C000010B502480CF0CAFB10BD000078D5010089
:107C100010B502480CF0C2FB10BD000044D50100B5
:107C200010B502480CF0BAFB10BD000024E60100BC
:107C300010B505480068807D002803D003480CF08B
:107C4000ADFB10BD0248FAE720000020F0E501007E
:107C5000BCE5010010B502480CF0A0FB10BD00000F
:107C600018E3010010B502480CF098FB10BD0000AD
:107C700054E1010010B502480CF090FB10BD00006B
:107C8000E8DC010010B502480CF088FB10BD0000D4
:107C90001CDD010003480021417081700121017049
:107CA000704700002C01002010B502480CF076FB54
:107CB00010BD000050DD010010B502480CF06EFB55
:107CC00010BD000000D6010010B502480CF066FBA4
:107CD00010BD0000F0DB010010B502480CF05EFBA7
:107CE00010BD00004CE3010010B5002319A21AA139
:107CF00061200BF05BFF1D48017B012929D11C4944
:107D00000978002925D11B49897A002921D01A49EF
:107D10001A4A896891421CDC1949097B002902D062
:107D2000184A0121117002210173042316A217A120
:107D300061200BF03BFFFF242D3420460DF0DEFACE
:107D4000042311A216A161200BF030FF20460DF094
:107D5000D5FA10BD34300000D2BBB4CED0D4B2E2DC
:107D6000C8DDB3F5CABCBBAF00000000E8020020CC
:107D700075010020B40300208801002000000441A8
:107D8000C80200204C00002034310000D2BBB4CE29
:107D9000D0D4B2E2C8DDD2D1BCA4BBEE000000005A
:107DA000BDABBFAACABCB2E2C8DDC1F7B3CC00000C
:107DB00010B50021084601F0F6F8042003F020F980
:107DC000002464200DF09AFA641C052CF9DB12489B
:107DD0000078002804D00021012001F0E4F80EE032
:107DE0000E480078002805D00D480178012001F0E8
:107DF000DAF804E00B480178012001F0D4F8FEF72E
:107E000017F9002800D0032003F0FAF801F06EF80B
:107E100005490020487010BD470100207501002071
:107E20005D000020760100201E01002000B50548FD
:107E3000034901600821C16000F06CF800BD00003A
:107E40000000F01F0000084000B50349086008204A
:107E5000C86000F05FF800BD000008400B49CA6A26
:107E6000D243C2608A6AD24382604A6AD243426085
:107E70000A6AD24302600A6BD207D217521C02610F
:107E8000096B8907C917491C416170470000084008
:107E9000F8B505466969006949000843C0430026F2
:107EA000032400901148A7003918E859C24310482C
:107EB000016042600421C16000F02CF8E859C04321
:107EC0008619641EEED50A4C0A490098216060604C
:107ED0000425E56000F01EF800980749301821607D
:107EE0006060E56000F016F80020F8BD0000F01FAB
:107EF000000008401000F01F2000F01F00B5044AE9
:107F0000106051600420D06000F004F800BD000053
:107F10000000084010B41348416902242143416124
:107F200014210161104B01690907890F032902D04F
:107F30005B1E5A1CF7D181698269A2438261880362
:107F400002D510BC02207047880702D510BC012062
:107F50007047002B02D010BC0020704710BC0320DB
:107F60007047000000000840FEFF0F0010B50248F7
:107F700003F014FB10BD0000B4DF010010B502488F
:107F800003F00CFB10BD0000D4DF010010B50E485B
:107F90000068407B00280ED00C4C7D22206FD20060
:107FA0000B4990420ADB88420BDC3221F8F7E8FBF0
:107FB00032214843206703F063FD10BD7D20C000DF
:107FC000F3E70846F1E7000020000020A8020020A7
:107FD000581B000010B51248124C00687D21427BEE
:107FE000C900206F002A0BD00F4A884214DB904250
:107FF00014DC3221F8F7C4FB32214843206710BD5E
:108000007D225201884203DB904203DC206710BDD1
:108010000846FBE71046F9E70846EAE71046E8E7B6
:1080200020000020A8020020581B000010B50548C1
:108030000068407B002801D0034800E0034803F0BB
:10804000ADFA10BD2000002014E00100F4DF0100B3
:1080500010B5024803F0A2FA10BD000094DF010041
:1080600010B50349087403480CF098F910BD0000DE
:10807000E802002004CE010010B505490872054849
:10808000007E002800D1087203480CF087F910BD6B
:10809000E8020020A802002004CE010010B5074924
:1080A000C8720AF00DF906480078002803D0054888
:1080B0000CF074F910BD0448FAE70000E802002053
:1080C0004C00002004CE010098D3010010B50949EE
:1080D000C0B2094A88731268127D002A05D00228AE
:1080E00001D0032801D10420887304480CF056F90C
:1080F00010BD0000E802002020000020E8CE0100B2
:1081000010B50349487703480CF048F910BD00004A
:10811000A802002004CE0100F8B51B4909680A7DB9
:10812000002A01D0C5B200E00025184F5A26F87B7E
:10813000174CA8420ED0012D0CD188686664A0604F
:10814000052014492075C8710120F87300212046CC
:108150000CF076FFFD73002D11D1207D05280ED186
:1081600066640D49A068884200DD0846A0600648A4
:1081700000210068807B207505480CF061FF0748EE
:108180000CF00CF9F8BD000020000020E8020020EF
:10819000A8020020C8020020E4250000E8CE01006B
:1081A000C2B210B513481449027509688B7B9A4214
:1081B00000D90375114AD27B002A04D1027D052A19
:1081C00001D104220275897D002908D00C490A7B5F
:1081D000002A02D04A7B002A01D1007DC8710948DB
:1081E0000078002803D008480CF0D8F810BD0748E4
:1081F000FAE70000A802002020000020E80200208A
:10820000C80200204C00002004CE010098D30100D9
:1082100010B5C0B204490328087101D203200871C7
:1082200002480CF0BBF810BDC8020020E8CE0100E7
:1082300010B50349487303480CF0B0F810BD0000B6
:10824000E8020020E8CE010010B503490875034894
:108250000CF0A4F810BD000008030020F0CF0100CE
:1082600010B50E49C0B2CA79824202D00C4B01222D
:108270001A700C4AC8711268927B904200D9CA7178
:108280000948C07B002804D1C879052801D1042001
:10829000C87106480CF082F810BD0000C80200202A
:1082A0007201002020000020E8020020E8CE01003A
:1082B00010B5074948750749087007480078002835
:1082C00003D006480CF06AF810BD0548FAE7000034
:1082D00008030020750100204C00002004CE01009E
:1082E00098D3010010B50449002800D00120C872BD
:1082F00002480CF053F810BDC8020020F0DB01006A
:1083000002460020105E002814DD00210EE0481C0B
:108310004000105A002801D108467047481C400010
:10832000105E002801DA0846F7E7491C0F48814231
:10833000EDDBF2E70020105E002814DA00210EE0E9
:10834000481C4000105E002801DD0846E5E7481C97
:108350004000105A002801D10846DEE7491C0348B6
:108360008142EDDBD9E70020D7E7000027020000BB
:1083700070B50122084DD4032146284600F0BCF810
:1083800000222146284600F093F8012002F0CBFAA3
:1083900000F046FE70BD000000000B4001490120C6
:1083A00088707047A4000020F0B583B03A480024DC
:1083B000045F0021415E0291002C02DA601E04B2CB
:1083C00005E0002C02DD601C04B200E0012433480B
:1083D000844200DA01244520C000844201DD0024EB
:1083E000E4432D48048040682B49401C48600846FF
:1083F0000F46456D002F04D0002D02DB2848854232
:1084000001DD002011E03846FDF762FE38614C20A6
:10841000B1226843D20081184C22384605F0F2F9A7
:10842000002801D0002000E0012006461A481E491D
:10843000476D1C4825462018884201D3002013E0D0
:108440004520C000874201D300200DE0780001469E
:10845000FF313131022201A8019505F0D3F900283E
:1084600001D1012000E000200640002E0FD00A4874
:10847000FDF7E0FE084908650846406D4521421CAD
:10848000C9001046F8F77CF90348416502E002494B
:108490000298088003B0F0BD74030020D8FDFFFFF0
:1084A0002702000029020000530400008162704787
:1084B000002A026801D00A4300E08A430260704744
:1084C000F0B40025944602462B462E461027C807D6
:1084D00006D070006446844025430324844023432F
:1084E0004908761C7F1EF2D150699843506150694B
:1084F00028435061F0BC7047002A426801D00A430B
:1085000000E08A434260704710B48468C3688C43BB
:108510008B43002A02D0012A03D101E00C4300E082
:108520000B438460C36010BC7047C069084000D032
:1085300001207047006A084000D001207047416266
:108540007047000070B5FF24074D013421462846CE
:108550000CF041F9002806D0214628460CF02CF9F1
:1085600002490120087070BD00E0064001000020B3
:1085700003494879002801D0401E48717047000027
:108580003C0000200148407870470000D8000020DF
:1085900003480078822801D00020704701207047EE
:1085A0000200002038B55221684602F08DF90028FB
:1085B0000ED068460478532102F086F9002807D0CF
:1085C00068460078044900022043884201DD01200A
:1085D00038BD002038BD0000C61100005948C07ADF
:1085E00000287DD0F0B58DB0002357A257A15F20A1
:1085F0000BF0DCFA07216846017403218174417491
:108600000421C174002545750575C582544800686C
:108610000069039003A800F0F9FA524E040027D035
:10862000012351A251A15F200BF0C0FA01200CF0F0
:1086300027FE0B2252496846F7F7FCFF20463030F0
:1086400069464872012348A25F200BF0AFFA01206F
:108650000CF016FE4B49A00040188038C16F012372
:1086600041A25F200BF0A2FA01200CF009FE01E00C
:108670000120307064200CF041FE002342A243A18F
:1086800060200BF093FA2824002000F0CEFB002895
:108690004AD000F0B5FB002841D0002C44D0FF2484
:1086A0000021F534084600F07EFC3C4F0A200CF017
:1086B00025FE06A800F02AFA00281ED00A9509A86F
:1086C000099500F059FE002817D0069909980DF079
:1086D000ADFF40004008B8420FDA0A98410000E0C0
:1086E0002EE007984908400040080DF093FF410034
:1086F0003F2049080006814201DD641ED6D1FDF706
:1087000097FC0146012000F04EFC002C0CD0002309
:1087100023A224A161200BF049FA0DB0F0BD0A207C
:108720000CF0ECFD641EB4D1012322A222A1602032
:108730000BF03CFA01200CF0A3FD35700DB0F0BD3C
:1087400070470000C802002033380000C5E4D6C3DB
:10875000B8DFBEABB6C8B9A6C2CABCC6000000002E
:10876000200000208800002033390000B9A6C2CACA
:10877000BCC6B3F5CABCBBAFCAA7B0DC00000000E2
:1087800011AD01008C00002033410000B9A6C2CA1F
:10879000BCC6D7D4BCEC2E2E2E0000009A99993E70
:1087A00033430000B9A6C2CABCC6D7D4BCECCDEADC
:1087B000B1CF000033420000B9A6C2CABCC6D7D4AC
:1087C000BCECD2ECB3A30000BFF34F8F04490348C5
:1087D000C860BFF34F8F00BFFDE700000400FA053B
:1087E00000ED00E010B5024802F0D8FE10BD000018
:1087F000A8DC0100F1B501263B4FB6030024314649
:108800003846FFF79CFE002231463846FFF750FEFF
:10881000012231463846FFF76FFE344F00253146BE
:108820003846FFF743FE03200CF08EFD31463846F4
:10883000FFF785FE6006040E31462B48FFF775FEF4
:10884000002801D0641CE4B203200CF07DFD6D1CF7
:10885000EDB2082DE3D30098002822D0224D01224A
:1088600031462846FFF724FE002231462846FFF70E
:1088700043FE31463846FFF719FE31462846FFF7DA
:1088800015FE03200CF060FD31463846FFF757FE19
:1088900003200CF059FD31463846FFF707FE20460D
:1088A000F8BD114D012231462846FFF701FE002296
:1088B00031462846FFF720FE31463846FFF7F6FDE1
:1088C00031462846FFF73BFE03200CF03DFD3146C4
:1088D0003846FFF734FE03200CF036FD31463846AB
:1088E000FFF7E4FDDBE7000000200B4000000B4039
:1088F000F8B501221A4F0546960331463846FFF770
:10890000D7FD002231463846FFF7F6FD31461548BF
:10891000FFF7CCFD03200CF017FD124F00242806B2
:108920000F48314602D5FFF70AFE01E0FFF7BEFD12
:108930006806050E03200CF007FD31463846FFF7A8
:10894000FEFD03200CF000FD31463846FFF7AEFD7A
:1089500003200CF0F9FC641CE4B2082CDFD3F8BD52
:1089600000200B4000000B4070B50122114D940314
:1089700021462846FFF79CFD002221462846FFF7A6
:10898000BBFD21462846FFF7DAFD0B4E2146304657
:10899000FFF7D5FD03200CF0D7FC21462846FFF752
:1089A00085FD03200CF0D0FC21463046FFF77EFD0C
:1089B00070BD000000200B4000000B4070B501228C
:1089C000124D940321462846FFF772FD00222146EE
:1089D0002846FFF791FD0E4E21463046FFF766FD13
:1089E00021462846FFF762FD03200CF0ADFC21462E
:1089F0003046FFF7A4FD03200CF0A6FC21462846D4
:108A0000FFF79DFD03200CF09FFC70BD00200B4084
:108A100000000B40F8B501262C4DB603002431466A
:108A20002846FFF78CFD03200CF08EFC284F3146C2
:108A30003846FFF784FD03200CF086FC0022314607
:108A40002846FFF735FD012231462846FFF754FD41
:108A500031462846FFF769FD002831D0641CE4B296
:108A600003200CF071FCFA2C24D90122314628464F
:108A7000FFF71EFD002231462846FFF73DFD314637
:108A80003846FFF713FD31462846FFF70FFD032058
:108A90000CF05AFC31463846FFF751FD03200CF02C
:108AA00053FC31462846FFF74AFD03200CF04CFCEE
:108AB0000120F8BD31462846FFF737FD0028CDD10B
:108AC00031463846FFF7F2FC0020F8BD00200B408D
:108AD00000000B4010B582B000240194802301AA4D
:108AE00021460120009406F0B8FA00280AD0064971
:108AF0000198802308400121019001AA00940846B2
:108B000006F0ABFA02B010BDF8FF0000F0B583B07C
:108B1000044606200090802301AA0021012006F0CF
:108B20009CFA002865D00198400703D500206060BA
:108B300020605CE002200090802301AA0021012037
:108B400006F08BFA002854D00198F8F7B1FD2A49B5
:108B50000DF0DCFC2949F8F7A9FC20600420009006
:108B6000802301AA0021012006F077FA002840D0D6
:108B7000019F380402D52248074301E07F047F0C9F
:108B80000F2006F05FFA05460E463846F8F788FDD6
:108B9000F8F762FC1B4F00223B46F8F739FB2A46E8
:108BA0003346F8F7C1F8F7F7D5FE60600320009070
:108BB000802301AA0021012006F04FFA002818D0D6
:108BC0000F2006F03FFA05460E460198F8F770FDB3
:108BD0000D490DF09BFCF8F73FFC00223B46F8F7EF
:108BE00017FB2A463346F8F79FF8F7F7B3FEA06065
:108BF000012003B0F0BD00000000A03F00007A4457
:108C00000080FFFF00002E400000C841F0B50025A5
:108C100087B0714F04462E4603950121802302AA96
:108C200008460297009506F018FA01200CF066FB42
:108C3000761CF6B20295802302AA0021012000953D
:108C400006F00BFA002803D064480299814202D052
:108C5000052EE2D301E0052E02D3012007B0F0BDBE
:108C6000E07980234007010D607903AA4007C00D19
:108C70000843A1794907890E0143594801402079E9
:108C800000954007400F084301210390084606F075
:108C9000E4F901200CF032FB0295802302AA0021A6
:108CA0000120009506F0D9F9029801050398090DF5
:108CB0000005000D02910390814202D0042007B00C
:108CC000F0BDFE200090802302AA0021012006F0C2
:108CD000C4F94449029888420ED1FF2000908023B5
:108CE00002AA0021012006F0B8F93F490298084085
:108CF0003E490290884202D0062007B0F0BD2068AD
:108D0000F8F7AAFB00223A4BF8F70EF806460F4692
:108D10000F2006F097F902460B4600203549F8F778
:108D200003F832463B46F8F773FA02460B463248E0
:108D30003249F7F7F9FFF8F71BFA0190000402D562
:108D4000022007B0F0BD05260121802301AA0846B4
:108D5000009606F082F901200CF0D0FA802302AAD6
:108D6000002101200096029506F077F90298400450
:108D7000400C0290019802994004400C01908142FD
:108D800002D0032007B0F0BD60890190217A00294C
:108D900003D00146012211430191617A002903D0D9
:108DA0000199022211430191002804D00121019868
:108DB000890208430190062001210090802301AA26
:108DC000084606F04AF9002802D0002007B0F0BD9E
:108DD000052007B0F0BD000027C1000027410000BA
:108DE000F8FF000049540000F0FF0000602200007E
:108DF00000408F4000002E40F168E388B5F8743FD2
:108E000000B583B006200090802301AA0021012034
:108E100006F023F9002803D00198000702D50120AD
:108E200003B000BD002003B000BD00B583B080B228
:108E3000019007200090802301AA0021012006F064
:108E40000CF9002800D0012003B000BD244801889F
:108E5000491C09B20180202940DB70B50021018046
:108E60000122204ED50329463046FFF745FB00225C
:108E700029463046FFF71CFBC8200CF03FFA1A4C7D
:108E800001212046FFF75BFBC8200CF037FA0121D7
:108E90002046FFF70BFBFF242C3402E0641E002C5D
:108EA0000DDD01200CF02AFA29463046FFF73DFB84
:108EB0000128F3D0002C02DD64200CF01FFA002200
:108EC00029463046FFF718FB012229463046FFF7B6
:108ED000EFFA29463046FFF732FB70BD70470000BD
:108EE0000400002000000B4000200B4010B538218A
:108EF000302002F07BFA10BD38B5044623216846C5
:108F000001F0E2FC002808D069460878C007C00FCD
:108F1000087003D000202070012038BD0120FAE73E
:108F200008B50021684601F0CFFC002804D068464F
:108F30000078002800D0012008BD08B5002168464F
:108F400001F0C2FC00280AD06946087840084000B9
:108F50000870002102F04AFA002800D0012008BD64
:108F600010B584B004460A2101A801F0ADFC002828
:108F700017D06946087940090871A04211D00A212A
:108F8000684601F0A1FC00280BD069460878C106AC
:108F90006007C90E000E0843694608700A2102F0F6
:108FA00025FA04B010BD38B50C46054600216846C8
:108FB00001F08AFC002832D0002D06D069460878DE
:108FC000012108436946087005E0684600784108B9
:108FD00049006846017068460021007802F006FAF0
:108FE00000281CD00B21684601F06EFC002816D02A
:108FF000002C06D06946087880210843694608702D
:1090000005E0684600784106490E684601706846EA
:109010000B21007802F0EAF9002800D0012038BDC9
:1090200008B50921684601F04FFC00280FD06846BA
:109030000078010603D54021084369460870684658
:109040000921007802F0D2F9002800D0012008BDE3
:10905000F0B587B00646332104A801F035FC00289E
:109060004ED0312103A801F02FFC002848D06846DB
:10907000007C000661D56846007B010701D5072406
:109080005CE0810659D54407640F082105A801F06A
:109090001BFC002833D0022105A801F015FC002894
:1090A0002DD06846007DF8F703FB27490DF02EFA16
:1090B00026490DF0BBF92649F8F7F8F925490DF0D6
:1090C00025FAF8F7C9F9244A244BF7F70AFEF7F70F
:1090D00041FC01900C2103A801F0F6FB00280FD001
:1090E0006946087B1E4F40090873062815D2010007
:1090F0007944097949188F4405080A0A0D0F0020A0
:1091000007B0F0BDFF25AD0507E0164D05E0812550
:10911000ED0502E0144D00E0144DB86801990DF022
:109120004DFA06D2F8682946400040080DF0C4F90F
:1091300004D3032C02D1022400E00024002E00D02E
:109140003470012007B0F0BD0000204100401C45F4
:1091500000007A44000040409A9999999999C93F32
:1091600088010020000020400000B040333303415C
:1091700008B53921684601F0A7FB002803D06846EE
:1091800000788007800F08BD38B50D4604463A21A7
:10919000684601F099FB00280ED0002D03D06846E8
:1091A0000078C0092870694608784006400E0870AB
:1091B000002C00D02070012038BD38B504460321B2
:1091C000684601F081FB002807D0684601786420DA
:1091D0004143002C00D02160012038BD70B5054608
:1091E0000024FFF7C1FBEA20FFF782FBFFF712FC28
:1091F000002817D13C200CF0A7F820466930C0B2F7
:10920000FFF776FBFFF706FC00280BD13C200CF0A3
:109210009BF8FFF7A9FBEB20FFF76AFBFFF7FAFBD0
:10922000002801D0002070BD3C200CF08DF80020FB
:10923000FFF7E0FA2855FFF7C1FB3C200CF084F85B
:10924000641CE4B2052CCCD3012070BD08B53421D8
:10925000684601F039FB002804D068460078000910
:1092600000D0012008BD08B53421684601F02CFB70
:10927000002805D0684600789021084000D00120E1
:1092800008BD38B50C4605462921684601F01CFB8F
:10929000002818D0684600784206520E3220424319
:1092A000002D00D02A602A21684601F00DFB00281D
:1092B00009D06846007832214006400E4843002C11
:1092C00000D02060012038BD38B5044634216846FE
:1092D00001F0FAFA002808D0684601789020884307
:1092E0000025002802D02570012038BD35216846B0
:1092F00001F0EAFA0028F8D069460878C006C00EE6
:109300000870C10602D50520207011E0010701D5C3
:10931000042002E0410702D50320207008E0810705
:1093200001D50220F9E7C00701D00120F5E725703B
:10933000012038BD38B504463521684601F0C4FA2D
:10934000002817D068460078C106C90E684601702B
:10935000C807C00F2070684600788107C90F617088
:109360004107C90FA1700107C90FC006E170C00F06
:109370002071012038BD0000F0B583B004465221B1
:10938000684601F0A1FA002872D06846057853219A
:1093900001F09AFA00286BD0684600780002284352
:1093A000F8F77EF9AD4E3146F8F780F8206070216D
:1093B000684601F089FA00285AD06846057871217C
:1093C00001F082FA002853D0684600780002284352
:1093D000F8F766F93146F8F769F8F8F73DF8A04A6A
:1093E000A04BF7F7A1FCF7F7B5FA606031216846AA
:1093F00001F06AFA00283BD068460078000703D5E0
:109400006068B103484060603421684601F05CFA4E
:1094100000282DD068460078934F4106890F032617
:10942000012503290AD0902181435FD0657221680C
:10943000B94201DC40077BD52572DEE00B2168468E
:1094400001F042FA002813D068460078800649D51A
:109450002B21684601F038FA002809D0834920689A
:10946000884206DD69460978C906C90F072208E067
:10947000B3E07F49884206DD69460978C906C90F0D
:10948000062262721AE07B49884205DD6946097846
:109490000907C90F0522F4E77749884205DD6946C7
:1094A00009784907C90F0422EBE7412109068842E0
:1094B0000ADD6946097866728907C90F00290CD050
:1094C000B84208DD002095E0B84202DD0221617259
:1094D000F6E76572F4E703208CE06572B842FADDC6
:1094E000012087E02068B842FADCF4E733216846BF
:1094F00001F0EAF9002870D0342101A801F0E4F964
:10950000002879D0684601799020884301D0002056
:109510001EE0352101A801F0D7F900286CD069467A
:109520000879C006C00E0871C10602D505200FE0FB
:1095300054E0010701D504200AE0410701D5304677
:1095400006E0810701D5022002E0C00700D02846CE
:109550006A4611784907490F1170002837D0002951
:1095600035D061720021104601F0AEF9002872D0AA
:1095700068460078000718D540484068807D00287C
:10958000A0D00C21684601F09FF9002863D06846FE
:1095900000784007400F052805D0394920680DF0B4
:1095A0000DF89DD98EE73749F8E72068B84200DD0D
:1095B00042E735494118354881421DD8606841006D
:1095C00033484908814217DB0220207215E02068E9
:1095D000B842EDDC0029EBD10EE03CE02A48091846
:1095E0002A48814208D860684100294849088142D8
:1095F00002DB0220207200E026720026A6723421CF
:10960000684601F061F9002825D0332102A801F055
:109610005BF900281FD0684600784106890F10D0FA
:109620000B21684601F050F9002814D06846007AF2
:10963000000601D4A6720DE068460078C009A07249
:1096400008E06946097A9022C909C901104001431E
:1096500000D0A572012003B0F0BD000000007A44E4
:1096600085EB51B81E85EF3F0000C0400000C841A7
:109670000000984100006041000030411C000020C3
:109680000000A4410000E441FFFF7FBFFFFF3F0057
:109690009A99194038B504465221684601F014F9E8
:1096A000002813D068460578532101F00DF90028F1
:1096B0000CD06846007800022843002C05D0F7F74C
:1096C000EFFF0349F7F7F2FE2060012038BD0000EC
:1096D00000007A4438B505460221684601F0F4F8E6
:1096E00000283AD068460078F7F7E2FF1B490CF0F3
:1096F0000DFF1B490CF09AFE1A49F7F7D7FE1A49DD
:109700000CF004FF04460821684601F0DDF800284B
:1097100023D0694608780007800F087006D001281A
:1097200006D002280AD0032813D10DE00F4C10E018
:109730000F4920460CF07AFF04460AE00D49204606
:109740000CF074FF044604E00B4920460CF06EFF59
:109750000446002D00D02C60012038BD00002041BF
:1097600000401C4500007A4400004040000080BFDB
:109770009A99193E9A99993E9A99193FF8B5134CBE
:109780001349F7F793FE13490CF0C0FE0746124841
:109790000078F7F78DFF114E31460CF0B7FE1049F7
:1097A0000CF044FE054631460CF040FE39460CF004
:1097B00083FE01D2012005E0294638460CF07CFEEC
:1097C00001D8002020702078F8BD00005C00002047
:1097D0000000404000007A44750100200000C842AB
:1097E00000C05A4500B583B0332101A801F06CF8E0
:1097F000002818D03121684601F066F8002812D000
:1098000068460079002201060B48002911DB6946F1
:10981000097889060DD50178122906D30270002136
:10982000402001F0E3FD03B000BD491C017003B00E
:1098300000BD027003B000BD1C000020F0B58DB06B
:1098400005260023FCA2FDA14E200AF0AFF9FF4D32
:10985000002464200BF052FDF9F718F8FC488168E9
:10986000FC48006807460CF0E1FEFB498F4235DBFF
:10987000FA49884202DB641C0A2CEADB0A2C2DD050
:10988000A87A00286AD0F248F5498068884265DDE8
:109890000423F4A2F4A14E200AF088F901200BF071
:1098A000EFFC0423EFA2F4A14E200AF07FF9F74861
:1098B000FCF7C0FCF54C20650020A8722046FCF7A0
:1098C000B9FCE0640BF008FCFEF768FDF9F7D4F989
:1098D0002824FFF725FB002840D132E00123ECA229
:1098E000ECA14E200AF062F901200BF0C9FC012323
:1098F000E7A2ECA14E200AF059F901200BF0C0FCC0
:10990000A87A00282AD1E148FCF794FCDF4C2065B6
:109910000120A8722046FCF78DFCE0640123DCA244
:10992000E5A14E200AF042F90BF0D6FBFEF736FD1A
:109930000120F9F713FCF9F7D3F901200BF0A0FC93
:109940000CE064200BF0DAFC641EC2D10323DFA21A
:10995000DFA119200AF02AF908F0F0FBE04C207A88
:10996000002827D0002000F0DEFF002824D0207A35
:10997000002813D00423DBA2DBA14E200AF016F945
:10998000FF27913738460BF0B9FC0423D5A2DBA1A1
:109990004E200AF00BF938460BF0B0FC0023DBA296
:1099A000DBA14F200AF002F90AA8FFF717FC0028F4
:1099B0000BD012E00120D6E70323DAA2DAA14E2071
:1099C0000AF0F4F808F0BAFBE8E70323DBA2DCA115
:1099D0004F200AF0EBF808F0B1FBDE4F05220AA990
:1099E0003868F6F7D7FD002807D00323DAA2DBA1F9
:1099F0004F200AF0DBF808F0A1FBE07B01280CD037
:109A0000DB48396882688B689A4203DC007D897B79
:109A1000884201D9012000E000203968097D002931
:109A20002AD00023D3A2D4A14F200AF0BFF8A07BF4
:109A3000022801D0032816D10123D3A2D3A14F209D
:109A40000AF0B4F801200BF01BFC0123CEA2D3A135
:109A50004F200AF0ABF801200BF012FC0420A07399
:109A60004F200AF00DFFD0480078002823D0FF20B7
:109A70002D300BF043FC1EE000281CD00123CBA2AC
:109A8000CBA14F200AF092F801200BF0F9FB012343
:109A9000C6A2CBA14F200AF089F801200BF0F0FB01
:109AA0000020E0733968B2488A688260897B01755A
:109AB0004F200AF0E5FEA748C54F0068407B00280C
:109AC0004BD1AB487D21006F490188421BDD01234A
:109AD000C0A2B7A14F200AF069F801200BF0D0FB1B
:109AE0000123BCA2BCA14F200AF060F801200BF0BA
:109AF000C7FB7D209E49400108670020F8704F2079
:109B00000AF0BEFE29E03221F6F73AFE002924D001
:109B10000123B6A2B6A14F200AF048F801200BF0AD
:109B2000AFFB0123B1A29DA14F200AF03FF8012015
:109B30000BF0A6FB8E483221006FF6F721FE322192
:109B40004843B04A7D21C900904270DC88426FDBF7
:109B5000874908674F200AF093FE7E480068007B23
:109B600000281BD08248007F002817D00123A6A21E
:109B70008FA14E200AF01AF801200BF081FB01237F
:109B8000A1A2A2A14E200AF011F801200BF078FB4F
:109B90007749002008774F200AF072FE0023A0A228
:109BA000A0A150200AF002F8A17B607B01F0D2F95D
:109BB000002807D103239FA29FA1502009F0F6FFA0
:109BC00008F0BCFA0023A1A2A1A1522009F0EEFFE7
:109BD0006748407F01F03CFA002807D10323A1A287
:109BE000A1A1522009F0E2FF08F0A8FA1848806805
:109BF000FFF7C4FDA1494870A87A002819D10023B5
:109C00009FA2A0A1552009F0D1FF9C486946427847
:109C10005748837E8B70037F0B71437E4B70C07EF1
:109C2000C8709C480078002804D000203CE1B1E2D4
:109C3000B2E247E130E1000032380000B3E4B5E7BA
:109C40004943BAF3C5E4D6C300000000B4030020C2
:109C500088010020100000200000F040CDCC4C3DD9
:109C60000000284134390000B5E7B3D8B5E7D1B9D1
:109C7000D2D1BBD6B8B40000CFB5CDB3BDABCDCB40
:109C8000B3F6B0B2C8ABC4A3CABD000074030020D1
:109C900057380000B5E7B3D8B5E7D1B9D2ECB3A3D4
:109CA00000000000B5E7B3D8CAC7B7F1D5FDC8B703
:109CB000B0B2D7B03F000000CFB5CDB3BDABBDF85B
:109CC000C8EBB0B2C8ABC4A3CABD000045350000A4
:109CD000B3E4B5E74943CDA8D0C5CAA7B0DC0000BE
:109CE000E802002032390000BCB4B2E5BCB4D3C3F2
:109CF000C4A3CABDD2D1BFAAC6F40000B4FDBBFA4A
:109D0000B9A6BAC4BDABD4F6B4F30000324100002A
:109D1000B6FEB4CEB6C1C8A1D0BEC6ACB0E6B1BE28
:109D20000000000046310000C9E8D6C3CFB5CDB36E
:109D3000C4A3CABDCAA7B0DC0000000045360000BD
:109D4000B6C1C8A1D0BEC6ACB0E6B1BECAA7B0DC31
:109D5000000000002000002046420000D0BEC6AC3B
:109D6000B0E6B1BECAFDBEDDB4EDCEF3000000002A
:109D7000A802002032420000B3ACB3E4C4A3CABDC1
:109D8000D2D1C6F4D3C3000057390000CDA3B3E449
:109D9000B5E7C1F7B7C7B7A800000000D2D1D7D444
:109DA000B6AFD0DED5FD0000310000203243000008
:109DB000D0BEC6ACCEAAB9ABB0E6B9CCBCFE0000F2
:109DC000B3ACB3E4C4A3CABDD2D1BDFBD3C30000BE
:109DD0000803002032440000323056B8DFB9A6C272
:109DE000CAD2D1BDFBD3C300000000005741000020
:109DF0003230562050444FB5E7C1F7D6B5B7C7B794
:109E0000A8000000581B000032450000B8DFB9A6CA
:109E1000C2CA534350D2D1BDFBD3C30000000000DF
:109E200032460000C9E8D6C3D4D9B3E4B5E7B2CE10
:109E3000CAFD000046320000D4D9B3E4B2CECAFD58
:109E4000C9E8D6C3CAA7B0DC000000003330000068
:109E5000C9E8D6C3B5CDD1B9B1A3BBA4B5E7D1B9D3
:109E60000000000046330000B5CDD1B9B1A3BBA4BA
:109E7000C9E8D6C3CAA7B0DC000000005C0000201F
:109E800033310000C9E8D6C3B7C5B5E7CFB5CDB308
:109E90000000000047010020C0480078002801D0E1
:109EA0000A7002E0BE4800780870084600F036FFED
:109EB000002807D10323BBA2BBA1552009F076FEE1
:109EC00008F03CF90023BDA2BDA1582009F06EFEA8
:109ED000B2480078002806D0012807D0022808D010
:109EE00003280AD107E0BA48006905E0E120000133
:109EF00002E0B84800E0B8480590B5486946027DE0
:109F00000A76C068049001200872A54800780028ED
:109F100002D0B248006800E0AD4880680390B048C5
:109F200001F034F8009001200AF04EFF014600983D
:109F300001400091012102A800F062FE0099084250
:109F400007D10323A7A2A8A1582009F02FFE08F0EB
:109F5000F5F80023A9A2AAA15C2009F027FE384643
:109F600000F002FD002805D0A94800F02BFF0028D2
:109F700007D00EE00323A7A2A7A15C2009F016FEDC
:109F800005E00323A9A2AAA15C2009F00FFE08F0B6
:109F9000D5F80023ABA2ACA15D2009F007FE8C48E8
:109FA000816DAD48814204DC8948C16DAA48814277
:109FB00020DD8A480068407B00281BD10123A7A22E
:109FC000A7495D2009F0F2FD01200BF059F90123AA
:109FD000A2A2A4A15D2009F0E9FD01200BF050F937
:109FE0007B489D498165C1650020207560755D20B5
:109FF0000AF046FC9F4800F045FF002807D10323E4
:10A000009DA29EA15D2009F0D1FD08F097F80023E4
:10A010009FA2A0A15E2009F0C9FD07A8FFF7ACF937
:10A02000A87A00280BD0A049079888427DDD0A2431
:10A0300000210846FEF7B7FF002835D132E00420A2
:10A0400000F0DEFF0446C8200BF058F9787D0028A8
:10A050000DD0964896498068F7F728FA95490CF094
:10A0600055FAF7F7D3FA0599814204DB05E0584821
:10A07000007E002801D0032000E0002000F0C0FF97
:10A080000440C8200BF03AF900F034FE20426DD1B4
:10A09000012389A289A15E20761E09F087FD002E8A
:10A0A000CDDC63E0641EC3D1012388A288A15E20B9
:10A0B00009F07CFDFF2091300BF020F9012383A2F1
:10A0C00087A15E2009F072FDFF202D300BF016F9FC
:10A0D00001237EA286A15E2009F068FDC8200BF056
:10A0E0000DF9C8240020F9F739F8844E1E200BF032
:10A0F00005F907A8FFF740F90798B04202DB641E94
:10A10000F4D117E0002C15D0FEF732F901236FA22D
:10A110007BA15E2009F04AFD02200BF0B1F8BFF3ED
:10A120004F8F7C497A48C86000E00CE0BFF34F8F46
:10A1300000BFFDE7032378A278A15E2009F036FD79
:10A1400007F0FCFF14E00120F9F708F800F0D2FD59
:10A1500000280BD10A20761E0BF0D0F8012356A25E
:10A1600056A15E2009F022FD002EECDC002E07D166
:10A1700003236EA26EA15E2009F018FD07F0DEFF3A
:10A18000FEF7B4FEA87A002802D06E483221017290
:10A190000DB0F0BD6C48DBE40846D9E47501002041
:10A1A0007601002046340000B7C5B5E7CFB5CDB382
:10A1B000C9E8D6C3CAA7B0DC0000000033320000F3
:10A1C000C9E8D6C3B3E4B5E7CFB5CDB3000000000E
:10A1D000A8020020740E0000D80E0000200000200D
:10A1E000D002002046350000B3E4B5E7CFB5CDB3CB
:10A1F000C9E8D6C3CAA7B0DC0000000033330000B2
:10A20000C9E8D6C350444FB9E3B2A500000000002E
:10A21000C60200204637000050444FB5E7C1F7C9D9
:10A22000E8D6C3CAA7B0DC00000000004636000034
:10A2300050444FB9E3B2A5C9E8D6C3CAA7B0DC0001
:10A240000000000033340000C9E8D6C3505053B9B1
:10A25000E3B2A50000000000B80B00003335000099
:10A26000B09D0000505053B5E7C1F7D2D1D6D8D633
:10A27000C3000000FC02002046380000505053B9D3
:10A28000E3B2A5C9E8D6C3CAA7B0DC00000000004D
:10A2900033360000B7A2CBCD5479706543D6D8C110
:10A2A000ACC3FCC1EE00000000005041880100205A
:10A2B0000000404000007A4433370000D6D8C1ACDB
:10A2C000C3FCC1EED6D8CAD4D6D0000034410000B9
:10A2D000B3E4B5E7C6F7B5E7D1B9B9FDB8DF00001B
:10A2E000D5FDD4DAB3A2CAD4D6D8D6C300000000B4
:10A2F000C7EBC4CDD0C4B5C8B4FD00000000C04059
:10A30000B3E4B5E7C6F7D6D8D6C3CDEAB1CF0000DF
:10A310000400FA0500ED00E046450000B3E4B5E7AF
:10A32000C6F7D6D8D6C3B3ACCAB1000046390000D0
:10A33000D6D8C1ACC3FCC1EEB7A2CBCDCAA7B0DCA6
:10A34000000000005C000020581B000030B593B0F6
:10A350000524002348A249A1192009F027FC4B48F5
:10A36000019004216846017449480390C820029076
:10A370000025684605700E95FEF7D2FD002802D034
:10A38000002C0DD014E0C8200AF0B8FF012341A230
:10A3900041A1192009F00AFC641E2406240EEBD109
:10A3A000032341A241A1192009F000FC07F0C6FED9
:10A3B000FEF759FF00280FD0FEF7BFFD00233FA294
:10A3C0003FA1192009F0F2FB109510A81195FEF796
:10A3D00005FF002808D00FE00EA800F09FFC012127
:10A3E000684600F00DFCE9E7032339A239A14F20AC
:10A3F00009F0DCFB07F0A2FE10A800F065FF0028C2
:10A400001ED106950795089509950A950B950C950B
:10A4100010AB35A2202106A80D95F5F72FFF0323D9
:10A4200034A206A94F2009F0C1FB01200AF028FF41
:10A43000032330A230A14F2009F0B8FB07F07EFEC5
:10A4400032480068407D00280DD0FEF791FE0328B9
:10A4500009D0002809D0032326A22DA14F2009F0FE
:10A46000A5FB07F06BFE13B030BD032318A22DA18E
:10A470004F2009F09BFBF4E730370000B3E4B5E769
:10A480004943B3F5C5E4D6C300000000E42500004D
:10A490006810000057330000B3A2CAD4C1ACBDD3CA
:10A4A000D6C149430000000045350000B3E4B5E7DC
:10A4B0004943CDA8D0C5CAA7B0DC000030380000A1
:10A4C000B3E4B5E74943B0E6B1BEBCECB2E9000085
:10A4D00045360000B6C1C8A1B9CCBCFEB0E6B1BEDD
:10A4E000CAA7B0DC00000000B9CCBCFE49443A2544
:10A4F0007300000045370000B2BBCADCD6A7B3D654
:10A50000B5C4B9CCBCFEB0E6B1BE0000200000204E
:10A51000B2BBCADCD6A7B3D6B5C4D3B2BCFEB0E6D4
:10A52000B1BE0000B6C1C8A1D0BEC6ACB0E6B1BED7
:10A53000CAA7B0DC00000000002806D0042805D01F
:10A54000052803D0062801D001207047002070475D
:10A55000F8B52F4EB07A002830D0FEF723F82D49F9
:10A560000A792D49D21E052A0ED213007B441B798D
:10A57000DB189F44020409060800284904E0284922
:10A5800002E0284900E02849294D0028274F294C9E
:10A59000A8680AD00BF090FF09D3A868B84208DA7F
:10A5A0002549E868884204DA01E0B84201DA32203D
:10A5B00003E0207A002802D0401E2072F8BDFDF78B
:10A5C000E1FF002802D01D49302008800020B07231
:10A5D0000120F8F7C3FDF8F74FFB00F039F81849F0
:10A5E000A078097808430FD116480078002809D1CF
:10A5F00015480078002801D0607801E01348007801
:10A60000002801D0032000E0002000F0F9FCF8BD94
:10A61000B4030020C8020020000010416666064115
:10A6200033330B41CDCC14419A9919410000284194
:10A63000880100205C000020CDCC4C3EDE000020D4
:10A64000470100201F010020750100207601002035
:10A65000F0B57448744F0068744C89B000280ADC67
:10A6600073480078012806D0A07800280BD0002677
:10A670003046042525E06F49002609783046002938
:10A680001ED004251DE06C480078002803D0002669
:10A690000120054615E038780126002801D0002069
:10A6A0000EE066480078002804D065488068FFF70F
:10A6B00065F801E063480078002801D0032500E038
:10A6C000002561496A468B7E93714B7E5371CB7E28
:10A6D000D3710B7F1372002814D0A0783A781043FE
:10A6E00001D000200DE054480078002801D001205E
:10A6F00007E052480078002801D0607801E0514816
:10A7000000786A4610715048407F00F0A1FC4F4F1E
:10A710004F49B87A0978084302D101A800F0FEFA3F
:10A720004C4800F04FFB45480078002806D001282F
:10A7300007D0022808D003280AD107E04248006960
:10A7400005E0E120000102E0434800E043480690B4
:10A750003D486946027D0A77C068059035480E730A
:10A7600000783F4E002803D000200870487014E0A5
:10A77000B079002802D0E0790028F5D1307A00289D
:10A7800000D001200870707A002800D001204870A5
:10A79000B07A002801D0012000E00020887008462F
:10A7A00000F0F4FBF079E17A884200D2E072E07ABE
:10A7B00000F0FAFD68460079002802D029480068B8
:10A7C00000E0214880680490B87A002809D0002170
:10A7D00003A800F015FA1E49B87A0978084302D098
:10A7E0000AE00121F4E7042000F00AFCC8200AF086
:10A7F00085FD284600F004FC1B48007A00280ED096
:10A80000002000F090F8194800F0AEF8184800F069
:10A8100039FB00F06FFAFEF769FB09B0F0BD0120CB
:10A82000EFE7000078000020470100205C000020D6
:10A830003F0100203D0100201F0100207501002084
:10A840008801002076010020A8020020B403002027
:10A850006C000020C6020020740E0000D80E00001C
:10A86000C802002020000020E80200200803002089
:10A87000FC020020F8B504463321684600F024F8B5
:10A88000002820D06846007800250106022601270E
:10A89000002901DB257004E0400601D5267000E0A8
:10A8A00027703821684600F00FF800280BD0684662
:10A8B0000078C10601D5667004E0800601D5677096
:10A8C00000E065700120F8BD70B50D460446FEF746
:10A8D0004BF8EA20FEF70CF8FEF79CF8002815D19B
:10A8E0003C200AF031FD2846FEF702F8FEF792F808
:10A8F00000280BD13C200AF027FDFEF735F8EB20AD
:10A90000FDF7F6FFFEF786F8002801D0002070BDA5
:10A910003C200AF019FD0020FDF76CFF2070FEF7C7
:10A920004DF8012070BD38B5044609216846FFF78F
:10A93000CBFF002816D0002C06D06946087880216D
:10A9400008436946087005E0684600784106490EEC
:10A950006846017068460921007800F047FD00282C
:10A9600000D0012038BD0000F0B583B004462C2192
:10A9700001A8FFF7A9FF002872D023216846FFF73E
:10A98000A3FF00286CD0E0781027002869460878DB
:10A9900001D0384302E0EF21084069460870A078F2
:10A9A0000028087804D0082108436946087003E0AD
:10A9B000F721084069460870607800280846097841
:10A9C00004D0042001436846017003E0FB200140ED
:10A9D000684601702078002806D069460878022170
:10A9E00008436946087005E068460178FD2001408B
:10A9F0006846017068462321007800F0F7FC0028C3
:10AA00002ED0E078002838D055484068467B002E8C
:10AA100001D0544801E07D2040012569854203DCD6
:10AA20007D20C000854200DA0546002E0AD114219F
:10AA30002846F5F7A5FE002904D069460879384371
:10AA400008710EE069460879EF21084069460871EF
:10AA5000002E06D032212846F5F792FEC0B205E05E
:10AA60007CE014212846F5F78BFEC0B269460870D9
:10AA7000282100F0BBFC002870D0A078FF263A4DBA
:10AA8000F53600281ED0E068A84201DD284602E025
:10AA9000B04200DA30461421F5F772FE00296A460A
:10AAA000117904D0082211436A46117103E0F7229C
:10AAB00011406A461171C0B21070272100F096FC57
:10AAC00000284BD0607800281ED0A068A84201DD85
:10AAD000284602E0B04200DA30461421F5F750FE75
:10AAE00000296A46117904D0042211436A46117183
:10AAF00003E0FB2211406A461171C0B2107026219A
:10AB000000F074FC002829D0207800281ED060684E
:10AB1000A84201DD284602E0B04200DA30461421A6
:10AB2000F5F72EFE00296A46117904D0022211435E
:10AB30006A46117103E0FD2211406A461171C0B2EC
:10AB40001070252100F052FC002807D068462C2107
:10AB5000007900F04BFC002800D0012003B0F0BDCC
:10AB60001C000020581B0000B80B000010B50F4857
:10AB7000807A002802D0FDF715FD01E0FEF773FB97
:10AB80000B49002803D00B480479886807E00A487D
:10AB90004C7F006889688068814200DD084600F0CB
:10ABA0000DF82046FEF7DCF910BD0000B4030020CC
:10ABB000A8020020C80200202000002038B50E495D
:10ABC00049688968814202DB0C49884200DA0846FC
:10ABD0006421F5F7D5FDC4B203216846FFF774FE82
:10ABE000002807D068460078A04203D00321204601
:10ABF00000F0FCFB38BD00001C000020B80B00007A
:10AC000030B583B00D46044600216846FFF75CFE70
:10AC100000285ED020780121002804D06A461078F0
:10AC20000843107005E0684600784108490068460E
:10AC3000017068460021007800F0D8FB002848D059
:10AC40002849606849688968884202DC2649884248
:10AC500000DA08466421F5F793FDC0B26946087032
:10AC6000032100F0C3FB002833D06846062100789A
:10AC700000F0BCFB00282CD01C49E068884201DDB4
:10AC8000084603E0E1210901884227DB184A0A212E
:10AC90008018F5F775FDC0B2022100F0A7FB00286F
:10ACA00017D0002D14D0247C0C2101A8FFF70CFE36
:10ACB000002810D0694608796101C006C00E014322
:10ACC000C8B2694608710C2100F090FB002802D040
:10ACD000012003B030BD002003B030BDE1200001F1
:10ACE000D4E700001C000020B80B00008610000014
:10ACF0003CF6FFFF08B523216846FFF7E5FD002875
:10AD00000BD0694608780121084369460870232161
:10AD100000F06CFB002800D0012008BD38B50446C7
:10AD20000B216846FFF7D0FD002848D02078002886
:10AD300006D069460878802108436946087005E016
:10AD4000684600784106490E68460170A0780028E0
:10AD5000684601780CD040200143684601702020ED
:10AD600001436846017010200143684601700BE002
:10AD7000BF20014068460170DF2001406846017035
:10AD8000EF200140684601700D484068007B0028B4
:10AD90000DD0207969460028087804D0082108439E
:10ADA0006946087003E0F721084069460870684664
:10ADB0000B21007800F01AFB002800D0012038BDDC
:10ADC0001C00002038B504462B216846FFF77CFDA7
:10ADD000002856D0207869460028087804D0402101
:10ADE00008436946087003E0BF21084069460870BF
:10ADF00060780028087804D020210843694608704C
:10AE000003E0DF21084069460870A0780028087830
:10AE100004D0102108436946087003E0EF21084080
:10AE200069460870E0780028087804D008210843B3
:10AE30006946087003E0F7210840694608702079E8
:10AE40000028087804D0042108436946087003E00C
:10AE5000FB2108406946087060790028087804D012
:10AE6000022108436946087003E0FD210840694655
:10AE7000087068462B21007800F0B8FA002800D04E
:10AE8000012038BD38B505462E484068407B002873
:10AE900001D02D4C00E02D4C23216846FFF714FD16
:10AEA00000284DD0287869460028087804D0202151
:10AEB00008436946087003E0DF21084069460870CE
:10AEC00068780028087804D0402108436946087053
:10AED00003E0BF21084069460870684623210078D6
:10AEE00000F084FA00282BD06868A04201DD2046DB
:10AEF00003E01749884200DA08463221F5F740FCA2
:10AF00004006400E69460870292100F06FFA0028BB
:10AF100016D0A868A04201DD204604E07D21090189
:10AF2000884200DA08463221F5F72AFC4006400E36
:10AF3000694608702A2100F059FA002800D0012043
:10AF400038BD00001C000020CE180000B80B000027
:10AF5000DC05000038B50D46044608216846FFF7B9
:10AF6000B3FC002811D06946087882072807010E33
:10AF7000920FA0071143000F08436946087008218B
:10AF800000F034FA002800D0012038BD38B504465E
:10AF900000216846FFF798FC00282FD020786946EA
:10AFA0000028087804D0102108436946087003E09F
:10AFB000EF2108406946087060780028087804D0BE
:10AFC000082108436946087003E0F72108406946F4
:10AFD0000870A0780028087804D004210843694646
:10AFE000087003E0FB2108406946087068460021AC
:10AFF000007800F0FBF9002800D0012038BD0000E7
:10B0000038B5044622216846FFF75EFC002817D0B9
:10B01000694608788006800E08700C494968897D69
:10B02000002901D0042C0CD0A10101436846017015
:10B0300068462221007800F0D9F9002800D00120CC
:10B0400038BD8021084369460870F1E71C000020E4
:10B0500038B504460A216846FFF736FC00280ED0B2
:10B0600069460878C1066007C90E000E08436946A4
:10B0700008700A2100F0BAF9002800D0012038BD7C
:10B08000F0B5724C87B0A078002879D07048FDF7F1
:10B09000DFFF20706F48FEF76FF9217808402070BD
:10B0A0006D48FFF7E7FB2178084020706B48FEF7FA
:10B0B0000BF9217808402070FEF7C8F8684D20731E
:10B0C00028780026002829D004A8FDF71FFD0028B5
:10B0D00008D005985F49400040084860A17A0729D8
:10B0E00002D006E02E7019E001225A49D2075040E2
:10B0F00048600498F6F7B0F9054656480F46406890
:10B10000F6F7AAF9574A584BF6F782F83B462A4613
:10B11000F5F7DAFDF5F71EFC4E49086020780028A7
:10B120007ED0A1790120002901D0491E0AE0E179F1
:10B13000072902D2491CE17100E0E671217A414001
:10B1400021721021A171E178484D052919D2491CBD
:10B15000E170474FA868B9680BF068F9A860F96812
:10B16000E8680BF063F93B4FE860396828680BF03A
:10B170005DF92860796868680BF058F9686053E0F9
:10B180005BE020713B4FE6703946A868F6F78EF910
:10B19000A06102903946E868F6F788F9E06139461F
:10B1A0002868F6F783F9344F0090F86BF6F778FAD1
:10B1B00000990BF0ABF93149F6F778F93049314A8B
:10B1C0004118914200D220612A496868F6F76EF969
:10B1D0000090A07A072832D0B86BF6F761FA009990
:10B1E0000BF094F92549F6F761F94100264A490820
:10B1F000914200DC6061029920690BF05DF909D28F
:10B20000A069F6F729F9214A214BF5F75DFDF5F71D
:10B21000A1FBA06102202D1F6E60401EAE6000E009
:10B220000AE008350028F7D10A48807A002803D0C0
:10B23000FF201849E1300880A67007B0F0BD386CD7
:10B24000F6F72EFA00990BF061F9CBE7AC0000207D
:10B25000B6000020B8010020B9000020B100002095
:10B2600088000020AED85F764F1E663FA801002000
:10B27000880100200000A040A802002000007A44BD
:10B28000FFFF7FBFFFFF6F013333F3404725750298
:10B290009A085B3F0600002038B504460C2168463A
:10B2A000FFF712FB00280ED0694608786101C0063E
:10B2B000C00E0143C8B2694608700C2100F096F830
:10B2C000002800D0012038BD70B506460146052291
:10B2D0001E48F5F75FF91E4C002831D01D480522A5
:10B2E00031460546F5F756F900282CD01A480522B4
:10B2F00031460546F5F74EF9002824D017480522B7
:10B3000031460546F5F746F900281CD014480522B9
:10B3100031460546F5F73EF9002814D011480522BC
:10B3200031460546F5F736F900280CD00E480522BF
:10B3300031460546F5F72EF9002804D0002070BDEF
:10B340000248606000E06560012070BD40A9010016
:10B350001C00002058A9010070A9010088A9010063
:10B36000A0A90100B8A90100D0A901000C4910B59D
:10B37000884201DD084603E0E121090188420CDB37
:10B38000084A0A218018F5F7FBF9C0B2022100F043
:10B390002DF8002800D0012010BDE1200001EFE7CA
:10B3A000861000003CF6FFFF38B504460E484068A2
:10B3B000807D002815D00C216846FFF785FA00280B
:10B3C00010D0694608780109090108200143600787
:10B3D000400F0843694608700C2100F007F8002868
:10B3E00000D0012038BD00001C00002070B50C46C4
:10B3F0000546FDF7B9FAEA20FDF77AFAFDF70AFBF0
:10B40000002813D13C2009F09FFF2046FDF770FA79
:10B41000FDF700FB002809D13C2009F095FF2846E4
:10B42000FDF766FAFDF7F6FA002801D0002070BD9E
:10B43000FDF7C4FA012070BD38B50C460546082159
:10B440006846FFF741FA002822D06846007832218A
:10B450000006000F4843002D00D0286002216846F6
:10B46000FFF732FA002813D068460078F6F720F983
:10B4700008490BF04BF808490AF0D8FF0749F6F7DE
:10B4800015F807490BF042F8002C00D0206001208D
:10B4900038BD00000000204100401C4500007A44F7
:10B4A0000000404010B5024800F078F810BD0000E0
:10B4B0003402002038B50C49012008700B480C4CB0
:10B4C00000780025002802D0A079052809D10021A4
:10B4D0005023A0220846009500F044FE054808F0DD
:10B4E0005DFFA57138BD0000AE000020B80000204F
:10B4F000280000209CC90100F0B5134E83B03078BD
:10B5000000281ED105F00EFA114F00250F4C3B46C6
:10B5100010A216210A200195009401F069FB3B4618
:10B5200012A224210A200195009401F061FB3B4600
:10B5300014A231210A200195009401F059FB012049
:10B54000307003B0F0BD00004C01002010840000FA
:10B55000E0FF0000C7EBB0CECFC2547970652D4339
:10B56000BFDAB5C4B5E7C0C200000000B2A2D4DAA9
:10B57000B1BECCE1CABECFFBCAA7BAF3D6D8D0C2FF
:10B580000000000020BDABB5E7C0C2C1ACBDD3D642
:10B59000C1B6CBBFDAA1A30000207047F0B50446C6
:10B5A000FE4883B001794079014301D0012600E0D3
:10B5B0000026FB483246C178F848FA4D8079FA4FA8
:10B5C0008A4378D0052876D00FCC0068103C00F074
:10B5D00079FA226801461068884203DAF04B0420A9
:10B5E000987004E0884202DDED4B04205870EC486E
:10B5F00011608078002801D0012600E0002600209C
:10B6000000902B238C221A217B2000F03FFDFF208D
:10B61000D03000902A238B221B217C2000F036FDA5
:10B62000002E01D0384600E02846009029238A22C7
:10B630001C217D2000F096FD00210C20002E04D05E
:10B64000DA4B00970291019003E0D94B00950291EB
:10B6500001902B221D21812001F096F8D0484078DE
:10B66000002801D0012600E00026002000902B23B6
:10B6700023221A21122000F009FDFF20D030009073
:10B680002A2322221B21132000F000FD002E01D0CE
:10B69000384600E028460090292321221C2114204E
:10B6A00000F060FD00200C21002E05D0BF4B00975C
:10B6B0000191029004E07FE0BD4B00950191029062
:10B6C0002D221D21172001F05FF8292354221C216F
:10B6D0002D20009700F046FD0C20B64901970091FF
:10B6E00002902068B4490068884201DD052300E02B
:10B6F000042382B21D212F2001F0BEFA3C238222B6
:10B7000038211E20009700F02DFD44238222402185
:10B710001E20009700F026FD00273F2381223C21B8
:10B720001E20009700F0B2FC3E2380223D21202005
:10B73000009500F017FDA14E3D25AAB2A8B23E2308
:10B740003D21009600F02AFC6D1D812DF5DB65681A
:10B750002846F5F7A5FF064620680068F5F7A0FF24
:10B7600031460AF063FF0646A068401BF5F798FFD4
:10B7700001463046F5F79AFE91490AF0C7FEF5F703
:10B7800045FF04007ED4602C7DDC2046223082B24E
:10B79000001F80B243233821009700F077FC8348D4
:10B7A00000902046213082B21F34A0B242233921BA
:10B7B00000F0D8FC03B0F0BD794A1278002A03D01B
:10B7C000002970D100286FD005F0ACF8744840789B
:10B7D000002800D001200190002000902B2323227C
:10B7E0001A21122000F052FCFF20D03000902A23B2
:10B7F00022221B21132000F049FC0198002801D0CF
:10B80000384600E028460090292321221C211420DC
:10B8100000F0A8FC019A00200C21002A04D0634B00
:10B8200000970191029003E0614B00950191029015
:10B830002D221D21172000F0A7FF0C225A495D4838
:10B8400002920191009020685B490068884201DD06
:10B85000052300E0042382B21D212F2001F00CFA01
:10B860005148002700900197524B1D21602022690A
:10B8700001F0BEF92B2373221A211846009700F01D
:10B8800005FC01E0ECE0EDE0FF20D03000902A2341
:10B8900072221B212C2000F0F9FB414880780028FF
:10B8A00003D0012702E0ACE0C1E0002700200090B7
:10B8B0002B238C221A217B2000F0E8FBFF20D030C4
:10B8C00000902A238B221B217C2000F0DFFB002F1D
:10B8D00001D0354800E02846009029238A221C2107
:10B8E0007D2000F03FFC00200C21002F05D02E4AC7
:10B8F0002E4B00920191029003E02D4B0095019197
:10B9000002902B221D21812000F03EFF26480027B7
:10B9100000900197254B38210320626901F068F9F6
:10B920003F2381223C211E20009700F0AFFB3E23E5
:10B9300080223D212020009500F014FC1F4F3D2562
:10B94000AAB2A8B23E233D21009700F027FB6D1D4F
:10B95000812DF5DB65682846F5F7A2FE07462068CD
:10B960000068F5F79DFE39460AF060FE0746A068BC
:10B97000401BF5F795FE01463846F5F797FD10494F
:10B980000AF0C4FDF5F742FE05006DD4602D6DDCB4
:10B99000002000902846223082B213E028000020C8
:10B9A0004800002051A6000010840000FFFF0000A6
:10B9B000122B0000FF7F00000F270000E0FF0000B7
:10B9C0000000C042001F80B24323382100F05EFB1C
:10B9D00028462130264F82B21F35A8B24223392192
:10B9E000009700F0BFFB00212248019100903B46E8
:10B9F00038218420A26901F0FBF81F48C078002894
:10BA000009D001211C48002E017000D0D2E600218F
:10BA1000C17003B0F0BD19488179052907D1E169EA
:10BA2000002904D000228271884703B0F0BD0FCCFA
:10BA30000068103C00F046F822681168814203DA81
:10BA40000D4B0421997008E0814203DD0A4B04216B
:10BA5000597002E0084B01211970106003B0F0BD6D
:10BA6000002492E6602490E6002591E760258FE7A8
:10BA7000FFFF000010840000480000202800002084
:10BA8000034800214170817001700121C17070472D
:10BA9000480000200A4800228178002906D00129A8
:10BAA00000D10270491E81704270704741780029B0
:10BAB000FBD0012900D10270491E4170827070478D
:10BAC0004800002030B4114CA579002D09D0012D7B
:10BAD00002D0022D02D002E0C01800E0C01A0025FA
:10BAE000A5716579002D01D0C01A03E02479002CDE
:10BAF00000D0C018904203DC884203DB30BC7047A2
:10BB00001046F9E730BC08467047000028000020C6
:10BB100070B5002349A24AA1052008F047F8022287
:10BB200004210020F7F736F8022211460020F7F72B
:10BB300031F8022201210020F7F72CF80122D4026B
:10BB400021461046F7F726F8404D012221462846A7
:10BB5000FCF7AEFC032221462846FCF7B1FC214647
:10BB60002846FCF7A3FC04211020F9F7E7F9384C2C
:10BB70000322002311462046F6F7D6FF192120465E
:10BB8000F6F7E6FF01212046F6F7DBFF022200234D
:10BB900011462046F6F7B9FF012200231146204640
:10BBA000F6F7B3FF00231A4619462046F6F7ADFF15
:10BBB000012204212046F6F79FFF2649A0150860C0
:10BBC000254D0021254EE960717029706960A960DA
:10BBD00001212046F6F73DFE002321A221A10820E5
:10BBE00007F0E4FF0024F6F751FE002807D10323F5
:10BBF00020A221A1082007F0D9FF06F09FFA641CBB
:10BC0000052CF0DB1F49286940181F49884207D3DB
:10BC100003231EA21EA1082007F0C8FF06F08EFA1B
:10BC20002878002807D103231DA21EA1082007F0B1
:10BC3000BDFF06F083FAA868706070BD3033000065
:10BC4000C5E4D6C3414443C4A3BFE90000200B4070
:10BC50000000014000E100E0880100200C0000200D
:10BC600030340000BCECB2E9C8C8C3F4B5E7D7E88B
:10BC70000000000045310000414443D7AABBBBD2BD
:10BC8000ECB3A300666666C0CDCC0C004532000064
:10BC900049524546B5E7D1B9B9CAD5CF0000000031
:10BCA00045330000C8C8C3F4B5E7D7E8B9CAD5CF53
:10BCB00000000000024A01235370D1609060704779
:10BCC0000C000020F0B534A30FCB85B06D460FC536
:10BCD0000324002334A235A10C2007F067FF0126BE
:10BCE000354DF60331462846FCF71FFC002843D1AA
:10BCF000324F01213846FCF722FC322009F0FEFACF
:10BD0000012231462846FCF7D3FB31462846FCF792
:10BD100016FCC82009F0F2FA01213846FCF7C6FBF0
:10BD2000002231462846FCF7C3FB31462846FCF783
:10BD3000BDFBC82009F0E2FA31462846FCF7F5FBC6
:10BD400001280FD03320641E001B6946487301236D
:10BD50001BA20C2007F02AFF022009F091FA002C08
:10BD6000C7D101E0002C07D1032316A216A10C2095
:10BD700007F01CFF06F0E2F931462846FCF7DFFB2E
:10BD8000012231462846FCF793FB00223146284623
:10BD9000FCF7B2FB05B0F0BDBBBDD0D1D6D8CAD43C
:10BDA000B4CECAFD3A33000030350000BBBDD0D15F
:10BDB000B3E4B5E74943000000000B4000200B400E
:10BDC0005731000045340000B3E4B5E74943BBBD3B
:10BDD000D0D1CAA7B0DC0000FFB50125344EAD02BA
:10BDE00081B017462A2429463046FCF75FFB2146DE
:10BDF000304C204606F0F4F86069C005FCD42946B2
:10BE00003046FCF79CFB0021204606F0EFF8019835
:10BE1000401C81B2204606F0E3F86069C005FCD4FE
:10BE20007F1CB9B2204606F0DBF86069C005FCD47F
:10BE30000821204606F0DAF82B2729463046FCF781
:10BE400035FB3946204606F0CBF86069C005FCD4C6
:10BE500029463046FCF773FB0021204606F0C6F861
:10BE600002981A3081B2204606F0BAF86069C0051F
:10BE7000FCD404981A3081B2204606F0B1F860690B
:10BE8000C005FCD40821204606F0B0F82C2729462E
:10BE90003046FCF70BFB3946204606F0A1F86069F6
:10BEA000C005FCD429463046FCF749FB05B0F0BD7F
:10BEB00000200B400040004010B580210348FCF7F3
:10BEC0003EFB02210248FCF7F1FA10BD00400B4096
:10BED00000200B4010B5084C002280212046FCF7C2
:10BEE000E7FA022280212046FCF70EFB02210348DC
:10BEF000FCF7DCFA10BD000000400B4000200B40B6
:10BF000070B51546064686B0481E04930C4682B2AC
:10BF10002B4619463046FFF75FFF1D4D01220221D7
:10BF2000284606F04CF80021284606F05FF8A642A5
:10BF300001D2A01B00E0301B252252016946CA81B4
:10BF40000881012088720420C8721248019080156F
:10BF5000888104A80090012003F022F80E4C0020F4
:10BF600020700121084603F031F820780028FCD029
:10BF70002C466169C905FCD400220221284606F03E
:10BF80001EF80821204606F031F806B070BD00000A
:10BF9000004000401040004008000020F0B50E4670
:10BFA00000259C468FB017462C461946664506D19B
:10BFB00032463946149BFFF7A3FF0FB0F0BDB842DD
:10BFC00006D102463046149B00F080F80FB0F0BD59
:10BFD000111A01916146891B009109900020019975
:10BFE000C0430896002901DD012109E0002907D09E
:10BFF0004942019107900099002903DD01200DE0DD
:10C000000791F8E7002908D006904842009000996F
:10C010000198884204DD064603E000200690F6E71A
:10C020000E46701C00270C900028CFDD0899099857
:10C03000149A80B289B20D920B460246FFF7CCFEED
:10C040000D9800F0BDFE01982D1800982418B542F7
:10C0500004DD07990998AD1B40180990B44204DD2E
:10C0600006990898A41B401808907F1C0C98BFB232
:10C070008742DBDB0FB0F0BD10B514460B4602461D
:10C08000FFF7AAFE204600F09BFE10BDFFB581B071
:10C0900016460A9F1C460D460A463B463146019805
:10C0A000FFF72EFF3B46224631460198FFF728FF57
:10C0B0003B4621462846019A00F008F83B463246A6
:10C0C0002146284600F002F805B0F0BD70B50646DE
:10C0D00086B0481E04930C4683B231461046FFF7E3
:10C0E0007BFE1D4D01220221284605F068FF00213C
:10C0F000284605F07BFFA64201D2A01B00E0301BC2
:10C10000252252016946CA810881012088720420D3
:10C11000C872124801908015888104A800900120FF
:10C1200002F03EFF0E4C002020700121084602F074
:10C130004DFF20780028FCD02C466069C005FCD457
:10C1400000220221284605F03AFF0821204605F08A
:10C150004DFF06B070BD00000040004010400040A0
:10C1600008000020F0B585B0074615460A981C4621
:10C170000E46AF4241D2A6423FD20490601E83B227
:10C18000681E82B23846FFF727FE012202211C48B2
:10C1900005F015FF00211A4805F028FF2521490167
:10C1A0006846C181E91BA01B41436846018101210A
:10C1B00081720421C1721348019081156846818102
:10C1C00004A800906946012002F0EAFE0E4C00200F
:10C1D00020700121084602F0F9FE20780028FCD0EA
:10C1E000074C6169C905FCD400220221204605F0F4
:10C1F000E6FE0821204605F0F9FE05B0F0BD00007E
:10C2000000400040104000400800002030B53E4C87
:10C210008BB0012208212046FCF74AF901221021A7
:10C220002046FCF745F9012204212046FCF740F99D
:10C23000052208210120F6F7ADFC0522102101207E
:10C24000F6F7A8FC052204210120F6F7A3FC012241
:10C25000950229461046F6F79DFC01222946204604
:10C26000FCF726F929462046FCF769F9012202214C
:10C270001046F6F78FFC012202212046FCF718F940
:10C2800002212046FCF712F9012280210220F6F754
:10C2900081FC1E4C012280212046FCF709F9032273
:10C2A00080212046FCF70CF980212046FCF747F955
:10C2B0002801009008210020029101908902049039
:10C2C0000790059003910690099001210220104CDF
:10C2D00008910A906946204605F04CFE012120464F
:10C2E00005F075FE0121204605F03AFE08210120E7
:10C2F00002F04AFE01220921104602F085FE05499E
:10C30000200408600BB030BD00200B4000400B4003
:10C310000040004000E100E0F8B5FE480078002849
:10C3200006D0012806D0022806D0032807D105E050
:10C33000082704E0C82702E0782700E0A82780212A
:10C34000F548FCF7FCF8F54D02212846FCF7AEF85D
:10C35000642008F0D3FF02212846FCF7F0F864209F
:10C3600008F0CCFFEE4C0821204605F03BFE1120E2
:10C370002615009031462846FCF798F8204600998B
:10C3800005F02EFE6069C005FCD431462846FCF756
:10C39000D6F8782008F0B2FFB12000903146284648
:10C3A000FCF784F82046009905F01AFE6069C00584
:10C3B000FCD431462846FCF7C2F80521204605F09A
:10C3C0000FFE6069C005FCD43C21204605F008FE44
:10C3D0006069C005FCD43C21204605F001FE60697F
:10C3E000C005FCD4B220009031462846FCF75EF828
:10C3F0002046009905F0F4FD6069C005FCD4314683
:10C400002846FCF79CF80521204605F0E9FD606907
:10C41000C005FCD43C21204605F0E2FD6069C00562
:10C42000FCD43C21204605F0DBFD6069C005FCD44E
:10C43000B320009031462846FCF738F82046009992
:10C4400005F0CEFD6069C005FCD401218902B34826
:10C45000FCF775F8B34E0025715D204605F0C0FD70
:10C460006069C005FCD46D1CEDB2062DF4D3B42078
:10C470000125AA4EAD02009029463046FCF716F879
:10C480002046009905F0ACFD6069C005FCD4294642
:10C490003046FCF754F80321204605F0A1FD606901
:10C4A000C005FCD4C020009029463046FBF7FEFFB3
:10C4B0002046009905F094FD6069C005FCD429462A
:10C4C0003046FCF73CF8AB21204605F089FD606959
:10C4D000C005FCD40B21204605F082FD6069C00533
:10C4E000FCD40421204605F07BFD6069C005FCD426
:10C4F000C120009029463046FBF7D8FF204600991E
:10C5000005F06EFD6069C005FCD429463046FCF795
:10C5100016F8C521204605F063FD6069C005FCD40E
:10C52000C220009029463046FBF7C0FF2046009904
:10C5300005F056FD6069C005FCD429463046FBF77E
:10C54000FEFF0D21204605F04BFD6069C005FCD4BF
:10C550000021204605F044FD6069C005FCD4C320DD
:10C56000009029463046FBF7A1FF2046009905F0D0
:10C5700037FD6069C005FCD429463046FBF7DFFF74
:10C580008D21204605F02CFD6069C005FCD46A2190
:10C59000204605F025FD6069C005FCD4C42000904C
:10C5A00029463046FBF782FF2046009905F018FD2A
:10C5B0006069C005FCD429463046FBF7C0FF8D21D9
:10C5C000204605F00DFD6069C005FCD4EE21204633
:10C5D00005F006FD6069C005FCD4C5200090294621
:10C5E0003046FBF763FF2046009905F0F9FC6069CF
:10C5F000C005FCD429463046FBF7A1FF0F21204699
:10C6000005F0EEFC6069C005FCD4E02000902946EE
:10C610003046FBF74BFF2046009905F0E1FC6069CE
:10C62000C005FCD4012189023C48FBF788FF3E4E3F
:10C630000025715D204605F0D3FC6069C005FCD47F
:10C640006D1CEDB2102DF4D3E12001210090890280
:10C650003248FBF72BFF2046009905F0C1FC6069CA
:10C66000C005FCD4012189022C48FBF768FF2F4E3E
:10C670000025715D204605F0B3FC6069C005FCD45F
:10C680006D1CEDB2102DF4D3FC200125234EAD021C
:10C69000009029463046FBF709FF2046009905F037
:10C6A0009FFC6069C005FCD429463046FBF747FF74
:10C6B0008021204605F094FC6069C005FCD43A2036
:10C6C000009029463046FBF7F1FE2046009905F020
:10C6D00087FC6069C005FCD429463046FBF72FFF74
:10C6E0000521204605F07CFC6069C005FCD436209D
:10C6F000009029463046FBF7D9FE2046009905F008
:10C700006FFC6069C005FCD429463046FBF717FF73
:10C7100039460DE00900002000400B4000200B408E
:10C72000004000400F670100156701002567010008
:10C73000204605F055FC6069C005FCD42127294638
:10C740003046FBF7B3FE3946204605F049FC6069E8
:10C75000C005FCD429463046FBF7F1FE29272946BF
:10C760003046FBF7A3FE3946204605F039FC6069E8
:10C77000C005FCD429463046FBF7E1FE02212046E5
:10C7800005F030FCF8BD0000FFB587B004461198F5
:10C7900000264108CB0803910494490700D00121E9
:10C7A00059184143029111462039612900D33F2293
:10C7B0000C2817D0182873D130214A433949511811
:10C7C0008201891A019108990818401E83B20398C2
:10C7D0002018401E82B22046FFF7FEFA1298002869
:10C7E00007D00AE00C214A432F495118FF398139FB
:10C7F000E8E700212D4805F0F9FB002000900298A1
:10C80000002849D9019900980D5C129800281BD086
:10C810000027E8070AD00A9A0899059220460B4695
:10C820002246FFF7D9FA059800F0CAFA641C04986A
:10C83000A4B2211A03986D08814222D10898049C61
:10C84000401C80B2089020E00027E80701D00A9938
:10C8500000E01099154805F0C3FB6D08761C1348DD
:10C86000F6B24169C905FCD430460399F3F77AFF63
:10C87000002904D07F1CFFB2082FE6D305E0002674
:10C8800003E07F1CFFB2082FC3D300980299401C1D
:10C8900080B200908842B5D30821044805F0A6FB79
:10C8A0000BB0F0BDA96B01003567010000400040EE
:10C8B000FFB583B0054610780C9F0D9E14460028E6
:10C8C0000FD00C2001900097029622462846069B26
:10C8D000049900F009F80D35A078A41CADB2002829
:10C8E000EFD107B0F0BD0000FFB58BB00446079054
:10C8F00015980025C1089446400700D0012008186B
:10C900001599FF22484304906146B0320E78444B9B
:10C9100000201A27014679435F5CB74278D1C918D5
:10C920000391674649787F78B94271D115990C987F
:10C930004018401E83B26018401E82B220460C99F7
:10C94000FFF74AFA1698002803D10021354805F070
:10C950004DFB002000900498002852D9169800281A
:10C9600020D00099039800264718B9780120B040DC
:10C9700001420AD00C990E98089022460B46204698
:10C98000FFF72AFA089800F01BFA641C0798A4B273
:10C99000211A1598814229D10C98079C401C80B21D
:10C9A0000C9027E00099039800271E4E4018029033
:10C9B00081780120B840014201D00E9900E014991D
:10C9C000304605F00DFB6D1CEDB27069C005FCD45E
:10C9D00028461599F3F7C6FE002905D07F1CFFB243
:10C9E000082F07D20298E3E7002503E0761CF6B291
:10C9F000082EBAD300980499401CC0B20090884217
:10CA0000ACD30821074805F0F1FA0FB0F0BDFFE7FD
:10CA1000401C80B2904200D27BE70FB0F0BD000016
:10CA2000797D010000400040FFB587B0FF210998E3
:10CA30000024C905129EC84202D309024840099049
:10CA4000F4F7E4FD7108891C0591039000287DD05E
:10CA500000250127FF07E8B203460A220121401EF4
:10CA6000002B0ADDC307FB4200D00A21401C401006
:10CA700003D051435143401EFBD10398F3F780FE8E
:10CA8000002802D06D1C052DE5DB06956D1EE9B270
:10CA90000B460A220120491E002B0ADDCB07FB4270
:10CAA00000D00A20491C491003D050435043491E6E
:10CAB000FBD1049006980025002821DD0027049969
:10CAC0000398F3F75DFE03910A21F3F759FE1198DD
:10CAD00030310090CAB20297059807996043401818
:10CAE000019680B2109B0899FFF74EFE0A21641C44
:10CAF0000498F3F745FE049006986D1C8542DEDB32
:10CB00001199002000910290059807996043401800
:10CB1000019680B22E22109B0899FFF735FE0A99E4
:10CB20000A220B460120641C491E002B0BDDCD0799
:10CB3000C307DD4200D00A20491C491003D05043EE
:10CB40005043491EFBD1F4F7B3FD00E043E00999DF
:10CB500009F0DCFC0A990A23491ECAB215460121D4
:10CB6000521E002D0BDDD707CD07EF4200D00A2162
:10CB7000521C521003D059435943521EFBD103910A
:10CB8000F4F744FD04900A980025002821DD0027D1
:10CB900003990498F3F7F4FD04910A21F3F7F0FDEB
:10CBA000119A009230310297CAB2059807996043F2
:10CBB0004018019680B2109B0899FFF7E5FD0A2105
:10CBC000641C0398F3F7DCFD03900A986D1C854202
:10CBD000DEDB0BB0F0BD11990020019600910290B0
:10CBE0003022109B08990798FFF7CEFD012487E7B4
:10CBF000FFB5401C85B084B203901078002517461D
:10CC00000E46002836D0A02C19D27A5D0D2A16D0F7
:10CC10000A2A14D010061CD57A195078000629D596
:10CC20000F9B0C210E9802930191009031462046F3
:10CC3000089BFFF759FE0D34A4B2AD1C17E00C366B
:10CC4000B6B2502E16D2A02C00D26D1C039884B21E
:10CC50000DE00F9B0C210E9802930191009031463C
:10CC60002046089BFFF790FDE41DA4B26D1C785D83
:10CC70000028C8D109B0F0BDFFB585B010980026D6
:10CC80004008801C1D4634460390002B3AD90127EA
:10CC9000FF07681E0490281B401EC0B203460A22EC
:10CCA0000121401E002B0ADDC307FB4200D00A21F0
:10CCB000401C401003D051435143401EFBD1079804
:10CCC000F3F750FD0A21F3F74DFD002E05D104982E
:10CCD000844202DA002917D00126109A0F983031C9
:10CCE00001920090CAB2039805996043002340184E
:10CCF000029380B20E9B0699FFF746FD641CE4B2D6
:10CD0000AC42C8D309B0F0BD0F98109900900191C2
:10CD100003980599604300224018029280B22022B5
:10CD20000E9B0699FFF730FDE8E70000F8B51F46B7
:10CD30001546CA19521E93B24219521E92B2069E4D
:10CD4000FFF74AF80E4C0021204605F04FF97D43CD
:10CD5000707831780002084341BA6369D805FCD481
:10CD6000204605F03DF96D1EB61C002DF0D1204681
:10CD70004169C905FCD4082105F038F9F8BD000067
:10CD800000400040FFB5401C85B283B010780D9E76
:10CD90001446002812D077080C990E98019600913D
:10CDA000029022782846069B0499FFF7EDFC78193B
:10CDB000401C85B26078641C0028EDD107B0F0BD3E
:10CDC00070B5094C05460021204605F00FF92946AB
:10CDD000204605F005F920464169C905FCD4082123
:10CDE00005F004F970BD000000400040F8B522488D
:10CDF0000078002809D02148807A002805D0012732
:10CE00001F4CA079032802D004E00027F8E71D4852
:10CE100007F0C4FAA079052805D11B48007B00283B
:10CE200009D0FAF7A3FD194D0026002F13D0A079E1
:10CE3000012804D00FE0164807F0B0FAF3E728788D
:10CE4000002806D100215023A02208460096FFF7B3
:10CE500089F901202870A07902280AD128780028B1
:10CE600006D000215023A02208460096FFF77AF949
:10CE70002E70A671F8BD0000B9000020B801002096
:10CE800028000020D8E10100C80200203101002064
:10CE900098D3010010B50948407A002806D0084808
:10CEA0000078002806D003F0A9FD10BD054807F062
:10CEB00075FA10BD03F070F910BD0000E802002003
:10CEC000310100209CC90100F0B583B0074600295C
:10CED00001D0494E00E0494E00241F239622122122
:10CEE00063200094FFF73EF9454846490C258742E8
:10CEF00018DA384609F00AFB08F04CFA82B204232B
:10CF000012216320009602950194FFF7B5FE00946C
:10CF100033463DA21221842001950294FFF732FF8F
:10CF200003B0F0BD3948874224DA0094334638A272
:10CF30001221842001950294FFF724FF354887428F
:10CF40000ADA02233A4612216320009602950194E0
:10CF5000FFF76AFD03B0F0BD384608F01BFA82B255
:10CF6000052312216320009602950194FFF784FEA9
:10CF700003B0F0BD23493846F4F798FA20498842B7
:10CF800009DA0246032312216320009602950194D8
:10CF9000FFF74AFD24E01F49884209DA02460223CE
:10CFA00012216320009602950194FFF73DFD17E0E2
:10CFB0001449884209DA02460123122163200096AF
:10CFC00002950194FFF730FD0AE008F0E3F982B220
:10CFD000052312216320009602950194FFF74CFE71
:10CFE000009433460CA21221842001950294FFF78D
:10CFF000C9FE03B0F0BD0000FF7F0000FFFF00008E
:10D000000000204100007A446D4168000050C34791
:10D01000204168000000C8424B416800F0B583B071
:10D020000546002901D02F4E00E02F4E00242E236C
:10D030009622222163200094FFF794F82B480C27B6
:10D04000854208DA0094334629A2222184200197E0
:10D050000294FFF797FE274885420ADA03232A46FF
:10D0600022216320029700960194FFF7DDFC03B0B4
:10D07000F0BD214885420ADA02232A462221632094
:10D08000029700960194FFF7CFFC03B0F0BD1B4858
:10D0900085420ADA01232A4622216320029700965C
:10D0A0000194FFF7C1FC03B0F0BD104885420DDAD2
:10D0B000284608F06FF982B20523222163200297E7
:10D0C00000960194FFF7D8FD03B0F0BD00943346FD
:10D0D0000BA22221842001970294FFF753FE03B094
:10D0E000F0BD0000FF7F0000FFFF000000401C4675
:10D0F00020576800000020410000C84200007A4428
:10D100004B57680010B5024807F048F910BD000001
:10D1100004CE010010B5084CA079042806D10748B8
:10D120000078002805D0064807F038F90020A071E3
:10D1300010BD0448F8E70000280000204C00002043
:10D1400004CE010098D3010010B5074CA079052842
:10D1500007D0002802D0054807F020F90020A07170
:10D1600010BD0348F8E700002800002004CE0100AD
:10D17000E8CE010010B5024807F010F910BD00001C
:10D1800050E4010010B50348C16F806FFEF792FDB7
:10D1900010BD0000A8020020F0B50027A3B03B4658
:10D1A0009FA2A0A11E2006F001FD1E24A24800217E
:10D1B000802200F0C1FA002807D003239F4AA0492B
:10D1C000204606F0F3FC04F0B9FF9B48F8F7DAFFBD
:10D1D000994CFF2521682D3581425AD0002399A210
:10D1E00099A1202006F0E2FC284608F087F880216B
:10D1F0001E2620460A4600F09FFA002807D08F4AD4
:10D200000323111D304606F0D1FC04F097FF8A4835
:10D21000F8F7B8FF2168814221D001238FA290A1A5
:10D22000202006F0C3FC012008F02AF801218248E2
:10D2300000F0C2F98F4D00202870202007F020FB5D
:10D2400001202870202007F01BFB012383A28AA164
:10D25000202006F0ABFC012008F012F84CE001237E
:10D2600089A28AA1202006F0A1FC2E46284608F0BB
:10D2700045F8804D00202870202007F001FB012098
:10D280002870034680A286A1202006F08FFC30463D
:10D2900030E0002386A287A1202006F087FC8021B1
:10D2A00002A80A4600F048FA002807D0032386A205
:10D2B00086A1202006F07AFC04F040FF02A8F8F7CF
:10D2C00061FF0299814217D0012384A284A120200A
:10D2D00006F06CFC284608F011F866490120087039
:10D2E000202007F0CDFA01237CA282A1202006F0A5
:10D2F0005DFC284608F002F8002383A283A12320C6
:10D3000006F054FC864EA0683168896888420CDDBE
:10D31000012384A284A1232006F048FC012007F009
:10D32000AFFF306801278068A0603168207D897B6D
:10D3300088420CD9012381A281A1232006F036FC6A
:10D34000012007F09DFF30680127807B2075814810
:10D350000090C07B00280FD1207D05280CD101232F
:10D360007DA27EA1232006F021FC012007F088FF8A
:10D3700030680127807B20757C4DA879002807D173
:10D380003168E879897B884202D16879002800D029
:10D39000012031688A7D002A13D1002811D0002095
:10D3A000A871897BE9716871012371A271A12320A1
:10D3B00006F0FCFB012007F063FF2879032803D364
:10D3C00010E0287903280BD20320287101236DA2D5
:10D3D0006DA1232006F0EAFB012007F051FF01E0D8
:10D3E000002F0BD0232007F04BFA01236BA26CA176
:10D3F000232006F0DBFB012007F042FF1D48217EC1
:10D4000081706B49497D41700098817A6948002993
:10D4100003D00021017023B0F0BD0121FAE7000024
:10D4200030390000BCD3D4D8CFB5CDB3C5E4D6C312
:10D43000CEC4BCFE00000000A80200206C48010021
:10D440007048010030410000B3A2CAD4B6C1C8A1DF
:10D45000B1B8D3C3C5E4D6C3000000005734000000
:10D46000CEDEBFC9D3C3B5C4C5E4D6C3CEC4BCFEEB
:10D470000000000074010020D2D1BCD3D4D8B3F690
:10D48000B3A7C9E8D6C3000030420000D6F7D3C323
:10D49000C5E4D6C3CEC4BCFECBF0BBB500000000D3
:10D4A000D2D1BCD3D4D8B1B8D3C3CEC4BCFE000053
:10D4B00034320000BCECB2E9B1B8D3C3C5E4D6C382
:10D4C000CEC4BCFE0000000045380000B4E6B4A2A3
:10D4D000C6F7B6C1C8A1D2ECB3A300005742000002
:10D4E000B1B8D3C3C5E4D6C3CEC4BCFECBF0BBB584
:10D4F00000000000D2D1B8B2B8C7CEAAD6F7D3C3C5
:10D50000C5E4D6C30000000030430000BCECB2E923
:10D51000CFB5CDB3C5E4D6C3CAFDBEDD0000000063
:10D520002000002057350000B7E5D6B5B5E7C1F7B4
:10D53000C5E4D6C3B7C7B7A8000000005743000032
:10D54000B3E4B5E7B9A6C2CAC5E4D6C3B7C7B7A89E
:10D5500000000000E8020020573600005044CAE4F2
:10D56000C8EBC5E4D6C3B7C7B7A80000C8020020FF
:10D570005744000053696E6BC5E4D6C3B7C7B7A85C
:10D580000000000057450000E4B8C1F7B5E7D1B985
:10D59000C5E4D6C3B7C7B7A80000000030440000F8
:10D5A000D2D1BDF8D0D0D7D4B6AFD0DED5FD0000F3
:10D5B0000803002031000020F0B4002905D0FD222E
:10D5C0009200C2677D22D20082670746002460373E
:10D5D0007C75024644770523203213717C70BC7041
:10D5E0003B4B3C701B681D7D002D4AD05D7BFD7060
:10D5F000384D45668566C5661E7D7D256D01002E0C
:10D6000003D05E7B002E00D0334D05679D7D5571A4
:10D610009D7BD571002494710125157255720446C5
:10D6200095720226403466730426A6739E6886604F
:10D630009E7B0675294E0661FF269136C6600571F0
:10D640008576057645760026C5760677C577857793
:10D65000157055709570D570D574002901D00025CE
:10D660001573002555730126D67396735574167479
:10D6700095741575552242645A7B002A03D0184AC6
:10D6800002E0FC70B4E7134A82655A7B002A01D09D
:10D69000134A00E00F4AC2655A7B22755A7B6275B5
:10D6A000002904D07D21C9008163C1630164257212
:10D6B000A67266720320E0723E752573187D0028FD
:10D6C00000D00120E07302202074F0BC70470000FD
:10D6D00020000020B80B0000581B0000681000005C
:10D6E000CE18000070B5002505724560044605801F
:10D6F00004220DA10930F2F7FFFF20464030857269
:10D70000C5726561A561A562E56125626562E56234
:10D7100007496163E163256321640649A16385804C
:10D720000581C58070BD00005240444200000000E9
:10D730000000C8C2000048C2F7B5314801998142D3
:10D7400039DC029A8918814202DD0199401A02905F
:10D750000298002600284DDD0198C117490E0918CE
:10D76000C909C901401A80210C1A0298844244DC7C
:10D77000FBF7FAF8A020FBF7BBF8FBF74BF9002802
:10D7800019D101980004000EFBF7B2F8FBF742F93B
:10D79000002810D10198C0B2FBF7AAF8FBF73AF9BC
:10D7A000002808D1FBF7E0F8A120FBF7A1F8FBF770
:10D7B00031F9002802D0012003B0F0BD0025002C73
:10D7C0000DDD671EBD4201DA012000E00020FBF7FD
:10D7D00011F8AA1900996D1C8854A542F2DBFBF7D9
:10D7E000EDF801983619001901900298001B02907B
:10D7F0000028B1DC002003B0F0BD0446B8E700000B
:10D80000FFFF0000F7B5074635480199814261DC0A
:10D81000029A8918814202DD0199401A0290029809
:10D820000026002850DD0198C117490E0918C909C2
:10D83000C901401A80210C1A029884424DDCFBF782
:10D8400093F8A020FBF754F8FBF7E4F8002841D147
:10D8500001980004000EFBF74BF8FBF7DBF80028FB
:10D8600038D10198C0B2FBF743F8FBF7D3F8002892
:10D8700030D10025002C0ADDA819385CFBF738F8F8
:10D88000FBF7C8F8002825D16D1CA542F4DBFBF797
:10D8900095F80025FBF768F8A020FBF729F8FBF7BF
:10D8A000B9F8002813D0012007F028FD6D1C322D97
:10D8B000F0DB322D0ED00198361900190190029834
:10D8C000001B02900028AEDC002003B0F0BDFBF787
:10D8D00075F8EEE7012003B0F0BD0446AFE70000A5
:10D8E000FFFF00007F2901DD01207047F8B50D46DC
:10D8F000064650191446802801DD8020441BFBF7A2
:10D9000033F8B020FAF7F4FFFBF784F8002816D1BB
:10D91000FAF7EEFFFBF77EF8002810D16806400EFC
:10D92000FAF7E6FFFBF776F8002808D1FBF71CF8BA
:10D93000B120FAF7DDFFFBF76DF8002801D00120D8
:10D94000F8BD0025002C0BDD671EBD4201DA012069
:10D9500000E00020FAF74EFF70556D1CA542F4DB85
:10D96000FBF72CF80020F8BD102901DD01207047DD
:10D97000F8B50C460746FAF7F7FFB020FAF7B8FFFC
:10D98000FBF748F8002815D10220FAF7B1FFFBF7A2
:10D9900041F800280ED1FAF7ABFFFBF73BF800285F
:10D9A00008D1FAF7E1FFB120FAF7A2FFFBF732F84E
:10D9B000002801D00120F8BD0025002C0BDD661EDB
:10D9C000B54201DA012000E00020FAF713FF785594
:10D9D0006D1CA542F4DBFAF7F1FF0020F8BD7F29AA
:10D9E00001DD0120704770B50D46064650191446FA
:10D9F0007F2801DD7F20441BFAF7B6FFB020FAF73D
:10DA000077FFFBF707F8002833D1FAF771FFFBF730
:10DA100001F800282DD16806400EFAF769FFFAF7E1
:10DA2000F9FF002825D10025002C09DD705DFAF7EB
:10DA30005FFFFAF7EFFF00281BD16D1CA542F5DB55
:10DA4000FAF7BCFF0024FAF78FFFB020FAF750FF77
:10DA5000FAF7E0FF002809D0012007F04FFC641C12
:10DA6000322CF0DB322C04D0002070BDFAF7A6FF78
:10DA7000F8E7012070BD000010B5124CA079032812
:10DA800002D1114806F08AFCA079052805D10F487B
:10DA9000007B002809D0F9F769FFA2790C48002122
:10DAA000012A06D0022A07D009E00A4806F076FCCF
:10DAB000F3E70122427202E0417204224270A17136
:10DAC00010BD000028000020D8E10100C80200209D
:10DAD000AC00002098D30100F0B5FF4885B0407A33
:10DAE000002804D0FD4806F059FC05B0F0BDFC4C00
:10DAF0000120A070207821790842F6D0F9480090E2
:10DB00000F23272200211320FFF710F9F64D0723DA
:10DB10000F22194604200095FEF740FA07234B22F6
:10DB200019463D200095FEF739FAF04D2046A97AB6
:10DB3000C07A814211D000244B234A220E210520B5
:10DB40000094FEF70FFB39239222122156200094F5
:10DB5000FEF708FBE248A97AC172E448E44E807AF5
:10DB6000E44D00287CD000244B234A2212210920B6
:10DB70000094FEF7F7FADA480269DF481118DF4827
:10DB8000814200D30022DE4F0C203978002901D0D9
:10DB9000DC4900E0DC49009102900223019412214B
:10DBA0000920FEF741FF0C20009402940190387880
:10DBB000002801D0D34B00E0D34B562212213E2047
:10DBC000FEF7E2FDC648D149476978004008401891
:10DBD000CF49884201D3002743E0FF20C005C74258
:10DBE0003FD3000247400C20019000942B462D2289
:10DBF000202102940920FEF7C7FD0C200290C548A1
:10DC000000950194874201DA022300E001233A469D
:10DC100020211220FEF708FF0C20019000942B46D3
:10DC20004122202102943E20FEF7AEFDAC48B249CD
:10DC300000694218B1498A4200D30020394608F0F1
:10DC400065FC4200B3485208824213DA0C2002906D
:10DC500003232E21009601940920FEF7E5FE1FE024
:10DC600091E10C200223202102903A460095019474
:10DC70000920CFE7A848824209DA0C20029002234B
:10DC80002E21009601940920FEF7CEFE08E00C201C
:10DC9000029001232E21009601940920FEF7C4FE74
:10DCA0000C270094334657222E213E2001970294E0
:10DCB000FEF76AFD8A48407A00285AD000244B2398
:10DCC0004A223C2105200094FEF74CFA0094864B32
:10DCD00092A23D2109200194FEF7EAFD804C2078B4
:10DCE00000283DD06169206908F010FC4000400820
:10DCF0000090E169A06908F009FC4000A17A4008A1
:10DD0000012908D0022906D0032904D0072927D1E8
:10DD10000146009800E00099F3F7C8FB7E4908F03F
:10DD2000F5FB804A8049904275DC884274DB812192
:10DD3000C905C84214D06C49002402460091012351
:10DD4000029701943D212220FEF76EFE0094664B5F
:10DD500025223D21412001970294FEF715FD8BE01D
:10DD6000002000903D2102905F4B70A2019730206F
:10DD70003AE05E48017A5A48407881420AD04B2303
:10DD80004A223C2105200094FEF7ECF95748017A1D
:10DD9000534841705548007A03286DD0644800907C
:10DDA0000E2309223C213D20FEF7C0FF4F48017A97
:10DDB000002904D001294ED0022955D05CE0407AD8
:10DDC000012859D0082857D2010079440979491807
:10DDD0008F445252030D17232D370094554B56A2F2
:10DDE0003D21092001970294FEF7CCFF44E0009406
:10DDF000504B53A23D21092001970294FEF7C2FF28
:10DE00003AE000944B4B50A23D2109200197029427
:10DE1000FEF7B8FF30E092E293E20094454B4CA24B
:10DE20003D21092001970294FEF7ACFF24E0009405
:10DE30002B4649A23D21092001970294FEF7A2FF3B
:10DE40001AE00094334646A23D210920019702942E
:10DE5000FEF798FF10E000942B4643A23D210920D5
:10DE60000194FEF725FD07E000942B4640A23D21DA
:10DE700009200194FEF71CFD1B4C04224C230721B2
:10DE800010460094FEF78AF84B224C2307211046D7
:10DE90000094FEF783F84C234B221946042000948B
:10DEA000FEF77CF8344800900F23182201216920E6
:10DEB000FEF73CFF07236622194651200094FEF727
:10DEC0006DF807239822194683200094FEF766F820
:10DED0002A480078002853E0E802002018D9010001
:10DEE000AC0000203CC10100FFFF0000B801002091
:10DEF000FF7F0000E0FF0000FFFF7FBFFFFF6F011B
:10DF00008800002020FD0000C07F00003333B3C232
:10DF100034336303000020410000C842D0A7C2CAC6
:10DF2000000000000000C4420000A0404E2F41004D
:10DF3000CEC501001FF800005044203756000000F5
:10DF40005044203956000000504431325600000041
:10DF50005044313556000000504432305600000025
:10DF60005044455052000000B8DFD1B90000000015
:10DF7000B8DFC1F700000000CAC60100750100202B
:10DF800016D0F14C1BE0F1480024046144610C20E0
:10DF9000019000943346EEA21C2102941320FEF758
:10DFA000F1FE2B2100942B46EBA21420019461E793
:10DFB000EB480178EB480078814342D0EA4C0C21D1
:10DFC0000020E24F0291019000940223122156207A
:10DFD000BA69FEF729FD00210C2000910291019001
:10DFE0002346562212218B20FEF7CEFB0020009004
:10DFF0003923872220215620FEF7B4F8FF69DB4938
:10E000007800400888421EDBFF20C005C7421BD3B2
:10E0100000240C20019000942B462D2220210294F4
:10E020005620FEF7B1FBD248874217D20C2002904F
:10E0300002233A462021009501945F20FEF7F4FC6C
:10E0400016E0CC4CBBE700270C21002002910223F4
:10E05000019020213A4600955620EFE70C200290CF
:10E0600001233A462021009501945F20FEF7DCFC55
:10E0700000240C2001900094BF4B412220210294E7
:10E080008B20FEF781FBB14D3946A86908F03EFAB6
:10E090004200BA485208824209DA0C200290032357
:10E0A0002E21009601945620FEF7BEFC15E0B448E0
:10E0B000824209DA0C20029002232E21009601945C
:10E0C0005620FEF7B1FC08E00C20029001232E211F
:10E0D000009601945620FEF7A7FC0C2700943346C7
:10E0E00057222E218B2001970294FEF74DFBA54865
:10E0F0001F260078F602002804D000943346A2A21E
:10E1000001944FE0A248417800290DD100780228FF
:10E110000AD0A048007800280ED000940194287AF4
:10E12000002806D09CA205E0009433469CA20194EE
:10E1300038E09DA2904B35E089488A4900780978FB
:10E1400088430CD09A48007800283DD0E87904280C
:10E150003AD300940194052834D896A27CE0E8795B
:10E16000042831D306D0052809D006280CD007286A
:10E1700079D11CE000947F4B90A2019412E00094AE
:10E180007C4B90A201940DE08948009401940078A2
:10E19000002801D06C4B00E0764B002801D085A20E
:10E1A00000E086A23D215620FEF782FB5BE080481E
:10E1B000009401940078002801D0634B00E06D4B7F
:10E1C00080A2EFE77FA247E080480078002804D0D3
:10E1D0000094654B7EA20194E4E7A87A082842D215
:10E1E00001007944097949188F440409131A24035A
:10E1F0002D38EDE70094784B78A20194D2E7009493
:10E200000194287A002801D076A200E077A2794B09
:10E21000C8E700940194287A002810D176A289E7F3
:10E2200000940194287A002801D06EA200E074A224
:10E23000754BB7E700940194287A002801D069A2B1
:10E2400078E772A276E700940194287A002802D039
:10E2500064A201E007E06FA23B4BA3E700945E4B92
:10E260006EA201949EE76F480178002903D04068B0
:10E270006D49884209D90094574B6CA23D21752005
:10E2800001970294FEF77EFD55E007F083F8002821
:10E2900018DAFF264042D0360390009433462D22F0
:10E2A0003D21019702947520FEF76EFA03980094C1
:10E2B0003030C2B20197029433463D217F20FEF7F1
:10E2C00063FA19E00A2801DA1F260CE05849496C64
:10E2D0000A46143A824202DD3F26760103E00839FD
:10E2E000814200DD244E82B202233D217520029737
:10E2F00000960194FEF7C0FC009433464DA23D21E8
:10E30000872001970294FEF7EFFA334E51224C23F7
:10E31000072110460096FDF741FE98224C23072165
:10E3200010460096FDF73AFE4C23982219465120DC
:10E330000096FDF733FE2C702C7105B0F0BD3E4801
:10E34000F9E40846F7E4000020FD0000AC000020DE
:10E35000545950452D430000CEB4C1ACBDD300008C
:10E360007601002047010020C07F0000CDCC4C3D4D
:10E37000000020C17C7D0000E0FF00000000204183
:10E380000000C8425E000020B9FDC8C800000000BF
:10E39000B90000206C000020B9FDB3E400000000CB
:10E3A000B9CAD5CF00000000B1A3BBA40000000093
:10E3B00075010020B4E6B4A200000000BDF6B3E48D
:10E3C00000000000C4A3CABD0000000063000020DC
:10E3D000B3E4C2FA00000000FFFF0000B4FDBBFA86
:10E3E00000000000B3E4B5E700000000E4B8C1F7A6
:10E3F000000000001FF80000BAE3C1F700000000B1
:10E40000BAE3D1B900000000FF070000D4DDCDA3BE
:10E4100000000000B3ACCAB100000000B7C5B5E70A
:10E420000000000088010020000010C12D2D000018
:10E43000A8020020A1E600000000C442F0B50024BC
:10E4400083B0012706467F0300940123224621461C
:10E4500038460194F6F75EFD3148F6F77DFD304809
:10E4600044602F49E62008602E4A00200C460168CF
:10E47000E1604168E16008309042F8DB3078207359
:10E480000120315C2173311849782173801C0F28D9
:10E49000F7DB25480169C943E1604169C943E1608F
:10E4A0008169C943E160C069C043E060A668204655
:10E4B000F6F752FD00206060E62020600020012277
:10E4C000B107890F06D0012906D0022906D00329F9
:10E4D00007D105E0452504E0332502E0352500E0BD
:10E4E0004125C117490F0918C908B608C900431AC0
:10E4F000114699406940CDB229182173401C10285B
:10E50000DEDB2046A468F6F727FD384638430023B3
:10E51000019A0099F6F7FEFC204603B0F0BD00001A
:10E5200000A00840FFFB01000003084070B5124C3A
:10E5300000252078002803D1F8F7E6F8002804D158
:10E54000FCF786F8FCF712FB25700C48007D0128CB
:10E5500003D00B48007B002803D10021094806F0B6
:10E560006FFD09480570F6F7E3FB642006F0C6FE70
:10E5700005F076FD70BD000050010020080300206A
:10E58000C8020020A80200204C000020F0B5FF4F78
:10E5900085B00120387000207870B8680378002BAF
:10E5A00020D039460A79FA49012B897925D0022BE6
:10E5B0007ED0032B1FD14069002800D080473879D6
:10E5C000002803D0F2488079002814D002F0AAF97C
:10E5D000BB6800245868250129460C31425C002A9A
:10E5E00067D1A4E14069002800D08047B8688069FD
:10E5F000002800D0804705B0F0BD002A01D00029D6
:10E60000F9D002F08FF9B8680025016A2801021DCF
:10E610008A5C002A08D11430085C002801D06D1CE7
:10E6200002E0AD1C402DF1DBB8786D1EA84270DC15
:10E63000B8780024800886003219AA4231DCD34819
:10E6400081680B6A11010F460837DF593F78002FA8
:10E6500017D08078824201D1012700E000270022F4
:10E66000CC48019200905A58002F01D0CA4B00E0CC
:10E67000CA4B2001001B143081B20420FEF7B8FA07
:10E680000CE0C44800900022019220015A58001B5F
:10E69000143081B2C24B0420FEF7AAFA641C042C89
:10E6A000CADBBA4CA068406A002800D0804701E06D
:10E6B00078E047E1B64EB079032806D0042812D09E
:10E6C000022819D001283ED062E0A068A178006A33
:10E6D00009010C314258002A5CD00022B271405826
:10E6E000804705B0F0BDA068806A002852D00021A4
:10E6F000B171804705B0F0BDAA4909780329A16826
:10E700000A6A07D0EBB2A178002913D0491EA17084
:10E7100011E035E20023A178A94202DA491CA17078
:10E7200000E0A370A1780901083151580978002947
:10E73000F1D02DE0A370A178090108315158097872
:10E740000029E0D024E0974909780329A1680A6AE2
:10E750000FD00023A178A94202DA491CA17000E081
:10E76000A370A17809010831515809780029F1D026
:10E770000EE0EBB2A178002902D0491EA17000E0A2
:10E78000A370A17809010831515809780029F1D006
:10E79000002805D0002020710020B07105B0F0BD28
:10E7A0000120F8E7FB78002B12D0794900248C7106
:10E7B00079790029F2D10169002905D08268B878F9
:10E7C0000001083010588847BC70FC7005B0F0BDDF
:10E7D000002A01D00029F9D002F0A4F8B86800247A
:10E7E0008168200102460C328A5C002A08D11C3064
:10E7F000085C002801D0641C02E0A41C402CF0DB63
:10E80000B878002580088600641E7219A24238DCA0
:10E810005E4881788A4201D1012100E000218068B0
:10E820008C4681681001021D8A5C002A12D00023E8
:10E83000584A019300920A586046002801D0564B6E
:10E8400000E0564B2801401B143081B20420FEF733
:10E85000CFF913E000270C234E4A02970193009250
:10E860000A586046002801D04B4B00E04B4B280172
:10E87000401B143081B20420FEF784FA6D1C042D75
:10E88000C3DB434DA879022804D0012818D00328FF
:10E8900024D034E043480078032806D03B498878E8
:10E8A00000280BD0401E887062E138488178A14270
:10E8B00001DA491C00E00021817059E18C7057E1B8
:10E8C00038480078032804D030488178A142F2DA31
:10E8D000EFE72E4988780028F0D0E3E702F022F82D
:10E8E00000212C48019100902C4B2FA221212A209D
:10E8F000FDF7DEFF25480121C1700C214171A87987
:10E9000004280CD1214CA0680169002905D0826837
:10E91000A07800010830105888470020A070A8791E
:10E92000002874D024E10020A87105B0F0BD29466C
:10E930001C31415C002901D0641C03E0A41C402C64
:10E9400000DA48E6B978641EA1427DDC0F49012651
:10E95000897889088C46611C002911DD00220D3060
:10E960000578002D07D015015F6808357D592D7891
:10E97000002D00D100261030491E521C0029EFD175
:10E980000025604680000390411913E03C00002000
:10E990002800002010840000FF7F0000FFFF00001F
:10E9A00007FC000009000020C9E8D6C3D2D1B1A3FA
:10E9B000B4E60000A14260DC002E07D172488068F6
:10E9C000426828010D30105C002805D06E48807820
:10E9D000814204D16D4803E06D48844601E06D48F2
:10E9E000844669480F018068391D4068415C0029F0
:10E9F0000ED00022684901920091C2592801401BA3
:10EA0000143081B263460420FEF7F2F80FE0B3E061
:10EA100000230C226049029301920091C2592801FF
:10EA2000401B143081B263460420FEF7ABF9564810
:10EA3000083780684068C059007800280DD05748D2
:10EA400000902801401B00E09CE0153081B20A23B1
:10EA500014228420FEF76AF90AE051480090280148
:10EA6000401B153081B20A2314228420FEF75EF980
:10EA70006D1C042D01DA039886E74A4DA879022817
:10EA800006D0012830D003285AD0042867D06CE083
:10EA900045480078032808D03B48E3B28268817873
:10EAA000002916D0491E817014E03748002382687F
:10EAB0008178A14202DA491C817000E08370002E47
:10EAC00053D1877851683F010D37C95D0029EFD0D8
:10EAD0004BE08370002E48D18478516824010D34B6
:10EAE000095D0029DBD040E02F480078032813D0CF
:10EAF0002548002283688178A14202DA491C81708E
:10EB000000E08270002E30D1877859683F010D37C0
:10EB1000C95D0029EFD028E01B48E3B28268817804
:10EB2000002902D0491E817000E08370002E1CD1A4
:10EB30008478516824010D34095D0029EFD014E078
:10EB400011488168807849680001083008580178C8
:10EB5000002901D0002100E00121017005E00A48F0
:10EB60008068806A002803D08047A879002803D0F5
:10EB7000054900200871D6E6034901200871D2E654
:10EB8000BD7055E5BC70E1E63C000020FF7F000051
:10EB900007FC0000FFFF00001084000081AB0100B3
:10EBA000F1A90100280000200900002070470000A2
:10EBB000F8B5324E324DF46868682146074607F0D2
:10EBC00035FD41002F484908844201D2874200D3D5
:10EBD00000212A482B782C4A8068002B0CD12B4F1F
:10EBE000BC4209D8904205DA294FB94204DD2949CF
:10EBF0008C4201DA012400E000242146994315D01B
:10EC0000502169700121297090420FDB224F234966
:10EC1000386914383861884200DC084638610021C0
:10EC20001D4806F00DFA3869FCF7A0FB2978084664
:10EC3000A04311D01A4AB06890420CDA1948007803
:10EC4000002806D0184AF068904202DA0F4A904233
:10EC500001D9012000E00020084207D06878002890
:10EC600001D0401E08E000202870F8BD0029FCD02B
:10EC700068785028F9D2401C6870F8BD88010020DF
:10EC80006C00002000008080EC514A41CDCC4CBD8E
:10EC90003333B33ECDCC4C3EA8020020041000001C
:10ECA000C3F54941B60000209A99993EF8B50F4640
:10ECB0000546F9F759FE194E3078F9F719FEF9F7BC
:10ECC000A9FE002811D10120F9F712FEF9F7A2FEE2
:10ECD00000280AD1F9F748FE3078401CC0B2F9F795
:10ECE00007FEF9F797FE002801D00020F8BD0020AC
:10ECF000F9F780FD0446F9F761FE3078822801D1EA
:10ED00002D072D0F2C40002F05D0002C01D0012005
:10ED100000E0002038700120F8BD00000200002053
:10ED2000F8B50F460546F9F71FFE184E3078F9F78B
:10ED3000DFFDF9F76FFE002810D1F9F7D9FDF9F7DB
:10ED400069FE00280AD1F9F70FFE3078401CC0B2E6
:10ED5000F9F7CEFDF9F75EFE002801D00020F8BDDE
:10ED60000020F9F747FD0446F9F728FE307882289D
:10ED700001D12D072D0F2C40002F05D0002C01D0E4
:10ED8000012000E0002038700120F8BD02000020C2
:10ED9000F8B50F460646F9F7E7FD234D2878F9F751
:10EDA000A7FDF9F737FE002838D10320F9F7A0FDB9
:10EDB000F9F730FE002831D1F9F7D6FD2878401C4C
:10EDC000C0B2F9F795FDF9F725FE002826D1F9F72D
:10EDD00011FD0446F9F7F2FD2878822801D13607A3
:10EDE000360F012F0AD0B443F9F7BEFD2878F9F7A2
:10EDF0007FFDF9F70FFE002810D101E03443F3E75F
:10EE00000320F9F775FDF9F705FE002806D1204625
:10EE1000F9F76EFDF9F7FEFD002801D00020F8BDDE
:10EE2000F9F7CCFD0120F8BD02000020F8B50F462F
:10EE30000646F9F799FD234D2878F9F759FDF9F7BA
:10EE4000E9FD002838D10220F9F752FDF9F7E2FD7B
:10EE5000002831D1F9F788FD2878401CC0B2F9F7B5
:10EE600047FDF9F7D7FD002826D1F9F7C3FC044682
:10EE7000F9F7A4FD2878822801D13607360F012F33
:10EE80000AD0B443F9F770FD2878F9F731FDF9F7A6
:10EE9000C1FD002810D101E03443F3E70220F9F767
:10EEA00027FDF9F7B7FD002806D12046F9F720FD28
:10EEB000F9F7B0FD002801D00020F8BDF9F77EFD7C
:10EEC0000120F8BD02000020F8B50F460646F9F70C
:10EED0004BFD234D2878F9F70BFDF9F79BFD002832
:10EEE00037D10120F9F704FDF9F794FD002830D15E
:10EEF000F9F73AFD2878401CC0B2F9F7F9FCF9F7A8
:10EF000089FD002825D1F9F775FC0446F9F756FD6F
:10EF10002878822801D13607360F002F01D03443DC
:10EF200000E0B443F9F720FD2878F9F7E1FCF9F7A0
:10EF300071FD00280DD10120F9F7DAFCF9F76AFD1F
:10EF4000002806D12046F9F7D3FCF9F763FD002825
:10EF500001D00020F8BDF9F731FD0120F8BD000017
:10EF60000200002010B50821012000F03FF8002821
:10EF700006D00821012000F007F80249012008709E
:10EF800010BD00000800002010B4044A936A8400F9
:10EF9000001981400B43936210BC70470001094087
:10EFA00018225043084A8B898018CA7A1A43CB89A1
:10EFB0001A4302600A6842604A6882600A89897A54
:10EFC00012040A43026170470000094018225043AE
:10EFD000054A80180029016802D00122114301E08E
:10EFE000490849000160704700000940054A126A5B
:10EFF0008300C01881400A4201D0012070470020E0
:10F00000704700000001094030B40024032808D1F3
:10F010008B0701D50124E4024B0702D501231B0312
:10F020001C438500064B40198140186B002A02D012
:10F030002143084300E08843186330BC7047000058
:10F040000001094010B5F2F7D8F80B46024601213D
:10F050000020890706F01AFC10BDF8B51E461446BC
:10F060000F460546F9F780FC3046F9F741FCF9F701
:10F07000D1FC00282DD10698F9F73AFCF9F7CAFC23
:10F08000002826D1002F1AD0002D02D02088000A97
:10F0900000E02078C0B2F9F72BFCF9F7BBFC0028A0
:10F0A00017D1002D01D0207801E02088000AC0B2DD
:10F0B000F9F71EFCF9F7AEFC00280AD11FE0F9F7BA
:10F0C00053FC761CF0B2F9F713FCF9F7A3FC002807
:10F0D00001D00020F8BD002D07D00120F9F78AFBF0
:10F0E00005020020F9F786FB07E00120F9F782FB13
:10F0F00005460020F9F77EFB000228432060F9F75F
:10F100005DFC0120F8BD0000F0B58BB0002337A2F4
:10F1100037A1322004F04AFDFF2701373848282262
:10F120003946FEF709FB0024002807D0032335A247
:10F1300035A1322004F03AFD03F000F83048F6F72C
:10F14000E9FE2F4D344E696A814242D0012333A239
:10F1500033A1322004F02AFD012006F091F86C6002
:10F160002C70EC606C61AC60AC61EC612E612C6267
:10F170002846F6F7CFFE0A90684628223946FEF761
:10F18000DBFA002814D10FCD039302920191009075
:10F190000FCD0692059107930490286808900A986D
:10F1A0000990282239466846FEF72CFB002807D034
:10F1B00003231FA21FA1322004F0F8FC02F0BEFFBF
:10F1C000012316A21FA1322004F0F0FC012006F05A
:10F1D00057F8204844600470C460446184608461CE
:10F1E000C461066104620BB0F0BD00003130000064
:10F1F000BCD3D4D8B2E2C8DDCAFDBEDD0000000039
:10F200002803002045380000B4E6B4A2C6F7B6C112
:10F21000C8A1D2ECB3A300000000C8C23131000085
:10F22000B2E2C8DDCAFDBEDDCBF0BBB50000000018
:10F2300045390000B4E6B4A2C6F7D0B4C8EBD2ECAE
:10F24000B3A30000D2D1C7E5B3FDCBF0BBB5CAFD77
:10F25000BEDD00005003002010B50248FCF79EF907
:10F2600010BD000084DD010010B50248FCF796F9DE
:10F2700010BD0000A4DD0100F0B5A44D06462878BD
:10F2800087B0002803D0A2488079002840D001F040
:10F2900049FB68689F4F002400283BDD9E4B9FA2DE
:10F2A0001921152000970194FDF702FBA04BA1A2A4
:10F2B0002721162000970194FDF7FAFA1F210C2050
:10F2C000C9020197009102906868072804DDC11700
:10F2D000490F0818C01000E0012082B20323272143
:10F2E0003120FDF7C9FC924B94A2272148200097BA
:10F2F0000194FDF7DDFA04F07DFD01202870844DB6
:10F30000A879042803D1B068002800D08047AC71E8
:10F3100007B0F0BD7F4800241B210090844B8AA2D7
:10F3200001940846FDF7C4FA68460475774C8B498A
:10F330000B3000220423A4782A27944202D14D786E
:10F34000457000E04770551CAC4202D18D78857045
:10F3500000E08770801C891C921C5B1E1B061B0E24
:10F36000EBD10C2000256B4F01907D4B03AA30217F
:10F37000009702953120FDF705FD3D2381222B21C9
:10F380001B200095FCF782FE604C607800281ED0A0
:10F390001F23DB0273A24121082000970195FDF78E
:10F3A00087FA1F200C21C00201970291009020894A
:10F3B000022382B241216220FDF75EFC1F23DB02A3
:10F3C0006CA24121732000970195FDF771FA504F0F
:10F3D000B879032858D1A078072803D0401CA07022
:10F3E00065708AE03078AA21034602090A2042406B
:10F3F000684630324B4002731A07120F30324273A4
:10F400007078034602090A204240684630324B4079
:10F4100082731A07120F3032C273B07803460209A2
:10F420000A204240684630324B4002741A07120FDD
:10F4300030324274F078414002090A204240684666
:10F44000303209078274090F3031C1740575092201
:10F4500003A94A48F1F79EF8002819D0A068401E79
:10F46000A0601ED04548302105F05CFE434805727F
:10F47000A57025706068C117490F0918C908C9002F
:10F48000401AE07001206070B879042817D01AE0A3
:10F490000A20A0607068002800D08047BD7107B0C6
:10F4A000F0BD4B208001606035490120C872F8F73B
:10F4B0007BFFB0680028F2D0804707B0F0BDB0688D
:10F4C00000281AD08047B879012804D002280BD030
:10F4D000002816D011E02948A278815C392901D290
:10F4E000491C09E0302107E02448A278815C3029DA
:10F4F00001D9491E00E039218154BD71257007B042
:10F50000F0BD0120207007B0F0BD000050000020C9
:10F510002800002010840000E0FF0000BCECB2E2F4
:10F52000B5BDD2C9CBC6B1ACC6C6B9A5BBF7000044
:10F53000FFFF0000C7EBD4DA00000000C3EBBAF312
:10F54000D4D9B3A2CAD40000C7EBCAE4C8EBB9DC73
:10F55000C0EDD4B1C3DCC2EB000000009B01002071
:10F56000FF7F0000C3DCC2EBB4EDCEF3A3ACCAA3B3
:10F57000D3E00000B4CEB3A2CAD400009C010020A6
:10F58000B403002010B50A4C3021204605F0CAFD16
:10F590000021084821728170417001704168CA17CA
:10F5A000520F5218D208D200891AC17010BD000043
:10F5B0009C010020500000207047000070B500241E
:10F5C0001A4884B0C47084705023A022214620467B
:10F5D0000094FCF7C7FD164800900B235B2218210E
:10F5E0002120FDF7A3FB134E4B2399223B2105203D
:10F5F0000096FCF74BFD7510492308223D2107209A
:10F600000095FCF743FD492308223D210720009582
:10F61000FCF7A8FD0C2001900094334606A22E2191
:10F6200002948920FDF7AEFB04B070BD30000020CD
:10F630001CAD0100FFFF000046460000F8B50122A6
:10F64000140221461046F3F7A5FA224D0122214665
:10F650002846F8F72DFF032221462846F8F730FF09
:10F6600021462846F8F722FF0122D6033146002022
:10F67000F3F790FA184F002231463846F8F718FF92
:10F68000012231463846F8F737FF01223146384625
:10F69000F8F73AFF012211461046F3F77BFA0122F0
:10F6A00011462846F8F704FF032201212846F8F7FF
:10F6B00007FF01212846F8F7F9FE642005F01EFE39
:10F6C00021462846F8F73BFF0F2004498001488077
:10F6D000F8BD000000200B4000000B40040000209B
:10F6E000F8B54348434900780968401E424C084336
:10F6F00003D00F2080016080F8BD0220205E082822
:10F7000001DAF5F715FB0220205E0028F4DCF7F79C
:10F71000B1FF3A4E00253078002803D1F6F7F4FF08
:10F72000002804D1FAF794FFFBF720FA357034482B
:10F73000007D012803D03348007B002803D100213D
:10F74000314805F07DFC31480126007AF603304F40
:10F7500000281FD0F3F790FAF9F7BCF900215023E5
:10F76000A02208460095FCF7FDFCF3F715FDFCF719
:10F77000B1FB012231463846F8F7BEFE0022314681
:10F780003846F8F795FEF9F74BFCF1112148F8F7E8
:10F790008DFEFEE70120F3F7E1FC1F48807A002888
:10F7A0001ED0F3F79DFA012231463846F8F7A4FE41
:10F7B000002231463846F8F77BFE31463846F8F7E6
:10F7C000B4FE01280FD000215023A0220846009546
:10F7D000FCF7C8FCFF2101310E48F8F767FEFEE791
:10F7E000F3F74AFADFE704206080F9F719FCF8BD67
:10F7F000CC000020780000200400002050010020F0
:10F8000008030020C8020020A8020020E80200200F
:10F8100000000B4000200B40B4030020F0B52A4E3E
:10F8200093B0307800284DD101F07CF827480025AE
:10F830000078274C002827D000F088F83F277F0168
:10F840003B4624A214211B2001950094FDF7D0F91A
:10F850003B4625A222211B2001950094FDF7C8F903
:10F86000402102A8F0F745FF234824A2C3683F21A6
:10F8700002A8F0F703FD254B02AA2F211B200195BA
:10F880000094FDF7B5F919E01F27FF023B4620A2BF
:10F8900014211B2001950094FDF7AAF93B4621A2F3
:10F8A00022211B2001950094FDF7A2F9214B22A2F1
:10F8B0002F211B2001950094FDF79AF904F09AFA84
:10F8C0000120307013B0F0BD730100202803002028
:10F8D00010840000D2D1CDEAB3C9D4A4B3E4B5E713
:10F8E000C1F7B5C40000000020D7D4B6AFC9E8D630
:10F8F000C3C1F7B3CCA1A300A8020020D4A4B3E4F1
:10F90000B5E7C1F73A25646D41000000FFFF000034
:10F91000D4A4B3E4B5E7C1F7D7D4B6AFC9E8D6C32A
:10F920000000000020C1F7B3CCCEDEB7A8BCCCD01D
:10F93000F8210000E0FF0000C7EBCDEAB3C9D2BB5D
:10F94000B4CEB2E2C8DDA1A30000000070B51F4C28
:10F950001D4D206AF1F780FD1D4A1E4BF1F7E4F9B9
:10F96000F0F7F8FF1C4906F0D1FD0646A16806F045
:10F97000A3FD02D22946A06801E029463046F1F7EE
:10F9800095FD164A1649904219DB884219DCF1F7B9
:10F990003DFE3221F0F7F4FE124A1929D06001DD54
:10F9A000401CD06032214843D060642800DC6420D1
:10F9B0000D49D060884200DD0846D06070BD074820
:10F9C000E5E70846E3E700000000204128030020A7
:10F9D0009A9999999999254000007A440000C84263
:10F9E0000080BB44A8020020DC05000010B50248DE
:10F9F000FBF7D4FD10BD000038D101000021044800
:10FA0000FF220170417041718270C17001717047B5
:10FA100018010020F0B524488AB00068817B01916C
:10FA2000032902D9007D002806D0042908D91F48DF
:10FA3000C07B002802D003E0032000E004200190F6
:10FA40001F4B1B489C4600231A4C1B4A1B49072688
:10FA5000B6462568019E1034B5420ADD642515605E
:10FA600001250D7000250095174E164D1F01F5510B
:10FA70000AE0156000250D7065462D780095134E3F
:10FA80001D017759104E7751009D05706546103560
:10FA9000AC4675466D1E1030103110325B1CAE4600
:10FAA000002DD6D10AB0F0BD20000020E8020020D1
:10FAB000C8010020DCC90100CC010020D0010020D9
:10FAC000D8C90100D0C90100C4010020D4C9010077
:10FAD00010B514210948F0F70AFE0948C07B002838
:10FAE00005D0142207A10548F0F706FE10BD142228
:10FAF00008A10248F0F700FE10BD000054020020EB
:10FB0000E8020020323056BACD32385620466978A5
:10FB10006564000032305620466978656400000054
:10FB2000F0B58DB001A8F9F705FC0025374900288C
:10FB300011D06846007900228446684640790590D5
:10FB40006846807904906846C07907906846007AD4
:10FB50001346864621E064222D4F012601E000284D
:10FB600006D10E718D602B480D730069086001206D
:10FB7000040163180D719A601E73401C0F51072811
:10FB8000EDDB0DB0F0BD052B10D21C007C442479B8
:10FB90002419A744020406080A00604606E00598F6
:10FBA00004E0049802E0079800E0704600280DD0B9
:10FBB000160174180025A2602573164D1F017D19CA
:10FBC00024277F5D27712C6A8C51521C5B1C052BEE
:10FBD000D9DB0720002A0ED0801A0028D1DD1201BF
:10FBE00064235018836001230373002303710848C2
:10FBF00088500DB0F0BD01200871002088600873A6
:10FC00000448012200680860E9E70000C401002000
:10FC1000D0C9010058E6010070B588B0002337A2B2
:10FC200037A1622003F0C2FFF2F730FE3848394CAA
:10FC3000816821603849C068086003A8F9F708FAAC
:10FC400005466846F9F798FB284207D1032333A2FB
:10FC500033A1622003F0AAFF02F070FA354D287834
:10FC600000283AD004A8F8F751FF002808D00598DA
:10FC70004000400801906846007B072815D019E035
:10FC80000020287001232CA22CA1622003F08EFFFB
:10FC9000012005F0F5FA012327A22DA1622003F02F
:10FCA00085FF012005F0ECFA17E001210198C90752
:10FCB000484001900498F1F7CFFB05460E460198A5
:10FCC000F1F7CAFB264A274BF1F7A2FA2A46334638
:10FCD000F0F7FAFFF0F73EFE00900098216806F07A
:10FCE000EBFB09D22068F1F7B7FB1F4A1F4BF0F777
:10FCF000EBFFF0F72FFE206008B070BD343300003A
:10FD0000B2E2C1BFCFB5CDB3B3F5CABCBBAF000043
:10FD100088010020C4000020C800002046410000E7
:10FD2000B2E2C1BFCFB5CDB3B3F5CABCBBAFCAA7B2
:10FD3000B0DC0000880000203434000043BFDAB992
:10FD4000A6C2CABCC6B2E2C1BFCAA7B0DC000000EE
:10FD5000BDABCAB9D3C3504D4943CAFDBEDD000097
:10FD6000AED85F764F1E663F472575029A085B3F07
:10FD7000064907488A78002A01D0801D7047C97853
:10FD8000002901D0C01C7047014870473000002096
:10FD9000E8A9010070B5124C0025E07821790840EF
:10FDA000002800D0257160782179084200D02571A3
:10FDB0000C48407D002803D1A078002800D0A57011
:10FDC0000948807A002800D02571A078002806D044
:10FDD00006488068F9F7D2FC002800D1257170BD73
:10FDE0004701002008030020B40300208801002000
:10FDF0000449096801228240114201D00120704764
:10FE00000020704700810840F0B4084F7D68BE684C
:10FE1000FC6885438E439443002B02D005430E4378
:10FE200014437D60BE60FC60F0BC704700810840F8
:10FE300030B40C48036B4022016B13401143016343
:10FE400009498D680424A5438D608D6825438D6024
:10FE500081688906FCD5002B02D1016B91430163B7
:10FE600030BC70470080084000A00640F0B52A4F23
:10FE7000A3B0387800284CD100F054FD012102A82D
:10FE800000F094F81F260024244DF602002816D016
:10FE900002A8F6F777F90299884221D0334620A2CA
:10FEA0001721152000950194FCF702FD334621A28D
:10FEB0002521152000950194FCF79AFE25E0334694
:10FEC00021A21721152000950194FCF7F1FC33467F
:10FED00022A22521152000950194FCF789FE14E04B
:10FEE0000121234800F062F8224E23A23346172155
:10FEF000152000950194FCF7DBFC334623A2252155
:10FF0000152000950194FCF773FE03F073FF0120A8
:10FF1000387023B0F0BD0000EE0000201084000017
:10FF2000B1B8D3C3C5E4D6C3CEC4BCFED2D1CBF0E6
:10FF3000BBB5000020BBD6B8B4B9FDB3CCCEDEB79C
:10FF4000A8BCCCD0F8000000B6C1C8A1B1B8D3C3DA
:10FF5000C5E4D6C3CEC4BCFECAB1000020B3F6CF00
:10FF6000D6D2ECB3A32CC7EBD6D8CAD4000000007D
:10FF7000A8020020FFFF0000D2D1B4D3B1B8D3C390
:10FF8000C5E4D6C3CEC4BCFEC4DA000020BBD6B8DC
:10FF9000B4CFB5CDB3C9E8D6C3CAFDBEDD000000FD
:10FFA0000148007C70470000E802002010B50029DD
:10FFB00000D080218022FDF7BFFB002801D0002067
:10FFC00010BD012010BD00000148007A70470000FC
:10FFD000E80200200148C07A70470000E8020020D3
:10FFE0000148807B70470000E80200200148407F04
:10FFF00070470000A80200200148C07B7047000045
:020000040001F9
:10000000E80200200B480168887B032802D9097D9B
:10001000002906D0042807D90749C97B002902D046
:1000200002E0032000E004200449097D814200D859
:100030000846704720000020E8020020A8020020A7
:1000400002480079032800D203207047C80200202C
:10005000F0B5294D85B000241520604340191521C5
:10006000F0F745FB641C032CF6DB24480069F1F72C
:1000700017FB2349F1F71AFAF1F7EEF9214F06467B
:100080003A46214B0491F0F72CFE04460D4600221F
:100090001E4BF1F7BDF86B4633C31D4A15211648B8
:1000A000F0F7ECF830463A461A4B0499F0F719FE8F
:1000B00004460D460022154BF1F7AAF86B4633C3F0
:1000C000134A15211448F0F7D9F830463A46134B35
:1000D0000499F0F706FE04460D4600220B4BF1F79B
:1000E00097F86B4633C30A4A15210D48F0F7C6F856
:1000F0000C48407B05B0F0BD68020020A80200203B
:1001000000007A449A9999999999A93F000008406A
:1001100034D701009999B93F7D0200209999C93FD0
:1001200092020020E80200200148007D7047000094
:10013000080300200D49002008700D480168887BE5
:10014000032802D9097D002906D0042807D90949C6
:10015000C97B002902D002E0032000E00420064908
:10016000C979814200D8084670470000720100201A
:1001700020000020E8020020C80200200148407D45
:1001800070470000080300200248C07A002800D011
:1001900001207047C8020020F0B5FF4985B001205A
:1001A0000870FE49FE4A087807281BD09669FD4A68
:1001B0001278002A72D0FC490028097814D0FB4834
:1001C000C0684200FA48520882420DDBF948864274
:1001D00001DD002962D0864208DAF748007800285D
:1001E0005CD003E0566AE2E7002957D0F3480021CB
:1001F00000904F239F220846FBF748FFF048007805
:10020000002801D0EF4F06E0EF48F0490078097868
:1002100088430CD0EE4F18250024EE480097029535
:100220000194ED4902688A4203DA032302E0EB4FAE
:10023000F1E7022303210846FCF7F6FB00943B4656
:1002400056220321492001950294FCF79DFA4C2384
:1002500054221C2103200094FBF784FFE048076828
:10026000D34879004908814219DBFF20C005C74205
:1002700016D30094DB4B2D221C2103200195029400
:10028000FCF782FAD84802958742D648019400903C
:100290000FD202231C213A46102015E0CCE20027A1
:1002A000D0480090CC4802950194874208DA032395
:1002B00007E001233A461C211020FCF7B5FB05E0BE
:1002C00002233A461C210320FCF7AEFB0094C54BE9
:1002D00041221C21492001950294FCF755FABD48A2
:1002E0003946006806F012F94200BB485208BF4F79
:1002F000824208DA032335211846009702950194BB
:10030000FCF792FB10E0BA480097824202950194F4
:1003100005DA022335210320FCF786FB04E00123E4
:1003200035210320FCF780FB0094B04B5722352188
:10033000492001950294FCF727FA9C480C25017886
:10034000002906D0406805F025F80A280BDA1F2797
:1003500019E00094994BA7A2032163200195029410
:10036000FCF710FD52E0A549496C0A46143A824256
:1003700002DD3F277F0106E00839814201DD994F08
:1003800001E01F27FF0289484268FF20C005C242E2
:100390001ED30094894B2D220321632001950294E2
:1003A000FCF7F2F9814842688F488242944807D2AC
:1003B0004240022303216B200097029501941AE02A
:1003C0004240012303216B2000970295019412E023
:1003D0008C4882428A4807DA424002230321632084
:1003E00000970295019406E0424001230321632017
:1003F000009702950194FCF717FB00943B4682A2FC
:100400000321902001950294FCF76EFA634F38782F
:100410000728634841D0C0690021FCF755FD3878B2
:1004200007285F483CD0006A0021FCF7F7FD5B49D4
:1004300030460978072936D0604E6A4F73498842A2
:1004400034DDF0F79DF982B2039102230097029503
:10045000019431216320FCF70FFC009433466CA219
:100460003121732001950294FCF73EFA514903981B
:10047000F0F786F982B2022331218020009702959D
:100480000194FCF7F9FB0094334662A231219020DD
:1004900001950294FCF728FAD7E0C06A0121BCE775
:1004A000006B0121C1E74A4E464FC7E741498842E8
:1004B0002CDDF0F765F982B20391022300970295D3
:1004C000019431216320FCF7D7FB0094334651A2FD
:1004D0003121732001950294FCF706FAE12109010C
:1004E0000398F0F74DF982B2022331218020009762
:1004F00002950194FCF7C0FB0094334646A23121DB
:10050000902001950294FCF7EFF99EE0E1210901AA
:1005100088422BDDF0F734F982B203910223009771
:100520000295019431216320FCF7A6FB0094334629
:1005300039A23121732001950294FCF7D5F93C21B1
:100540000398F0F71DF982B2022331218020009731
:1005500002950194FCF790FB009433462FA23121C1
:10056000902001950294FCF7BFF96EE03C21F0F772
:1005700007F982B203910223009702950194312179
:100580006320FCF779FB31210094334623A27320CA
:100590000195029444E00000AE000020B600002067
:1005A00074030020AC000020B0000020880100206F
:1005B000CDCC4C3D80510100F6000020FFFF000033
:1005C0007501002020FD0000760100204701002079
:1005D000C07F0000C4000020000020417C7D00009E
:1005E000C8000020E0FF0000000020C1FF7F0000E5
:1005F0000000C8422D2D2D2E2D000000A802002045
:10060000000000800000C642A1E60000008D270027
:10061000D4C20000CCEC0000CAB10000B7D6000084
:10062000FCF762F9039902238AB2312180200097F6
:1006300002950194FCF720FB009433467FA2312100
:10064000902001950294FCF74FF97D4D7D4E68781E
:10065000002805D12878022802D03078002801D05F
:10066000002008E078480078002803D17748007817
:10067000002800D001207649764A09781278764F12
:1006800091430ED07549097800292DD03978042975
:100690002AD34F239F223F2162200094FBF762FD63
:1006A00010E0397803291FD34F239F223F21622076
:1006B0000094FBF757FD6948007800280BD0387884
:1006C000052808D20094664B66A24021632001945D
:1006D000FCF78EFAAAE00094654B66A240216320E5
:1006E0000194FCF785FAA1E000940194002801D060
:1006F00063A200E064A2664F40213B466320FCF702
:1007000077FA3078002809D01F230094DB0261A219
:10071000402184200194FCF7CBF887E0687800281A
:100720000ED1287802280BD0474801785B48002971
:1007300012D000940194007800280BD058A250E009
:100740001F230094DB0258A2402184200194FCF76F
:10075000AFF86BE056A244E057490978002946D12A
:100760003A490978082961D20A007A441279921824
:100770009744030C1A23313D465400943B464FA244
:10078000402184200194FCF793F84FE000940194F9
:100790000078002801D04BA200E04CA24D4B402134
:1007A0008420FCF785F841E000940194007800284B
:1007B00001D044A215E048A213E00094019400780F
:1007C000002801D03FA200E045A2474B40218420F1
:1007D000FCF76EF82AE00094019400780028E8D134
:1007E00042A2444B40218420FCF762F81EE00094B2
:1007F000414B42A2402184200194FCF759F815E0B6
:10080000009401940078002801D02EA200E03DA2BF
:10081000134B40218420FCF74BF807E000943B4B3E
:100820003BA2402184200194FCF742F83A4804702E
:100830003A4804703A48047005B0F0BDC3EB0000BC
:10084000B90000205E0000206C000020B6000020EF
:100850007601002047010020B30000207501002030
:1008600020FD0000B4E6B4A2C4A3CABD000000008D
:100870007C7D0000BDF6B3E4C4A3CABD0000000047
:10088000B5E7B3D83A000000CFB5CDB33A000000C9
:10089000FFFF0000B9FDC8C800000000B400002040
:1008A000B9FDB3E400000000B9CAD5CF00000000D4
:1008B000B1A3BBA40000000063000020B4FDBBFA9C
:1008C00000000000B3E4B5E700000000E4B8C1F7A1
:1008D000000000001FF80000BAE3C1F700000000AC
:1008E000BAE3D1B900000000FF070000D4DDCDA3BA
:1008F00000000000E0FF0000C07F0000B3E4C2FA87
:1009000000000000B3ACCAB100000000FF7F00008F
:10091000B7C5B5E700000000AC000020B000002023
:10092000F600002030B583B0314C00214F239F22C8
:1009300008460094FBF716FC2E482F4D8068C269CC
:10094000002A07D0002001902B46032100940420A8
:10095000FCF74EF900212C4611239F2208460095F2
:10096000FBF794FB4F239F22112100200094FBF7FB
:100970008DFB012122460846FBF77EFB2246022121
:100980000120FBF779FB224602210120FBF774FBD3
:10099000224601219D20FBF76FFB224601219E206C
:1009A000FBF76AFB224602219E20FBF765FB2246ED
:1009B0000F210120FBF760FB224610210120FBF7ED
:1009C0005BFB224610210220FBF756FB22460F213B
:1009D0009E20FBF751FB224610219E20FBF74CFB8B
:1009E000224610219D20FBF747FB03B030BD0000DD
:1009F000108400003C000020FFFF0000F0B5FB4920
:100A000083B001200870FA480024807A002819D0A9
:100A1000F8480078002815D0F748F8490078097898
:100A200008427DD0F648002100904F239F220846BF
:100A3000FBF72CFBF34F18253878F34E00280AD02B
:100A4000304609E000215023A02208460094FBF71D
:100A500089FBEE48C5E1EE480090EE48029501940E
:100A60000321026802230846FBF7DEFFE5480094F5
:100A7000019502940078002800D1E54E56223346B5
:100A800003214920FBF780FE4C2354221C21032024
:100A90000094FBF767FBE048E0490668E048720015
:100AA0005208E04F8A4215DB864214D300943B463D
:100AB0002D221C21032001950294FBF765FEDA48E4
:100AC000009786420295019411D202231C213246DE
:100AD000102017E00026CB480078009700280295E8
:100AE000019430D0D148864208DA032307E001237D
:100AF00032461C211020FBF797FF05E00223324607
:100B00001C210320FBF790FF0094C64B41221C21BF
:100B1000492001950294FBF737FE3146BD4800E0BD
:100B200060E1006805F0F2FC4200C0485208C04E87
:100B300082420ADA03233521184600960295019471
:100B4000FBF772FF12E00223D9E7BA48009682420F
:100B50000295019405DA022335210320FBF764FF97
:100B600004E0012335210320FBF75EFF00943346A8
:100B700057223521492001950294FBF705FE2423D5
:100B80009822092166200094FBF7ECFA9C4F24235D
:100B90009822092166200097FBF778FA0F23962206
:100BA000042168200094FBF7DDFAA3480C250078A7
:100BB000002854D1A1480078072850D000943B4623
:100BC0009FA2042168200194FCF712F89E48007847
:100BD000062843D201007944097949188F44020C50
:100BE00016202B3500943B4698A2132174200195C2
:100BF0000294FCF7C7F875E00094334694A21321E1
:100C0000742001950294FCF7BDF86BE000941F235B
:100C100090A21321742001950294FCF7B3F861E0CF
:100C20003F2300945B018CA2132174200195029450
:100C3000FCF7A8F856E00094334688A213217420EC
:100C400001950294FCF79EF84CE00094334684A290
:100C50001321742001950294FCF794F842E000946B
:100C60003B4680A2042169200194FBF7C1FF614843
:100C7000017800290BD01F23DB02022910D0407815
:100C8000002815D001281DD002282BD123E0009484
:100C9000764B77A2132173200194FBF7A9FF21E083
:100CA000009475A2132173200194FBF7A1FF19E0B2
:100CB0003F2300945B0172A2132173200194FBF780
:100CC00097FF0FE00094574B6FA2132173200194FC
:100CD000FBF78EFF06E000946DA2132173200194B0
:100CE000FBF786FF492398222E2166200094FBF70C
:100CF00039FA492398222E2166200097FBF7C6F97E
:100D000034238E22292170200094FBF72BFA0094C3
:100D10003B4661A2292173200194FBF769FF344807
:100D2000017A002904D0012947D002294ED0D9E008
:100D3000407A012858D05A4B08284FD201007944F4
:100D4000097949188F444ACE030C151E27310094A7
:100D500054A238216C2001950294FCF713F83DE071
:100D6000009452A238216C2001950294FCF70AF8F5
:100D700034E000944FA238216C2001950294FCF7D6
:100D800001F82BE000944DA238216C2001950294CB
:100D9000FBF7F8FF22E00094224B4AA238216C2096
:100DA00001950294FBF7EEFF18E0382100943346DA
:100DB00046A26C2001950294F4E70094194B45A2D9
:100DC000382173200194FBF773FD07E00094154B65
:100DD00042A2382173200194FBF76AFD0648047093
:100DE0000648047003B0F0BD7CE00000AE000020B7
:100DF000B8010020B9000020AC000020B0000020A5
:100E0000FFFF00008800002020FD000031010020CD
:100E1000C07F0000BC000020C0000020CDCC4C3DB5
:100E200000008080E0FF0000000020C100002041A1
:100E3000FF7F00000000C842B4000020B600002080
:100E400050444FB9E3B2A500B10000204E2F41003D
:100E500020355600203956003132560031355600C3
:100E600032305600547970652D4300001084000024
:100E7000B6CFBFAA00000000B9FDD1B90000000044
:100E8000D5FDB3A300000000B9FDC1F700000000CC
:100E9000B6CCC2B700000000D0ADD2E9000000001F
:100EA0001FF80000504420375600000050442039FD
:100EB0005600000050443132560000005044313595
:100EC0005600000050443230560000005044455057
:100ED00052000000B8DFD1B900000000B8DFC1F750
:100EE00000000000382100943B4602A273200195C7
:100EF000029457E74E2F41000149002008707047C7
:100F00004C01002010B5024803F048FA10BD000063
:100F100058D0010000200B490822487008718870E1
:100F2000C86008610870CA70C8800749074A4860ED
:100F30000870C860486188608861C8610A61086299
:100F400070470000D8000020500300200000C8C2F5
:100F50000149002008707047EE00002010B50648D7
:100F60000521C17000210171044A017011604170B6
:100F700001F0C8F910BD00003C01002078000020FD
:100F8000024800214160017041707047F800002064
:100F9000024801214170002101707047F5000020D6
:100FA000034802210171002101704170C170704736
:100FB000EE00002010B5024803F0F0F910BD00006B
:100FC00024D00100024801214170002101707047C6
:100FD000F30000200448002101600448012242601F
:100FE000427001707047000078000020340100203A
:100FF000014900200870704773010020F0B5FFB070
:10100000FFB09DB03A48FCF76DFB394D0020686594
:101010002846F5F70FF928650024364EB127FF0062
:10102000E864334D002C34DBB44232DC2846F5F75B
:101030004FF8286120464C214843C1194C222846CC
:10104000FCF7E0FB002824D12946085E2A49421813
:101050002A498A421DD24525ED00AC4219D2694683
:1010600008806100FF31022268463131FCF7CAFB7B
:1010700000280ED103F06AFF641CAC42D1DB02AD44
:101080002322FF21520129312846FCF755FB002875
:1010900004D07FB07FB000201DB0F0BD0024184EFA
:1010A0001127BF01285D315D88420CD12819C01974
:1010B000017E1448005D814205D103F047FF641CA6
:1010C000082CEFD30FE0082C0DD20B210822C90108
:1010D0000C48FCF797FB002805D1FF210822293195
:1010E0000748FCF78FFB7FB07FB001201DB0F0BD3B
:1010F00074030020270200002902000053040000AE
:10110000D4E70100DCE7010010B5024803F046F91E
:1011100010BD00008CD0010000B500210148FCF793
:101120004BFA00BDA802002010B5024803F036F9C2
:1011300010BD0000E8CE010010B5024803F02EF902
:1011400010BD0000BCDE010010B5024803F026F916
:1011500010BD0000E8CE0100F8B535480026007843
:10116000002801D0012300E00023324C32482278CD
:101170000178002A0ED100290CD065780027AA42F8
:1011800014D02E4A002D127E06D001252570002A8B
:1011900008D00AE00122F0E72770002A05D10121DA
:1011A000017002E0002900D007700126A078984263
:1011B0000AD0002805D02248417D1D480170012633
:1011C00004E01B480770FAE7002E03D0F9F740FA55
:1011D000F9F7CCFC1B48417800290FD10078022890
:1011E0000CD00025E078284201D0F7F77FFE207967
:1011F000002805D0144803F0D1F816E00125F1E7E6
:10120000354308D0F8F722F8002804D00F49012010
:1012100008700F4807E000215023A02208460097DD
:10122000FAF7A0FF0B4803F0B9F8F5F7ABFBF8BDF0
:10123000750100204701002076010020A80200204F
:1012400008030020B900002034D60100B8000020B7
:10125000B4E201009CC9010010B5024803F09EF8F9
:1012600010BD000004CE010010B5024803F096F84E
:1012700010BD0000E8CE0100F8B5114D0E4A0F492F
:10128000281D002307246426166001260E70002600
:1012900006701F010B4E1030103110325B1CEE51E6
:1012A000641EF0D108480078002803D0074803F0F6
:1012B00075F8F8BD0648FAE7CC010020D0010020FF
:1012C000C4010020D0C901004C00002004CE010060
:1012D00098D30100F8B51E4E002530781D4F002828
:1012E00003D1F5F711FA00280AD10125F9F7B0F971
:1012F0003878002802D0012003F066FDF9F736FCAB
:101300001548007D012803D01448007B002803D134
:101310000021134803F094FE00241248002D0470AD
:1013200008D0F7F793FF002804D00F490120087078
:101330000E4807E000215023A02208460094FAF747
:1013400011FF0B4803F02AF83C703470F8BD000020
:10135000500100207201002008030020C802002074
:10136000A80200204C000020B8000020B4E20100D8
:101370009CC9010010B5024803F010F810BD000030
:1013800004CE010010B5024803F008F810BD0000BB
:10139000F0DB0100F0B5FFB0FFB0AFB00023E8A272
:1013A000E8A1372002F002FC2322FF216846520107
:1013B0002931FCF7C1F9002807D00323E5A2E6A1F3
:1013C000372002F0F3FB00F0B9FE69460A78FFA966
:1013D000843102A8C862AA2A43D1FFA84430007E03
:1013E00035283ED16846407855283AD1FFA8443088
:1013F000407E732835D168468078352831D1FFA8E2
:101400004430807EBC282CD16846C0781A2828D168
:10141000FFA84430C07E902823D1684600794C282C
:101420001FD1FFA84430007F28281AD16846407990
:10143000022816D1FFA84430407FDE2811D168462B
:10144000807988280DD1FFA84430807F022808D1F8
:101450006846C079282804D1FFA84430C07FA52859
:1014600015D00123C0A2C1A1372002F09FFB0120AB
:1014700003F006FF0123BCA2C0A1372002F096FBB7
:10148000FFA8843015223721C06A00F009FAFFA8AE
:101490008430C06AF6F734FF04460023BBA2BCA127
:1014A0003B2002F083FBFFAE6436FFA90127002535
:1014B0008431304609300863002C0FDBB8482146E0
:1014C00084420BDC08464C214843B121C900411835
:1014D0004C223046FCF730F9002807D00323B1A294
:1014E000B1A13B2002F062FB00F028FE3046F4F789
:1014F000EFFD0146FFA8406F814208D1FFA884306C
:101500000422ADA1006BEFF745F800281ED0002F94
:1015100012D000270123AAA2AAA13B2002F046FB79
:10152000012003F0ADFE0123A5A2AAA13B2002F0F9
:101530003DFB012003F0A4FE002C01DD641E00E051
:10154000974CA8486D1C8542B6DB07E0002F05D0FC
:101550000023A5A2A5A13C2002F028FBA14FBD427B
:1015600022D10123A5A2A6A13B2002F01FFB01204E
:1015700003F086FE0123A1A280A13B2002F016FB0E
:10158000FFA884301C223B21C06A00F089F9232285
:10159000FF21684652012931FCF7CEF8FFA88430BC
:1015A000C06AF6F7ADFE0446002399A299A13F2038
:1015B00002F0FCFA9B4B002C0FDB79482146844259
:1015C0000BDC08464C214843B121C90041184C228C
:1015D0001846FCF7B1F8002807D0032371A292A1A6
:1015E0003F2002F0E3FA00F0A9FD002392A293A1AC
:1015F0003F2002F0DBFA8B4D61006A4600208A181A
:101600000823285ED35E984223D0904BC2199A4299
:101610000DD24523DB009C4209D2FFAB84331886F0
:10162000FFA8FF310222B4303131FCF7EBF801237F
:1016300087A288A13F2002F0B9FA012003F020FE22
:10164000012383A287A13F2002F0B0FA012003F01A
:1016500017FE7448F4F7EEFD724D28652846F4F73E
:10166000E9FDE86468460089012100280DD0FFA843
:101670008430C06A4525ED000288801C002A00D015
:1016800000216D1EF8D1002903D06649002048656D
:101690004FE0002377A278A1412002F087FA45218C
:1016A0000027C900601CEFF76BF85E4C61654819B4
:1016B0004521C900EFF764F800290DDB3848814265
:1016C0000ADC4C204143B120C00009184C223046AE
:1016D000FCF732F8002807D0032332A21EA14120D4
:1016E00002F064FA00F02AFDFFA8806E002804D002
:1016F000FFA84430008C002800D17F1C6D1C042DF5
:1017000001DA616DD3E7012F13D101235FA260A13C
:10171000412002F04BFA012003F0B2FD01235BA24D
:1017200050A1412002F042FA012003F0A9FDF6F792
:101730003BFEF2F7BDFC7FB07FB02FB0F0BD0000E4
:1017400031340000B6C1C8A1CAFDBEDDBFE2BBBADC
:10175000B4E6000045380000B4E6B4A2C6F7B6C14E
:10176000C8A1D2ECB3A3000031350000BBBAB4E687
:10177000CAFDBEDDBFE2D2ECB3A30000B3A2CAD45F
:10178000D6D8BDA8BBBAB4E60000000031410000C5
:10179000B3A2CAD4BBBAB4E6C3FCD6D000000000E2
:1017A0002702000046300000CAFDBEDDBFE2B6C120
:1017B000C8A1CAA7B0DC00005240444200000000AB
:1017C00031420000BBBAB4E6C3FCD6D0D2ECB3A31E
:1017D00000000000BDA8D2E9D4CBD0D04442BCEC7C
:1017E000B2E900002902000032310000BBBAB4E6C1
:1017F000C3FCD6D0B3C9B9A6000000003143000035
:10180000C8D5D6BECAFDBEDDD2ECB3A30000000031
:1018100032320000BCD3D4D8BFE2C2D8BCC6CAFDA5
:10182000BEDD000074030020CAFDBEDDB6C1C8A144
:10183000CAA7B0DC0000000032330000BBBAB4E637
:10184000D2BBD6C2D0D4BCECB2E900005304000035
:1018500032340000BBBAB4E6CAFDBEDDD2ECB3A39D
:1018600000000000D2D1BDF8D0D0B8B2B8C7B4A63D
:10187000C0ED000032350000BCECB2E9BFE2C2D8D6
:10188000BCC6CAFDBEDDC4DAC8DD000032360000C9
:10189000CAFDBEDDBFE2C4DAC8DDD2ECB3A30000EE
:1018A000F7B5A8B000200E461E900B21019008222B
:1018B000C901AC48FBF7A6FF002807D1FF21082289
:1018C0002931A948FBF79EFF002807D0F0B2032377
:1018D000A6A2A7A102F06AF900F030FC05A8013029
:1018E00021902A980024401C26902A98801C25903C
:1018F0002A98C01C249048E08A2C1DD02046FF382E
:10190000153804D02046FF389F383ED129E025986D
:1019100000216A46117151719171C3B201A898A258
:101920000321761CEEF7AAFCF0B2042301AA96A1CB
:1019300002F03CF9002728E02698002269460A7147
:101940004A718A71C3B201A88DA20321761CEEF7F9
:1019500095FCF0B2042301AA8EA102F027F900271A
:1019600013E0249800216A46117151719171C3B23C
:1019700001A883A20321761CEEF780FCF0B20423B9
:1019800001AA87A102F012F9002703A8002C0DDBA1
:10199000864922468C4209DC4C214A43B121C900C8
:1019A00051184C22FBF7C8FE002807D0F0B20323E1
:1019B0007FA280A102F0FAF800F0C0FB03A8F4F7C0
:1019C00087FB0799884206D104227EA12198EEF771
:1019D000E1FD00286AD01E980025401C1E90610081
:1019E0002898002F455222D1012003F049FCF0B283
:1019F000012376A276A102F0D9F8012003F040FC81
:101A000016951795189519951A951B951C952346AB
:101A100073A2202116A81D95EEF730FCF0B2012329
:101A20006AA216A902F0C2F8012003F029FC684658
:101A300005750495858104226D492198EEF75CFEB9
:101A400010A88575C5756B48089509950D950B957A
:101A50000E951090129013900C9567480A9511906E
:101A60000F9510A805828582458203AD002C10DBFE
:101A70004E498C420DDC2846F4F72AFB079020469D
:101A80004C214843B121C90041184C222846FBF79C
:101A9000B9FE002F0FD1F0B201234CA257A102F0E2
:101AA00085F8012003F0ECFB012704E068468189FA
:101AB00028986200815228986100405E534A83183A
:101AC000534A93420DD24523DB009C4209D220AAFF
:101AD0009081FF31022223A83131FBF793FE0028C9
:101AE00007D0F0B203234BA24BA102F05FF800F045
:101AF00025FB4520C000641C844200DAFCE62A98DD
:101B0000002469460C71001D4C71C3B28C7101A890
:101B10001BA20321EEF7B2FBF0B2042301AA43A1FA
:101B200002F044F8012003F0ABFB1E98002816DDFC
:101B3000169417941894034619941A941B941C94A1
:101B40003EA2202116A81D94EEF798FBF0B20123C7
:101B500001AA16A902F02AF8012003F091FB2BB08C
:101B6000F0BD0000DCE70100D4E7010045450000BE
:101B7000D0B4C8EB4B6579CAA7B0DC000000000008
:101B80002530325800000000D6D8BDA8BDF8B6C830
:101B900035302500D6D8BDA8BDF8B6C832352500E9
:101BA000D6D8BDA8BDF8B6C8373525002702000035
:101BB00045380000B4E6B4A2C6F7B6C1C8A1D2EC5D
:101BC000B3A3000052404442000000005737000019
:101BD000BCECB2E2B5BDCBF0BBB5CAFDBEDD0000CA
:101BE000CEBBD3DAB5D8D6B73A2564B4A600000088
:101BF00028D700000000C8C2000048C2D2D1BDF8FA
:101C0000D0D0D7D4B6AFD0DED5FD00002902000079
:101C10005304000045460000B8FCD0C2BBBAB4E68D
:101C2000CAFDBEDDCAA7B0DC00000000BBBAB4E646
:101C3000D6D8BDA8CDEAB3C900000000B9B2B7A29A
:101C4000CFD62564CCF5CBF0BBB5CAFDBEDD000018
:101C5000F0B5044695B000200D46087003F076F903
:101C600001A8002C1CDB2B4A2146944218DC4C2294
:101C70005143B122D20089180E464C22FBF75CFD7D
:101C800000280DD14520C000844209D26400FF34F1
:101C90003134022221466846FBF74EFD002802D06F
:101CA000002015B0F0BD68460027C75F01A8F4F713
:101CB0000FFA0599884207D103A8042216A1013022
:101CC000EEF768FC00280DD00120287001A8FBF772
:101CD00009FD01AC2046F4F7FBF9059031464C2292
:101CE000204612E069460420085EB8420FD0012069
:101CF00028700420085E0A490A4A4118914206D217
:101D000069460880214602226846FBF77BFD0120D8
:101D100015B0F0BD27020000524044420000000010
:101D20002902000053040000F0B58BB0002376A216
:101D300076A1102001F03AFF0122950329460020E8
:101D4000F0F728FF774F012229463846F6F7B0FB17
:101D500029463846F6F7F3FB002229463846F6F7BF
:101D6000D3FB012229461046F0F714FF6E4E0122E4
:101D700029463046F6F79CFB29463046F6F7DFFB4E
:101D8000002229463046F6F7BFFB002401222946EF
:101D90003046F6F78DFB002229463046F6F7ACFBBD
:101DA00029463046F6F7CBFB29463846F6F7C7FBFF
:101DB000032003F0C9FA29463046F6F777FB0320E3
:101DC00003F0C2FA29463846F6F770FB5748005D23
:101DD000F6F78EFDF6F71EFE002820D053480123AB
:101DE000005D019052A253A1102001F0DFFE0120FE
:101DF00003F046FA002002900390049006900590AC
:101E000007900890099050A2202102A8019BEEF7AC
:101E100035FA012346A202A9102001F0C7FE3C209A
:101E200003F092FA012229463046F6F741FB0022E0
:101E300029463046F6F760FB29463846F6F736FB6A
:101E400029463046F6F732FB032003F07DFA294697
:101E50003846F6F774FB032003F076FA294630463D
:101E6000F6F76DFB032003F06FFA012003F046FA4A
:101E7000641CE4B2032C89D3F6F776FDE020F6F774
:101E800037FDF6F7C7FD354C002801D1E020207062
:101E90003C2003F059FAF6F791FD2078E02831D084
:101EA000012003F02BFA82202070F6F75DFD8220DE
:101EB000F6F71EFDF6F7AEFD00281ED182240123A1
:101EC0001BA21CA1102001F071FE012003F0D8F923
:101ED00000200090019002900390049005900690DD
:101EE0000790234618A220216846EEF7C7F9012380
:101EF0000FA26946102001F059FE3C2003F024FA9D
:101F0000F6F75CFD0BB0F0BD30360000E590AFE5B4
:101F10008AA8534D425553E68EA7E588B6E599A8A1
:101F20005C30000000000B4000200B400C670100FB
:101F300057320000E4BB8EE69CBAE9809AE4BFA168
:101F4000E5BC82E5B8B80000E5BC82E5B8B8E59C20
:101F5000B0E59D803A3078253032580002000020EC
:101F60000029016802D00122114301E0490849001B
:101F70000160704730B44C698B69002C1BD0012282
:101F80005202DA4022438C680B680D692343CC6807
:101F90002C432343CC692343134343604B6A4A6871
:101FA0001A430B6A1B011A438261896A4908491E58
:101FB000C16030BC7047FF2201329A40E3E7002A3B
:101FC000026801D00A4300E08A4302607047082299
:101FD0000029016801D0114300E09143016070477E
:101FE000016170474908491EC16070474268120983
:101FF0001201426042680A43426070477047000025
:10200000042204490428086902D0904308617047FB
:102010001043FBE700E000E00749002806D0012854
:10202000086906D0400840000861704700208861B8
:10203000704701221043F7E700E000E00449022264
:102040000028086901D0104300E090430861704700
:1020500000E000E010B5024802F0A0F910BD000059
:10206000E8E3010030B5154C83B02078002823D177
:10207000FEF758FCF4F748FB0125002801D1104871
:10208000057000210F4802F0DBFF00210E4A0028F6
:102090000092019106D00D4B0DA225211520FAF7D3
:1020A00007FC06E01F23DB020EA225211520FAF70C
:1020B000FFFB01F09FFE257003B030BDEE00002055
:1020C00050010020A802002010840000FFFF000043
:1020D000D2D1B1A3B4E6B5B1C7B0CFB5CDB3C9E8DD
:1020E000D6C30000CFB5CDB3C9E8D6C3B1A3B4E61B
:1020F000CAA7B0DC0000000010B5064C012020711A
:10210000F4F72EFC002020700146034802F06EFF19
:1021100010BD0000EE0000202803002070B5054C23
:1021200000252571FEF7F8FF25700021024802F016
:1021300087FF70BDEE000020A802002082B00024BE
:1021400012239F22032105200094FAF70BF82A237B
:102150007B22102121200094FAF704F81F23009419
:10216000DB0213A2032105200194FAF7A1FB0094DE
:10217000144B15A2112105200194FAF799FB184D73
:102180000120AC7100F03AF80127164E02F054F825
:10219000A879002804D014480770AC7101F060FFE2
:1021A00030780028F2D002F0D5F83470EEE7000065
:1021B000CFB5CDB3B3F5CABCBBAFCAA7B0DCA3A142
:1021C00000000000FFFF0000B0B4C8CED2E2BCFCAB
:1021D000D6D8CAD4BBF2B9D8B1D5CFB5CDB30000EB
:1021E0002800002001000020CC00002010B502488B
:1021F00002F0D4F810BD000068D6010070B50126C9
:1022000036031C4C7500002814D0022231462046AB
:10221000F6F77AF9022229462046F6F775F90022E8
:1022200031461046F0F7B6FC002229461046F0F77A
:10223000B1FC70BD012231460020F0F7ABFC012259
:1022400029460020F0F7A6FC012231462046F6F789
:102250005BF9012229462046F6F756F90022294665
:102260002046F6F749F9002231462046F6F744F9B0
:1022700070BD000000000B4010B5024802F08EF85F
:1022800010BD0000CCD601000A4801680A488A7DCA
:1022900042700B7D0022002B02D08B7B052B01D0DE
:1022A000027070478968054B9942F9DD0121017080
:1022B0007047000020000020D3000020E42500002B
:1022C00010B50C4A0C48D17A0378994211D00170AC
:1022D000002901D0012906D102210170D17201210A
:1022E000064802F0ADFEFAF717F880210448F6F729
:1022F000DDF810BDE802002009000020A80200203F
:1023000000400B40F8B547488078002843D0464C41
:10231000E07C00283FD04648444D01682A7D204695
:10232000C07904260327897D032A02D9002904D114
:1023300023E000292FD003282DD900216846017001
:10234000F6F786FE6846007800280CD0072803D0F0
:10235000E07905282FD012E0287D052801D12E75BF
:102360000EE02F750CE0E079052804D0E771287D98
:102370000528F6D1F3E7E671F9E705281BD0E771E8
:1023800000212A4802F05CFEF5F77EF9287DF8F777
:1023900083FF002844D02748006800280DDC264829
:1023A0000078012809D01F48807800280DD000252A
:1023B0002846042428E0E671E2E720490025097850
:1023C000284600291FD004241EE01D48007800285C
:1023D00003D000250120044616E01A4801250078A4
:1023E000002801D000200EE017480078002804D013
:1023F00016488068F7F7C2F901E015480078002810
:1024000001D0032400E0002401462846F6F7CBFD66
:10241000002805D02046F8F7F3FD002800D0012061
:10242000F8BD00005C000020C8020020A8020020C7
:1024300020000020780000203F0100203D01002006
:102440001F010020470100207501002088010020A5
:1024500076010020F0B5DA4C83B06078002878D09F
:10246000FEF760FA20460078D64CD74ED74F0C25A1
:10247000002804D001286ED0022869D17FE1002015
:1024800001903346D2A2152100940320FAF710FAE6
:102490001520796801F0E0FC002001903346CFA2BE
:1024A000232100940320FAF703FACF49386A8842BF
:1024B00009DA02460323232157200096029501944E
:1024C000FAF7B2FA24E0C949884209DA024602233F
:1024D00023215720009602950194FAF7A5FA17E0F8
:1024E000C349884209DA0246012323215720009676
:1024F00002950194FAF798FA0AE002F04BFF82B2D3
:10250000052323215720009602950194FAF7B4FB86
:10251000002002903346B7A22321019500948A201F
:10252000FAF730FCB4A23120B968F4F715FE386A26
:10253000EEF792FFB34AB44BEEF7F6FBEEF70AFA6A
:10254000AB4903F0E3FF0146B0A24020F4F704FEDC
:1025500031E133E1FFE7002001909B4BAEA2152152
:1025600000940320FAF7A4F998480769AE48874217
:102570000AD100201F230190DB02ACA21521009498
:102580006720FAF795F966E0FF20C005C74202D33D
:10259000FF26D0361CE09448A64E874201DA1F265B
:1025A00016E0706C1438EFF77BF8394604F006F843
:1025B00002D23F2676010BE0706C0838EFF770F816
:1025C000394603F0FBFF01D29B4E01E01F26F602C5
:1025D000FF20C005C7421BD30002474000200290E5
:1025E00033462D221521019500946220FAF7CCF88C
:1025F0007D48009687420295019404DA0223152152
:102600003A466B201BE0012315213A466B2016E069
:102610007548874209DA03233A461521622000965D
:1026200002950194FAF700FA0BE070480096874291
:102630000295019418DA02233A4615216220FAF72E
:10264000F3F900200290604B7CA2152101950094C3
:102650008F20FAF749F95D4F7F217869C9058842D3
:1026600007DA3F2676010CE0012315213A46622065
:10267000E5E701218907884201DA6F4E01E01F2654
:10268000F60200200190504B6DA2232100940320FC
:10269000FAF70EF954487A69824208DA03232321B3
:1026A0006220009602950194FAF7BEF910E04F48B7
:1026B000009682420295019405DA022323216220CA
:1026C000FAF7B2F904E0012323216220FAF7ACF90A
:1026D00000260C253B4C3C4B4322232193200296A1
:1026E00001950094FAF750F8374B59A23121032095
:1026F00001960094FAF7DCF83348344F00900295C5
:102700000194022331216220FA69FAF78DF92E4BE8
:10271000562231219320029601950094FAF734F85D
:10272000B11EB869EEF7C8FF4D49884202DA3F246E
:10273000640106E04B49884201DA3F4C01E01F2466
:10274000E402204D204B48A2402103200196009531
:10275000FAF7AEF80C271D4802970195009482699C
:10276000022340216220FAF75FF9174B56224021DD
:102770009320019702960095FAF706F81BE00020D7
:10278000019033463CA2152100940320FAF790F8FB
:10279000009602950194022315215720FA68FAF752
:1027A00043F90020029033464122152101950094FF
:1027B0009320F9F7E9FF02490020487003B0F0BD0B
:1027C000F300002010840000FFFF00002803002019
:1027D000B3E4B5E7CAB1B3A400000000B3E4C8EBAA
:1027E000C4DCC1BF00000000000020410000C8425E
:1027F00000007A4457680000B3E4C8EBC8DDC1BFED
:10280000000000009A99999999992540B5C8D0A7D8
:10281000C8DDC1BF00000000B2E2C8DDCAB1D7EE1A
:10282000B8DFCEC2B6C800000000C8C2B2BBBFC984
:10283000D3C30000A8020020E0FF0000A1E60000D2
:10284000D7EEB4F3B3E4B5E7B1B6C2CA00000000F6
:10285000B2E2C8DDBFAACABCB5E7D1B9000000002A
:1028600052B8864000008840B5E7B3D8D7EEB8DF4D
:10287000B5E7D1B900000000D7EEB8DFB3E4B5E7A3
:10288000B5E7C1F700000000F0B5FF4D89B028782A
:1028900000287DD1FD4800240078002803D1687805
:1028A000022800D96C70FEF73DF8F7480C254078F7
:1028B000F74EF84F062800D3F6E3410079448988A3
:1028C00049008F440500240159020503FF03A605B2
:1028D000039403A80494F6F781FC08903346EEA213
:1028E0001521009701940420F9F7E2FF08980028C9
:1028F00004D0E6480078002809D00DE01F23DB0251
:102900001521E8A2822000970195029414E02A2163
:102910006A469173D173117400970195029400284F
:1029200006D0E1480068007D002801D0DF4B00E0C0
:10293000334603AA15217620FAF724FA3346DCA29F
:102940002321042000970194F9F7B2FF05A8F6F7B8
:1029500034FC002844D0CD480078002849D00096A7
:102960000598019782B20295052323215F20FAF78B
:1029700083F93346D1A2232189200097019502943F
:10298000FAF700FA07A8F6F79FFC3346CCA200E05E
:10299000E9E308903121009701940420F9F788FFBA
:1029A0003346C9A231211E20009701950294FAF7FF
:1029B000E9F93346C5A23121392000970194F9F78E
:1029C00077FF089800281ED06846007F06285FD24F
:1029D00001007944097949188F441E28323C475137
:1029E0003346BDA22321832000970194F9F760FFAD
:1029F000C8E73346BAA223215F20009701950294CD
:102A0000FAF7C0F9B5E73346B3A231218320009726
:102A10000194F9F74DFF3BE03346A2A23121822019
:102A2000009701950294FAF7ADF931E09F4BAEA201
:102A300031218220009701950294FAF7A3F927E04B
:102A40001F23AAA231218220009701950294FAF750
:102A500099F91DE03F235B01A5A231218220009757
:102A600001950294FAF78EF912E0904BA1A2312160
:102A70008220009701950294FAF784F908E08B4BC5
:102A80009DA231218220009701950294FAF77AF9EC
:102A900006A8F7F7EFFE0546334698A2402104202A
:102AA00000970194F9F704FF002D09D06846407E95
:102AB00000280ED0012816D0022800D0E3E21CE046
:102AC000334685A24021832000970194F9F7F0FE58
:102AD000D9E23F235B018CA240218320009701941F
:102AE000F9F7E6FECFE21F23DB0289A24021832013
:102AF00000970194F9F7DCFEC5E21F23DB0286A2F2
:102B00004021832000970194F9F7D2FEBBE23346BF
:102B100083A21521042000970194F9F7C9FE3346DA
:102B200083A22321042000970194F9F7C1FE03A991
:102B300004A8F8F781FC00283CD00498019782B2E1
:102B400000960295032315215F20FAF795F8334686
:102B50005AA215218920009701950294FAF712F9DB
:102B6000022301970096029523215F20039AF9F72B
:102B70005BFF334672A223218920009701950294BE
:102B8000FAF700F905A8F7F775FE029033466DA233
:102B90003121009701940420FAF72AF802980028BE
:102BA00019D06846007D00281CD0012823D00228B7
:102BB00034D12AE0334648A215218320009701949E
:102BC000F9F776FE334644A223218320009701942F
:102BD000F9F76EFED6E7312133463FA283200097F6
:102BE000019419E033465BA231217F2000970194C4
:102BF000F9F75EFE12E03F235B0143A231217F2003
:102C000000970194F9F754FE08E01F23DB0253A25A
:102C100031217F2000970194F9F74AFE03A8F6F7C7
:102C200059FD029033464FA24021009701940420A1
:102C3000F9F7DEFF029800280DD08120039AC00525
:102C4000C2420FD133464AA240218320009701940B
:102C5000F9F72EFE17E2402133461FA2832000978A
:102C600001940EE2022340215F2001970096029515
:102C7000F9F7DAFE334632A2402189200097019508
:102C80000294FAF77FF8FEE1F80000204C000020E3
:102C9000FFFF000010840000B9CCBCFECAB1BCE448
:102CA000B4C100004E2F410020000020FF7F000033
:102CB000B7E5D6B5B5E7C1F7000000006D410000EB
:102CC000B5B1C7B00000000050444F00B9E3B2A551
:102CD000CAE4C8EB00000000CEB4D6AA0000000091
:102CE000202A2A2A200000002035560020395600CC
:102CF000313256003135560032305600CFB5CDB3A3
:102D0000D7B4CCAC00000000D5FDB3A30000000098
:102D1000B9FDC1F700000000B6CCC2B7000000004A
:102D2000CDA3B3E4BDD8D6B9B5E7C1F70000000024
:102D3000BAE3D1B9B3E4B5E7B5E7D1B90000000013
:102D400020560000547970652D43B6CBBFDAD7B456
:102D5000CCAC0000CFC2B5E700000000B9FDD1B98E
:102D600000000000D4D9B3E4B5E7B5E7D1B900005D
:102D7000BDFBD3C300000000FC4BFDA215210420C5
:102D800000970194F9F794FDFD48C07A002874D0AB
:102D9000FC48007800970028019477D03F235B011E
:102DA000F94A15218320F9F783FD00210820FCF75B
:102DB0008BF8064603A90120FBF778FF0640EB4B92
:102DC000F2A22321042000970194F9F771FD002E4F
:102DD00064D06846007B00970028019468D03F23A8
:102DE0005B01EEA223218320F9F762FDED48007814
:102DF000002800D1A3E305A904A8F6F742FADB4EA8
:102E000002903346E8A23121009701940420F9F79B
:102E1000EFFE3346E8A24021042000970194F9F721
:102E2000E7FE029800284AD00498019782B20096E3
:102E30000295042331215F20F9F71EFF3346E24A51
:102E400031218920009701950294F9F79BFF0096A4
:102E50000598019782B20295042340215F20F9F77B
:102E60000BFF3346D84A40218920009701950294F0
:102E7000F9F788FF63E300E008E0BC4BD34A152173
:102E8000832000970194F9F713FD8EE71F23DB02DF
:102E9000CFA215218320F9F70BFD86E71F23DB0264
:102EA000CBA22321832000970194F9F701FD9DE730
:102EB000AE4BB54A23218320F9F7FAFC96E7334657
:102EC000C54A3121832000970194F9F7F1FCC2E64D
:102ED000A64EC2A233461521042000970194F9F7AB
:102EE00087FE3346C1A22321042000970194F9F7FD
:102EF0007FFE3346C0A23121042000970194F9F7E8
:102F000077FE3346C0A24021042000970194F9F7D0
:102F10006FFEC04E3068407D00280AD0F6F728F9D1
:102F2000002810D0012817D002281ED003282DD148
:102F300024E08E4BB84A1521862000970195029413
:102F4000F9F720FF22E0894BA34A1521832000973F
:102F50000194F9F7ADFC19E0844BB0A21521832050
:102F600000970194F9F744FE10E0804BACA21521C4
:102F7000832000970194F9F73BFE07E07B4BA9A261
:102F80001521832000970194F9F732FE03A904A8C4
:102F9000F6F7FAF805909F480068407D002813D0A6
:102FA0000598002817D06846007C0A281CD21F26E6
:102FB000EEF77EFB02460323232162200197009651
:102FC0000295F9F731FD33E02321684B96A2772073
:102FD0000097019405E0654B95A223216720009797
:102FE0000194F9F765FC2CE04B2802D23F267601CC
:102FF00005E0502801D2904E01E01F26F602642819
:103000000BD2EEF755FB02460223232162200197E3
:1030100000960295F9F708FD0AE0EEF749FB024633
:10302000012323216220019700960295F9F7FCFC09
:103030004E4B82A223218F20009701950294F9F72D
:1030400053FC74480068407D00281DD00598002876
:1030500021D06846007B00970028019425D01F23CB
:10306000DB0277A231218320F9F722FC7648007831
:1030700000970028019420D03F235B0173A24021D8
:103080007720F9F715FC5AE23121384B66A27720F8
:1030900000970194E8E7354B4F4A31218320009790
:1030A0000194F9F705FCE1E775E23F235B0169A2B2
:1030B00031218320F9F7FCFBD8E740212B4B5AA2A2
:1030C0007720DEE76548406800283BD0401C4BD0A5
:1030D000022105A8FAF748FC0390334660A21521A7
:1030E000009701940420F9F7E3FB334661A2232102
:1030F000042000970194F9F7DBFB334661A23121EC
:10310000042000970194F9F7D3FB334661A24021D4
:10311000042000970194F9F7CBFB0398009700284F
:10312000019422D01F23DB025DA215218320F9F731
:10313000BFFB3346284A2321832000970194F9F7E7
:10314000B7FBE4E0334658A216210A200097019409
:10315000F9F7AEFB33465AA228212E20009701949E
:10316000F9F7A6FBB2E0F0E1B5E0B6E0FFFF000042
:10317000B8DFBEABB6C8B9A6C2CABCC60000000064
:10318000C802002088000020082D0100D6F7B6AF45
:10319000BEF9BAE2C4A3BFE900000000C6F4D3C37D
:1031A000000000004C00002050505331B9E3B2A59C
:1031B000B5E7C1F70000000050505332B9E3B2A5A3
:1031C000B5E7C1F700000000BC2C0100702D010024
:1031D000B9CAD5CF00000000D82C010050534F438E
:1031E000D3B2BCFEB0E6B1BE0000000050534F4366
:1031F000CEC2B6C80000000050534F43CFDECEC24F
:10320000B1A3BBA40000000043BFDAD7D4B6AFD34C
:10321000D5C6AD0020000020A42C010042B0E6007D
:1032200043B0E60044B0E600B2BBD6A7B3D6000078
:10323000B2BBBFC9D3C30000E0FF0000A1E600009D
:10324000BCA4BBEE00000000A5000020D2D1C6F453
:10325000D3C30000B9D8B1D500000000F8000020A9
:10326000CFB5CDB3CDE2B4E6B4A2C6F7D7B4CCACFB
:1032700000000000B4E6B4A2C6F7D7DCC8DDC1BFC9
:1032800000000000B4E6B4A2C6F7D2D1D3C3C8DDB3
:10329000C1BF0000D7DCC8D5D6BECCF5CAFD000042
:1032A000D2ECB3A300000000D5FDD4DABBF1C8A175
:1032B000CDE2B4E6B4A2C6F7D7B4CCAC00000000AF
:1032C000C7EBC9D4B5C8A1ADA1AD0000F2F77AFE35
:1032D000B549486099E00120FEE63F235B01B34A0F
:1032E00015218320F9F7E4FA8522D2050223232150
:1032F0006420019700960295F9F796FB3346ACA23D
:1033000023218E20009701950294F9F73BFDA949EE
:10331000A54809784068002900D12838012109040E
:10332000884275DC039900290ED03346A24A312128
:10333000832000970194F9F7BBFA402133469E4A57
:103340008320009701945DE09C49884212DA82B2A2
:10335000042331216B20019700960295F9F78CFC2C
:10336000334697A231218E20009701950294F9F7F8
:1033700009FD1CE0EEF794F90921C943EEF79CF929
:1033800090490246019700960295884201DA02238D
:1033900000E0012331216420F9F746FB334684A283
:1033A00031218E20009701950294F9F7EBFC8648B5
:1033B00082494068884211D282B2042340216B20A6
:1033C000019700960295F9F757FC33467FA24021FA
:1033D0008E2000970195F9F76BFA15E0EEF768F982
:1033E0007B49EEF763F802460223402159200197FA
:1033F00000960295F9F718FB334676A24021822009
:1034000000970195F9F754FA01246748047096E093
:10341000C6E06548334640680097002801943CD0D8
:103420006EA215210420F9F743FA334670A2232136
:10343000042000970194F9F73BFA334670A231213A
:10344000042000970194F9F733FA334671A2402122
:10345000042000970194F9F72BFA53484068401C68
:103460002ED05948019700960295406D042382B2F0
:1034700015217C20F9F700FC4B4D6868401C28D0D2
:10348000694800780097002801942CD0674B68A207
:1034900023218320F9F70CFA2CE0674A16210A2031
:1034A000F9F706FA3346654A28212E200097019441
:1034B000F9F7FEF9F2F786FD3B49486000213CE050
:1034C00033463D4A1521832000970194F9F7F0F91E
:1034D000D2E71F23DB02384A23218320009701947F
:1034E000F9F7E6F906E03F235B0155A2232183208B
:1034F000F9F7DEF96868401C29D00020F3F722F9BB
:103500000028009701942CD03F235B01274A3121EA
:103510008320F9F7CDF96868401C2AD00120F3F721
:1035200011F90028009701942DD03F235B011F4A19
:1035300040218320F9F7BCF901211B4801701A488A
:103540004178042901D20121017009B0F0BD1F2387
:10355000DB02194A3121832000970194F9F7A8F979
:10356000D9E71F23DB0238A231218320F9F7A0F924
:10357000D1E71F23DB02104A4021832000970194EA
:10358000F9F796F9D8E71F23DB022FA24021832009
:10359000F9F78EF9D0E704484470047009B0F0BD23
:1035A00001200004BEE60000F8000020082D010004
:1035B0004B42000028030020D82C010010270000F7
:1035C000204200000000C64274030020CCF5000039
:1035D00000007A44C7A7CCF500000000B5B1C7B021
:1035E000D3FBB1E0B3CCC8D5D6BEC8EBBFDA000080
:1035F000B5B1C7B0C5E4D6C3CEC4BCFE0000000060
:10360000D6F7D3C3C5E4D6C3CEC4BCFED7B4CCACC6
:1036100000000000B1B8D3C3C5E4D6C3CEC4BCFE1D
:10362000D7B4CCAC0000000074010020E0FF000023
:10363000B1B8D3C300000000A8320100C0320100BD
:10364000D6F7D3C300000000CBF0BBB500000000EC
:1036500070B516480278002A01D0052300E0022345
:10366000134D144CA97960780026012904D0022951
:1036700008D004290CD010E0984215D2401C60708C
:10368000267011E000280FD0401E607026700BE0FD
:10369000002A06D0084800F081FEA879032802D04D
:1036A00002E00648F7E72670AE7170BD4C000020BE
:1036B00028000020F800002004CE010098D301006B
:1036C000F0B5F14C83B0607800287DD0FDF72AF981
:1036D000EE480078002804D12078022801D9002083
:1036E0002070E9480C250078E94CEA4E002806D005
:1036F000012849D0022868D0032844D159E1002785
:10370000E44BE5A21521032001970094F9F7D0F8C6
:10371000E44E1520B16900F09FFBDE4BE2A22321AD
:10372000032001970094F9F7C3F82321306AF3F7D7
:103730006BFDD84BDFA23121032001970094F9F7EC
:10374000B7F8DF49F06902F0E1FE3121F3F706FC3A
:10375000D04BDCA24021032001970094F9F7A8F890
:10376000CC48009002950194022340215720B26B6F
:10377000F9F75AF9C74B412240219320029701954E
:103780000094F9F701F87AE10027C24BD1A2152184
:10379000032001970094F9F78BF8C24E1520716A47
:1037A00000F05AFBBB4BCEA22321032001970094CB
:1037B000F9F77EF82321306BF3F726FD3121B54B65
:1037C000CAA20320019701E05CE18BE00094F9F7C5
:1037D0006FF8BB49F06A02F099FE3121F3F7BEFBA6
:1037E000AC4BC5A24021032001970094F9F760F883
:1037F000C548776B874208D100201F23DB02402198
:103800000190C2A20094672030E1FF20C005C742AA
:1038100002D3FF26D0361CE0BE48BF4E874201DAF5
:103820001F2616E0706C1438EDF73AFF394602F0A7
:10383000C5FE02D23F2676010BE0706C0838EDF72A
:103840002FFF394602F0BAFE01D2B44E01E01F2626
:10385000F602FF20C005C7421BD3000247400020EC
:10386000029033462D224021019500946220F8F702
:103870008BFFA848009687420295019404DA022340
:1038800040213A466B201BE0012340213A466B2041
:1038900016E0A048874209DA03233A464021622015
:1038A000009602950194F9F7BFF80BE09C4800964A
:1038B00087420295019410DA02233A4640216220A1
:1038C000F9F7B2F800200290724B96A240210195C0
:1038D00000948F20F9F708F8D1E0012340213A46FF
:1038E0006220EDE7002733468FA2152103200197C0
:1038F0000094F8F7DDFF6B484169152000F0ACFA41
:1039000033468CA22321032001970094F8F7D0FFBF
:1039100064486B49806A02F0F9FD2321F3F71EFB2E
:10392000334687A23121032001970094F9F760F90B
:103930005C48026C7748009682420295019405DA51
:10394000032331215720F9F76FF804E002233121D6
:103950005720F9F769F83346412231219320029725
:1039600001950094F8F710FF334678A24021032018
:1039700001970094F9F73CF94A48C26B68480096F1
:1039800082420295019405DA022340215720F9F77B
:103990004BF804E0012340215720F9F745F833465E
:1039A000572240219320029701950094F8F7ECFEEE
:1039B00065E00027374B68A215210320019700948A
:1039C000F8F776FF684E0620305E0A2801DD53487E
:1039D00000E03048009002950194F28805231521FB
:1039E0005720F9F749F92B4B60A2232103200197B7
:1039F0000094F8F75DFF0420305E0A2801DD474897
:103A000000E02448009002950194B2880523232108
:103A10005720F9F731F91F4B58A2312103200197A4
:103A20000094F8F745FF0820305E002802DD1F20D3
:103A3000C00200E0174800900295019432890523E6
:103A400031215720F9F718F9124D50A22B46402189
:103A5000032001970094F8F72BFFB07A0197002814
:103A6000009406D02D4B4DA240217720F8F720FF7F
:103A700005E02B464BA240217720F8F719FF0249B9
:103A80000020487003B0F0BDF50000204C0000207D
:103A900010840000FFFF0000B3E4B5E7CAB1B3A48F
:103AA0000000000074030020B3E4C8EBC4DCC1BF15
:103AB00000000000B3E4C8EBC8DDC1BF0000000097
:103AC00000007A44D7EEB8DFB5E7B3D8B5E7C1F761
:103AD00000000000B7C5B5E7CAB1B3A400000000FC
:103AE000B7C5B3F6C4DCC1BF00000000B7C5B3F66C
:103AF000C8DDC1BF00000000CFB5CDB3D7EEB8DF41
:103B0000CEC2B6C8000000000000C8C2B2BBBFC928
:103B1000D3C3000000002041A8020020E0FF000005
:103B20000000C842A1E60000BEF9BAE2CAB1B3A4DF
:103B300000000000CEB4BEF9BAE2C8DDC1BF00008B
:103B4000D7EEB8DF43BFDAB5E7C1F700D7EEB8DF8D
:103B500043BFDAB9A6C2CA00B9FDC1F7B1A3BBA47D
:103B6000B4CECAFD00000000B4030020B6CCC2B73A
:103B7000B1A3BBA4B4CECAFD00000000B9FDD1B909
:103B8000B1A3BBA4B4CECAFD00000000B0B2C8AB64
:103B9000C6F4B6AFC4A3CABD00000000D2D1C6F4BB
:103BA000D3C30000CEB4C6F4D3C30000FFB58FB0BA
:103BB000129A0121874E012A0CD0042A0DD01146F9
:103BC000052915D20A007A441279921897440B03FA
:103BD000080D0600B170804D0BE0F1707F4D08E0DC
:103BE0003F256D0105E07E4D03E01F25ED0200E05D
:103BF0000025EDF75DFD7B49EDF758FC7A4902F0B1
:103C000085FC0446794902F081FCEDF7FFFC0A21AE
:103C1000ECF7B6FD042901DD012700E0002720466E
:103C2000EDF7F4FCC419902C7EDC00953089492313
:103C3000083082B23D210720F8F728FA0095308934
:103C40004923083082B23D210720F8F78BFAB0688B
:103C5000A04201DA401CB060A04201DD401EB0600D
:103C60007078002801D0032000E0052001F046FB19
:103C7000B068A042D9D17078002822D130780028CD
:103C80001FD0129800281CD105240027A2B23A2385
:103C90002E2105200097F8F765FA0420305E844253
:103CA00001DA534800E000200090A2B2A0B23A230B
:103CB0002E21F8F773F9042001F020FB641C842CFA
:103CC000E4DB444812994078014357D0414E002824
:103CD00005D1307800281FD0129800281CD0052468
:103CE0000027A2B23A232E2105200097F8F73AFACE
:103CF0000420305E844201DA3D4800E0002000905C
:103D0000A2B2A0B23A232E21F8F748F9022001F01E
:103D1000F5FA641C842CE4DB00240C200094344B62
:103D2000029401902E2100E052E08920119AF9F7C7
:103D300029F81098ECF70CFC01260746012828DB2F
:103D4000069404940594079408940B9409940A9497
:103D50000C9432460D9404A81099ECF76BFC009477
:103D60002B4604AA2E2105200194F8F741FF0A20D2
:103D700001F0C4FA761CBE42E2DD0AE000210C200C
:103D80000291009101901A4B2E218920119AF8F787
:103D9000F9FF104800218180109A1278002A09D07A
:103DA0008288491C521C8280142903D0109A525CCC
:103DB000002AF5D1818806220831514309B2818059
:103DC000832901DD832181801299017013B0F0BD38
:103DD00090242AE730000020E0FF000020FD0000D2
:103DE000FF7F00000000C842000010430000204197
:103DF000FFFF000070B584B0104E00250E4C334616
:103E00000FA23D21202001950094F8F751FD0C20D0
:103E100001900D4B0DA23D21029500943B20F8F737
:103E2000B1FF33460AA23D21562001950094F8F7D0
:103E30003FFD04B070BD000010840000FFFF0000D3
:103E4000B0B4CFC200000000E0FF000045534300C3
:103E5000D2D4CDCBB3F60000F3B50F4676490C248F
:103E6000764D774E85B08F424BDD3846ECF788FCB7
:103E700082B2009603910223019502943C20059999
:103E8000F8F7FAFE0020009502906E4B6EA20194A6
:103E90004F200599F8F728FD6C490398ECF770FC62
:103EA00082B200960223019502945D200599F8F7ED
:103EB000E3FE002000950290624B65A201946F2002
:103EC0000599F8F711FD61493846ECF759FC0846A9
:103ED000E1210901ECF754FC82B20096022301951E
:103EE00002947C200599F8F7C7FE00200095029007
:103EF000544B58A201948F200599F8F7F5FC07B0B0
:103F0000F0BD52498F424CDD3846ECF739FC82B2A5
:103F1000009603910223019502943C200599F8F73D
:103F2000ABFE002000950290464B49A201944F2021
:103F30000599F8F7D9FCE12109010398ECF720FC79
:103F400082B200960223019502945D200599F8F74C
:103F500093FE0020009502903A4B3EA201946F2000
:103F60000599F8F7C1FCE12109013846ECF708FC96
:103F700008463C21ECF704FC82B20096022301952E
:103F800002947C200599F8F777FE002000950290B6
:103F90002C4B31A201948F200599F8F7A5FC07B0AE
:103FA000F0BDE12109013846ECF7EAFB0391244911
:103FB00082B200910223019502943C200599F8F702
:103FC0005BFE002600951F4B22A2029601944F2013
:103FD0000599F8F789FC3C210398ECF7D1FB1849C7
:103FE00082B200910223019502945D200599F8F7B1
:103FF00043FE0095134B18A2029601946F20059979
:10400000F8F772FC3C213846ECF7BAFB0C480090FC
:104010008AB20223019502947C200599F8F72CFEC0
:104020000095084B0DA2029601948F200599F8F790
:104030005BFC07B0F0BD0000008D2700108400007D
:10404000E0FF0000FFFF0000D4C20000805101002B
:10405000CCEC0000CAB10000B7D60000C3EB0000F2
:104060001F48007800283AD008B5F3F703FB00207A
:104070005023A02201460090F8F774F8F7F71CFFD0
:10408000F0F756FE1748007A002808D0EEF7F4FD46
:10409000EFF782F8F4F71EFDF7F71CFF0AE00120A6
:1040A000EFF75CF81048807A002815D0EEF718FE7C
:1040B000F4F7B6FFFF2101310C48F4F7F7F9FF20C0
:1040C0002D3001F01BF9BFF34F8F0A490848C86033
:1040D000BFF34F8F00BFFDE7EEF7CEFDE8E7704777
:1040E000CC000020E8020020B403002000200B4098
:1040F0000400FA0500ED00E0F0B583B0002331A222
:1041000031A10320FFF752FD01216846017105210D
:10411000C180022101720122CC0221461046EEF735
:1041200039FD2D4E002221463046F4F7C1F9002218
:1041300021463046F4F7E8F9012221463046F4F7EB
:10414000DBF901210C20EEF70FFD0C2000906846F2
:10415000F3F72EFB01210C20F3F73AFB1F4D40240F
:104160002C600122570339461046EEF713FD00225A
:1041700039463046F4F79CF9002239463046F4F7C8
:10418000C3F9012239463046F4F7B6F901210D2072
:10419000EEF7EAFC0D2000906846F3F709FB0121D9
:1041A0000D20F3F715FB2C600D4900204870C870F6
:1041B0000C494871087188710B480880488003B029
:1041C000F0BD000030310000C6F4B6AFB0B4BCFCA6
:1041D000BFD8D6C6C6F7000000200B4000E100E0C3
:1041E0002400002028000020FFFF0000F8B50C206C
:1041F000F3F7D2FA002401250D4E0E4F002808D007
:104200000C20F3F7C1FA757000210C20F3F7E0FAE7
:104210003C800D20F3F7C0FA002808D00D20F3F7FA
:10422000B3FAF57000210D20F3F7D2FA7C80F8BDC7
:104230002400002028000020F8B5414DFF276878B1
:10424000E13701263F4C002828D0042001F056F821
:104250003D48310307802088400020803B48F4F728
:1042600064F9012820880BD0B043208081B23848FF
:10427000814213D100206870A179002902D005E0A5
:10428000401CF2E72179002900D1A67120710C2091
:10429000F3F77AFA01210C20F3F79AFAE87800286C
:1042A0002BD0042001F02AF82748012107806088DC
:1042B0004903400060802548F4F737F901286088F9
:1042C0000CD040084000608081B22148814214D166
:1042D0000020E870A179002902D006E0401CF2E736
:1042E0006179002901D10221A17160710D20F3F7DC
:1042F0004BFA01210D20F3F76BFA29780B200A29DC
:1043000007D0A9780A2913D166716978002912D0DB
:1043100013E02671EA78002A0BD0AA78891A0029BE
:1043200003DC0A325142032901DA0521A171287008
:10433000F8BD0321FAE70421A171A870F8BD0000BF
:1043400024000020280000200600002000200B4050
:10435000FFFF00000F490020085E002801DD401E1D
:1043600008800D4800224178002905D001780A29EB
:1043700003D2491C017000E002700748C178801C1C
:10438000002905D001780A2901D2491C0170704723
:10439000027070470600002024000020002840D052
:1043A000F8B5204E0546B06800274169002900D1C4
:1043B000B770006B002800D08047E86A002800D062
:1043C00080472878022822D1E86800281FD0A968F1
:1043D0000024200102460C328A5C002A08D11C30DD
:1043E000085C002801D0641C02E0A41C402CF0DB17
:1043F000641E0CD4E868804701462001AA68083092
:104400001058814201D1B47001E0641EF2D5002140
:104410005023A02208460097F7F7A4FEB560377135
:10442000F8BD70473C00002004480549007E087034
:10443000002802D00349002008707047A80200201D
:1044400076010020470100200949CA6FC2678A6FC0
:1044500082678A6B8263CA6BC263096C0164054917
:104460000A7B2C210A5404496030097D017570478C
:10447000A8020020C802002008030020F0B53D4833
:10448000002700783C4E3D4C83B000281ED1F4F745
:1044900079F800281AD1B079002817D03848006878
:1044A000807D002812D001A8F4F7D2FD002831D079
:1044B00068460079002804D005280ED0062805D1CA
:1044C0000BE0A079012804D0401EA071A0206071EB
:1044D0000BE001270020E071F7E76079002808D0A1
:1044E000401E0006000E607103D00025002F02D090
:1044F00004E00125FAE72079A8420BD0E0790127F2
:10450000002809D001282DD0022803D12571002DC3
:1045100000D1A77103B0F0BD002D04D00020694682
:10452000087048700FE0307A002800D001206946FA
:104530000870707A002800D001204870B07A0028F6
:1045400001D0012000E0002088700846F6F71EFD2B
:104550000028DFD02571002DDCD03120A071E7715B
:1045600003B0F0BD2571002DFAD00220E07103B038
:10457000F0BD00003C010020C80200205C000020CB
:104580002000002070B51D481D4E00781D4C0028ED
:104590000FD0B068F5F7F2F805461B480078002800
:1045A00006D16078A84204D0FDF7ACFE002800D008
:1045B00065703078154D00281ED0686CEDF770F8E6
:1045C000716801F079FF01D201200AE0686CEDF713
:1045D00067F80F4902F02AF8716801F0EFFF01D285
:1045E0000020A070E078A178884205D0FDF78AFE0F
:1045F000002801D0A078E07070BD00007501002097
:10460000880100205C0000201F010020A80200207B
:104610000000204103490878002801D0401E08709E
:104620007047000000000020F0B43A481027C7602F
:10463000394D012028603948016B40242143016332
:1046400037498A68272AFCD14A68364B920503D439
:104650004B604A689205FBD54A6896050022002EF9
:1046600003DA4A604E68B605FBD42A60416A032526
:10467000AD02A943416241680125ED022943416031
:104680008168C908C907FBD04168C908C900C91CAD
:104690004160416B4907490F0329FAD122490D684E
:1046A000ED08ED006D1C0D60026245689D4345609C
:1046B00006688D152E430660066BA64306630468E4
:1046C0002C43046003242406846144681C43446032
:1046D00083685B08DB07FBD00B68DB08DB009B1CF7
:1046E0000B6002624268D208D200521C4260426BE8
:1046F0005207520F012AFAD10A683A430A600A683F
:1047000001231B031A430A6041689A1091434160D8
:10471000F0BC7047008108400083084000800840DA
:1047200000A10640000200000002084070B51F4CC6
:10473000002520780526042811D201007944097942
:1047400049188F440C010D160420F6F759FC002877
:1047500003D032206070022009E02670A57070BD81
:104760006078002802D0401E607070BD0320207069
:1047700070BDF4F7BBFB0E480078002801D0042080
:104780000AE00C480078002801D0012004E0F1F78D
:104790004FFC002800D00320F6F732FC002803D09D
:1047A00004202070A57070BD2670FBE72C0100204E
:1047B0005E0000201F010020C943C167BFF34F8F77
:1047C00070470029016902D00122114301E0490824
:1047D000490001617047C06F084000D00120704758
:1047E000002A426F01D00A4300E08A4342677047C3
:1047F00010B402460B88803293604B885360036884
:1048000003242404A3430360036801242406A34370
:10481000036003688C6823430360044B984201D112
:104820000B79D3608989816710BC704700C0024052
:1048300010B50248F6F7B2FE10BD0000E0D5010049
:1048400010B504460848002900D080218022F8F7DE
:1048500073FF002807D0032304A205A12046FFF719
:10486000A5F9FDF76BFC10BDA8020020453800003B
:10487000B4E6B4A2C6F7B6C1C8A1D2ECB3A3000097
:10488000F0B5164C0746A1B02046F1F77BFC144E5C
:10489000054631786846002900D080218022F8F74B
:1048A0004BFF00280FD16846F1F76CFC256030788B
:1048B000002801D0802100E0002180222046F8F766
:1048C000A1FF002807D0032306A207A13846FFF75F
:1048D0006DF9FDF733FC21B0F0BD0000A802002007
:1048E0007401002045390000B4E6B4A2C6F7D0B484
:1048F000C8EBD2ECB3A3000070B50B4CA079042830
:104900000FD10A4800250178042901D0052907D1D3
:10491000057007480078002804D00648FFF73EFDE0
:10492000A57170BD0448F9E7280000202C01002083
:104930004C00002004CE010098D30100F0B52F4EAA
:1049400083B0B07800282CD1FBF7ECFF307800243E
:104950000C272B4D042826D00528009539D0294B4B
:1049600029A2202112200194F7F7A2FF254B29A2AA
:1049700020214620019700950294F8F703FA214B75
:1049800026A22021722000950194F7F791FF1D4B7C
:1049900024A22F212E2000950194F7F789FF0120F2
:1049A000B07003B0F0BD01973F277F0100950294DE
:1049B0003B4618A21A211820F8F7E4F93B461CA23E
:1049C0001A21432000950194F7F772FFFFF712FABE
:1049D000E5E701971F27FF0202943B460DA21A212B
:1049E0001320F8F7CFF93B4614A21A213F20009577
:1049F0000194F7F75DFFFFF7FDF9D0E72C010020E8
:104A000010840000FFFF0000D5FDD4DAD6D8D6C34D
:104A100000000000547970652D430000C1B4C2B796
:104A200000000000C7EBC9D4BAF3A1ADA1AD0000EE
:104A3000C1B4C2B7D2D1D6D8D6C30000C1B4C2B7B0
:104A4000D6D8D6C3CAA7B0DC0000000010B5024813
:104A5000FFF7A4FC10BD0000B4E30100F0B587B07F
:104A600000246846864F04737D78012D56D00022BD
:104A70008448854B46788549964208D04270002A82
:104A800005D006228A5E9A4201DA521CCA80022DA3
:104A900046D000228578954208D08270002A05D041
:104AA00004228A5E9A4201DA521C8A803A78022AEB
:104AB00038D000220578954208D00270002A05D02F
:104AC0000820085E984201DA401C088103A8F4F728
:104AD000BFFA6846007BF5F72FFD024601216C4EB8
:104AE0006C48002A07D06C4D6C4BEA68009252006B
:104AF00052089A4218DA082232700460446068460C
:104B0000007B7278104307D171706548F1F792FB12
:104B10006349C86400F0E0FA07B0F0BD0122A7E7DE
:104B20000122B7E70122C5E73778002F10D05D4A90
:104B300004461170A968006801F078FC2060606884
:104B4000009901F073FC7F1E6060377007B0F0BD04
:104B50004F4B00220121524C5A7021724D4E0F1FB3
:104B600039463068ECF7A8FD306039467068ECF7DC
:104B7000A3FD70604C4F4D483968006801F0C6FCD9
:104B8000460076083146E06B01F018FD00D2E66B76
:104B9000E6633868460076083146206C01F00EFD69
:104BA00000D2266C68462664077B072F1AD0A069BE
:104BB000401CA0613E480678002E02D06069401C6F
:104BC000606134483B494068029040004008ECF77F
:104BD0006DFC0090072F09D0E069009901F026FCD8
:104BE000E06108E0606A401C6062E3E7E06A009907
:104BF00001F01CFCE062002E04D1A06A009901F0D3
:104C000015FCA062234E0299306801F07FFC400041
:104C100040082849ECF74AFC072F0FD0226A0146CA
:104C2000104601F003FC2062287800280DD0696846
:104C3000606B01F0C3FC0BD2606B0AE0226B014693
:104C4000104601F0F3FB2063EEE71B48606301E0D0
:104C5000686860637068A16B4000400801F0AEFCBA
:104C600003D2706840004008A06309480821017021
:104C700000203060706011490120087007B0F0BD5D
:104C8000B90000207A010020204E0000B40300206B
:104C9000780100208001002088010020CDCC4C3D0F
:104CA00074030020AE000020C0000020BC000020E3
:104CB00074000020000061450000C8C2F60000201A
:104CC00010B50248FFF76AFB10BD00001CE40100AC
:104CD000F8B56846F4F7BCF9F4F7B8FA01223049A0
:104CE00000280FD06846007800280DD000200870FA
:104CF0002C4803780020002B0ED02B4CA47A002CDB
:104D00000AD103E00A70F3E70120F0E76C4624784B
:104D1000002C13D0072C11D04870244D244C2E7C2D
:104D2000002E1BD0234E767E002E17D02678002E24
:104D300006D0214E3678002E04D101E04A70ECE70F
:104D4000002B0BD08A706D7C002D09D0002B07D072
:104D5000CA702378002B05D0087109E08870F2E74B
:104D6000C870F6E7154B1B7B002B12D000230B718C
:104D7000134B144C9B68A3420DDB0B78002B0AD01D
:104D80004A716B461B78002B07D0072B05D08A7120
:104D9000F8BD0123EBE74871F3E78871F8BD000027
:104DA000CC00002076010020B4030020C8020020BF
:104DB00075010020A80200205D000020E80200200C
:104DC000880100209A99214170B502461D4800686B
:104DD000807D002834D01C484179C079002909D051
:104DE0001A490B78002B1BD04968194B994203DAFA
:104DF000052416E0044614E0164B994201DA042417
:104E00000FE0154B994201DA03240AE0134B994253
:104E100001DA022405E0124B994201DA012400E094
:104E20000024A04200D204460E4D002A02D1E87AA6
:104E3000A04205D02046F6F7B7FA002801D0EC7260
:104E4000012070BD20000020C80200208801002041
:104E5000000028420000344200004042000050425E
:104E600000005C425C00002010B50248F6F796FB9B
:104E700010BD000088DC010010B50248F6F78EFB7B
:104E800010BD00008CD1010010B50248FAF7F4F90A
:104E900010BD00000001002010B50248FAF7ECF93F
:104EA00010BD00005401002010B50248FAF7E4F9E3
:104EB00010BD00000C01002010B50248FAF7DCF923
:104EC00010BD00006001002010B50248FFF766FA2F
:104ED00010BD000014D2010010B50248FFF75EFAC1
:104EE00010BD0000E0D10100012205491204002894
:104EF000486801D0104300E09043486070470000CC
:104F00000080064010B50020102201230146FAF768
:104F10007BFF10BD0349002801D0034800E003488F
:104F2000086170470080064035CA0000CA3500009D
:104F30000122054952030028486801D0104300E0CF
:104F400090434860704700000080064002490148D5
:104F5000086070470100A05F0080064003498A682E
:104F600007231B031A4002438A60704700800640F3
:104F700003498A681205120D02438A6070470000D7
:104F80000080064003494A680F231B031A4002436E
:104F90004A607047008006400249012800D0002086
:104FA000886170470080064010B5FFF7ABFFFAF745
:104FB0003FFF0020FFF7F0FF03204003FFF7D8FF7B
:104FC0007D20C000FFF7DEFF0748FFF7C7FFFFF7B0
:104FD000BDFF0120FFF7ACFF0120FFF785FF012097
:104FE000FFF798FF10BD0000F2030000F0B58BB092
:104FF0000E460446F0F78EFFFF2705460137684648
:1050000028223946F8F798FB002813D1002E02D148
:105010000998A84211D00FCC6E460FC60FCC0FC610
:10502000206808902822394609956846F8F7EAFB77
:10503000002802D000200BB0F0BD01200BB0F0BD65
:10504000F0B5A1B00E460746F1F79CF8144D0446A2
:1050500029786846002900D080218022F8F76CFB6F
:10506000002816D16846F1F78DF8002E04D100997A
:10507000A14201D181420FD03C602878002801D0A4
:10508000802100E0002180223846F8F7BBFB002891
:1050900002D0002021B0F0BD012021B0F0BD000001
:1050A0007401002010B50B210822C9010848F8F747
:1050B000A9FB002807D1FF21082229310548F8F76C
:1050C000A1FB002801D0002010BD012010BD000070
:1050D000DCE70100D4E7010010B505480449006D84
:1050E000C96C884200D110BDF3F75EF900BFFAE742
:1050F00074030020F8B5040C8BB2264682B25E43DE
:10510000104658430D0C370C360400218019164602
:1051100079416E43370C36048019264679416E4337
:105120008919F8BDC9B2017041708170C1700171F7
:1051300041718171C17170474900CA020243100078
:1051400000D004204A0D01D001221043044A490D29
:10515000914201D102210843012800D10520704766
:10516000FF070000F8B504464F1EC8000838211894
:1051700015461E46086849683A4606239A4310D0E9
:105180002A463346ECF744F83A46D200083AA318C8
:105190001A687F1E5B68EBF797FD06223B46934338
:1051A000EED1022F23D0042F11D0062F2FD12A4663
:1051B0003346ECF72DF8E36AA26AEBF785FD2A4641
:1051C0003346ECF725F8636A226AEBF77DFD2A4641
:1051D0003346ECF71DF8E369A269EBF775FD2A4643
:1051E0003346ECF715F863692269EBF76DFD2A4643
:1051F0003346ECF70DF8E368A268EBF765FD2A4645
:105200003346ECF705F863682268EBF75DFDF8BDFF
:10521000002210B5134610460149EBF785FD10BD7D
:105220000000F03F10B50122ECF770FD10BD10B585
:10523000EBF74AFD10BD002210B51346104611468B
:10524000EBF772FD10BD000010B50721024A0020E7
:105250000907ECF75BFD10BD01030000034A10B520
:1052600000201107ECF752FD10BD000001FDFFFF0B
:1052700030380A2801D20120704700207047000012
:1052800010B504460F4810494861002088610F4955
:105290000C700120FCF7D2FE0B4800690121084385
:1052A0000949086100BF094800780028FBD1FCF7D4
:1052B000C5FE054800694008400003490861002018
:1052C000886110BD808D5B0000E000E000000020E0
:1052D00010B50420C043FCF793FE0020FCF7AEFE9F
:1052E0000120C043FCF798FE0020FCF795FE00204B
:1052F0000149087010BD0000000000200146104A5E
:105300004A43104B5A6100229A611A4612690123DE
:105310001A430C4B1A6100BF0A4A1069C207D20F28
:10532000002A04D0012212040240002AF4D0054AC7
:10533000126952085200034B1A6100229A617047A9
:105340007017000000E000E0014672B606224A43F2
:105350000F4B5A6100229A611A46126901231A43BF
:105360000B4B1A6100BF0A4A1069C207D20F002A0C
:1053700004D0012212040240002AF4D0044A126927
:1053800052085200024B1A6100229A6162B67047BD
:1053900000E000E070B50546ECF738F90446ECF79C
:1053A0007FF9294601F036F9044901F0AFF80449C4
:1053B000884201DB601C70BD204670BD00002041AA
:1053C0000000A040F0B5C54A00248FB091420ADA2F
:1053D0004B005B08934206D801254A006D05EA425E
:1053E00005D1002803D0FFF71DFF0FB0F0BD012548
:1053F0002D05A94219DA034308D0002910DA01204B
:10540000ECF781F9FFF717FF0FB0F0BD0220ECF7C2
:105410007AF9FFF7FDFE0122D20751400FB0F0BD2F
:105420003524E4433622ECF771FC0A15AC4B121913
:10543000D4180A03120BAB49AB4B56182E40314619
:10544000594011430192321512190B920022EBF7C9
:1054500048FC019A0446921C1003A44E000B0D4612
:105460007E44032860D220467368326800F046FF0D
:105470001CD10B98002815D0EBF7BFFE04460E4652
:105480009B4A9C4BEBF7C4FE0D4607469A4A9B4B42
:1054900020463146EBF7BCFE3A462B46EBF714FCB0
:1054A0000FB0F0BD716830680FB0F0BD944A954BF5
:1054B00020462946EBF7ACFE0022934BEBF71CFC91
:1054C00006460F4622462B4610461946EBF7A0FE2D
:1054D00032463B46EBF79CFE06460B980F460028EB
:1054E0001DD0EBF78AFE824A824B05910490EBF7C0
:1054F0008FFE32463B46EBF7FFFB22462B46EBF78F
:10550000F0FB04460D467C4A7C4B05990498EBF76A
:105510007FFE22462B46EBF7E4FB0FB0F0BD0B46B7
:10552000324620462946C4E0012300229B0720463C
:10553000EBF7CAFB02460B4620462946EBF7F4FB85
:1055400006460F460B98EBF758FE32463B46059150
:10555000049010461946EBF75BFE09910C906B49DD
:105560000198099B421800920C9A19461046EBF7D5
:105570004FFE024607910A90654901980B1A65484B
:10558000019303217844079BFFF7ECFD079B0A9AE0
:10559000EBF73EFE0E905F480D9104217844079B87
:1055A0000A9AFFF7DFFD099B0C9AEBF731FE019B8E
:1055B000009A1A4300920D9B0E9AEBF785FB009A16
:1055C00001910C90002A4DDD0022D243204629464D
:1055D000ECF79CFB22462B46EBF71AFE00910A9053
:1055E0000B9800282BD0424A424B05990498EBF7C0
:1055F0000FFE07910E90019B0C9A00990A98EBF709
:1056000063FB32463B46EBF703FE079B0E9AEBF734
:105610005BFB009B0A9AEBF76FFB22462B46EBF7EE
:1056200060FB04460D46344A344B05990498EBF769
:10563000EFFD22462B46EBF754FB0FB0F0BD019B6C
:105640000C9A0A98EBF740FB32463B46EBF7E0FD3D
:10565000009B0A9AEBF750FB22462B46EBF74CFBDC
:105660000FB0F0BD0B98002827D0214A214B059997
:105670000498EBF7CDFD0791009020462946019B49
:105680000C9AEBF72EFB32463B46EBF7C1FD079B2E
:10569000009AEBF726FB22462B46EBF722FB04464B
:1056A0000D46154A154B05990498EBF7B1FD2246B6
:1056B0002B46EBF716FB0FB0F0BD0B4620462946F4
:1056C0000C9AEBF70EFB32463B46EBF7A1FD224668
:1056D0002B46EBF711FB0FB0F0BD00000000F07F90
:1056E00001FCFFFF645F09000000F03F3C950000F3
:1056F000763C7935EF39EA3D0000E0FE422EE63F88
:10570000555555555555D53F0000E03F86EBF9FFFF
:1057100051B806005893000082B000244E494F480B
:105720004F4A0123EFF7F6FB0020FCF767FDFFF778
:10573000CFFDF9F783FFF6F769FDF6F7EDFDF9F711
:105740003DFF80214748F2F7B1FEF2F765F8FEF71A
:10575000D3FCF6F7DDF9F6F7B5FAFCF7E5FAF4F75E
:10576000F5FDF7F719FDF1F707F8F0F705FEF9F782
:10577000CBFCEFF77BFAFBF70DFEEEF765FCF4F7D9
:105780005DF8F2F72BFFFAF747FAF2F7ADFAEDF70B
:10579000DBFAFAF7EDFA0246022333A16420FEF7A2
:1057A00005FA354DA87A002811D09620FFF7A6FDFE
:1057B00000215023A02208460094F6F7D3FC287B52
:1057C000022807D0687A002808D02C4807E0FF207C
:1057D0009130EBE72A48FEF7E1FD02E02948FEF7A9
:1057E000DDFD294D2C70FFF7DFFBEDF74FF8FEF7DD
:1057F00023FDEFF775FCF9F773FFFEF7C3FEF8F72B
:10580000C5FE28780028F0D0FFF7A0FBEEF7DAFFFE
:10581000EFF794FAFEF79EFDF1F736FFFFF758FA1F
:10582000F5F72EFCEFF7AAFBFFF718F9FEF726FEB7
:10583000F9F7BEF9F1F7AAFAF2F79AFEEDF73CFE96
:10584000F4F786FEEDF7CEFBF6F724F9FEF76EFFD0
:10585000EEF746FC2C70C8E710C0000010000700EF
:105860005000000100400B40CFB5CDB3B3F5CABC2A
:10587000BBAFCDEAB3C90000E802002018D901008F
:105880001CCF01009CC9010001000020F0B51FB42D
:1058900096B084460C460246199D1898039049001C
:1058A00068006300490840080193002A01D00126DE
:1058B00000E000269E19FE4BF6185B109E422BD38B
:1058C0006E00039F0296002F00D00127F719F84EB3
:1058D000F84BBE199E421FD3039E0346F64F334337
:1058E00009D03B469C4201D1002A04D0019B002AEA
:1058F00005D0012604E0002039461BB0F0BD00268B
:105900009E19EE4B9E4207D8039F029E002F00D0A7
:105910000127F6199E4207D92B4660462146189A60
:10592000FFF785FC1BB0F0BD0023002C29DAE44E04
:10593000B04226DAE34EB04201DB022321E0DE4E24
:10594000B0421EDBE04E070DBE19142E09DD3427D0
:10595000BF1B039EFE400196BE40039FBE420BD07C
:105960000FE0039F002F0CD11427BF1B0646FE40FB
:105970000196BE40864204D1019BDE07F60F02234A
:105980009B1B0E46164318D1002D16DA002C03D0AF
:10599000022B01D0012B06D00220EBF7B4FEFFF75B
:1059A00037FC1BB0F0BD0220EBF7ADFEFFF730FC7B
:1059B0000122D20751401BB0F0BD039E002E61D1E1
:1059C000BF4EB04220D1C148844201D1002A08D044
:1059D000B948814209DB002D10DB189829461BB01D
:1059E000F0BD0020B4491BB0F0BD002D06DA012245
:1059F0002946D207189851401BB0F0BDB4497944EC
:105A0000086849681BB0F0BDAB4FB84225D1002DE6
:105A10001FDA002904D0B14212D1002A09D018E0BF
:105A2000002A72D1A649E20F0020D20711431BB011
:105A3000F0BD0020E20F0146D20711431BB0F0BDBC
:105A4000B14206DA234600203946EBF76DF91BB068
:105A5000F0BD104621461BB0F0BDB14212DA01265E
:105A6000B607B54203D1234610461946FEE3994EC8
:105A7000B54207D1261E05DB1046314600F004FC76
:105A80001BB0F0BD67007F081646002A40D10029F0
:105A90000AD08B4A914229D1002C0EDD002D1CDB4F
:105AA000002011461BB0F0BD022B16D0002C14D0E4
:105AB000012B12D1002C14DB0FE0002C28DA002D72
:105AC00009DB012B03D000207D491BB0F0BD002075
:105AD00081491BB0F0BD012B03D0002001461BB053
:105AE000F0BD00200121C9071BB0F0BD724A9142F0
:105AF0000ED1002C01DA002B17D0022B06D000208B
:105B0000C043EBF77AFB1BB0F0BD90E20120F8E751
:105B1000E217521C94461A4307D000220892664CA2
:105B200062465B1E1A4307D009E00120EBF7EBFD4C
:105B3000FFF781FB1BB0F0BD0022644C0892674A5E
:105B400090427DDD664B674A98421FDD914202DC40
:105B5000002D05DB4DE05848814217DB002D48DD64
:105B60000220EBF7D0FDFFF76FFB05460E46002243
:105B7000534B21460898EBF74BFB08467100490848
:105B8000C00FC007014328461BB0F0BD914215DA93
:105B9000002D2EDA0220EBF7B6FDFFF755FB054688
:105BA0000E460022464B21460898EBF731FB720067
:105BB0005208C80FC0070243114617E03E4B9942F6
:105BC00023DD002D15DD0220EBF79DFDFFF73CFBEB
:105BD00005460E4600223A4B21460898EBF718FB83
:105BE000084671004908C00FC007014328461BB092
:105BF000F0BD0220EBF787FDFFF730FB49004908B5
:105C0000E20FD20711431BB0F0BD002230463946E7
:105C1000EBF767F8012205460E46D243ECF776F81B
:105C2000314A324BEBF768F82A463346EBF7F0FA85
:105C30000022284BEBF760F807462A46334600E07F
:105C400064E0039110461946EBF7E2FA3A46039BEB
:105C5000EBF7DEFA0746032209915207244B284648
:105C60003146EBF7D5FA07910C90224A204B384683
:105C70000999EBF7CDFA074601911F4A1F4B2846B9
:105C80003146EBF7C5FA3A46019BEBF72AF807468F
:105C90000B460246099107990C98EBF715F8002579
:105CA0000E462846079B0C9AEBF71BF83A4627E06E
:105CB000FFFF1F00FFFF0F000000F03F0000E0FFAC
:105CC0000000F07F0000404301FCFFFF0000F0BF38
:105CD0009E8F00000000E03F0000F0FF0000E04168
:105CE0000000F043FFFFEF3F555555555555D53F43
:105CF0004715F73FFE822B6544DF5DF80BAE543E3F
:105D0000099BEAF7F9FF02460B4652E10125002004
:105D10002D05A94207DA352230463946EBF7F6FF62
:105D200006463420C0430A151218FE481018039086
:105D30000803FD49000B01430F46FC49884201DC82
:105D4000002003E0FA49884202DA0120119005E0C0
:105D5000002011900398401C7F1B03901198059719
:105D6000C200F4480F9278448018436802683946AC
:105D700030460D930292EAF7B4FF07910C9030463B
:105D80000D9B029A0599EAF79FFF02460B460020F9
:105D9000E549EAF7C9FF09910490079B0C9AEBF7D4
:105DA00037FA129000201090E3480D4678440068BE
:105DB0000E90012178104907084311990D9B890421
:105DC00040180121C90447183946029A0E98EAF78B
:105DD00088FF3246059BEAF78FFF02460B462946AD
:105DE0001098EBF715FA064602913B4629460E9AA3
:105DF0001098EBF70DFA079B0C9AEAF77DFF3246F5
:105E0000029BEAF76EFF099B049AEBF701FA0591F2
:105E1000129A0A902B4610461946EBF7F9F90646F6
:105E20000246C6480F460B4606217844FFF79AF90A
:105E300032463B460091049010461946EBF7E8F9CC
:105E4000009B049AEBF7E4F906460F462B461946E9
:105E5000129A1098EAF738FF059B0A9AEBF7D8F9DF
:105E600032463B46EAF730FF109A079104902B46E2
:105E700010461946EBF7CCF9B14E00223346099192
:105E80000290EAF721FF079B049AEAF71DFF002022
:105E90000746024633460091EAF723FF099B029A20
:105EA000EAF71FFF079B049AEAF726FF06460D91C3
:105EB0003A462946009B1098EBF7AAF907910C90F7
:105EC0002B463046129A0D99EBF7A2F905460E467D
:105ED0003A46009B05990A98EBF79AF933462A4609
:105EE000EAF7F2FE02460B460746099107990C981D
:105EF000EAF7EAFE00250E462846079B0C9AEAF7C9
:105F0000F0FE3A46099BEAF7F7FE07460722099199
:105F100052078C4B31462846EBF77AF907910090EF
:105F2000894A884B38460999EBF772F9074601917F
:105F3000864A874B31462846EBF76AF93A46019B79
:105F4000EAF7C2FE834B7B440F9A9B181A685B6882
:105F5000EAF7BAFE029009910398EBF74EF9059122
:105F60000490099B029A07990098EAF7ADFE7A4BD4
:105F70007B440F9A9B181A685B6817460393EAF7ED
:105F8000A3FE059B049AEAF79FFE0E462846059B52
:105F9000049AEAF7A6FE3A46039BEAF7A2FE079B9D
:105FA000009AEAF79EFE099B029AEAF7A5FE0246CE
:105FB0000B46199900200C900F461898EBF728F91A
:105FC000029104903B460C9A19991898EAF789FEB9
:105FD0002A463346EBF71CF9029B049AEAF774FE53
:105FE00009910E902A46334639460C98EBF710F982
:105FF00006460F46099B0E9AEAF766FE574A0D467B
:10600000914220DB5242AA18024310D132463B464D
:10601000EAF767FE04900391514A524B09990E9892
:10602000EAF752FE039B049A00F0CCF91ED202203C
:10603000EBF769FBFFF708F949004908E20FD207BF
:1060400011431BB0F0BD6A00474B52089A420DD372
:10605000464AAA18024300D0CBE532463B46EAF74F
:1060600040FE099B0E9A00F0ADF9F5D968000023B7
:1060700040082C490393020D3D4B5218984223DDF2
:1060800001200005521CD04042195000400D40181C
:1060900038497944096813468C463749C1408B43D7
:1060A00012030121120B090551181422101AC140C4
:1060B0000391002D01DA484203906246304639468A
:1060C000EAF70FFE06460F4632463B4609990E9800
:1060D000EAF7FAFD00252A46284B28460591EBF7FA
:1060E00097F807910C90264A264B28460599EBF71E
:1060F0008FF80091029032463B4628460599EAF710
:10610000F0FD099B0E9AEAF7F7FD1F4A1F4BEBF7CC
:106110007FF8009B029AEAF7D7FD07460B46024636
:10612000099135E001FCFFFF0000F03F8E9803006D
:106130007AB60B00AE8B0000F08B00001A8B0000CB
:106140000000084009C7EE3FFD033ADCF5015B148F
:10615000E02F3EBEEE890000B489000000009040B0
:10616000FE822B654715973C00CC904000346F3F72
:106170000000E03F0A890000FFFF0F00432EE63FCA
:10618000396CA80C615C20BEEF39FAFE422EE63F66
:1061900007990C98EAF798FD05460E46079B0C9A5E
:1061A000EAF79FFD3A46099BEAF7A6FD09912A46C0
:1061B00033460E9010461946EBF72AF8074602467A
:1061C0002F480B46059105217844FEF7CBFF3A4650
:1061D000059BEBF71DF82A463346EAF78DFD074687
:1061E000019128463146099B0E9AEBF711F8099B5D
:1061F0000E9AEAF769FD012304910C9000229B0797
:1062000038460199EAF76DFD05910E903A46284609
:106210003146019BEAF7FCFF059B0E9AEAF784FDE5
:10622000049B0C9AEAF75DFD2A463346EAF759FDCE
:106230000022144BEAF760FD064603980D46000560
:1062400041190915002912DC30462946039AEBF75B
:106250005DFDFEF771FF042801D1FEF7FFFF304618
:106260002946039AEBF752FD064601E004E029189F
:106270000B46324621460898EAF7CAFF1BB0F0BD2C
:10628000AC8700000000F03FF8B506460C46ECF77E
:1062900077F9051E0F4600D00120014349000B4845
:1062A0004908411AC90F0DD0002E01D0012100E08C
:1062B00000210C4361004908401AC00F02D101209F
:1062C000EBF721FA28463946F8BD00000000F07FC0
:1062D00010B500290AD00878002807D0054878446E
:1062E000ECF702FA002801D0002010BD02487844E3
:1062F00010BD0000169200000E92000070B501253E
:106300000C002D051C4310D4EC4206D4AC420AD438
:10631000994200D070BD904270BDE94217D4EB4263
:1063200015D4994270BD894270BDEC4206D5AC428D
:10633000F9D58B4200D070BD824270BD6D004C001B
:10634000EC4204D25C00EC4201D28B4270BD034CA3
:1063500030B4EBF793FC30BC70BD00BF19001204E1
:1063600070B501250C002D051C4310D4EC4206D459
:10637000AC420AD4994200D070BD904270BDE9424F
:1063800017D4EB4215D4994270BD894270BDEC42DE
:1063900006D5AC42F9D58B4200D070BD824270BDAB
:1063A0006D004C00EC4204D25C00EC4201D28B4206
:1063B00070BD034C30B4EBF761FC30BC70BD00BF66
:1063C0001900160470B501251C002D050C4310D4CE
:1063D000EC4206D4AC420AD48B4200D070BD82425B
:1063E00070BDEB4217D4E94215D48B4270BD9B427D
:1063F00070BDEC4206D5AC42F9D5994200D070BDD3
:10640000904270BD6D005C00EC4204D24C00EC4246
:1064100001D2994270BD0FB4034C0CBC03BC30B424
:10642000EBF72CFC30BC70BD1900160470B50125CB
:106430000400ED074C4020D4441A01D2001B091976
:10644000C60D4B00F2B2FF2A29D01B0E2CD0000241
:106450000C02D31A2C43DC402843051910D2280A19
:1064600002D3401C6D0611D0761EF6058019FF2A56
:1064700000DA70BDC00DC00570BD694000F0DCF8E9
:1064800001200543C541521C761CE8E764089C4086
:10649000C90161408900E7D10124A043E4E71B0E54
:1064A000440200D0034870BD002AFCD1C00FC007D1
:1064B00070BD00BF0000C07F01230200DB050A435E
:1064C0000DD4DA4203D49A4207D488427047D842A6
:1064D00014D4D94212D48842704780427047DA42BD
:1064E00003D59A42F9D5814270475B004200DA42F7
:1064F00004D24A00DA4201D28142704710B5024A02
:10650000EBF734FC10BD00BF0900160470B5420063
:1065100064414B005C41120E39D01B0E38D0FF2A6B
:106520003CD0FF2B3AD040024902400A490A0600FB
:1065300045184E43000A090AD2184843ED017F3A34
:106540000104731A4019190C4318990F04D0012142
:106550005B0849075B1A521CD80904D3401CF50399
:1065600001D19D0607D0FF2A08D2D50506D0E40741
:106570002043401970BD0125A843F4E7002A01DC3F
:10658000E00770BD2402FF202043C00570BD1B0E34
:10659000FF2A03D0FF2B01D0E00770BDFF26450086
:1065A0003606B54206D84D00B54203D8D218FF2AA8
:1065B00000D0E7E7004870BD0000C07F01230A005B
:1065C000DB0502430DD4DA4203D49A4207D4814258
:1065D0007047D94214D4D84212D4814270478942BC
:1065E0007047DA4203D59A42F9D5884270475B007A
:1065F0004A00DA4204D24200DA4201D288427047AD
:106600004840414010B5024A4840EBF7AFFB10BD8F
:106610000900160470B50125ED07684004004C40E0
:1066200002D5694000F008F8FFF706FF70B50125B4
:106630000400ED074C4022D4441A02D26C40001BE7
:106640000919C60D4B00F2B2FF2A4BD01B0E50D0D9
:1066500000020C02D31A2C43DC40A843051B05D5CD
:10666000AD0019D36D08761E521E37D0F605280AE4
:1066700001D2801970BD70416D0603D070BD6940B4
:10668000FFF7DAFE9C4009026140490001D0401E3C
:1066900070BD0124A04370BD6D081DD001202B0CDE
:1066A00001D12D0410302B0E01D12D0208302B0FFB
:1066B00001D12D01001DAB0F01D1AD00801CEB0FEE
:1066C00001D16D00401C6D00361A121A680AF505DA
:1066D0004019012A02DB70BD002070BDC036300AAF
:1066E000C00770BD1B0E440201D1FF2B00D1024830
:1066F00070BD002AF0D070BD0000C07F03B4024816
:106700007844844603BC60475FB2FEFFEAA0B00550
:106710003C3C053C3C070E080710070207090F2503
:1067200036000804100A0D08070F070207090F2595
:106730003500090410000000000000000000000007
:106740000000000404040404000004000014140AFF
:1067500000000000000000000000000A0A1F0A0AF2
:106760001F0A0A000000040E1505060C14150E047D
:1067700000000012150D152E2C2A12000000000436
:106780000A0A361515291600000202010000000051
:1067900000000000001008080404040404080810A5
:1067A00000020404080808080804040200000000AD
:1067B00004150E0E150400000000000008083E0835
:1067C00008000000000000000000000000020201BC
:1067D0000000000000003F0000000000000000007A
:1067E0000000000000000200000020101008080453
:1067F000040202010000000E1111111111110E000E
:10680000000000040604040404040E000000000E4E
:106810001111080402011F000000000E11100C10DD
:1068200010110E00000000080C0C0A091F081C00C3
:106830000000001F01010F1110110E000000000CDC
:1068400012010D1311110E000000001E10080804A3
:10685000040404000000000E11110E1111110E00AD
:106860000000000E111119161009060000000000AA
:10687000000400000000040000000000000004000C
:1068800000000404000000100804020204081000C4
:1068900000000000003F003F000000000000000278
:1068A00004081010080402000000000E1111080472
:1068B000040004000000001C22292D2D1D221C00B4
:1068C00000000004040C0A0A1E1233000000000F2E
:1068D00012120E1212120F000000001E110101010F
:1068E00001110E000000000F1212121212120F00FE
:1068F0000000001F120A0E0A02121F000000001FF3
:10690000120A0E0A020207000000001C12010139DF
:1069100011120C000000003312121E12121233006A
:106920000000001F0404040404041F000000003ED3
:10693000080808080808080907000037120A060AAC
:1069400012123700000000070202020202223F007A
:106950000000003B1B1B1B15151535000000003BFC
:106960001216161A1A1217000000000E111111113A
:1069700011110E000000000F12120E020202070099
:106980000000000E1111111117190E180000000F50
:1069900012120E0A121237000000001E1101060822
:1069A00010110F000000001F1504040404040E0061
:1069B000000000331212121212120C0000000033F9
:1069C00012120A0A0C040400000000151515150E19
:1069D0000A0A0A000000001B0A0A04040A0A1B0033
:1069E0000000001B0A0A0A0404040E000000001F35
:1069F0000908040402121F00001C04040404040417
:106A00000404041C00000202040404080808101016
:106A1000000E0808080808080808080E00040A0004
:106A20000000000000000000000000000000000066
:106A3000000000003F020400000000000000000011
:106A40000000000000000C121C123C0000000302B9
:106A500002020E1212120E000000000000001C12B2
:106A600002120C000000181010101C1212123C0030
:106A70000000000000000C121E021C000000182480
:106A800004041E0404041E000000000000003C1268
:106A90000C021C221C00030202020E12121237000A
:106AA000000004040000060404040E0000000808AE
:106AB00000000C08080808080700030202021A0A6E
:106AC000060A1300000007040404040404041F0061
:106AD0000000000000000F15151515000000000053
:106AE00000000F12121237000000000000000C120C
:106AF00012120C000000000000000F1212120E0211
:106B00000700000000001C1212121C1038000000C8
:106B100000001B06020207000000000000001E0229
:106B20000C101E000000000004041E0404041C00DD
:106B30000000000000001B1212123C0000000000C8
:106B400000001B0A0A0404000000000000001515E4
:106B50000E0A0A000000000000001B0A040A1B00C5
:106B60000000000000003312120C080403000000B3
:106B700000001E0804041E000018080808080C087D
:106B8000080808180008080808080808080808087D
:106B9000080604040404080404040406001609009A
:106BA00000000000000000000000000000000000E5
:106BB00000000000000000000000000000000000D5
:106BC00000000000000000000000000000000000C5
:106BD00000000000000000000000000000000000B5
:106BE0000000000000F000F0006000600060006045
:106BF0000060006000600000000000F000F0000095
:106C00000000000000000000000000000000000084
:106C100000000000009E079E070C030C030C0300FD
:106C20000000000000000000000000000000000064
:106C30000000000000000000000000000000000054
:106C40000000000000300730031803FE07FE07189D
:106C50000398018C01FE07FE078C01CC00CE0000DA
:106C600000000000000000000000000000000060C4
:106C7000006000F000FC03FE076E076E007E00FC63
:106C800001F803E00760076E07FE07FC03F00060F1
:106C90000060000000000000000000000000000094
:106CA00000000000001E0C33063303B301B301DE05
:106CB000006000B007D80CD80CCC0CC60F830700BE
:106CC00000000000000000000000000000000000C4
:106CD0000000000000F800FC01DC031C0018003C70
:106CE000007E0EE707C7078703CF07FE077C0E006D
:106CF0000000000000000000000000000000000094
:106D00000000000000F000F0006000600060000083
:106D10000000000000000000000000000000000073
:106D20000000000000000000000000000000000063
:106D3000000003C003E003F00070003800380038A2
:106D40000038003800380038007000F000E003C060
:106D5000030003000000000000000000000000002D
:106D6000000C003C007C00F000E001C001C001C04C
:106D700001C001C001C001C001E000F0007C003C86
:106D8000000C0000000000000000000000000000F7
:106D9000000000000000000000600060006204FECF
:106DA00007FC03F000F8019C030C03000000000046
:106DB00000000000000000000000000000000000D3
:106DC0000000000000000000000000F000F000F0F3
:106DD00000FE07FE07F000F000F0000000000000D9
:106DE00000000000000000000000000000000000A3
:106DF0000000000000000000000000000000000093
:106E00000000000000000000000000F000700070B2
:106E100000700038000000000000000000000000CA
:106E20000000000000000000000000000000000062
:106E300000F801F801000000000000000000000060
:106E40000000000000000000000000000000000042
:106E50000000000000000000000000000000000032
:106E6000000000000000006000F000F00060000082
:106E70000000000000000000000000000000000012
:106E800000000780038003C003C001C001E000E0F0
:106E900000F00070007000380038003C001C001C3E
:106EA000000E0000000000000000000000000000D4
:106EB0000000000000F801FC039E070E070E076E9D
:106EC000076E070E070E070E079E07FC03F801006A
:106ED00000000000000000000000000000000000B2
:106EE0000000000000F000F800FC00EC00E400E00E
:106EF00000E000E000E000E000E000FC07FC07002C
:106F00000000000000000000000000000000000081
:106F10000000000000F801FC039E030E070007803C
:106F200003C003E001F00078001C00FE07FE07002C
:106F30000000000000000000000000000000000051
:106F40000000000000FC03FC038003C0017000F09F
:106F500001F003000700070E079E07FC03F801007D
:106F60000000000000000000000000000000000021
:106F70000000000000C003E001F000700038009C39
:106F8000038E038E03FE03FE038003800380030051
:106F900000000000000000000000000000000000F1
:106FA0000000000000FC03FC030C000C000C00FCC3
:106FB00001FC03800700070E079E07FC03F8010091
:106FC00000000000000000000000000000000000C1
:106FD0000000000000E001F000700038003800FC04
:106FE00001FE030E070E070E079E07FC03F80100C3
:106FF0000000000000000000000000000000000091
:107000000000000000FE07FE070E070E0780038049
:1070100003C001C001E000F00070007800380000FB
:107020000000000000000000000000000000000060
:107030000000000000F801FC039E070E079C03FC03
:1070400003FC039E070E070E079E07FC03F80100D2
:107050000000000000000000000000000000000030
:107060000000000000F801FC039E070E070E070E4B
:1070700007FC07F803C001C001E000F00078000041
:107080000000000000000000000000000000000000
:107090000000000000000000000000F000F000F020
:1070A000000000000000000000F000F000F0000010
:1070B00000000000000000000000000000000000D0
:1070C0000000000000000000000000F000F000F0F0
:1070D0000000000000000000000000F000700070E0
:1070E00000700038000000000000000000000000F8
:1070F00000000000000000000000068007E007FC20
:10710000001E001E00FC00F00380070006000000C7
:10711000000000000000000000000000000000006F
:1071200000000000000000000000000000FC03FC64
:1071300003000000000000FC03FC0300000000004E
:10714000000000000000000000000000000000003F
:1071500000000000000000000006001E007E00F09D
:1071600003C0078007F003FC001E000600000000BB
:10717000000000000000000000000000000000000F
:107180000000000000FC00FC01C00380038003F845
:1071900003F801780030000000000078003800009B
:1071A00000000000000000000000000000000000DF
:1071B0000000000000F801FC071E07060EC60FE7DE
:1071C0000F670E770E770E670EE707C60306001EE1
:1071D00000FC01F0010000000000000000000000C1
:1071E0000000000000F000F000F801F801F801983C
:1071F000019C039C03FC03FE070E070E070F0F0004
:10720000000000000000000000000000000000007E
:107210000000000000FE01FE038E070E070E07FEB1
:1072200003FE038E070E070E078E07FE03FE010006
:10723000000000000000000000000000000000004E
:107240000000000000F001FC039C070E070E000E7A
:10725000000E000E000E000E079C07FC03F001005C
:10726000000000000000000000000000000000001E
:107270000000000000FE01FE038E070E070E070E41
:10728000070E070E070E070E078E07FE03FE01000E
:1072900000000000000000000000000000000000EE
:1072A0000000000000FC07FC071C001C001C00FC88
:1072B00003FC031C001C001C001C00FC07FC070056
:1072C00000000000000000000000000000000000BE
:1072D0000000000000FE07FE070E000E000E000E6C
:1072E00000FE03FE030E000E000E000E000E000056
:1072F000000000000000000000000000000000008E
:107300000000000000F801FC039E070E070E000EAF
:1073100000CE07CE070E070E079E07FC03F80100FC
:10732000000000000000000000000000000000005D
:1073300000000000000E070E070E070E070E07FEE6
:1073400007FE070E070E070E070E070E070E0700B3
:10735000000000000000000000000000000000002D
:107360000000000000FC03FC03F000F000F000F05F
:1073700000F000F000F000F000F000FC03FC03005F
:1073800000000000000000000000000000000000FD
:1073900000000000008003800380038003800380DE
:1073A000038003800380038703CE03FE03F80000FD
:1073B00000000000000000000000000000000000CD
:1073C00000000000000E078E078E03CE03CE01FEE4
:1073D00001FE01CE01CE018E038E030E070E0F00BB
:1073E000000000000000000000000000000000009D
:1073F00000000000001C001C001C001C001C001CE5
:10740000001C001C001C001C001C00FC07FC0700EA
:10741000000000000000000000000000000000006C
:1074200000000000009E079E079E079606F606F6DF
:10743000067E070E070E070E070E070E070E070043
:10744000000000000000000000000000000000003C
:1074500000000000001E071E073E073E073E077E95
:10746000076E07EE07CE07CE07CE078E078E070002
:10747000000000000000000000000000000000000C
:107480000000000000F801FC039E070E070E070E27
:10749000070E070E070E070E079E07FC03F80100F4
:1074A00000000000000000000000000000000000DC
:1074B0000000000000FE01FE038E070E070E070EFF
:1074C00007FE07FE030E000E000E000E000E000069
:1074D00000000000000000000000000000000000AC
:1074E0000000000000F801FC039E070E070E070EC7
:1074F000070E070E070E070E079E07FC03F801C0D4
:1075000001800300070000000000000000000000F0
:107510000000000000FE01FE038E070E070E078E1E
:1075200007FE03FE01CE01CE038E038E070E070079
:10753000000000000000000000000000000000004B
:107540000000000000F801FC039E070E071E00FC6F
:1075500000F803C00700070E079E07FC03F80100B0
:10756000000000000000000000000000000000001B
:107570000000000000FE07FE07F000F000F000F041
:1075800000F000F000F000F000F000F000F000006B
:1075900000000000000000000000000000000000EB
:1075A00000000000000E070E070E070E070E070E64
:1075B000070E070E070E070E079E07FC03F80100D3
:1075C00000000000000000000000000000000000BB
:1075D00000000000000F0F0E070E070E079C039C13
:1075E000039C039801F801F801F801F000F0000095
:1075F000000000000000000000000000000000008B
:107600000000000000670E670E670EF606F606F62D
:1076100006F60696069606960696079E079C0300B3
:10762000000000000000000000000000000000005A
:1076300000000000000E079C039C03F801F801F015
:1076400000F000F000F801FC039C038E070F0F0010
:10765000000000000000000000000000000000002A
:1076600000000000000F0F0E079C039C03B801F8F8
:1076700001F000F000F000F000F000F000F0000079
:1076800000000000000000000000000000000000FA
:107690000000000000FC03FC038003C003E001E0E5
:1076A00000F000700038003C001C00FE07FE0700E0
:1076B00000000000000000000000000000000000CA
:1076C00000F803F803380038003800380038003874
:1076D000003800380038003800380038003800F82A
:1076E00003F803000000000000000000000000009C
:1076F000000E001C001C003C0038003800700070B8
:1077000000F000E000E000C001C001C00380038081
:10771000030007000000000000000000000000005F
:1077200000FC01FC01C001C001C001C001C001C0DA
:1077300001C001C001C001C001C001C001C001FC05
:1077400001FC01000000000000000000000000003B
:107750000000000000F000F000F801B8019C039C5C
:10776000030E070000000000000000000000000001
:107770000000000000000000000000000000000009
:1077800000000000000000000000000000000000F9
:1077900000000000000000000000000000000000E9
:1077A00000FE07FE070000000000000000000000CF
:1077B0000000007800F00000000000000000000061
:1077C00000000000000000000000000000000000B9
:1077D00000000000000000000000000000000000A9
:1077E0000000000000000000000000F801FC039C05
:1077F000070207F807FE070E079E07FE077C070033
:107800000000000000000000000000000000000078
:1078100000000000000E000E000E00EE01FE039EB0
:10782000070E070E070E070E079E07FE03EE010068
:107830000000000000000000000000000000000048
:107840000000000000000000000000F001FC039CAC
:10785000070E070E000E000E079C07FC03F0010048
:107860000000000000000000000000000000000018
:1078700000000000000007000700077807FC079ED3
:10788000070E070E070E070E079E07FC0778070076
:1078900000000000000000000000000000000000E8
:1078A0000000000000000000000000F801FC039E42
:1078B000070E07FE07FE070E009E07FC03F80100F7
:1078C00000000000000000000000000000000000B8
:1078D0000000000000E007F007700070007000FE7C
:1078E00007FE0770007000700070007000700000EC
:1078F0000000000000000000000000000000000088
:1079000000000000000000000000007807FC079E57
:10791000070E070E070E079E07FC077C070007806F
:1079200007F803F80100000000000000000000005C
:1079300000000000000E000E000E00EE01FE039E8F
:10794000070E070E070E070E070E070E070E07009D
:107950000000000000000000000000000000000027
:107960000000000000F000F0000000FC00FC00E05F
:1079700000E000E000E000E000E000FE07FE07009D
:1079800000000000000000000000000000000000F7
:107990000000000000C003C0030000FE01FE01C0A3
:1079A00001C001C001C001C001C001C001C001C0CF
:1079B00001FE017E00000000000000000000000049
:1079C00000000000000E000E000E000E0F8E078E4D
:1079D00003CE01FE01FE01CE018E038E070E0F00C5
:1079E0000000000000000000000000000000000097
:1079F00000000000007F007F0070007000700070C9
:107A0000007000700070007000F000E007C0070018
:107A10000000000000000000000000000000000066
:107A200000000000000000000000003603FE076EAA
:107A3000076606660666066606660666066606004B
:107A40000000000000000000000000000000000036
:107A50000000000000000000000000EE01FE039E98
:107A6000070E070E070E070E070E070E070E07007C
:107A70000000000000000000000000000000000006
:107A80000000000000000000000000F801FC039E60
:107A9000070E070E070E070E079E07FC03F80100EE
:107AA00000000000000000000000000000000000D6
:107AB0000000000000000000000000EE01FE039E38
:107AC000070E070E070E070E079E07FE03EE010EB8
:107AD000000E000E0000000000000000000000008A
:107AE00000000000000000000000007807FC079E76
:107AF000070E070E070E070E079E07FC0778070004
:107B00000700070007000000000000000000000060
:107B10000000000000000000000000DC03FC07BCC7
:107B2000071C071C071C001C001C001C001C00007C
:107B30000000000000000000000000000000000045
:107B40000000000000000000000000F801FE038EAD
:107B5000070E00FC01F80700070E07FC07F80100FC
:107B60000000000000000000000000000000000015
:107B70000000000000780078007800FE07FE07781B
:107B80000078007800780078007000F007E00700C7
:107B900000000000000000000000000000000000E5
:107BA00000000000000000000000000E070E070E9D
:107BB000070E070E070E070E079C03FC03F80100D3
:107BC00000000000000000000000000000000000B5
:107BD00000000000000000000000000F0F0E070E64
:107BE000079C039C039C03F801F801F000F00000DF
:107BF0000000000000000000000000000000000085
:107C00000000000000000000000000630C670EF69A
:107C100006F606F606F606960696069C039C0300F4
:107C20000000000000000000000000000000000054
:107C300000000000000000000000000E079C03F898
:107C400001F801F000F000F801FC039C030E0700AE
:107C50000000000000000000000000000000000024
:107C600000000000000000000000000F0F0E079C45
:107C7000079C039C03F801F801F000F000E000709D
:107C8000007000380000000000000000000000004C
:107C90000000000000000000000000FC03FC038066
:107CA00003C001E000700038001C00FE07FE070062
:107CB00000000000000000000000000000000000C4
:107CC00000C003E003E000E000E000E000E000E0CE
:107CD000007E00FE00E000E000E000E000E000E0E8
:107CE00003C00300000000000000000000000000CE
:107CF00000F000F000F000F000F000F000F000F004
:107D000000F000F000F000F000F000F000F000F0F3
:107D100000F0000000000000000000000000000073
:107D2000003C007C007000700070007000700070FB
:107D300000E007F007700070007000700070007CB9
:107D4000003C0000000000000000000000000000F7
:107D5000000000000000000000000000003C007E69
:107D6000066606E607C003000000000000000000F1
:107D7000000000000000000000CFB5C0033E00106E
:107D8000000801FC0060001802FE07200424012204
:107D9000023104CDB384000401E2078900470224C4
:107DA00004E2074F0540014C0123051006D5FD00F4
:107DB00000FE032000200020002400E4032400240F
:107DC0000024002400FF07D4DA10001000FF070889
:107DD00000880084008600E503840084008400F4A9
:107DE00007B3F50200E4074F044804440454044E6A
:107DF0000455044404240424041403CABC840084E9
:107E00000044002F02EA070A04EA0329022A022496
:107E100002EA032902BBAF4800480044044402467A
:107E200001C500440064005400440444048407D69F
:107E3000D0200020002000FE03220222022202FEA7
:107E4000032202200020002000C7EB4100FA074077
:107E500000F0034300FA071202F2031202F20316C3
:107E6000021203C9D488009704A4028400EF0724F7
:107E700004E6072E04E507240424042406BAF3804C
:107E8000037C0004000400FC0704000400F4071451
:107E9000041204F2071104A1AD000000000000006C
:107EA0000033033303000000000000000000000066
:107EB00000B8DF2000FF070000FC010401FC010006
:107EC00000FF070104F9048904F906D1B90000FE96
:107ED000070200420042004200FA0342004201420F
:107EE000024200FD07C1F740008100FA07200010A0
:107EF00002F907020450015001520549054406CE1B
:107F0000B420002000FE0320002000FF077000A81E
:107F1000002401230620002000D2D10000FE03002F
:107F200002000202020202FE030200020002040238
:107F300004FC07C1AC41004200F80720009000F3A8
:107F40000382008200FA0782008200FD07BDD3444D
:107F5000008400F4072F024401F4078C00F7074463
:107F600002640284017606B4FD88008400E203897D
:107F700000F4070601F5070401240144010401C4CB
:107F800001BBFA0400E40124012F0124012E013673
:107F90000125012401240514050C06D4A40000CEFB
:107FA0000708018A00C4075F04540544054405041A
:107FB0000184024604B3E410002000FF071000888B
:107FC000000401FE0388028800880484040307BAC1
:107FD000E30400F4070400ED0335022502E5032461
:107FE000022402E4030400F407D1B90000FE0702F2
:107FF00000420042004200FA0342004201420242B3
:1080000000FD07C1F740008100FA0720001002F9C7
:1080100007020450015001520549054406D4DD040D
:1080200003DF004A00DE0748025F022802FC010469
:1080300001FC010401FC01CDA38800F8070400E461
:10804000032602E5030400F4071404E4038400C4D7
:1080500000C2FA1001FD0712010000FC07A100FE9A
:1080600007A404A404560505040406B3AC0800C81C
:10807000079E04880448063F00C8074A047A04CAD9
:10808000070E00F907CAB100020F020902E9070949
:10809000020F024902890289020F0209028003B716
:1080A000C58200840080009F074202A2029E0292C5
:1080B000029202120192025904B5E710001000FF6B
:1080C0000111011101FF0111011101FF0111041042
:1080D00004E007A1E60200E5021203080208000816
:1080E00000080008041002E00100000000B9A640EA
:1080F0000040005F00E40744044404440444043C9A
:1081000004230410040803C2CA2000FF0710008AD9
:10811000027C0120005401FA022000FF0720002009
:1081200000C5E400007F0714047F0455045507636D
:108130000141017F0141057F054106D6C3FE03527F
:1081400002FE032000FF072000FC010401040124BB
:10815000012401FF07B2E92000FF07A80024012342
:1081600006FC010401FC010401FC010000FF07BF43
:10817000B4C0033E002000FE031000FF070402FE0F
:10818000030502FC030402FC03C0FA0000FE072200
:10819000002200FA03220222022202120212020A22
:1081A00002C501CAB720002000FE032202220222DB
:1081B00002FE0320001400180064008307CAFD8833
:1081C00000AA008800BF074C029A02A90284029FFD
:1081D0000212018C025304BEDD0400E4072404EF04
:1081E000072401E4072C01E70764045404D4074E74
:1081F00004D2BB000000000000000000000000FFEF
:108200000700000000000000000000BCFC8200C667
:10821000039902F0079702CA039A00F7039200FA43
:10822000079600EA07B2E200047D044605540554AF
:10823000055505560554055405120429044406C87D
:10824000DD2000FF078904240150008C010306FC97
:108250000104010401FC010401BFE24000FE070229
:10826000002200FE0712004A00FA034200FE074205
:10827000004100C2D8200050008800040103060419
:1082800000840164001C0004020402F803BCC682DE
:10829000008400800080008700F40784008400943C
:1082A000008C0084008000D0BE88008800FF078812
:1082B000000000200048004A020A040A050905F0EF
:1082C00001C6AC8000840084008400FC0704000424
:1082D00000FC010401020102010101D7B484008401
:1082E0000285048600F40784004401460145012408
:1082F0000224021404CCAC20002000FF07500088A8
:10830000002401430620004A024A040905F001BB8B
:10831000D624002400F4072D00250125055503541B
:1083200001140194024C022404B8B4FC070200FDBD
:10833000030402FC030402FC030800FC030A01F02E
:10834000000E07B3F62000220222022202FE0320C2
:10835000002000210421042104FF070004B3A7002A
:1083600000FE0702000200020002000200020002FA
:1083700000020002000100C9E8E2012401200120FE
:108380000117060400F403240244018C0044013068
:1083900006D6C3FE035202FE032000FF072000FCA6
:1083A000010401040124012401FF07B9D804018854
:1083B000000000FE0320002000FF0720005000887E
:1083C0000004010306D3DAFE032000200020002071
:1083D00000FF07200020002000200020003800B10E
:1083E000D50200E407000442044204FA0542046294
:1083F0000452044A0462040207CFD60000EF0324AB
:1084000002A402A402AF02A402A40244014C01236C
:10841000051006BFEC44004400F4034D024502453C
:1084200002FD074400A400A40014010C06B5CD0809
:1084300003F800940094009600F50794009400540B
:1084400005340554068404B1A30800E8032402247B
:1084500002E6038500F4078400C401A402940484A6
:1084600000BBA484000401E4072F0424042404ECCA
:108470000727042400240024001600D2D10000FEA7
:10848000030002000202020202FE030200020002D6
:10849000040204FC07B4E610001000FF070800E423
:1084A0000304018600F507840084008400C400C52D
:1084B000CC1000FC0114012401FF071401A20101EA
:1084C00000FE0352025202FF07D7DC04018800FEBF
:1084D00003020202020202FE03000020024A040A12
:1084E00005F101BFAA0000FE03880088008800880B
:1084F00000FF0788008800840084008200C6F42002
:10850000004000FC0704040404FC070400FC070C02
:10851000040A04FA070904B6AF80008E008000C088
:10852000079F04840482048A0491045F04400420A9
:1085300003C7EB4100FA074000F0034300FA0712BB
:1085400002F2031202F20316021203BDAB4400C48E
:10855000032502560184006402FC0706022502443A
:108560000204028403B3D8400041004A03C80268F1
:108570000259024E02480248034A000904F007BCAF
:10858000DC0400BF07A404A404A20499072000FF90
:1085900007A800240123062000C1AC41004200F8D6
:1085A0000720009000F30382008200FA0782008215
:1085B00000FD07BDD344008400F4072F024401F4FA
:1085C000078C00F7074402640284017606B5BD00FB
:1085D000047F04040522057F05480508057F05087A
:1085E00005080478040706C6F7DE035202DE0320FE
:1085F000012002FF0750008C010306DE035202DE59
:1086000003BDF822012401F003200127012401FC0D
:10861000072401240114010A00F107D0D00800E466
:108620000302000900F40706010501040104010426
:10863000010401C401CAB100020F020902E90709DD
:10864000020F024902890289020F0209028003B364
:10865000A408000803C80038000800FF07480048C5
:10866000008800280118060800C6DA12009207BF29
:108670000492049E0792049E049207BF0480049211
:10868000046106B7D688008800040104010202FDD7
:108690000510011001080108010401E200C3EB8884
:1086A0000087008402A404AF04A40496008E04058D
:1086B000020401C4003400C4DC44025201DF004063
:1086C000049E0712005E0052025E01D20452049A18
:1086D00007C1BFFE0322024202FF072202FE03225D
:1086E00002FE032000FE032000FF07CCEC0000FE8A
:1086F00003200020002000FF0720005000500088C9
:108700000004010306CAD401050201F007000103B9
:10871000017201220122012201620536060204CD06
:10872000EA2000FF0701040000FC0100000000FF38
:10873000078800880084040307B3C940014002FE93
:1087400007420042005E025202520192045A052280
:10875000061104B9B2880088008800FE03880088EA
:10876000008800FF070000880004010202C8EB0C2B
:1087700000100020002000500050005000880088A9
:1087800000040102020104B0B484000401E4072FD4
:108790000484008400EC074702440284014402364A
:1087A00004CFC20000FF071000100050009000101E
:1087B0000110021002100010001000D2D4000112AB
:1087C00001220122010201020112018A00860042F7
:1087D0000130020C04CDCBF2031402F0031002F7B7
:1087E00003540494025401340214020A00F107B342
:1087F000F62000220222022202FE03200020002195
:108800000421042104FF070004C7BFE0032702245A
:1088100002E4038700F10791049704F407840084BD
:1088200002F307D6C608040A04BE048904FF0488BC
:1088300004BE04AA04AA042A043A040807BDE18479
:10884000008400F20789008700E4030200EF0320A0
:10885000022C02E3032002CAF82000FF072000FEDA
:108860000322022202FE037000A800240123062036
:1088700000B1BE20002000FF0720007000A800A863
:108880000024012202FD0520002000B4CE2000219A
:1088900000E2071004500248004000A400A20011AA
:1088A0000108020404B2A2040188000000FE03884B
:1088B0000088008800FF078800840084008200CDC3
:1088C000AC0000FE070204FA050204FA050A050AD4
:1088D00005FA05020402040207B0B484000401E4AE
:1088E000072F0484008400EC0747024402840144FB
:1088F000023604CFC20000FF0710001000500090A5
:1089000000100110021002100010001000BACD106B
:10891000000E00C80748047F0448045C046A044948
:1089200004C80748040800BCCC040124016205A95E
:10893000032701E4072201AF0360052C012301E0B6
:1089400007D0F88400E4038200E90707044401A289
:10895000014F01F0078C0043023004C6E404010417
:1089600001FF070401FC010401FC010401FF0700F1
:108970000004010202D3E02000500088000401FB43
:108980000620002000FE032000240122023104C83A
:10899000CE08000803E400840086008500F4078404
:1089A00000840084008400E403D2E22000FE0388F7
:1089B00000FF070401FC010401FC0120004A020A37
:1089C00005F105B2D9E4032402E4030F007407544F
:1089D000057C078700F407C401A4029604D7F72892
:1089E000002800E40754004600C50344004400C4C6
:1089F00007440044004400D2ECFE030202FE0302DE
:108A0000000204FC0708010801FF07080104010235
:108A100001B3A32401A800FF070104FC010401FC29
:108A2000012000FE03220222032000CEDE0000FE11
:108A300003200020002000FF0750005000480044A1
:108A40000442048107B7A8420044004000F80341F3
:108A5000004200FC07200024011202F9070004CEA6
:108A6000BB440084000200FA070300120212022233
:108A700002220122018200FA07D3DAFE032000203D
:108A80000020002000FF0720002000200020002000
:108A9000003800C4A34401F4074401EF032402E6B4
:108AA000032E02E5038400F40744013406CABD80A6
:108AB0000280048000FF0780008000BE008800085C
:108AC00001080578060704D2C64800C703240254EB
:108AD000018F004401A6074E04A5020401C400341E
:108AE00000BDE2C4079C04920449063E00AA02BEEF
:108AF000076A023E02AA072A023102B3FD8000473C
:108B00000125021504E3038300F5078500A5029300
:108B1000048904C100CFDF840284048207E900874E
:108B2000008407E2008F0280018C0443053006B206
:108B3000C4080208020802BF0708021C03AC024A6C
:108B4000022902080208020803CAA330040E04081E
:108B5000057F052A056B052A056B051C052A0449B6
:108B6000040806B9DC4200DE072901FF070104FC06
:108B7000010401FC010400FC030402FC03C0EDF04D
:108B80000797049204F20792049704F2078200F216
:108B90000786008300F807BDAB4400C403250256D6
:108BA0000184006402FC07060225024402040284D8
:108BB00003B3D8400041004A03C802680259024E7C
:108BC00002480248034A000904F007D6C10000FF2A
:108BD00007100088000401FE0320022000FE03208D
:108BE000002000FF07C4DA20002000FE032202223A
:108BF00002520292028A020202020202028203D698
:108C0000D8C0033E002000FF072202FE032202FE1E
:108C1000032000FE032000FF07BBD624002400F43D
:108C2000072D002501250555035401140194024C1C
:108C3000022404B8B4FC070200FD030402FC030490
:108C400002FC030800FC030A01F0000E07C4AC3F5D
:108C50000129033B052901BF0708013F010801B8AD
:108C6000028702AA025504C8CF82008400800080D7
:108C700000870084004401440154012C02240210A6
:108C800004D6B54400F4074200F2031302F20312C3
:108C900002F2031202F2031202FA07D7EEFC0104F9
:108CA00001FC010401FF071200DE0392029E023262
:108CB000019F025004CEC2F0011101F2011001F037
:108CC000010100FA03A802AC02AA02A902FC07B63D
:108CD000C84000FE071201FE071201F2010200FA6D
:108CE0000312022201C2003907B2BB0000FF074095
:108CF0000040002000B000280124022304200020AE
:108D0000002000BFC90000FF07000200027E0242EF
:108D100002420242027E02020200028003D3C3002A
:108D200000FE0322022202FE0322022202FE03228E
:108D300002220222028103B1B68400F4030200126F
:108D4000022301FA070200F20312021202F20312D6
:108D500002C2CA2000FF0710008A027C01200054D2
:108D600001FA022000FF0720002000CAD92000FEDF
:108D7000032000FC011000FF070801FC071401227A
:108D8000010101C001C3FC2000500088000401FB68
:108D9000060000DE03520252025E0252034000D07F
:108DA000F88400E4038200E90707044401A2014FAC
:108DB00001F0078C0043023004BABD84001E01F2AA
:108DC0000716001A00D2015F01520156015A0532FE
:108DD000051906CBD94100FA074000F8034B024AB7
:108DE00002FA03E20052014A024200FD07B6C840FF
:108DF00000FE071201FE071201F2010200FA03123F
:108E0000022201C2003907D4C20000FC030402049C
:108E100002FC0304020402FC0304020202020281B7
:108E200003B4F32000200020002000FF07200050A2
:108E30000050008800880004010306BCE4F2070427
:108E4000040004FA050A050A05FA050A050A05FAE6
:108E50000502040207B9CCFF0721042104FD052106
:108E600004F90489048904F9040104FF070104BC1E
:108E7000FE840094009200F2078B0082008200FAC8
:108E8000078200820082008200B4C1770155056626
:108E9000015507A2017F0512057E0312037E05928C
:108EA000067E04D6AA04000400BC078A048904884C
:108EB00004FF0488049404A407A2040100B9FD027D
:108EC0000204020002F007070224024402440204E2
:108ED0000284030A00F107B3CCE80327022402E46A
:108EE000030F00E4038E009600E50384008400F481
:108EF00007B6CC0200F2070E00E50324022402EFBD
:108F000003040024024A010A00F107C2B74000CF5F
:108F100003290259018F0044013406ED032502257F
:108F200002ED032302B9E320004000FE0702000225
:108F3000000200020002000200020002000100B272
:108F4000A582037A004A025701FA0752010E02FB7A
:108F5000074A02FA034A02FB03CAE4840044012FD1
:108F600002D20505007F0454057C0557057405549D
:108F7000045406B5B12000220224012000FE0300A3
:108F8000020002FC0300020002FE030002C7B0045C
:108F9000018800FF0700003E02A202BE02A202BE3C
:108FA00002A20222023203D4B1FC010401FC01003E
:108FB00000FE030202220222022202D0000C03035E
:108FC00004C3DC2000FF071104A0004A022A05F1B7
:108FD000050C00200022022202FE03C2EBF0030F68
:108FE00002240224022202EE070B040A04FA050EF0
:108FF000040A040003B4ED42024202EE074102F704
:10900000070200E2072F04E2072A04E6072204CE43
:10901000F3F10112011001F0010300FA034200FE16
:10902000074200A60012010806A3A8000000018064
:1090300000800040004000400040008000800000B0
:10904000010000BFAA0000FE038800880088008895
:1090500000FF0788008800840084008200B7A29087
:109060000011011100FF0708000800F8011401A415
:10907000004200B1010C06D5DF20002002FE01A055
:1090800000FF071000FC030702FC030402FC0304BA
:1090900002A3A9000004000800080010001000103E
:1090A0000010000800080004000000BCB60400F432
:1090B00003220229022701240722046F04A0021CB4
:1090C0000193024804B0B210002000FF0711041001
:1090D00000FF07080104019C00600098010702C816
:1090E000AB20005000880004010306FC0120002092
:1090F00000FE0320002000FF07D6B12000FE07205D
:1091000000FC030402FC030402FC030402FC03044D
:1091100002FE07BDD344008400F4072F024401F48B
:10912000078C00F7074402640284017606B7C34245
:10913000008400F00740004700C40744044404547E
:10914000042C0424041003CECA0200E40700040225
:1091500004F204920492049204F20402040204024F
:1091600007C8A80400F40324022F02240226024E9A
:109170000145018400440124021404CAB98800880E
:1091800000F4078400F6079504F4079400A4004453
:1091900000A4011406C4DC44025201DF0040049E16
:1091A0000712005E0052025E01D20452049A07B216
:1091B000CB8800FF07880080037F001201A40020F5
:1091C00000FF07A80024012306B5A504018800FEBE
:1091D000032202FE032202FE032000FF07200020DC
:1091E000002000D1E980008700440125021504E534
:1091F000030F0048029C02AB022801F607D6A40127
:1092000000FA078000800083009200920792009A83
:109210000096009200F807CAC22000FF072401FC54
:10922000012000FE032002FF072002FE0320003081
:1092300000B3B510001000FF07080024002200FE54
:109240000320002000FF0720002000B9A40000FE3A
:10925000032000200020002000200020002000200B
:10926000002000FF07BCDC0400BF07A404A404A284
:109270000499072000FF07A800240123062000BE50
:10928000AB8400F4078D00E6038400FF072402E6A8
:10929000032D02E40324022403C8ED44004400CF5C
:1092A000072204260295008F0084004C0147012408
:1092B000021404D3B20000EF078400E403A202EE1C
:1092C00003AB02EA039A00AA00CE002A07B9CCFF3A
:1092D0000721042104FD052104F90489048904F906
:1092E000040104FF070104BCFE840094009200F214
:1092F000078B0082008200FA0782008200820082CF
:1093000000D3C920002000FE03220222022202FE16
:1093100003220222022202FE030202C9E8E2012421
:10932000012001200117060400F403240244018CEB
:109330000044013006BCC6820084008000800087A3
:1093400000F4078400840094008C0084008000B046
:10935000E60806EA012A002A00FE07A204A204AEDB
:1093600002AA022A019A024904B1BE20002000FF8D
:109370000720007000A800A80024012202FD05209B
:10938000002000B9D8040188000000FE032000205E
:1093900000FF0720005000880004010306D7A22028
:1093A0000041000200F803400041004200F8034081
:1093B0000042004100FC07DFD910011705750315B5
:1093C000015505350685008500F70785008000807A
:1093D00000C1A8F00797049504F50795049504F5D6
:1093E000078500F70785008000F807D0BB11027AD7
:1093F00002480278074B027A02CA027E0352024AEE
:109400000246026203DFF72002F70725020500F596
:109410000795049504F50797049504F0071004A335
:10942000A100000C000C000C000C000C000000005F
:10943000000C000C0000000000C8C844004400EF0D
:109440000144016C014705A4052406160400004AE6
:10945000029104B9CA440044004400DF07240244D6
:10946000025F025102510191005F013106E4B8F13F
:10947000031202F0030000F9070A04F8070804F8D1
:10948000070A0409040806D5CF8000EF034901F953
:10949000072502E5032902E9038900F70781008116
:1094A00000CAD810002000FF07010480008000FFE0
:1094B000078000840088008000E000BCA41001390F
:1094C00001AA00B8076802B9029202BC0208013A78
:1094D00001A9027404BDF822012401F00320012730
:1094E000012401FC072401240114010A00F107BB37
:1094F000A484000401E4072F0424042404EC0727B7
:10950000042400240024001600CEC2F0011101F250
:10951000011001F0010100FA03A802AC02AA02A99D
:1095200002FC07B6C84000FE071201FE071201F256
:10953000010200FA0312022201C2003907CACA025C
:1095400003E40080008000F7078400E40324022481
:1095500002E4030A00F107D3A620004000FE070240
:1095600000220042024A025202120112018200FD50
:1095700007C4E2020252029202970212021201167C
:10958000015301B202920242042304CAA72000241C
:10959000002400FC01220021002000FF0750008869
:1095A0000004010306B0DC80009F005100D50735A0
:1095B00002550255025502550184004A013106A3A5
:1095C000AC0000000000000000000000000C000CD7
:1095D000000800040000000000C1B4120222028E44
:1095E000070101B702A20722022F02A20722025698
:1095F000028A07CFD40000FE030202FE030202FE2D
:1096000003880089048A028C018800FF07CABE0013
:1096100000FC0100000000FF0720002000240124BE
:1096200002220421043000B7BD10002000FF07080B
:10963000000800F80308020802040204020202C142
:1096400001CFF210000800FF0701040104F90489AA
:109650000489048904F90401040107B7B4C0033E76
:109660000002000200FE030A020A021201A20042E6
:1096700000B2010D06D7AA82008200F7034200451E
:1096800000F5072F00E4030C02670184010402BB0C
:10969000EE8003790042004000FC0741004200F8E0
:1096A000030C020A02F9030802D0D484008400A447
:1096B00000ED03A50095008500E403840084008488
:1096C00000F407C8F48800FF07A8002000FF071077
:1096D000000800FC030A020902F8030802B7FB4273
:1096E00000DE072901000008010401F60705011446
:1096F0000124010401C401BACF20005000880004F5
:10970000010306FC010000FE0302020202FE030246
:1097100002CCF50800FC018A0070008C01230620B1
:1097200000FE032000240122023104D7D4200010BF
:1097300000FE0302020202FE0302020202FE030214
:10974000020202FE03BBF20001C002FC0780009887
:1097500002A402A4029C010001F8014606200400B4
:1097600000B6CF0000000000000000000000000074
:1097700000000000000000000000001207F600BA20
:1097800000B204DE03BA029A02960252027E02205E
:10979000020000BBE12000500088000401FB06002D
:1097A000000000FF0708000401FE030002D4D9FFF7
:1097B000072000FE0322022202FE0322022202FFF1
:1097C00007020202028203E3D0F90742054004FDCA
:1097D0000541045D0455055505DD045105AD051130
:1097E00007CDA8F9012201C000F8034B02FA034A91
:1097F00002FA034A024A030200FD07D0C54400846E
:1098000000FA070200F3030200F2030200F203125F
:1098100002F2031202B5C4840082009F0751043192
:109820000491041F051105110411041F041103D232
:10983000FD00023E02200220023E02020202023E1F
:10984000022002200220021C02C6F00800C8031EEB
:10985000020802C8035F0048004A045A048A070E3F
:1098600000F907BBF020002000240224022401227A
:1098700000500050008800880004010306B1ACE4E9
:10988000032402EC032502E5034501E5034401F44A
:1098900007AA02DA05A102D5A824002400E407558E
:1098A000004D00C50345004400C4074A0052004172
:1098B00000D4EC41004A00F80344004300FE0702D4
:1098C00000FA030A02FA030200FD07D1CF0000FEEE
:1098D000079000940298019000FE07020002000227
:1098E0000002000100C8CB20002000200020002042
:1098F000005000500088008800040102020104C9E1
:10990000ED1000FC010401FC010401FC050403FF4F
:1099100001600118010701C001C9CB48004800C41B
:1099200007240096008500E40784044404440424CA
:10993000041403BAA62000FF072104FE032000FE42
:10994000032000FF072000FE030202FE03A3A10084
:10995000000C000C000C000C000C00000000000CBF
:10996000000C0000000000C4FA28002800E407965C
:10997000048500A4029404C40020024A040A05F1EC
:1099800001C8B74000CF0324020401E207AE04EB94
:1099900007AA04EA07AE04AA041006B6A81000201D
:1099A00000FF0701040000FF0720002400E4032457
:1099B000002A00F107D2AA0000FF075000FE035260
:1099C00002FE031000FF0708018C0070008F03C225
:1099D000F0F0030702250225022502E5070504052C
:1099E00004F705050400040003A3BF180024006663
:1099F0000066003000180018001800000018001859
:109A0000000000BEAF9200BF075202BE022B01AEA3
:109A1000025004FF070000FE030401FC01B8E62029
:109A2000002400FC0322002000FF070000FE0302C8
:109A3000020202FE030202D0A784008800BF008059
:109A4000075202A2028102940208011401A20241FB
:109A500004B3A222022401FF070104FC010000FF5D
:109A600007100088000401FE030002BCEC8400849F
:109A70000044012F021404E6030E0045029402A4E0
:109A8000022401F407D2C9CA07060492021C01C2CB
:109A9000071E05090148077F0148015401A207CBB1
:109AA000C6040254029202920213021201120152DF
:109AB00001B202920242042204C6C600010F01E470
:109AC0000724052201EE03AB02AA02AA022E01928C
:109AD000024804B9A5400040005F00C407240254B6
:109AE00002440244019C00430120021004BBF72001
:109AF000002000FE0320002000FF07200022022299
:109B0000022202FE030002BDB54000CF03690289B4
:109B10000165068500E9038900A900E70781008146
:109B200000B6EEC8073F01A500DE0753044C0552FE
:109B30000561055E0512019E025204B4A6840084EC
:109B400000BC00A401A202A2049504940088009421
:109B5000002200C107D4F200047F044105490549F1
:109B6000054905490549054905140422044106CC67
:109B7000CCF20384016000F107420520059A04013C
:109B80000624022201D8000707B5AB0400F4031233
:109B9000021202F303120212021202F20302000284
:109BA00000FA07CAC7FC010401FC010401FC010022
:109BB00000FF072000E40324002A00F107C0AC8462
:109BC0000004010400E4070F00240244024402449C
:109BD000010C018300F007BBF80400F40324022FFA
:109BE000022401240724046404AC021301900248F7
:109BF00004B1F07E044204420542057E0508057F5B
:109C00000548054405440442043906BFA810001065
:109C100000F00310001000FF07100070009001100A
:109C20000210001000CBC00000FF07440044005C9D
:109C30000452025501C8004800440442048107D080
:109C4000C40000100020004000480008020A040A76
:109C5000040A0409010801F001CCF84F0149015937
:109C6000056F03440144016D03550545014D05236E
:109C7000051006BFE942004200F2034702420242D9
:109C800002FA074200A600A30010010806BBBB446D
:109C900000C40124019F00E403A402AC02A702F463
:109CA00007440124021604C3F48200BE008100BEF2
:109CB000076202AA02FF02A202AA027E01A00258C3
:109CC00004D7E80000EF0329022902E50325022951
:109CD00002E903290227022102F107BBBD2000E7A8
:109CE0000115018D00F503550255025502FF07A528
:109CF0000010010806D0D1DF074404DF075504D562
:109D0000071B015101DF073101D1071F01D107BF37
:109D1000D842008200F2071704420122021604E32F
:109D200003820082008200F307B4D3880088008891
:109D3000008800880094005401540154012202223A
:109D4000021104D5FB8800BF076A02BE021C01AAEB
:109D5000024904FF072000E4032400FF07B1BB020F
:109D6000010401EF0728052401EC03A602AD02A4BB
:109D700002240194024C04B4DB4200DE072901FEF8
:109D8000034A0292022203FF07040112028904FC23
:109D900001B8C440004F004800C80728025F0241D4
:109DA0000241018900450123021104B4A284008408
:109DB00000CA058202EF078A00CA036A02CA035A70
:109DC00002CA034202CAD704018800FF072000FE2E
:109DD000030202FE030202FE030202FE030202B6B7
:109DE000C14100F2034000F8070304A200CA009238
:109DF00000FA07460122021804C8A100003F00D261
:109E00000392029E0292029E02920232011F019070
:109E1000025004D4BF0200C2075E044104DE0744BE
:109E2000044404DF07440454044C042407D0B4FF62
:109E30000705040400FC0304000200FE0300020006
:109E400002FF020002C001BCD3040004008407BF6B
:109E500004A404A404A404A404A404A204A20799CE
:109E600004D4D88802BE048800FF078400BF028A99
:109E700002BE02080138058F064804B7C7500050DB
:109E800000DF0750005000DE0350005000DF075095
:109E90000050005000D0DE4400C4032202CA013B3F
:109EA000060A018A006A028A016A040203F200CBF0
:109EB000F0E2032202E2030700F207120496049381
:109EC000049204420122021304BBB50400E4070417
:109ED0000184008F00C402A404940484008C0083D5
:109EE000008000C7E54000FD074200F8034000FD88
:109EF000070A02F8030802FA0309020803B7F1FF90
:109F0000072000B0012C02230420000000FE030201
:109F1000020202FE030202D7B089008A00F8078C11
:109F2000008A00E9032000FF0750008C022B011873
:109F300006CFC20000FF0710001000500090001074
:109F40000110021002100010001000C1EE2000509D
:109F5000008800040113062000FE01000180004C6F
:109F6000003000C000D0AD220022002200FA0127FC
:109F700001220132032A05220512011201CA00D270
:109F8000E9420084008004100417042402240244DF
:109F90000194004C0124021004D1A18200A400E02D
:109FA0000390008700F40744014401240514060AC5
:109FB00000F107CFEEF00787004200F2071204928B
:109FC00004920492049604410120021804C0CF2098
:109FD000002002FE01A0006000FF0710001802949C
:109FE0000172041104E007BBA88800FF0788000085
:109FF00000480044024601C500440064045404843F
:10A0000007D1DBEF0329022902EF0329022902EF1E
:10A0100003A904A9022F0169022004CBCD1101A2DA
:10A02000000000F80343004200FE074200A20012B5
:10A03000010A02FD07B2CE08000401FE031000FF72
:10A0400007440132028D0460001E02C0013E00CBB5
:10A05000F882009604A1028000F707120492049788
:10A06000049204420126021A04B7E584008407C45E
:10A07000041503D5041501D5071501D5071D01D316
:10A08000070001CEAA400044004800FE072004203B
:10A0900004500490048804040402048103B9AB88CA
:10A0A00000880088000401240122021104100088A5
:10A0B000000401FE030002BDFB0401DF0704018E62
:10A0C0000355050401FE030000FF072000240132B0
:10A0D00002CDC644014402E4072F013401E4072CF9
:10A0E000012701E40724012401E607BCF60401FF6F
:10A0F0000704011000FF070800E40306018500F4CF
:10A10000078400C400D6F7100020000000FE0320E2
:10A110000020002000FE03200020002000FF07BEDA
:10A12000F944004400C4072F0454048404040604C2
:10A13000058C04630400040003BAE21400720749AA
:10A1400000FC00AA07FB02AA02FA022202FA02524B
:10A15000028A03D6D54400C4032202590187004471
:10A16000013206C70000016C0083010002B0E50463
:10A1700006E40124002F00E407AE04B604A502A4FF
:10A1800002240194024C04D6C70200BE0789048849
:10A1900004BF0494072200FD030402FC030402FC34
:10A1A00003BBDB0401DF070401DF070401FF070035
:10A1B00002FE0320004A020A05F105D7D30000FC85
:10A1C000018000400020002000FF07200020002028
:10A1D0000020003800BDF60800F8072404240426F7
:10A1E000042502440244018400440124021404D6DC
:10A1F000B824042403E4002F04C4070400EC072758
:10A2000004E4072404E4072604CAD6C0033E002061
:10A21000002000FE0320002000FF07200020002077
:10A22000003800D0A12000200020002000240124BC
:10A2300002220222042104200020003800D4CB0294
:10A2400000E40300000000F707840044002402F447
:10A250000704040A00F107BDD88802BE048800FF85
:10A26000079400FE029302FE0212017E0592067E12
:10A2700004D6B94000400040004400C403440044F8
:10A28000004400440044004400FF07B6CB81009224
:10A29000049004F7070000F5078500F50752055400
:10A2A0000553051006BFDA0000FE03020202020297
:10A2B000020202020202020202FE0302020000B8CF
:10A2C000BA0400FC0082004100FE030202220222C6
:10A2D000022202D0000C030304C6AB8400F4071270
:10A2E00004F2071300F20752055A05F60752055209
:10A2F000051206D0A344008400F4070F0044012E89
:10A3000002560545014401840044013406D7BCA02F
:10A31000002001F10792009800F40390009000F4EF
:10A320000392009100F007D4B4F9078A004800E8CE
:10A33000032902EA032802E8038800AA029904C458
:10A3400000BBAA480048024401C6007504440484C6
:10A35000072000FF07200020002000B5C84200DED3
:10A360000729012000FE032000FF078000FF07846B
:10A37000008800E000CFDEEF0329022902E5032573
:10A38000022902E903A904A902270161022104BDEF
:10A39000DD8400E4078400EF038402E4078C02E715
:10A3A000038400A407A400D607B0FC04000400FC4A
:10A3B0000302027D02440244027C020403040404FA
:10A3C00004F807BEAD0400E403020189004701243C
:10A3D000021204EF0380008C008300F007B6FE0039
:10A3E000000000FE0300000000000000000000006C
:10A3F000000000FF070000B2B9820084008F0088CF
:10A4000000840194028E04950484008400840084F6
:10A4100000CADCC0073F0012022401FF070104FD4F
:10A42000050401880070008C010306D6A7200020D7
:10A4300000FF0720002000FE0304020801900060D6
:10A440000098010706B3D684008400E4038F00F46B
:10A45000070401EC070701240144010401C601B00F
:10A46000CE440144024400EF074400C407AC04A7F3
:10A4700004A402140194024E04C0C244015407D241
:10A480000259044700F403120257025002A4009339
:10A49000040807CCE1E4032402E4033F02E40304DC
:10A4A00000EC078700A403A400A400D607CFFB801C
:10A4B000009204A4028000F1071204F0071004F4D3
:10A4C00007120411041006D0C20804BE038000A2C3
:10A4D000009407BF028802BE028802AA0249022C29
:10A4E00002CDE28400840084009C009201920295D7
:10A4F0000488048800840082008100BFD5100020F9
:10A5000000FF078904040102020000FE032000206E
:10A51000002000FF07D0DD880088008400F4078653
:10A5200000C501C401A402A402940484008400C3F1
:10A53000DFEF0729042904EF0729012901EF072983
:10A540000129012F0569062004B0F48400F4078472
:10A5500000EF034400F6072E029504E4038400F4A0
:10A56000078400B1A610002000FF0701040000FED0
:10A570000320002000FE03A0002001FF07BCB40060
:10A5800000BE07A204BE04A204BE0482048A049290
:10A5900004AA06A6008200B2E50203E2008200F7E8
:10A5A000078200A20096069304B2069204F20713F3
:10A5B00004BAC40403E4009F008403EE0084009FF7
:10A5C00007E4008E00950484040407D4F62402F402
:10A5D000079404B4069F04F4070400E4032402EC87
:10A5E000032302E003BBF10401FF07040111028A07
:10A5F000048400FB0788004C014B0128021604B8B4
:10A60000B2FF079000FE079204FE072402EA03252A
:10A6100002E6033502C4013406B8C704018800FE0F
:10A62000032000FE032000FF070000FE0352025239
:10A6300002FF07C8D50000FE03020202020202FE6A
:10A64000030202020202020202FE030202D6BE203E
:10A65000002000FF0720002000FE03000020004A29
:10A66000024A040905F001B5D884008400A406A4B8
:10A6700005EF04B404A404A406A4002C042304C01D
:10A6800007D6B704010401040124012F0724012483
:10A6900001240124012C012301F007B1B80800FCBA
:10A6A000018A0070008C010306FC012401FC0124D6
:10A6B00001FC010401CEC410002000FF07040104C6
:10A6C00001880088005000200050008C010306B86B
:10A6D000FC0000FF072000FE032202FE032202FE10
:10A6E00003220024001800E707B3B712017E01AA75
:10A6F00000BF074202BA02AE02BB022A013A01AA17
:10A70000026B04CFFA82009604A1028000F70712C0
:10A7100004F2071704F207120416041206BBBA0467
:10A7200006F4015204A902F7078400F2074700E08B
:10A730000354028B017006BDA84000F7034402FADF
:10A74000074102F7034400F4034500FA074600F905
:10A7500007C3FC2000500088000401FB060000DE57
:10A7600003520252025E0252034000C4BF0000FEC8
:10A770000302020202FE0302020202FE03020202BE
:10A7800002FE030202D3FB9400A200C9078804540E
:10A7900002220041013E012201A202BE026204B176
:10A7A000E08200F2071104F5071300F20751055B80
:10A7B00005F007540553051006D6C280009F00849B
:10A7C00000D2075F02240244025F0184005C01277B
:10A7D000021004B6FE00000000FE030000000000AE
:10A7E000000000000000000000FF070000B1CF42A1
:10A7F000024201DE0042045A04860720002000FFC6
:10A8000007200020002000D3D50203E4008000F0E0
:10A8100007A7029404E403440254072C0424041000
:10A8200003C6AD8000F7071404F5071500F10757BC
:10A83000055C05F607550554051306BEC90000F270
:10A8400007120412041204F2071204120412041272
:10A8500004F2071204C7D00400E40784049C0487B0
:10A860000484048404840454044C0424041003D099
:10A87000E8FE032000FF07AD052000AE030000FF47
:10A88000072000FE0352025203C4CD00027F0208DB
:10A890000284077F025502D5025503550255025521
:10A8A000026103CAA120002401A20261041800FF72
:10A8B000030402FC030402FC030402FC03D6D302DB
:10A8C0000102011E01C1075E0544054405DF07447E
:10A8D0000514010C010401C1D000043F0484048468
:10A8E00004BC04A204A504A80490040804040402FF
:10A8F00007B1ED20002000FE032000FC012000FF36
:10A9000007500048048C022B011806D1AF1100F249
:10A91000070804F40513051205F20512051205F6E1
:10A920000512040003A1A3000000000000000000C5
:10A93000001800240024001800000000000000009F
:10A940005949514A53000000803E000000010500B3
:10A95000000020400100010059434E4E4800000015
:10A96000803E0000000005000000204001000000C3
:10A970005946594D53000000803E0000000105007B
:10A980000000204001000000584532544300000000
:10A99000E4250000000003000000A04000000000CB
:10A9A0005941544A4B000000E42500000000030018
:10A9B0000000A0400001000059424E494E00000036
:10A9C000C8320000000004000000804001000000C8
:10A9D00059484B4B4C000000803E00000001050030
:10A9E000000020400100000041410041420041437D
:10A9F00000C618C618C618C618C618C618C618C67F
:10AA000018C618C618C618C618C618C618C618C656
:10AA100018C618C618C618C618C6180000000000C8
:10AA20000000000000000000000000000000000026
:10AA3000000000000000000000000000000000C650
:10AA400018C61800007BEF7BEF7BEF7BEF7BEF7B83
:10AA5000EF7BEF7BEFFBE4FBE4FBE4FBE4FBE4FBDD
:10AA6000E4FBE4FBE40000C618C61800007BEF001E
:10AA7000007BEF00007BEF00007BEF7BEFFBE4FB54
:10AA8000E4FBE4FBE4FBE4FBE4FBE4FBE40000C6E2
:10AA900018C61800007BEF00007BEF00007BEF0082
:10AAA000007BEF7BEFFBE4E8E4E8E4E8E4E8E4E8DB
:10AAB000E4E8E4FBE40000C618C61800007BEF00E1
:10AAC000007BEF00007BEF00007BEF7BEFFBE4E817
:10AAD000E4E8E4E8E4E8E4E8E4E8E4FBE40000C6F1
:10AAE00018C61800007BEF00007BEF00007BEF0032
:10AAF000007BEF7BEFFBE4FBE4FBE4FBE4FBE4FB2C
:10AB0000E4FBE4FBE40000C618C61800007BEF7B02
:10AB1000EF7BEF7BEF7BEF7BEF7BEF7BEFFBE4FBF0
:10AB2000E4FBE4FBE4FBE4FBE4FBE4FBE40000C641
:10AB300018C618000000000000000000000000001F
:10AB40000000000000000000000000000000000005
:10AB500000000000000000C618C618C618C618C6B7
:10AB600018C618C618C618C618C618C618C618C6F5
:10AB700018C618C618C618C618C618C618C618C6E5
:10AB800018C618C618C618C618C618C618C618C6D5
:10AB900018C618C618C618C618C618C618C618C6C5
:10ABA00018C618C618C618C618C618000000000037
:10ABB0000000000000000000000000000000000095
:10ABC000000000000000000000000000000000C6BF
:10ABD00018C6180000B723B723B723B723B723B786
:10ABE00023B723B7237BEF7BEF7BEF7BEF7BEF7B01
:10ABF000EF7BEF7BEF0000C618C6180000B723B745
:10AC000023B72325892589B723B723B7237BEF7B78
:10AC1000EF00007BEF00007BEF00007BEF0000C641
:10AC200018C6180000B723B723258987E087E025D9
:10AC300089B723B7237BEF7BEF00007BEF00007B1E
:10AC4000EF00007BEF0000C618C6180000B723B75E
:10AC500023258987E087E02589B723B7237BEF7B0E
:10AC6000EF00007BEF00007BEF00007BEF0000C6F1
:10AC700018C6180000B723B723B72325892589B73D
:10AC800023B723B7237BEF7BEF00007BEF00007B34
:10AC9000EF00007BEF0000C618C6180000B723B70E
:10ACA00023B723B723B723B723B723B7237BEF7B80
:10ACB000EF7BEF7BEF7BEF7BEF7BEF7BEF0000C663
:10ACC00018C618000000000000000000000000008E
:10ACD0000000000000000000000000000000000074
:10ACE00000000000000000C618C618C618C618C626
:10ACF00018C618C618C618C618C618C618C618C664
:10AD000018C618C618C618C618C618C618C618C653
:10AD100018B4EDCEF349443A30783000000000001A
:10AD20000000000000000000000000000000000023
:10AD30000000000000000000000000000000000013
:10AD400000000000000000000000FD79FD79000017
:10AD50000000000000000000000000000000FD797D
:10AD6000FD79000000000000000000002589258911
:10AD7000258925892589258925890000000000006D
:10AD800000000000000000000000000000000000C3
:10AD900000000000000000000000000000000000B3
:10ADA000000000000000A254A254A254A254A254D5
:10ADB000A254A25400000000000000003A593A5981
:10ADC0003A593A593A593A593A593A593A593A59EB
:10ADD000000000000000000000000000FF80FF8075
:10ADE0000000000000000000000000000000000063
:10ADF00000000000E8E40000000000000000000087
:10AE0000FD79FD79FD7900000000000000000000E0
:10AE10000000FD79FD79FD790000000000000000D0
:10AE20000000258925892589258925892589258960
:10AE30002589000000000000000000000000000064
:10AE40000000FBE4FBE40000000000000000000044
:10AE50000000000000000000A254A254A254A2541A
:10AE6000A254A254A254A25400000000000000000A
:10AE70003A593A593A593A593A593A593A593A593A
:10AE80003A593A590000000000000000000000009C
:10AE9000AD20FF80FF8000000000000000000000E7
:10AEA0000000000000000000E8E4E8E4000000000A
:10AEB000000000000000FD79FD79FD790000000030
:10AEC000000000000000FD79FD79FD79FD790000AA
:10AED0000000000000000000000000000000000072
:10AEE0000000000000002589258900000000000006
:10AEF0000000000000006181FBE4FBE400000000B2
:10AF0000000000000000000000000000A254A25455
:10AF1000A25400000000000000000000000000003B
:10AF20000000000000000000000000000000000021
:10AF30003A593A59000000000000000000000000EB
:10AF4000000000000000FF80FF80FF80FF80000005
:10AF50000000000000000000000000000000E8E425
:10AF6000E8E400000000000000000000FD79FD7929
:10AF7000FD79FD790000000000000000FD79FD79F9
:10AF8000FD79FD7900000000000000000000258927
:10AF90000000000000000000000000002589258955
:10AFA000000000000000000000000000FBE4FBE4E3
:10AFB000FBE4FBE4000000000000000000000000D3
:10AFC0000000A254A2540000000000000000000095
:10AFD0000000000000000000000000000000000071
:10AFE0000000000000003A593A590000000000003B
:10AFF00000000000000000000000FF80FF80000053
:10B00000FF80FF8000000000000000000000000042
:10B0100000000000E8E4E8E4000000000000000098
:10B020000000FD79FD790000FD79FD790000000048
:10B03000FD79FD790000FD79FD7900000000000038
:10B040000000000025890000000000000000000052
:10B050000000258925890000000000000000000094
:10B06000FBE4FBE40000FBE4FBE400000000000064
:10B07000000000000000A254A254000000000000E4
:10B0800000000000000000000000000000000000C0
:10B090000000000000000000000000003A593A598A
:10B0A00000000000000000000000000000000000A0
:10B0B000FF80FF8000000000FF80FF800000000094
:10B0C00000000000000000000000E8E4E8E40000E8
:10B0D0000000000000000000FD79FD790000FD790E
:10B0E000FD790000FD79FD79FD790000FD79FD799C
:10B0F0000000000000000000000025892589258946
:10B1000025892589258925892589000000000000D9
:10B11000000000000000FBE4FBE400000000FBE492
:10B12000FBE400000000000000000000A254A25454
:10B13000000000000000000000000000000000000F
:10B1400000000000000000000000000000000000FF
:10B1500000003A593A5900000000000000000000C9
:10B1600000000000FF80FF80000000000000FF8062
:10B17000FF80000000000000000000000000000050
:10B18000E8E4E8E400000000000000000000FD79B1
:10B19000FD7900000000FD79FD79FD79FD79000061
:10B1A0000000FD79FD7900000000000000000000B3
:10B1B00025892589258925892589258909E300008F
:10B1C00000000000000000000000FBE4FBE40000C1
:10B1D00000000000FBE4FBE40000000000000000B1
:10B1E0000000A254A2540000000000000000000073
:10B1F000000000000000000000000000000000004F
:10B2000000000000000000003A593A590000000018
:10B2100000000000000000000000FF80FF80000030
:10B22000000000000000FF80FF8000000000000020
:10B23000000000000000E8E4E8E400000000000076
:10B2400000000000FD79FD7900000000FD79FD7926
:10B25000FD79000000000000FD79FD79000000008C
:10B260000000000000002589258900000000000082
:10B2700000000000000000000000000000000000CE
:10B28000FBE4FBE40000000000000000FBE4FBE442
:10B2900000000000000000000000A254A2540000C2
:10B2A000000000000000000000000000000000009E
:10B2B00000000000000000000000000000003A59FB
:10B2C0003A59000000000000000000000000FF806C
:10B2D000FF800000000000000000000000000000EF
:10B2E000000000000000000000000000E8E4E8E4C6
:10B2F00000000000000000000000FD79FD79000062
:10B3000000000000FD79FD79000000000000000051
:10B3100000000000000000000000000025892589D1
:10B32000000000000000000000000000000000001D
:10B3300000000000FBE4FBE400000000000000004F
:10B3400000000000000000000000000000000000FD
:10B35000A254A254A254000000000000000000000B
:10B3600000000000000000000000000000000000DD
:10B3700000000000000000000000000000000000CD
:10B3800000000000FF80FF800000000000000000BF
:10B3900000000000FF80FF800000000000000000AF
:10B3A0000000E8E4E8E40000000000000000000005
:10B3B000FD79FD79000000000000000000000000A1
:10B3C00000000000FD79FD79000000000000000091
:10B3D0000000258925890000000000000000000011
:10B3E00000000000000000000000FBE4FBE400009F
:10B3F00000000000000000000000FBE4FBE400008F
:10B400000000000000000000A254A254A254A25464
:10B41000A254A254A254A254000000000000000054
:10B42000000000000000000000003A593A590000F6
:10B430000000000000000000FF80FF80000000000E
:10B4400000000000000000000000FF80FF800000FE
:10B450000000000000000000E8E4E8E40000000054
:10B46000000000000000FD79FD79000000000000F0
:10B4700000000000000000000000FD79FD790000E0
:10B480000000000000000000258925890000000060
:10B490000000000000000000000000000000FBE4CD
:10B4A000FBE40000000000000000000000000000BD
:10B4B000FBE4FBE4000000000000000000000000CE
:10B4C0000000A254A254A254A254A254A254A254C2
:10B4D00020640000000000000000000000000000E8
:10B4E0003A593A59000000000000000000007BEFCC
:10B4F0007BEF7BEF7BEF7BEF7BEF7BEF7BEF7BEFFC
:10B500007BEF7BEF7BEF7BEF7BEF7BEF7BEF7BEFEB
:10B510007BEF7BEF7BEF7BEF7BEF7BEF7BEF7BEFDB
:10B520007BEF7BEF7BEF7BEF7BEF7BEF7BEF7BEFCB
:10B530007BEF7BEF7BEF7BEF7BEF7BEF7BEF7BEFBB
:10B540007BEF7BEF051D051D051D051D051D051D5B
:10B55000051D051D051D051D051D051D051D051DDB
:10B56000051D051D051D051D051D051D051D051DCB
:10B57000051D051D051D7BEF7BEF7BEF7BEF7BEF53
:10B580007BEF7BEF7BEF7BEF7BEF7BEF7BEF7BEF6B
:10B590007BEF7BEF7BEF7BEF7BEF7BEF7BEF7BEF5B
:10B5A0007BEF7BEF7BEF7BEF7BEF7BEF7BEF7BEF4B
:10B5B0007BEF7BEF7BEF7BEF7BEF7BEF7BEF7BEF3B
:10B5C0007BEF7BEF7BEF7BEF7BEF7BEF7BEF7BEF2B
:10B5D0007BEF7BEF7BEF7BEF051D051D051D051D3B
:10B5E000051D051D051D051D051D051D051D051D4B
:10B5F000051D051D051D051D051D051D051D051D3B
:10B60000051D051D051D051D051D051D051D7BEFE2
:10B610007BEF7BEF7BEF7BEF7BEF7BEF7BEF7BEFDA
:10B620007BEF7BEF7BEF7BEF7BEF7BEF7BEF7BEFCA
:10B630007BEF7BEF7BEF7BEF7BEF7BEF7BEF7BEFBA
:10B640007BEF7BEF7BEF7BEF7BEF7BEF7BEF7BEFAA
:10B650007BEF7BEF7BEF7BEF7BEF7BEF7BEF7BEF9A
:10B660007BEF7BEF7BEF7BEF7BEF7BEF7BEF051DD2
:10B67000051D7BEF7BEF7BEF7BEF7BEF7BEF7BEFC2
:10B680007BEF7BEF7BEF7BEF7BEF7BEF7BEF7BEF6A
:10B690007BEF7BEF7BEF7BEF7BEF7BEF7BEF7BEF5A
:10B6A000051D051D051D7BEF7BEF7BEF7BEF7BEF22
:10B6B0007BEF7BEF7BEF7BEF7BEF7BEF7BEF7BEF3A
:10B6C0007BEFBBCABBCABBCABBCABBCABBCABBCA6D
:10B6D000BBCABBCABBCABBCABBCABBCABBCABBCA42
:10B6E000BBCABBCABBCA7BEF7BEF7BEF7BEF7BEFB9
:10B6F0007BEF7BEF7BEF7BEF7BEF7BEF7BEF7BEFFA
:10B700007BEF051D051D7BEF7BEF7BEFE8E4E8E4B5
:10B71000E8E4E8E4E8E4E8E4E8E4E8E4E8E4E8E4C9
:10B72000E8E47BEF7BEF7BEF7BEF7BEF7BEF7BEF67
:10B730007BEF7BEF7BEF7BEF051D051D7BEF7BEF49
:10B740007BEF7BEF7BEF7BEF7BEF7BEF7BEF7BEFA9
:10B750007BEF7BEF7BEF7BEFBBCAC618C618C61822
:10B76000C618C618C618C618C618C618C618C618E9
:10B77000C618C618C618C618BBCABBCA7BEF7BEF73
:10B780007BEF7BEF7BEF7BEF7BEF7BEF7BEF7BEF69
:10B790007BEF7BEF7BEF7BEF051D051D7BEF7BEFE9
:10B7A000E8E4E8E4E8E4E8E4E8E4E8E4E8E4E8E439
:10B7B000E8E4E8E4E8E4E8E4E8E47BEF7BEF7BEF4F
:10B7C0007BEF7BEF7BEF7BEF7BEF7BEF7BEF051D71
:10B7D000051D7BEF7BEF7BEF7BEF7BEF7BEF7BEF61
:10B7E0007BEF7BEF7BEF7BEF7BEF7BEFBBCABBCAD3
:10B7F000C618C618C618C618C618C618C618C61859
:10B80000FBE4FBE4C618C618C618C618C618BBCA9F
:10B81000BBCA7BEF7BEF7BEF7BEF7BEF7BEF7BEFBD
:10B820007BEF7BEF7BEF7BEF7BEF7BEF7BEF051D10
:10B83000051D7BEF7BEFE8E4E8E47BEF7BEF7BEF3C
:10B840007BEF7BEF7BEF7BEF7BEF7BEFE8E4E8E4E4
:10B850007BEF7BEF7BEF7BEF7BEF7BEF7BEF7BEF98
:10B860007BEF7BEF051D051D7BEF7BEF7BEF7BEF18
:10B870007BEF7BEFFF80FF80FF80880288028802D9
:10B880008802BBCABBCAC618C618C618C618C618CE
:10B89000C618C618FBE4FBE4FBE4C618C618C618B5
:10B8A000C618C618BBCABBCA7BEF7BEF7BEF7BEF2A
:10B8B0007BEF7BEF7BEF7BEF7BEF7BEF7BEF7BEF38
:10B8C0007BEF7BEF051D051D7BEF7BEFE8E4E8E4F4
:10B8D0007BEF7BEF7BEF7BEF7BEF7BEF7BEF7BEF18
:10B8E000E8E4E8E4E8E4E8E47BEF7BEF7BEF7BEF80
:10B8F0007BEF7BEF7BEF7BEF051D051D051D051D18
:10B900007BEF7BEF7BEF7BEFFF80FF80FF80FF8093
:10B910008802880288028802BBCABBCAC618C61839
:10B92000C618C618C618C618C618FBE4FBE4C61825
:10B93000C618C618C618C618C618BBCABBCA7BEF3D
:10B940007BEF7BEF7BEF7BEF7BEF7BEF7BEF7BEFA7
:10B950007BEF7BEF7BEF7BEF7BEF051D051D7BEF27
:10B960007BEFE8E4E8E47BEF7BEF7BEF7BEF7BEFC3
:10B970007BEF7BEF7BEFE8E4E8E4E8E4E8E47BEFEF
:10B980007BEF7BEF7BEF7BEF7BEF7BEF7BEF051DAF
:10B99000051D051D051D7BEF7BEF7BEF7BEF7BEF2F
:10B9A000FF80FF80FF808802880288028802BBCA6D
:10B9B000BBCAC618C618C618C618C618C618FBE4EF
:10B9C000FBE4FBE4C618C618C618C618C618C61885
:10B9D000BBCABBCA7BEF7BEF7BEF7BEF7BEF7BEFE1
:10B9E0007BEF7BEF7BEF7BEF7BEF7BEF7BEF7BEF07
:10B9F000051D051D7BEF7BEFE8E4E8E47BEF7BEFC3
:10BA00007BEF7BEFFE41FE41FE41FE41FE41E8E45B
:10BA1000E8E4FE41FE41FE41FE41FE41FE41FE41A1
:10BA2000FE41FE41FE41051D051DFE41FE41FE4158
:10BA3000FE41FE417BEF7BEF7BEF7BEF7BEF7BEF0C
:10BA40007BEF7BEFBBCABBCAC618C618C618C618A0
:10BA5000C618C618FBE4FBE4C618C618C618C618F4
:10BA6000C618C618C618BBCABBCA25892589258928
:10BA70002589258925897BEF7BEF7BEF7BEF7BEFAA
:10BA80007BEF7BEF7BEF051D051D7BEF7BEFE8E494
:10BA9000E8E47BEF7BEF7BEF7BEFFE41FE41FE4175
:10BAA000FE41FE41E8E4E8E4FE41FE41FE41FE4184
:10BAB000FE41FE41FE41FE41FE41FE41051D051DC8
:10BAC000FE41FE41FE41FE41FE417BEF7BEF7BEFFD
:10BAD0007BEF7BEF7BEF7BEF7BEF7BEFBBCAC61887
:10BAE000C618C618C618C618FBE4FBE4FBE4C61863
:10BAF000C618C618C618C618C618C618C6188802AA
:10BB00008802C61888028802C6182589051D051DE9
:10BB1000051D051D051D051D051D051D051D051D15
:10BB20007BEF7BEFE8E4E8E47BEF7BEF7BEF7BEF01
:10BB3000FE41FE41FE41FE41FE41E8E4E8E4FE41F3
:10BB4000FE41FE41FE41FE41FE41FE41FE41FE41FD
:10BB5000FE41051D051DFE41FE41FE41FE41FE4127
:10BB60007BEF7BEF7BEF7BEF7BEF7BEF7BEF7BEF85
:10BB70007BEFBBCAC618C618C618C618FBE4FBE4A0
:10BB8000FBE4FBE4FBE4FBE4FBE4FBE4FBE4C618BE
:10BB9000C618C61888028802C61888028802C61805
:10BBA0002589051D051D051D051D051D051D051DF9
:10BBB000051D051D7BEF7BEF7BEFE8E4E8E47BEF01
:10BBC0007BEF7BEF7BEFFE41FD79FD79FD79FD7920
:10BBD000FD79FD79FD79FD79FD79FD79FD79FD79B5
:10BBE000FD79FD79FD79FD79FD79FD79FD79FD79A5
:10BBF000FD79FD79FE417BEF7BEF7BEF7BEF7BEF08
:10BC00007BEF7BEF7BEF7BEFBBCAC618C618C6186D
:10BC1000C618FBE4FBE4FBE4FBE4FBE4FBE4FBE42D
:10BC2000FBE4FBE4C618C618C61888028802C618CA
:10BC300088028802C6182589E8E4E8E4E8E4E8E434
:10BC4000E8E4E8E4E8E4E8E4E8E4E8E4E8E4E8E494
:10BC5000E8E4E8E47BEF7BEF7BEF7BEFFE41FD79EF
:10BC6000FD79FD79FD79FD79E8E4FD79FD79FD79CE
:10BC7000FD79FD79FD79FD79FD79FD79FD79FD7914
:10BC8000FD79FD79FD79FD79FD79FE417BEF7BEF53
:10BC90007BEF7BEF7BEF7BEF7BEF7BEF7BEFBBCA39
:10BCA000C618C618C618C618C618C618C618C618A4
:10BCB000C618FBE4FBE4FBE4C618C618C618C61891
:10BCC00088028802C61888028802C6182589E8E416
:10BCD000E8E4E8E4E8E4E8E4E8E4E8E4E8E4E8E404
:10BCE000E8E4E8E4E8E4E8E47BEF7BEF7BEF7BEF7C
:10BCF0007BEFFE41FD79FD79FD79FD79FD79E8E481
:10BD0000FD79FD79FD79FD79FD79FD79FD79FD7983
:10BD1000FD79FD79FD79FD79FD79FD79FD79FD7973
:10BD2000FE417BEF7BEF7BEF7BEF7BEF7BEF7BEFEE
:10BD30007BEFBBCABBCAC618C618C618C618C61839
:10BD4000C618C618C618C618FBE4FBE4C618C61801
:10BD5000C618C618BBCABBCA258925892589258965
:10BD6000258925897BEF7BEF7BEF7BEF7BEF7BEFFB
:10BD70007BEF7BEF7BEF7BEF7BEF7BEF7BEF7BEF73
:10BD80007BEF7BEF7BEF7BEFFE41FD79FD79FD796A
:10BD9000E8E4E8E4E8E4E8E4E8E4FD79FD79FD7945
:10BDA000FD79FD79FD79FD79051D051D051D051D33
:10BDB000FD79FD79FD79FE417BEFFF80FF80FF80FB
:10BDC0008802880288028802BBCABBCAC618C61885
:10BDD000C618C618C618C618C618C618FBE4FBE471
:10BDE000FBE4C618C618C618C618BBCABBCA7BEF88
:10BDF0007BEF7BEF7BEF7BEF7BEF7BEF7BEF7BEFF3
:10BE00007BEF7BEF7BEF7BEF7BEF7BEF7BEF7BEFE2
:10BE10007BEF7BEF7BEF7BEF7BEF7BEF7BEFFE41FD
:10BE2000FD79FD79FD79FD79FD79E8E4FD79FD790C
:10BE3000FD79FD79FD79FD79FD79FD79FD79FD7952
:10BE4000FD79FD79FD79FD79FD79FD79FE41FF8070
:10BE5000FF80FF80FF808802880288028802BBCAB8
:10BE6000BBCAC618C618C618C618C618C618C6183B
:10BE7000C618FBE4FBE4C618C618C618C618C618D0
:10BE8000BBCABBCA7BEF7BEF7BEF7BEF7BEF7BEF2C
:10BE90007BEF7BEF7BEF7BEF7BEF7BEF7BEF7BEF52
:10BEA0007BEF7BEF7BEF7BEF7BEF7BEF7BEF7BEF42
:10BEB0007BEF7BEFFE41FD79FD79FD79FD79FD7921
:10BEC000E8E4FD79FD79FD79FD79FD79FD79FD796C
:10BED000FD79FD79FD79FD79FD79FD79FD79FD79B2
:10BEE000FD79FE417BEFFF80FF80FF8088028802A2
:10BEF00088028802BBCABBCAC618C618C618C618AC
:10BF0000C618C618C618FBE4FBE4FBE4C618C6183E
:10BF1000C618C618C618BBCABBCA7BEF7BEF7BEF3F
:10BF20007BEF7BEF7BEF7BEF7BEF7BEF7BEF7BEFC1
:10BF30007BEF7BEF7BEF7BEF7BEF7BEF7BEF7BEFB1
:10BF40007BEF7BEF7BEF7BEF7BEFFE41FD79FD79B4
:10BF5000FD79FD79FD79FD79FD79FD79FD79FD7931
:10BF6000FD79FD79FD79FD79FD79FD79FD79FD7921
:10BF7000FD79FD79FD79FD79FE417BEF7BEF7BEF6C
:10BF80007BEF7BEF7BEF7BEF7BEFBBCABBCAC618B7
:10BF9000C618C618C618C618C618C618FBE4FBE4AF
:10BFA000C618C618C618C618C618C618BBCABBCA53
:10BFB0007BEF7BEF7BEF7BEF7BEF7BEF7BEF7BEF31
:10BFC0007BEF7BEF7BEF7BEF7BEF7BEF7BEF7BEF21
:10BFD0007BEF7BEF7BEF7BEF7BEF7BEF7BEF7BEF11
:10BFE000FE4188028802880288028802880288024C
:10BFF00088028802880288028802880288028802F1
:10C000008802880288028802880288028802FE412B
:10C010007BEF7BEF7BEF7BEF7BEF7BEF7BEF7BEFD0
:10C020007BEFBBCAC618C618C618C618C618C618ED
:10C03000C618C618C618C618C618C618C618C61810
:10C04000C618BBCABBCA7BEF7BEF7BEF7BEF7BEFF6
:10C050007BEF7BEF7BEF7BEF7BEF7BEF7BEF7BEF90
:10C060007BEF7BEF7BEF7BEF7BEF7BEF7BEF7BEF80
:10C070007BEF7BEF7BEFFE4188028802880288021B
:10C080008802880288028802880288028802880260
:10C090008802880288028802880288028802880250
:10C0A00088028802FE417BEF7BEF7BEF7BEF7BEF2B
:10C0B0007BEF7BEF7BEF7BEFBBCABBCABBCABBCAC4
:10C0C000BBCABBCABBCABBCABBCABBCABBCABBCA48
:10C0D000BBCABBCABBCABBCABBCABBCA7BEF7BEF6E
:10C0E0007BEF7BEF7BEF7BEF7BEF7BEF7BEF7BEF00
:10C0F0007BEF7BEF7BEF7BEF7BEF7BEF7BEF7BEFF0
:10C100007BEF7BEF7BEF7BEF7BEF7BEFFE41FE4135
:10C11000FE41FE41FE41FE41FE41FE41FE41FE4127
:10C12000FE41FE41FE41FE41FE41FE41FE41FE4117
:10C13000FE41FE41FE41FE41FE41FE410000000085
:10C1400000000000000000000000000000000000EF
:10C1500000000000000000000000000000000000DF
:10C1600000000000000000000000000000000000CF
:10C1700000000000000000000000000000000000BF
:10C1800000000000000000000000000000000000AF
:10C19000000000000000000000000000000000009F
:10C1A000DC8DE572E572E572E572E572E572E572C5
:10C1B000E572D5D5D5D5E572E572E572E572E57221
:10C1C000DC8DDC8D0000000000000000000000009D
:10C1D000000000000000000000000000000000005F
:10C1E00000000000000000000000000082A7BBCAA1
:10C1F000C67AC67AC67AC67AC67AC67AC67AB6DEEB
:10C20000ECECECECC67AC67AC67AC67AC67ABBCAB9
:10C21000BBCA000000000000000000000000000099
:10C22000000000000000000000000000FFA0FFA0D0
:10C23000FFA08802880288028802CC2BBBCAC618DD
:10C24000C618C618C618C618C618BE39FBE4FBC304
:10C25000FB60C618C618C618C618C618BBCABBCA23
:10C2600000000000000000000000000000000000CE
:10C270000000000000000000FFE0FFE0FFE0FFE042
:10C280009803980398039803BBCABBCAC618C6187C
:10C29000C618C618C618C618CDD5FBE4FBA2B69CB6
:10C2A000C618C618C618C618C618BBCABBCA10829C
:10C2B00010820000000000000000000000000000EC
:10C2C00000000000000000008C008C008C00480181
:10C2D000480148014801DC6CBBCAC618C618C6181C
:10C2E000C618C618BE7BFB81FBE4E4EDC618C61871
:10C2F000C618C618C618C618B368C46C95758410DD
:10C300003A893A89212439C7000000000000000062
:10C31000000000000000000000000000000000001D
:10C320000000000028C2BBCAC618C618C618C61826
:10C33000B69CF469FBE4FBE4AEDFB69CB69CB69C0D
:10C34000B69CC618C618C59590C480E5E71C9167D1
:10C350009167F79E8C71C638C63800000000000057
:10C3600000000000000000000000000000000000CD
:10C3700000000000BBCAC618C618C618C618FB8144
:10C38000FBA1FBC3FBC3FB81FBC3FBC3FBC3FB8163
:10C39000C618C618C67A80018800FFFF880088008A
:10C3A000FFFF7BEFFFFFFFFFFFFF0000000000002B
:10C3B000000000000000000000000000000000007D
:10C3C0000000BBCAC618C618C618C618F468F469B7
:10C3D000F469F469F468FBE4FBE4FBA1F468C618B3
:10C3E000C618C59590C480E5E71C91679167F79ED4
:10C3F0008C71C638FFFFFFFF000000000000000046
:10C4000000000000000000000000000000006205C5
:10C41000BBCAC618C618C618C618BE7BBE7BBE7B74
:10C42000BE7BAEDFFBE4FBE4DD0FBE7BC618C618A7
:10C43000B368C46C957584103A893A89212439C748
:10C440000000FFFFFFFF0000000000000000DE60B2
:10C45000DE60DE607002700270027002CC4CBBCAFB
:10C46000C618C618C618C618C618C618C618C639BB
:10C47000F447FBE4FB60BE5AC618C618C618BBCA10
:10C48000BBCA108210820000000000000000000003
:10C49000FFFFFFFF000000000000FFE0FFE0FFE003
:10C4A000FFE09803980398039803BBCABBCAC61859
:10C4B000C618C618C618C618C618C618C618FBC3AC
:10C4C000FBC3BE7BC618C618C618C618BBCABBCAF3
:10C4D00000000000000000000000FFFFFFFFFFFF62
:10C4E000FFFF0000000000000000B540B540B5406F
:10C4F0005801580158015801D44CBBCAC618C61877
:10C50000C618C618C618C618C618FB20FBA2EC8AA7
:10C51000C618C618C618C618C618BBCABBCA0000BB
:10C52000000000004A69FFFFFFFFB5B6B5960000A6
:10C5300000000000000000000000000000000000FB
:10C540000000000000004164BBCAC69BC69BC69B9E
:10C55000C69BC69BC69BC69BDDB3DDB3BEFEC69B1A
:10C56000C69BC69BC69BC69BBBCABBCA000000003D
:10C570000000FFFFFFFF630C000000000000000050
:10C5800000000000000000000000000000000000AB
:10C59000000000000000BBCABBCBBBCBBBCBBBCBFE
:10C5A000BBCBBBCBBBCBB40DB40DBBCBBBCBBBCBE5
:10C5B000BBCBBBCBBBCBBBCABBCA000000000000DF
:10C5C000000000000000000000000000000000006B
:10C5D000000000000000E4FBE4FB0000000000009D
:10C5E000000000000000E4FBE4FBE4FB00000000AE
:10C5F0000000000000000000E4FBE4FB000000007D
:10C600000000000000000000E4FBE4FBE4FB00008D
:10C6100000000000000000000000E4FBE4FB00005C
:10C6200000000000000000000000E4FBE4FBE4FB6D
:10C6300000000000000000000000E4FBE4FBE4FB5D
:10C64000E4FBE4FBE4FBE4FBE4FBE4FBE4FBE4FBF2
:10C65000E4FBE4FBE4FBE4FBE4FBE4FBE4FB0000C1
:10C660000000000000000000E4FBE4FBE4FB00002D
:10C6700000000000000000000000E4FBE4FB0000FC
:10C6800000000000000000000000E4FBE4FBE4FB0D
:10C69000000000000000000000000000E4FBE4FBDC
:10C6A000000000000000000000000000E4FBE4FBCC
:10C6B000E4FB000000000000000000000000E4FBBC
:10C6C000E4FB00000000000000000000000000008B
:10C6D0000000E4E8E4E8E4E8E4E80000000000002A
:10C6E000000000000000000000001D051D051D05E4
:10C6F0001D05000000000000000000000000000018
:10C700000000E4E8E4E8E4E8E4E8000000000000F9
:10C71000000000000000000000001D051D051D05B3
:10C720001D05000000000000000041FE41FE41FE2A
:10C7300041FE41FEE4E8E4E841FE41FE41FE41FEE7
:10C7400041FE41FE41FE41FE41FE41FE1D051D052B
:10C7500041FE41FE41FE41FE41FE41FE41FE41FEE1
:10C7600041FE41FEE4E8E4E841FE41FE41FE41FEB7
:10C7700041FE41FE41FE41FE41FE41FE1D051D05FB
:10C7800041FE41FE41FE41FE41FE41FE41FE41FEB1
:10C7900041FE41FEE4E8E4E841FE41FE41FE41FE87
:10C7A00041FE41FE41FE41FE41FE41FE1D051D05CB
:10C7B00041FE41FE41FE41FE41FE41FE18C618C643
:10C7C00018C618C618C618C618C618C618C618C679
:10C7D00018C618C618C618C618C618C618C618C669
:10C7E00018C618C618C618C641FE41FE18C618C697
:10C7F00018C618C618C6E4E818C618C618C618C65B
:10C8000018C618C618C618C618C618C618C618C638
:10C8100018C618C618C618C641FE41FE18C618C666
:10C8200018C618C618C6E4E818C618C618C618C62A
:10C8300018C618C618C618C618C618C618C618C608
:10C8400018C618C618C618C641FE41FE18C618C636
:10C8500018C6E4E8E4E8E4E8E4E8E4E818C618C642
:10C8600018C618C618C618C618C61D051D051D050C
:10C870001D0518C618C618C641FE41FE18C618C6C2
:10C8800018C618C618C6E4E818C618C618C618C6CA
:10C8900018C618C618C618C618C618C618C618C6A8
:10C8A00018C618C618C618C641FE41FE18C618C6D6
:10C8B00018C618C618C6E4E818C618C618C618C69A
:10C8C00018C618C618C618C618C618C618C618C678
:10C8D00018C618C618C618C641FE41FE18C618C6A6
:10C8E00018C618C618C618C618C618C618C618C658
:10C8F00018C618C618C618C618C618C618C618C648
:10C9000018C618C618C618C641FE41FE028802881D
:10C9100002880288028802880288028802880288C7
:10C9200002880288028802880288028802880288B7
:10C93000028802880288028841FE41FE028802883D
:10C940000288028802880288028802880288028897
:10C950000288028802880288028802880288028887
:10C96000028802880288028841FE41FE41FE41FEA3
:10C9700041FE41FE41FE41FE41FE41FE41FE41FEBF
:10C9800041FE41FE41FE41FE41FE41FE41FE41FEAF
:10C9900041FE41FE41FE41FE41FE0000000000005C
:10C9A0000000000000000000000000000000000087
:10C9B000D9DA000079DA0000000000000000000071
:10C9C0000000000000000000000000000000000067
:10C9D00000000000ECEA0100000000000000000080
:10C9E00000000000A8EA01000000000001000000B3
:10C9F000000000009CEA01000000000002000000AE
:10CA000000000000B8EA0100000000000300000080
:10CA100000000000DCEA010001000000040000004A
:10CA200000000000C8EA010001000000050000004D
:10CA30000000000094EE010000000000640000000F
:10CA4000010000000200000000000000C4010020FE
:10CA500005000100A18100000000000000000000AE
:10CA6000F0EA0100000000000000000000000000EB
:10CA700015FA00000969000030EB01000000000019
:10CA8000000000000000000040EB0100000000007A
:10CA9000010000000000000050EB01000000000059
:10CAA000020000000000000060EB01000000000038
:10CAB000030000000000000070EB01000000000017
:10CAC000040000000000000000EB01000000000076
:10CAD000050000000000000010EB01000000000055
:10CAE000060000000000000020EB01000000000034
:10CAF000070000000000000094EE010000000000AC
:10CB000064000000010000000200000000000000BE
:10CB100078CA0100EDFF0000018100000000000064
:10CB20000000000080EB0100000000000000000099
:10CB3000000000000000000000000000B4EB010055
:10CB400001000000C002002000010000C4EB010051
:10CB500001000000C102002000000000A4EB010061
:10CB600001000000C302002000000000CCEB010027
:10CB700001000000C20200200000000094EB010050
:10CB800001000000C40200200000000094EE01003B
:10CB9000000000003D00002001000000B4EB010097
:10CBA00001000000C002002000010000C4EB0100F1
:10CBB00001000000C102002000000000A4EB010001
:10CBC00001000000C302002000000000CCEB0100C7
:10CBD00001000000C20200200000000094EE0100ED
:10CBE000000000003D0000200100000003000000E4
:10CBF0009CCB0100000000000000000000000000CD
:10CC0000000000000000000048EF010000000000EC
:10CC10000000000005D100000000000029440100D0
:10CC2000030000003CCB01000000000000000000F9
:10CC300000000000000000000000000048EF0100BC
:10CC4000000000000000000005D10000000000000E
:10CC50002944010038EC0100000000003C000020E5
:10CC6000017C00000CEC0100000000003C000020F2
:10CC7000ED21010090EC0100000000003C000020CC
:10CC80007922010080EC0100000000003C0000203F
:10CC9000897A000048EC0100000000003C00002000
:10CCA000657C00001CEC0100000000003C0000203E
:10CCB000557C00005CEC010000000000DA0200205E
:10CCC000B97C0000F0EA010000000000D70200205B
:10CCD0003D7B000070EC0100000000003C000020E3
:10CCE0009579000048EF010000000000D602002006
:10CCF000057A00002CEC010000000000CE000020AE
:10CD00000D7B00005CEF010000000000D502002058
:10CD1000E579000080EB010000000000CF0000205A
:10CD2000CD7A0000BCEC01000000000028030020C8
:10CD3000C579000000ED010000000000CD000020DA
:10CD4000D1780000D0EC010000000000D0000020ED
:10CD5000A9340000E0EC0100000000003C000020CD
:10CD6000D5790000A8EC0100000000007C03002041
:10CD7000D94E0100F0EC010000000000D1000020BD
:10CD8000DD7A00000CED010000000000D200002060
:10CD90008579000034EF010000000000DC02002073
:10CDA000C97C0000DCEB0100000000003C0000201A
:10CDB000C94E0100ECEB0100000000003C00002027
:10CDC0007D7B000020ED0100000000003C00002001
:10CDD000D57B000000EC010000000000CC0000202A
:10CDE0002DE50000A0EC0100000000003C00002048
:10CDF000C1780000ECF30100010000003C000020BD
:10CE00000000000001000000000000000000000021
:10CE10000000000000000000000000000000000012
:10CE200030ED010054CC010000000000D5120100DB
:10CE30000000000000000000CCED01000000000038
:10CE40003C000020997A0000F0ED01000000000095
:10CE50003C0000206D7B0000A4ED010000000000FC
:10CE60003C0000205D7B000090ED01000000000010
:10CE70003C000020F579000058ED010000000000A2
:10CE80003C000020C57B0000E0ED01000000000038
:10CE90003C000020A97A00007CED010000000000A9
:10CEA000D3000020ED7A000068ED010000000000D2
:10CEB0003C000020317C0000B8ED010000000000C3
:10CEC000D4000020217C000044ED0100000000009F
:10CED0003C0000204D7B0000F0F301000100000049
:10CEE0003C000020000000000100000000000000E5
:10CEF0000000000000000000000000000000000032
:10CF0000000000005CEF010038CE010000000000CE
:10CF100075130100892201000000000000000000DC
:10CF20000000000000000000000000000000000001
:10CF3000CD520000815E0000F4F30100000000000B
:10CF40000000000000000000150F0100150F010097
:10CF500020EE010000000000EC000020091101009B
:10CF600050EE01000000000028030020050F010022
:10CF700064EE0100000000003C000020B50F01003D
:10CF800044F30100000000003C000020D9470000ED
:10CF900040EE010000000000ED0000204D4A0100BD
:10CFA00030EE010000000000ED00002055200100DF
:10CFB00010EE0100000000003C000020C14C010008
:10CFC00000EE0100000000003C00002075D10000D0
:10CFD00074EE0100000000003C000020596B0000CE
:10CFE00004F40100010000003C00002000000000EB
:10CFF0000100000000000000000000000000000030
:10D0000000000000000000000000000020ED010012
:10D0100050CF0100000000005912010075600000AF
:10D020000000000000000000000000000000000000
:10D030000000000000000000DD7300004D4800000B
:10D0400008F40100000000000000000000000000E3
:10D05000A10F01000000000000000000000000001F
:10D06000000000000000000000000000DD73000070
:10D070004D48000018F4010000000000000000000E
:10D0800000000000F9200100000000000000000086
:10D090000000000000000000000000000000000090
:10D0A000DD7300004D4800002CF40100000000007A
:10D0B00000000000000000001D2101000000000031
:10D0C0000000000000000000000000000000000060
:10D0D000000000005524010091620000BCEC01003A
:10D0E000000000000000000000000000C50F01006B
:10D0F000000000006D410000BCA4BDF80000B1A319
:10D10000CAD800000000000000000000000000007D
:10D110000000000000000000A5B4000000000000B6
:10D12000CCED010000000000000000000000000045
:10D130000163000019660000B402002064000000D2
:10D14000DC0500003200000084EE010090EE0100DA
:10D1500088EE0100491101000000000000000000FD
:10D16000000000000000000000000000EDF90000D9
:10D1700000000000F0ED01000000000000000000D1
:10D180000000000081BA000000000000B80200208A
:10D19000100E0000861000000A00000098EE01004A
:10D1A00090EE01009CEE01006912010000000000F9
:10D1B000000000000000000000000000000000006F
:10D1C000794E01000000000090ED01000000000019
:10D1D000000000000000000081BA00000000000014
:10D1E000000000000000000000000000000000003F
:10D1F00000000000C136010091690000A8EC0100A8
:10D20000000000000000000000000000910F01007D
:10D21000000000000000000000000000000000000E
:10D2200000000000000000008928010051360100C4
:10D23000DCEB010000000000000000000000000026
:10D24000810F010000000000E0EC01000000000080
:10D250003C000020D5790000F0EA01000000000049
:10D26000D70200203D7B000048EC010000000000D8
:10D270003C000020657C0000D0EC010000000000B4
:10D28000D0000020A9340000BCEC01000000000028
:10D2900028030020C5790000A8EC01000000000070
:10D2A0007C030020D94E010064EE01000000000064
:10D2B0007C030020B50F010000ED0100000000001C
:10D2C000CD000020D1780000F0EC0100000000004B
:10D2D000D1000020DD7A00000CEC0100000000000D
:10D2E0003C000020ED21010090EC01000000000056
:10D2F0003C0000207922010080EC010000000000C9
:10D300003C000020897A0000DCEB010000000000F6
:10D310003C000020C94E0100ECEB010000000000C1
:10D320003C0000207D7B000000EC010000000000BC
:10D33000CC0000202DE50000A4EE0100000000005C
:10D340003C0000205D790000A0EC0100000000001E
:10D350003C000020C17800003CF401000100000006
:10D360003C00002000000000000000000000000061
:10D3700000000000000000000000000000000000AD
:10D38000000000000000000000000000000000009D
:10D39000000000000000000001000000000000008C
:10D3A000000000000000000000000000000000007D
:10D3B0000000000024EE010048D20100000000003F
:10D3C000D51201000000000000000000B4EE0100D2
:10D3D00000000000C702002000000000BCEE0100B9
:10D3E00000000000C60200200000000054020020DF
:10D3F00001000000C802002000000000D0EE010083
:10D4000000000000C902002000000000C4EE01007E
:10D4100000000000CA02002000000000DCEE010055
:10D4200000000000CB0200200000000094EE01008C
:10D43000000000003D00002001000000030000008B
:10D44000CCD301000000000000000000000000003C
:10D450000000000000000000E8EE010000000000F5
:10D460000000000039110100D1FA000000000000A6
:10D4700000000000000000000000000000000000AC
:10D4800000000000894E010000000000A4EE010031
:10D4900000000000000000000000000085F5000012
:10D4A0000000000080EF010001000000D402002015
:10D4B0000000000094EF010001000000DB020020EA
:10D4C0000000000058EF010001000000D50200201C
:10D4D0000000000044EF010001000000D60200201F
:10D4E00000000000F4EE010001000000D90200205D
:10D4F000000000006CEF010001000000D7020020D6
:10D50000000000001CEF010001000000D802002014
:10D510000000000008EF010001000000DA02002016
:10D520000000000030EF010001000000DC020020DC
:10D530000000000094EE0100000000003D0000200B
:10D540000100000003000000A4D40100000000005E
:10D5500000000000000000000000000000000000CB
:10D5600038EC0100000000000000000005D10000C0
:10D5700000000000000000000000000000000000AB
:10D58000000000000000000000000000A94E0100A3
:10D5900000000000A8EF01000000000000000000F3
:10D5A0000000000085F50000000000000000000001
:10D5B000000000000000000000000000000000006B
:10D5C000F53200009D320000A0EC010000000000D8
:10D5D0000000000000000000FDF900000000000055
:10D5E000EC02002050000000690000000100000073
:10D5F000C0EF0100B8EF0100C4EF01002D480000AA
:10D60000000000000000000000000000000000001A
:10D610000000000031480100000000005CEC010047
:10D6200000000000000000000000000081BA0000BF
:10D6300000000000000000000000000000000000EA
:10D64000000000000000000001350000513F000014
:10D6500000ED0100000000000000000000000000DC
:10D66000ED340000B17D000000000000000000006B
:10D670000000000000000000000000003D49010023
:10D68000F94801000CEC010000000000000000005F
:10D6900000000000957C000000000000CCEF0100BD
:10D6A000010000000300000000000000DCEF0100AA
:10D6B00001000000020000000000000094EE0100E4
:10D6C00000000000640000000100000002000000F3
:10D6D000000000009CD60100D5FF00009D800000E6
:10D6E0000000000000000000ECEF0100000000005E
:10D6F000000000000000000000000000000000002A
:10D700000000000000000000000000000000000019
:10D71000000000008575000015D10000D0EC01006C
:10D720000000000000000000000000009D780000E4
:10D7300000000000252E32665628252E3366562F0F
:10D7400043656C6C29000000FCEF01000100000043
:10D75000000000000000000068020020000000003F
:10D7600001000000000000007D0200200000000019
:10D7700002000000000000009202002000000000F3
:10D78000030000000000000094EE01000000000013
:10D790006400000001000000020000000000000022
:10D7A00048D7010051000100318200000000000054
:10D7B0000000000058ED0100000000000000000023
:10D7C0000000000000000000000000001CF001004C
:10D7D00000000000040000000000000034F0010020
:10D7E00000000000050000000000000024F001001F
:10D7F0000000000006000000000000003CF00100F6
:10D800000000000007000000000000002CF00100F4
:10D8100000000000080000000000000044F00100CB
:10D820000000000009000000000000000CF00100F2
:10D83000010000000A0000000000000094EE01005A
:10D840000000000064000000010000000200000071
:10D8500000000000CCD70100E1FF0000CD800000F7
:10D860000000000000000000E0ED010000000000EA
:10D8700000000000000000000000000000000000A8
:10D880000000000000000000000000000000000098
:10D89000000000009570000049D100004CF001002C
:10D8A000000000000000000000000000F57B000008
:10D8B0000000000058F0010000000000000000001F
:10D8C0000000000064F00100000000000100000002
:10D8D0000000000094EE0100000000006400000061
:10D8E000010000000200000000000000B4D80100A8
:10D8F000F9FF000019810000000000000000000096
:10D900007CED0100000000000000000000000000AD
:10D910000000000000000000000000000000000007
:10D9200000000000000000000000000095CE000094
:10D93000EDCD00000000000000000000000000002D
:10D9400000000000000000000000000080F0010066
:10D9500001000000F20200200000000074F001004D
:10D9600001000000F10200200000000094EE010020
:10D97000000000003D000020010000000300000046
:10D980004CD9010000000000000000000000000071
:10D99000000000000000000080EC0100000000001A
:10D9A0000000000009480000000000000000000026
:10D9B000C4F00100010000000300000000000000AE
:10D9C000B4F00100010000000200000000000000AF
:10D9D000A4F00100010000000100000000000000B0
:10D9E00090F00100010000000000000000000000B5
:10D9F00094EE01000000000064000000010000003F
:10DA00000200000000000000B0D90100A1FF0000EA
:10DA100061800000000000000000000070EC0100C8
:10DA200000000000000000000000000000000000F6
:10DA300000000000000000000000000000000000E6
:10DA40000000000000000000B1490000894800000B
:10DA500040F4010000000000000000000000000091
:10DA6000D50F0100D50F01000000000000000000EC
:10DA70000000000000000000000000002143000042
:10DA80002141000050F401000000000000000000EF
:10DA900000000000ED7700005D0F0100D0F00100F4
:10DAA000010000000100000000000000E0F00100A3
:10DAB000000000000200000000000000E8F001008B
:10DAC0000000000003000000000000001CF0010046
:10DAD00000000000040000000000000034F001001D
:10DAE00000000000050000000000000024F001001C
:10DAF0000000000006000000000000003CF00100F3
:10DB00000000000007000000000000002CF00100F1
:10DB100000000000080000000000000044F00100C8
:10DB20000000000009000000000000000CF00100EF
:10DB3000010000000A0000000000000094EE010057
:10DB4000000000006400000001000000020000006E
:10DB5000000000009CDA0100E1FF0000CD80000021
:10DB60000000000000000000E0ED010000000000E7
:10DB700000000000000000000000000000000000A5
:10DB800018F10100000000003C000020297A00008C
:10DB900028F10100000000003C000020A97C0000EA
:10DBA00004F10100000000003C000020757C000032
:10DBB000F0F00100000000003C000020857C000027
:10DBC00038F10100000000003C000020B5790000A1
:10DBD00048F10100000000003C000020A579000091
:10DBE00060F40100010000003C0000200000000083
:10DBF0000100000000000000000000000000000024
:10DC000000000000000000000000000034EF0100F0
:10DC100080DB01000000000075130100000000001F
:10DC20000000000058F101000100000000000000A9
:10DC30000000000068F10100010000000100000088
:10DC40000000000094EE01000000000064000000ED
:10DC500001000000020000000000000024DC0100C0
:10DC600089010100E58200000000000000000000C2
:10DC700018F101000000000000000000000000009A
:10DC80000000000000000000E4020020F401000099
:10DC9000DC0500000100000078F101007CF10100CA
:10DCA00084F1010085130100E8020020F401000066
:10DCB000DC0500000100000078F101007CF10100AA
:10DCC00084F1010085130100E0020020F40100004E
:10DCD000DC0500000100000078F101007CF101008A
:10DCE00084F1010085130100000000000000000025
:10DCF000000000000000000000000000F9680000C3
:10DD00000000000004F1010000000000000000001D
:10DD10000000000081BA00000000000000000000C8
:10DD200000000000000000000000000000000000F3
:10DD3000E587000000000000F0F001000000000096
:10DD4000000000000000000081BA00000000000098
:10DD500000000000000000000000000000000000C3
:10DD600000000000694E01000000000028F10100E1
:10DD700000000000000000000000000081BA000068
:10DD80000000000000030020DC050000CE180000A9
:10DD90003200000084EE010094EE010094EE0100D8
:10DDA0003911010004030020D0070000CE18000044
:10DDB0003200000084EE010094EE010094EE0100B8
:10DDC0003911010000000000000000000000000008
:10DDD000000000000000000059F2000000000000F8
:10DDE0008CF10100000000000000000000000000B5
:10DDF00081BA0000BD6800000000000000000000C3
:10DE000000000000000000000000000069F20000B7
:10DE1000000000009CF10100000000000000000074
:10DE20000000000081BA0000BD680000ACF10100F4
:10DE3000000000003C000020FD7A0000B8F1010065
:10DE4000000000003C000020797A00008CF1010005
:10DE500000000000410100201D7B00009CF101003A
:10DE600000000000420100202D7B0000F8F10100BD
:10DE70000000000043010020697A0000D8F1010091
:10DE80000000000044010020397A0000E8F10100A0
:10DE90000000000045010020497A0000C8F101009F
:10DEA0000000000046010020597A000064F40100DF
:10DEB000010000003C000020000000000100000004
:10DEC0000000000000000000000000000000000052
:10DED00000000000000000002CEC01002CDE01001E
:10DEE0000000000075130100116800000000000030
:10DEF0006CF2010001000000080300200000000097
:10DF000044F20100010000000903002000000000AD
:10DF100058F20100010000000A0300200000000088
:10DF200030F20100010000000B030020000000009F
:10DF300008F2010001000000FC02002000000000C7
:10DF40001CF2010001000000FD02002000000000A2
:10DF500094EE0100000000003D00002001000000E0
:10DF600003000000F0DE01000000000000000000DF
:10DF7000000000000000000000000000B8F10100F7
:10DF80000000000000000000391101000000000046
:10DF9000000000000C030020F4010000B80B00009A
:10DFA0000A00000084EE010094EE010094EE0100EE
:10DFB0003911010010030020F4010000B80B00002B
:10DFC0000A00000084EE010094EE010094EE0100CE
:10DFD0003911010014030020F4010000B80B000007
:10DFE0000A00000084EE010094EE010094EE0100AE
:10DFF0003911010018030020E8030000A00F000001
:10E000000A00000084EE010094EE010094EE01008D
:10E010003911010018030020E8030000581B00001C
:10E020003200000084EE010094EE010094EE010045
:10E030003911010000000000000000000000000095
:10E0400000000000000000005180000000000000FF
:10E05000F8F10100000000000000000000000000D6
:10E0600081BA000000000000000000000000000075
:10E070000000000000000000000000006D7F0000B4
:10E0800000000000D8F101000000000000000000C6
:10E090000000000081BA0000000000000000000045
:10E0A0000000000000000000000000000000000070
:10E0B0007D7F000000000000E8F10100000000008A
:10E0C000000000000000000081BA00000000000015
:10E0D0000000000000000000000000000000000040
:10E0E000000000002D80000000000000C8F10100C9
:10E0F0000000000000000000000000008D7F000014
:10E10000D57F0000B0F20100010000000000000017
:10E110000000000080F2010001000000010000008A
:10E120000000000090F20100010000000200000069
:10E1300000000000A0F20100010000000300000048
:10E140000000000094EE01000000000064000000E8
:10E1500001000000020000000000000004E10100D6
:10E160007D010100B18200000000000000000000FD
:10E1700048EC01000000000000000000000000006A
:10E180000000000000000000DCF2010001000000BF
:10E190004801002000000000B4F20100010000006E
:10E1A0004901002000000000D0F201000100000041
:10E1B0004B01002000000000C0F20100010000003F
:10E1C0004A0100200000000094EE01000000000061
:10E1D0003D000020010000000300000088E1010074
:10E1E00000000000000000000000000095FD00009D
:10E1F00000000000E8F20100000000000000000044
:10E20000591101008D7B0000000000002003002058
:10E2100020030000B00400000100000078F10100BC
:10E220007CF1010084F1010085130100240300202A
:10E2300020030000B00400000100000078F101009C
:10E240007CF1010084F10100851301000000000051
:10E2500000000000000000000000000000000000BE
:10E26000C94E00000000000048F10100000000005D
:10E27000000000000000000081BA000085D100000D
:10E28000000000000000000000000000000000008E
:10E2900000000000D94E00000000000038F101002D
:10E2A00000000000000000000000000081BA000033
:10E2B00085D1000000000000000000000000000008
:10E2C0000000000000000000F9B40000B5B4000038
:10E2D00068F40100000000000000000000000000E1
:10E2E000F90E0100000000000CF301000100000025
:10E2F0000000000000000000F4F201000100000036
:10E30000010000000000000094EE01000000000089
:10E310006400000001000000020000000000000096
:10E32000E8E20100C9FF0000798000000000000061
:10E33000000000001CEC01000000000000000000D4
:10E3400000000000000000000000000000000000CD
:10E3500000000000000000000000000000000000BD
:10E36000FD7200004D48000070F401000000000044
:10E370000000000000000000510F0100000000003C
:10E38000000000000000000000000000000000008D
:10E39000000000006DFE00004D48000080F4010008
:10E3A000000000000000000000000000510F01000C
:10E3B000000000000000000000000000000000005D
:10E3C0000000000000000000456E00004D48000005
:10E3D00090F40100000000000000000000000000B8
:10E3E000510F0100000000000000000000000000CC
:10E3F0000000000000000000000000006520010097
:10E400004D480000A0F401000000000000000000E2
:10E4100000000000510F010000000000000000009B
:10E4200000000000000000000000000000000000EC
:10E43000B94E010000000000A8EF0100000000003C
:10E44000000000000000000085F500000000000052
:10E4500000000000000000000000000000000000BC
:10E4600000000000994E010000000000A8EF01002C
:10E4700000000000000000000000000085F5000022
:10E480000000000018F3010001000000010000007E
:10E49000000000002CF3010001000000000000005B
:10E4A0000000000094EE0100000000006400000085
:10E4B00001000000020000000000000084E40100F0
:10E4C0002901010049820000000000000000000056
:10E4D00040F3010000000000000000000000000008
:10E4E000000000000000000000000000000000002C
:10E4F000000000000000000000000000696B000048
:10E500004D480000B0F401000000000000000000D1
:10E5100000000000496B00000000000064F30100EF
:10E5200001000000D10200200000000054F30100AF
:10E5300001000000D202002000000000CCEB01002E
:10E5400001000000D00200200000000094EE010055
:10E55000000000003D0000200100000064F3010005
:10E5600001000000D10200200000000054F301006F
:10E5700001000000D202002000000000CCEB0100EE
:10E5800001000000D00200200000000084F3010020
:10E5900001000000CE0200200000000074F3010022
:10E5A00001000000CD0200200000000094EE0100F8
:10E5B000000000003D0000200100000003000000FA
:10E5C0001CE5010000000000000000000000000049
:10E5D000000000000000000094F3010000000000B3
:10E5E0000000000069120100000000005D630000EF
:10E5F000030000005CE501000000000000000000D6
:10E6000000000000000000000000000068ED0100B4
:10E61000000000000000000069120100000000007E
:10E620005D6300000200000000000000C401002043
:10E6300035010100618200000000000000000000C0
:10E64000A8F301000000000000000000000000002E
:10E6500015FA000009690000BCF301000100000088
:10E660000000000000000000E0F3010001000000D5
:10E670000100000000000000D8F3010000000000CD
:10E680000200000000000000DCF3010000000000B8
:10E690000300000000000000D0F3010000000000B3
:10E6A0000400000000000000D4F30100010000009D
:10E6B0000500000000000000CCF301000100000094
:10E6C000060000000000000094EE010000000000C1
:10E6D00064000000010000000200000000000000D3
:10E6E000C401002099B5000079120100000000006B
:10E6F00000000000ECEB0100000000000000000042
:10E700000000000021FB00000000000060EB0100A1
:10E7100000000000030000000000000070EB01009A
:10E7200000000000040000000000000000EB0100F9
:10E7300000000000050000000000000010EB0100D8
:10E7400000000000060000000000000020EB0100B7
:10E7500000000000070000000000000094EE01002F
:10E760000000000064000000010000000200000042
:10E77000000000000CE701004100010011820000D0
:10E780000000000000000000A4ED010000000000F7
:10E790000000000000000000000000000000000079
:10E7A0000000000000000000000000000000000069
:10E7B000000000001DF80000E9470000C0F401005F
:10E7C000000000000000000000000000F10F010048
:10E7D00000000000AA55351A4C0288283573BC90F9
:10E7E00028DE02A5303132333435363738394142EC
:10E7F00043444546403058003031323334353637A3
:10E80000383961626364656640307800040000084E
:10E810000000000000000002000100001080807F66
:10E820007E7D7C7B7A797877767675747372717178
:10E83000706F6E6E6D6C6C6B6A6A6968686766662D
:10E84000656464636362616160605F5F5E5E5D5DBD
:10E850005C5C5B5B5A5A5959585857575656555530
:10E86000555454535352525251515050504F4F4F90
:10E870004E4E4D4D4D4C4C4C4B4B4B4A4A4A4949E0
:10E880004948484847474747464646454545444422
:10E890004444434343434242424241414181828393
:10E8A0008485868788898B8C8D8E8F91929395969F
:10E8B00097999A9C9D9FA0A2A3A5A7A8AAACAEB029
:10E8C000B2B3B5B7B9BCBEC0C2C5C7C9CCCED1D42E
:10E8D000D7D9DCDFE2E6E9ECF0F3F7FAFE0000005E
:10E8E00004FA97999999D93FAF788E1DC571CC3F9D
:10E8F0009FC678D0099AC33F935555555555E53F66
:10E90000599322942449D23FDE03CB966446C73FF5
:10E9100044523EDF12F1C23F000000000000F03F11
:10E92000000000000000F83F0000000000000000B0
:10E930000000004003B8E23F0000000000000000BB
:10E9400006D0CF43EBFD4C3E033333333333E33F49
:10E95000FFAB6FDBB66DDB3F4D268F515555D53F75
:10E9600001411DA96074D13F65DBC9934A86CD3F43
:10E97000EF4E454A287ECA3F3E5555555555C53F31
:10E9800093BDBE166CC166BF2CDE25AF6A56113F23
:10E99000F16BD2C541BDBBBED0A4BE726937663E25
:10E9A000000000000000000002400000000000A085
:10E9B0000000000005400000000000C8000000004A
:10E9C0000C4000000000409C0000000019400000C6
:10E9D0000020BCBE0000000034400000BFC91B8EF8
:10E9E00000000004B5400000504BCFD06607E2CFD6
:10E9F000010000006C4100003E8251AADFEEA73406
:10EA000001000000D9420000DCB5A0E23A301F97B7
:10EA1000FFFFFFFFB4450000FD25A0C8E9A3C14FDB
:10EA2000FFFFFFFFFF3F000000000080000000002C
:10EA3000FF3F0000000000800000000043616C52B6
:10EA400065675F4F56460000534D4255535F4E4138
:10EA5000434B00004E6F7447656E75696E65446583
:10EA6000766963650000000057726974655F416CE8
:10EA7000657274436667000057726974655F436F1F
:10EA80006E6669670000000057726974655F4361D4
:10EA90006C6962726174696F6E00000036305728CD
:10EAA000323056334129000034355728323056323F
:10EAB0002E32354129000000363557283230563382
:10EAC0002E323541290000003134305728C0ACBB0C
:10EAD000F8B5E7B3D8B1F0D3C329000031303057CF
:10EAE00028CCCCCCCCCCCC29000000003330570053
:10EAF000B3E4B7C5B5E7B9A6C2CAC5E4D6C300003A
:10EB0000333030306D5628332E3056290000000047
:10EB1000333130306D5628332E3156290000000035
:10EB2000333230306D5628332E3256290000000023
:10EB3000323530306D5628322E355629000000000F
:10EB4000323630306D5628322E36562900000000FD
:10EB5000323730306D5628322E37562900000000EB
:10EB6000323830306D5628322E38562900000000D9
:10EB7000323930306D5628322E39562900000000C7
:10EB8000B7C5B5E7B5CDD1B9B1A3BBA4C5E4D6C36C
:10EB900000000000B8DFB9A6C2CA53435028313084
:10EBA0003057290053435028BBAACEAA32355729E3
:10EBB00000000000B7C5B5E7CFB5CDB3D7DCBFAA1D
:10EBC000B9D800005044D0ADD2E9000051432C41E7
:10EBD0004643B5C8C0CFD0ADD2E90000B2E9BFB45A
:10EBE000D0BEC6ACD7B4CCAC0000000053696E6B8D
:10EBF0002050444FC1D0B1EDB2E9D1AF00000000C8
:10EC0000B9D8B1D5CFB5CDB3000000005479706547
:10EC10002D43C1B4C2B7D6D8D6C30000CFB5CDB34B
:10EC2000D0DDC3DFC5E4D6C3000000005044CAE411
:10EC3000B3F6C5E4D6C30000CFB5CDB3B0B2C8AB10
:10EC4000C9E8D6C300000000B3A4C6DAB4E6B4A293
:10EC5000C4A3CABDC9E8D6C300000000B9FDC8C836
:10EC6000B1A3BBA4CEC2B6C8C9E8D6C30000000099
:10EC7000D6F7B6AFBEF9BAE2C9E8D6C300000000C5
:10EC8000475549CAD7D1A1CFEEC9E8D6C300000085
:10EC9000CFD4CABEB7BDCFF2C9E8D6C300000000CA
:10ECA000B9D8D3DA00000000B2E9BFB4BFE2C2D8DD
:10ECB000BCC6C0FACAB7CAFDBEDD0000B2E9BFB427
:10ECC000C0FACAB7B2E2C8DDCAFDBEDD000000006E
:10ECD000BCA4BBEED2BBB4CED0D4B2E2C8DD00003F
:10ECE000D2BBBCFCB3E4B5E7B2E2C8DD0000000073
:10ECF000CAD6B6AFBCA4BBEEBEF9BAE200000000B3
:10ED0000CACAC5E4C6F7C4A3C4E20000BCA4BBEEF3
:10ED1000D7D4B6AFBEF9BAE2B2B9B5E70000000089
:10ED2000C5E4D6C3CEC4BCFEB9DCC0ED0000000013
:10ED3000CFB5CDB3C9E8D6C3A3A8BFAAB7A2D5DFC4
:10ED4000A3A90000D4A4B3E4B5E7C1F7D7D4B6AF04
:10ED5000C9E8D6C300000000D4D9B3E4B5E7E3D0D6
:10ED6000D6B5C9E8D6C3000053696E6BCFB5CDB335
:10ED7000B8DFBCB6C9E8D6C300000000D7EEB8DFE4
:10ED8000B3E4B7C5B5E7D1B9C9E8D6C30000000000
:10ED9000BAE3D1B9B3E4B5E7B5E7D1B9C9E8D6C3A9
:10EDA00000000000D4A4B3E4B5E7BDE1CAF8B5E7BC
:10EDB000D1B9C9E8D6C3000053696E6BD7EEB4F37E
:10EDC000B9A6C2CAC9E8D6C300000000B5E7B3D8E7
:10EDD000B7E5D6B5B5E7C1F7C9E8D6C3000000006E
:10EDE000CDA3B3E4B5E7C1F7C9E8D6C3000000007E
:10EDF000D4A4B3E4B5E7B5E7C1F7C9E8D6C30000CA
:10EE0000BBD6B8B4B1B8D3C3C5E4D6C300000000C4
:10EE1000B8FCD0C2B1B8D3C3C5E4D6C3000000006B
:10EE2000D6D8D6C3CFB5CDB3C9E8D6C3000000004D
:10EE3000B1A3B4E6B5B1C7B0B8FCB8C400000000D7
:10EE4000B3B7CFFAB5B1C7B0B8FCB8C40000000082
:10EE5000D6D8D6C3B2E2C8DDCFB5CDB3CAFDBEDDCC
:10EE600000000000D6D8D6C3BFE2C2D8BCC6CAFDD7
:10EE7000BEDD0000C8D5D6BECAFDBEDDBFE2D0A350
:10EE8000D1E900006D410000CBD9B6C800000000F8
:10EE9000CAD9C3FC000000006D560000D0F8BABD0E
:10EEA00000000000BDF8C8EBB8DFBCB6C4A3CABD03
:10EEB0000000000050505331000000005050533209
:10EEC0000000000031325620466978656400000079
:10EED0003135562046697865640000003956204671
:10EEE000697865640000000050444FB9E3B2A5C5DD
:10EEF000E4D6C300CAB9C4DCB5CDD1B9B1A3BBA4B3
:10EF0000C5E4D6C300000000CAB9C4DCB9FDC8C856
:10EF1000B1A3BBA4C5E4D6C300000000CAB9C4DCD9
:10EF2000CAE4B3F6B9E3B2A5C5E4D6C30000000055
:10EF3000CAB9C4DCB2E2C1BFCFB5CDB3C5E4D6C354
:10EF400000000000CAB9C4DCB7C5B5E7CFB5CDB382
:10EF5000C5E4D6C300000000CAB9C4DCB3E4B5E719
:10EF6000CFB5CDB3C5E4D6C300000000CAB9C4DC38
:10EF7000B3E4B7C5B9A6C2CAC5E4D6C30000000051
:10EF8000B8DFBCB6B2CBB5A5D6B1BDD3B7C3CECA78
:10EF900000000000CAB9C4DCB9FDC8C8BDB5B6EEF2
:10EFA000B9A6C4DC00000000B9DCC0EDD4B1B0B239
:10EFB000C8ABD1E9D6A40000B1A3CAD800000000B4
:10EFC000A1E60000BCA4BDF800000000D5FDB3A37D
:10EFD000B7BDCFF2CFD4CABE00000000B7B4D7AAE5
:10EFE000B7BDCFF2CFD4CABE00000000CFD4CABE96
:10EFF000B7BDCFF2C5E4D6C300000000B9D8B1D583
:10F00000D4D9B3E4B5E7B9A6C4DC0000302E35414D
:10F0100028B2BBCDC6BCF629000000003230306DEE
:10F02000410000003330306D410000003430306D5D
:10F03000410000003235306D410000003335306D45
:10F04000410000003435306D41000000B0B2C8AB63
:10F05000BEAFB8E6000000005044332E30283230F6
:10F06000562900005044332E312D45505228323855
:10F0700056290000C0CFBBA8D1DBC4A3CABD000085
:10F08000CAB9C4DCBFECCBD9D7D4BCEC00000000BB
:10F09000CABCD6D5B9D8B1D528B2BBCDC6BCF62925
:10F0A00000000000BDF6B3E4B7C5B5E7CAB1BFAA1A
:10F0B000C6F40000BDF6B3E4B5E7CAB1BFAAC6F412
:10F0C00000000000CABCD6D5BFAAC6F400000000EC
:10F0D00035306D4128B2BBCDC6BCF629000000001A
:10F0E0003130306D410000003135306D410000009D
:10F0F0005479706543B5E7C1F7D0A3D7BC28B7C52D
:10F10000B5E729005479706543B5E7C1F7D0A3D7B7
:10F11000BC28B3E4B5E729005479706543B9A6C2A9
:10F12000CACAFDBEDDD4B4005479706543B5E7D1D9
:10F13000B9D0A3D7BC000000B5E7B3D8B5E7D1B9C3
:10F14000D0A3D7BC00000000B5E7B3D8B5E7C1F73E
:10F15000D0A3D7BC0000000049503233363628B562
:10F16000CDBEABB6C8290000494E4132323628B870
:10F17000DFBEABB6C829000020200000B8BAC6AB7D
:10F1800000000000D5FDC6AB000000005050533118
:10F19000B5E7C1F7C9E8D6C30000000050505332AC
:10F1A000B5E7C1F7C9E8D6C30000000050444FB925
:10F1B000E3B2A5C9E8D6C30050444FB5E7C1F7D0C4
:10F1C000DEB8C4C9E8D6C3003230562050444FB52B
:10F1D000E7C1F7C9E8D6C3003132562050444FB5D5
:10F1E000E7C1F7C9E8D6C3003135562050444FB5C2
:10F1F000E7C1F7C9E8D6C30039562050444FB5E7F8
:10F20000C1F7C9E8D6C30000CAB9C4DC50505331B5
:10F21000B5E7C1F7D0DEB8C400000000CAB9C4DC4D
:10F2200050505332B5E7C1F7D0DEB8C4000000003B
:10F23000CAB9C4DC32305650444FB5E7C1F7D0DE0E
:10F24000B8C40000CAB9C4DC31325650444FB5E7E7
:10F25000C1F7D0DEB8C40000CAB9C4DC313556509D
:10F26000444FB5E7C1F7D0DEB8C40000CAB9C4DC6A
:10F27000395650444FB5E7C1F7D0DEB8C40000009E
:10F28000BFAAC6F42CCFDED1B9332E36560000000B
:10F29000BFAAC6F42CCFDED1B9332E3756000000FA
:10F2A000BFAAC6F42CCFDED1B9332E3856000000E9
:10F2B000B9D8B1D5B4E6B4A2C4A3CABD0000000059
:10F2C000BDE2B3FDB9CAD5CFB1A3BBA40000000015
:10F2D000BDF6B7C5B5E7C4A3CABD0000BDF6B3E42B
:10F2E000B5E7C4A3CABD0000BFECBDDDB2CBB5A578
:10F2F00000000000B3E4B5E7B1A6C4A3CABD28BCB2
:10F30000B4B2E5BCB4D3C32900000000B5E7B3D85C
:10F31000B0F4C4A3CABD0000CDCBB3F6B2CBB5A543
:10F32000CAB1D7D4B6AFB4E6C5CC0000C5E4D6C3E5
:10F33000B2CBB5A5C4DACAD6B6AFB4E6C5CC000028
:10F34000C5E4D6C3D7D4B6AFB4E6C5CCC9E8D6C3F6
:10F3500000000000BBAACEAA5343502F485343508D
:10F36000000000005044322E302F332E30D0ADD26A
:10F37000E9000000D7D4CACAD3A6CAE4C8EBB9A62C
:10F38000C2CA0000D7D4B6AFCAA1B5E7B9A6C4DCDB
:10F3900000000000CAE4C8EBBFECB3E4D0ADD2E992
:10F3A000C9E8D6C300000000CAE4C8EBD7EEB4F346
:10F3B000B9A6C2CAC9E8D6C300000000B2BBB4E611
:10F3C000D4DABFC9D3C3B5C450444F00323056005D
:10F3D000313256003135560035560000395600009E
:10F3E00050444FBBF1C8A1CAA7B0DC000000000028
:10F3F00000000000D2BBBCFCB3E4B5E7B2E2C8DD5C
:10F400000000000000000000D6D8D6C3BFE2C2D87A
:10F41000BCC6CAFDBEDD0000D6D8D6C3B2E2C8DD88
:10F42000CFB5CDB3CAFDBEDD00000000D6D8D6C32F
:10F43000CFB5CDB3C9E8D6C300000000000000007E
:10F44000CAD6B6AFC6F4B6AFBEF9BAE20000000045
:10F45000D7D4B6AFBEF9BAE2D0DED5FD00000000C9
:10F460000000000000000000CCE1CABE0000000067
:10F47000B8FCD0C2B1B8D3C3C5E4D6C30000000005
:10F48000BBD6B8B4B1B8D3C3C5E4D6C3000000003E
:10F49000B3B7CFFAB5B1C7B0B8FCB8C4000000002C
:10F4A000B1A3B4E6CFB5CDB3C9E8D6C30000000020
:10F4B000C8D5D6BECAFDBEDDBFE2D0A3D1E90000EB
:10F4C000D4A4B3E4B5E7C1F7D7D4B6AFC9E8D6C37F
:10F4D0000000000010F5010000000020880100007D
:10F4E000F62700006CF5010088010020E8120000FA
:10F4F000C40100001C00000043000000F8FFFFFFF3
:10F500000C0000000E0000000F0000002E000000A4
:10F5100091A2031AE80C290441041970A901691A7F
:10F520000B149CC9242A0117B2A0021E501448EAE9
:10F53000011A3C041A88041A78041A68041A54043C
:10F540002947393B199409188E0136278FE8B39360
:10F550006D794B3D480C23117C0B4005D15423E5BC
:0CF560007B5A4D541AD954290C011C0090
:040000050000018175
:00000001FF
