ISO-10303-21;
HEADER;
FILE_DESCRIPTION (( 'STEP AP214' ),
    '1' );
FILE_NAME ('µç³Ø¼Ü¾ùºâºÍ³äµç°å¿ÕÏ¶µæÈ¦.STEP',
    '2025-07-19T03:50:59',
    ( '' ),
    ( '' ),
    'SwSTEP 2.0',
    'SolidWorks 2021',
    '' );
FILE_SCHEMA (( 'AUTOMOTIVE_DESIGN' ));
ENDSEC;

DATA;
#1 = EDGE_CURVE ( 'NONE', #2411, #1871, #696, .T. ) ;
#2 = EDGE_CURVE ( 'NONE', #2345, #2204, #2470, .T. ) ;
#3 = CARTESIAN_POINT ( 'NONE',  ( 78.10499999999998977, 53.34000000000000341, 1.199999999999999956 ) ) ;
#4 = ORIENTED_EDGE ( 'NONE', *, *, #142, .T. ) ;
#5 = DIRECTION ( 'NONE',  ( 1.000000000000000000, -0.000000000000000000, 0.000000000000000000 ) ) ;
#6 = ADVANCED_FACE ( 'NONE', ( #2051 ), #1488, .F. ) ;
#7 = LINE ( 'NONE', #3071, #1538 ) ;
#8 = LINE ( 'NONE', #1246, #1955 ) ;
#9 = DIRECTION ( 'NONE',  ( 0.000000000000000000, 0.000000000000000000, -1.000000000000000000 ) ) ;
#10 = ORIENTED_EDGE ( 'NONE', *, *, #127, .T. ) ;
#11 = ORIENTED_EDGE ( 'NONE', *, *, #49, .F. ) ;
#12 = CARTESIAN_POINT ( 'NONE',  ( 82.09500217999999450, 51.33819824710980839, 1.199999999999999956 ) ) ;
#13 = DIRECTION ( 'NONE',  ( -0.000000000000000000, 0.000000000000000000, 1.000000000000000000 ) ) ;
#14 = ORIENTED_EDGE ( 'NONE', *, *, #224, .T. ) ;
#15 = CARTESIAN_POINT ( 'NONE',  ( 66.98375985999999216, 76.45399999999999352, 10.00000000000000000 ) ) ;
#16 = VERTEX_POINT ( 'NONE', #2742 ) ;
#17 = PRODUCT_DEFINITION_CONTEXT ( 'detailed design', #212, 'design' ) ;
#18 = ORIENTED_EDGE ( 'NONE', *, *, #1542, .F. ) ;
#19 = DIRECTION ( 'NONE',  ( -0.9173701881881171083, 0.3980350962210474908, 0.000000000000000000 ) ) ;
#20 = EDGE_CURVE ( 'NONE', #2471, #175, #969, .T. ) ;
#21 = DIRECTION ( 'NONE',  ( 0.000000000000000000, 0.000000000000000000, -1.000000000000000000 ) ) ;
#22 = CARTESIAN_POINT ( 'NONE',  ( 75.18399999999999750, 58.29299999999999926, 1.199999999999999956 ) ) ;
#23 = CARTESIAN_POINT ( 'NONE',  ( 70.69477351999999826, 76.45399999999999352, 0.000000000000000000 ) ) ;
#24 = EDGE_CURVE ( 'NONE', #935, #2721, #741, .T. ) ;
#25 = ADVANCED_FACE ( 'NONE', ( #246 ), #213, .T. ) ;
#26 = LINE ( 'NONE', #783, #3070 ) ;
#27 = EDGE_LOOP ( 'NONE', ( #1400, #1028, #594, #356 ) ) ;
#28 = CARTESIAN_POINT ( 'NONE',  ( 107.3149999999999977, 51.81600000000000250, 86.57235496138623887 ) ) ;
#29 = ORIENTED_EDGE ( 'NONE', *, *, #2435, .F. ) ;
#30 = CARTESIAN_POINT ( 'NONE',  ( 89.28100000000000591, 102.9969999999999999, 2.600000000000000089 ) ) ;
#31 = AXIS2_PLACEMENT_3D ( 'NONE', #3226, #1969, #2978 ) ;
#32 = ORIENTED_EDGE ( 'NONE', *, *, #2168, .T. ) ;
#33 = CARTESIAN_POINT ( 'NONE',  ( 66.98375985999999216, 76.45399999999999352, 10.00000000000000000 ) ) ;
#34 = ADVANCED_FACE ( 'NONE', ( #2552 ), #2286, .T. ) ;
#35 = VECTOR ( 'NONE', #115, 1000.000000000000000 ) ;
#36 = APPLICATION_PROTOCOL_DEFINITION ( 'draft international standard', 'automotive_design', 1998, #3135 ) ;
#37 = ORIENTED_EDGE ( 'NONE', *, *, #1824, .T. ) ;
#38 = VERTEX_POINT ( 'NONE', #2265 ) ;
#39 = CARTESIAN_POINT ( 'NONE',  ( 65.78599999999896397, 65.78600000000076875, 0.000000000000000000 ) ) ;
#40 = VECTOR ( 'NONE', #1748, 1000.000000000000114 ) ;
#41 = VECTOR ( 'NONE', #2183, 1000.000000000000000 ) ;
#42 = VECTOR ( 'NONE', #1508, 1000.000000000000227 ) ;
#43 = AXIS2_PLACEMENT_3D ( 'NONE', #1870, #1897, #1363 ) ;
#44 = VERTEX_POINT ( 'NONE', #2810 ) ;
#45 = LINE ( 'NONE', #780, #2445 ) ;
#46 = CARTESIAN_POINT ( 'NONE',  ( 83.31199999999999761, 54.48299999999999699, 1.200000000000006617 ) ) ;
#47 = DIRECTION ( 'NONE',  ( 1.000000000000000000, 0.000000000000000000, 0.000000000000000000 ) ) ;
#48 = VECTOR ( 'NONE', #2748, 1000.000000000000000 ) ;
#49 = EDGE_CURVE ( 'NONE', #339, #1341, #1755, .T. ) ;
#50 = ADVANCED_FACE ( 'NONE', ( #773 ), #3030, .T. ) ;
#51 = VERTEX_POINT ( 'NONE', #1517 ) ;
#52 = DIRECTION ( 'NONE',  ( 0.4472135954999579277, 0.8944271909999158554, 0.000000000000000000 ) ) ;
#53 = ORIENTED_EDGE ( 'NONE', *, *, #2290, .F. ) ;
#54 = CARTESIAN_POINT ( 'NONE',  ( 94.74199999999999022, 107.1880000000000024, 1.199999999999999956 ) ) ;
#55 = ORIENTED_EDGE ( 'NONE', *, *, #2, .T. ) ;
#56 = CARTESIAN_POINT ( 'NONE',  ( 128.6950004199999853, 76.45399999999999352, 1.199999999999999956 ) ) ;
#57 = ORIENTED_EDGE ( 'NONE', *, *, #659, .T. ) ;
#58 = CARTESIAN_POINT ( 'NONE',  ( 76.07300000000000750, 58.29299999999999926, 0.000000000000000000 ) ) ;
#59 = ORIENTED_EDGE ( 'NONE', *, *, #620, .F. ) ;
#60 = LINE ( 'NONE', #489, #692 ) ;
#61 = CARTESIAN_POINT ( 'NONE',  ( 77.85099999999999909, 54.10199999999999676, 1.199999999999999956 ) ) ;
#62 = CARTESIAN_POINT ( 'NONE',  ( 70.60610758875702686, 73.40529008748981710, 10.00000000000000000 ) ) ;
#63 = EDGE_LOOP ( 'NONE', ( #987, #161, #1518, #1065 ) ) ;
#64 = LINE ( 'NONE', #856, #1907 ) ;
#65 = VERTEX_POINT ( 'NONE', #757 ) ;
#66 = ADVANCED_FACE ( 'NONE', ( #2250 ), #1781, .T. ) ;
#67 = CARTESIAN_POINT ( 'NONE',  ( 107.3149999999999977, 51.81600000000000250, 0.000000000000000000 ) ) ;
#68 = ORIENTED_EDGE ( 'NONE', *, *, #945, .T. ) ;
#69 = CARTESIAN_POINT ( 'NONE',  ( 124.8090000000000117, 76.45399999999999352, 10.00000000000000000 ) ) ;
#70 = ADVANCED_FACE ( 'NONE', ( #3059 ), #1555, .T. ) ;
#71 = EDGE_LOOP ( 'NONE', ( #2107, #1556, #736, #930 ) ) ;
#72 = CARTESIAN_POINT ( 'NONE',  ( 77.22353617999999642, 98.92855246000000591, 86.57235496138623887 ) ) ;
#73 = ORIENTED_EDGE ( 'NONE', *, *, #216, .F. ) ;
#74 = CARTESIAN_POINT ( 'NONE',  ( 94.10699999999999932, 102.9969999999999999, 0.000000000000000000 ) ) ;
#75 = CARTESIAN_POINT ( 'NONE',  ( -0.000000000000000000, 54.22899999999999920, 0.000000000000000000 ) ) ;
#76 = CARTESIAN_POINT ( 'NONE',  ( 70.73899999999999011, 67.31000000000000227, 0.000000000000000000 ) ) ;
#77 = PLANE ( 'NONE',  #251 ) ;
#78 = VERTEX_POINT ( 'NONE', #2237 ) ;
#79 = DIRECTION ( 'NONE',  ( -1.000000000000000000, 0.000000000000000000, 0.000000000000000000 ) ) ;
#80 = ORIENTED_EDGE ( 'NONE', *, *, #180, .F. ) ;
#81 = ORIENTED_EDGE ( 'NONE', *, *, #1741, .T. ) ;
#82 = CARTESIAN_POINT ( 'NONE',  ( 66.98375985999999216, 76.45399999999999352, 0.000000000000000000 ) ) ;
#83 = EDGE_CURVE ( 'NONE', #2204, #869, #722, .T. ) ;
#84 = EDGE_CURVE ( 'NONE', #2218, #2721, #3013, .T. ) ;
#85 = ORIENTED_EDGE ( 'NONE', *, *, #2356, .F. ) ;
#86 = DIRECTION ( 'NONE',  ( 0.000000000000000000, 0.000000000000000000, -1.000000000000000000 ) ) ;
#87 = VECTOR ( 'NONE', #375, 1000.000000000000000 ) ;
#88 = ORIENTED_EDGE ( 'NONE', *, *, #1626, .F. ) ;
#89 = CYLINDRICAL_SURFACE ( 'NONE', #2864, 3.049998979999996251 ) ;
#90 = VECTOR ( 'NONE', #1649, 1000.000000000000114 ) ;
#91 = CIRCLE ( 'NONE', #1956, 3.099998880000010004 ) ;
#92 = CARTESIAN_POINT ( 'NONE',  ( 80.13700000000000045, 100.9650000000000034, 86.57235496138623887 ) ) ;
#93 = LINE ( 'NONE', #819, #2871 ) ;
#94 = VECTOR ( 'NONE', #3142, 1000.000000000000000 ) ;
#95 = AXIS2_PLACEMENT_3D ( 'NONE', #3272, #2772, #2807 ) ;
#96 = CARTESIAN_POINT ( 'NONE',  ( 69.52377255999999761, 85.87810358000000122, 9.999999999999994671 ) ) ;
#97 = EDGE_LOOP ( 'NONE', ( #3079, #2187 ) ) ;
#98 = LINE ( 'NONE', #28, #2854 ) ;
#99 = VECTOR ( 'NONE', #2093, 1000.000000000000000 ) ;
#100 = VERTEX_POINT ( 'NONE', #1769 ) ;
#101 = VERTEX_POINT ( 'NONE', #139 ) ;
#102 = PLANE ( 'NONE',  #2436 ) ;
#103 = ORIENTED_EDGE ( 'NONE', *, *, #2091, .F. ) ;
#104 = CARTESIAN_POINT ( 'NONE',  ( 73.32200000000000273, 61.04400000000001114, 10.00000000000000000 ) ) ;
#105 = ORIENTED_EDGE ( 'NONE', *, *, #167, .F. ) ;
#106 = DIRECTION ( 'NONE',  ( 0.000000000000000000, 0.000000000000000000, -1.000000000000000000 ) ) ;
#107 = CARTESIAN_POINT ( 'NONE',  ( 78.61743991999999537, 98.32375560000001258, 0.000000000000000000 ) ) ;
#108 = CARTESIAN_POINT ( 'NONE',  ( 76.70799999999999841, 54.48299999999998988, 1.199999999999999956 ) ) ;
#109 = LINE ( 'NONE', #3214, #307 ) ;
#110 = EDGE_CURVE ( 'NONE', #38, #3136, #1679, .T. ) ;
#111 = CARTESIAN_POINT ( 'NONE',  ( 80.00999999999999091, 100.7109999999999985, 0.000000000000000000 ) ) ;
#112 = VERTEX_POINT ( 'NONE', #1149 ) ;
#113 = ORIENTED_EDGE ( 'NONE', *, *, #513, .F. ) ;
#114 = ORIENTED_EDGE ( 'NONE', *, *, #708, .T. ) ;
#115 = DIRECTION ( 'NONE',  ( 0.000000000000000000, 1.000000000000000000, -0.000000000000000000 ) ) ;
#116 = EDGE_CURVE ( 'NONE', #1254, #955, #928, .T. ) ;
#117 = ORIENTED_EDGE ( 'NONE', *, *, #452, .F. ) ;
#118 = FACE_OUTER_BOUND ( 'NONE', #3261, .T. ) ;
#119 = CARTESIAN_POINT ( 'NONE',  ( 106.1719999999999970, 95.88499999999999091, 86.57235496138623887 ) ) ;
#120 = PLANE ( 'NONE',  #690 ) ;
#121 = ADVANCED_FACE ( 'NONE', ( #412 ), #1930, .T. ) ;
#122 = FACE_OUTER_BOUND ( 'NONE', #1595, .T. ) ;
#123 = CARTESIAN_POINT ( 'NONE',  ( 117.2449979200000172, 101.5687376800000123, 0.000000000000000000 ) ) ;
#124 = ORIENTED_EDGE ( 'NONE', *, *, #2290, .T. ) ;
#125 = ADVANCED_FACE ( 'NONE', ( #3173 ), #902, .T. ) ;
#126 = CARTESIAN_POINT ( 'NONE',  ( 69.72300000000001319, 67.94499999999999318, 0.000000000000000000 ) ) ;
#127 = EDGE_CURVE ( 'NONE', #607, #3017, #2908, .T. ) ;
#128 = VERTEX_POINT ( 'NONE', #1665 ) ;
#129 = ORIENTED_EDGE ( 'NONE', *, *, #3216, .F. ) ;
#130 = LINE ( 'NONE', #608, #1902 ) ;
#131 = ORIENTED_EDGE ( 'NONE', *, *, #2850, .T. ) ;
#132 = DIRECTION ( 'NONE',  ( 0.7071067811865491270, 0.7071067811865459074, 0.000000000000000000 ) ) ;
#133 = CARTESIAN_POINT ( 'NONE',  ( 114.1949989400000192, 101.5687376800000123, 9.599999999999999645 ) ) ;
#134 = CARTESIAN_POINT ( 'NONE',  ( 77.85099999999999909, 53.59399999999998698, 1.199999999999999956 ) ) ;
#135 = CARTESIAN_POINT ( 'NONE',  ( 81.78799999999999670, 56.00699999999999790, 86.57235496138623887 ) ) ;
#136 = DIRECTION ( 'NONE',  ( 0.000000000000000000, 0.000000000000000000, 1.000000000000000000 ) ) ;
#137 = VECTOR ( 'NONE', #1823, 1000.000000000000000 ) ;
#138 = AXIS2_PLACEMENT_3D ( 'NONE', #481, #2773, #2516 ) ;
#139 = CARTESIAN_POINT ( 'NONE',  ( 86.61399999999999011, 54.48299999999999699, 9.999999999999994671 ) ) ;
#140 = VERTEX_POINT ( 'NONE', #2679 ) ;
#141 = CIRCLE ( 'NONE', #689, 3.049998979999996251 ) ;
#142 = EDGE_CURVE ( 'NONE', #523, #1997, #1431, .T. ) ;
#143 = EDGE_CURVE ( 'NONE', #3076, #3205, #1628, .T. ) ;
#144 = AXIS2_PLACEMENT_3D ( 'NONE', #3213, #2241, #453 ) ;
#145 = VERTEX_POINT ( 'NONE', #1899 ) ;
#146 = VECTOR ( 'NONE', #545, 1000.000000000000000 ) ;
#147 = EDGE_LOOP ( 'NONE', ( #2002, #950, #2453, #727 ) ) ;
#148 = CARTESIAN_POINT ( 'NONE',  ( 74.42199999999999704, 67.94499999999999318, 2.600000000000000089 ) ) ;
#149 = AXIS2_PLACEMENT_3D ( 'NONE', #2488, #957, #1671 ) ;
#150 = EDGE_CURVE ( 'NONE', #2608, #16, #2708, .T. ) ;
#151 = EDGE_LOOP ( 'NONE', ( #131, #2832, #2299, #641 ) ) ;
#152 = DIRECTION ( 'NONE',  ( 1.000000000000000000, 0.000000000000000000, 0.000000000000000000 ) ) ;
#153 = LINE ( 'NONE', #1725, #1328 ) ;
#154 = CARTESIAN_POINT ( 'NONE',  ( -0.000000000000000000, 84.07399999999999807, 0.000000000000000000 ) ) ;
#155 = DIRECTION ( 'NONE',  ( 0.000000000000000000, 0.000000000000000000, -1.000000000000000000 ) ) ;
#156 = CARTESIAN_POINT ( 'NONE',  ( 65.72249999999893078, 65.72250000000072134, 0.000000000000000000 ) ) ;
#157 = DIRECTION ( 'NONE',  ( -0.000000000000000000, 1.000000000000000000, 0.000000000000000000 ) ) ;
#158 = LINE ( 'NONE', #1167, #2386 ) ;
#159 = ORIENTED_EDGE ( 'NONE', *, *, #462, .T. ) ;
#160 = ORIENTED_EDGE ( 'NONE', *, *, #1455, .T. ) ;
#161 = ORIENTED_EDGE ( 'NONE', *, *, #2169, .F. ) ;
#162 = CARTESIAN_POINT ( 'NONE',  ( 76.96199999999998909, 54.22899999999999920, 0.000000000000000000 ) ) ;
#163 = EDGE_CURVE ( 'NONE', #2914, #349, #842, .T. ) ;
#164 = CARTESIAN_POINT ( 'NONE',  ( 0.000000000000000000, 0.000000000000000000, 2.600000000000000089 ) ) ;
#165 = ORIENTED_EDGE ( 'NONE', *, *, #271, .F. ) ;
#166 = FACE_OUTER_BOUND ( 'NONE', #1324, .T. ) ;
#167 = EDGE_CURVE ( 'NONE', #1780, #331, #670, .T. ) ;
#168 = CARTESIAN_POINT ( 'NONE',  ( 117.2451122200000100, 51.33906673999999981, 10.00000000000000000 ) ) ;
#169 = CARTESIAN_POINT ( 'NONE',  ( 80.13700000000000045, 100.9650000000000034, 0.000000000000000000 ) ) ;
#170 = LINE ( 'NONE', #361, #2648 ) ;
#171 = CARTESIAN_POINT ( 'NONE',  ( 103.8859999999999957, 107.1880000000000024, 1.199999999999999956 ) ) ;
#172 = ORIENTED_EDGE ( 'NONE', *, *, #334, .T. ) ;
#173 =( NAMED_UNIT ( * ) SI_UNIT ( $, .STERADIAN. ) SOLID_ANGLE_UNIT ( ) );
#174 = PRODUCT_RELATED_PRODUCT_CATEGORY ( 'part', '', ( #1482 ) ) ;
#175 = VERTEX_POINT ( 'NONE', #2665 ) ;
#176 = DIRECTION ( 'NONE',  ( -0.7071067811865474617, -0.7071067811865474617, 0.000000000000000000 ) ) ;
#177 = CARTESIAN_POINT ( 'NONE',  ( 74.42199999999999704, 59.94400000000000261, 8.899999999999991473 ) ) ;
#178 = ORIENTED_EDGE ( 'NONE', *, *, #1175, .T. ) ;
#179 = LINE ( 'NONE', #1004, #3062 ) ;
#180 = EDGE_CURVE ( 'NONE', #1968, #2632, #158, .T. ) ;
#181 = LINE ( 'NONE', #2716, #1168 ) ;
#182 = LINE ( 'NONE', #938, #2599 ) ;
#183 = LINE ( 'NONE', #1975, #191 ) ;
#184 = VECTOR ( 'NONE', #1218, 1000.000000000000000 ) ;
#185 = DIRECTION ( 'NONE',  ( 0.000000000000000000, 1.000000000000000000, -0.000000000000000000 ) ) ;
#186 = CARTESIAN_POINT ( 'NONE',  ( 103.8859999999999957, 107.1880000000000024, 0.000000000000000000 ) ) ;
#187 = MANIFOLD_SOLID_BREP ( 'µ¹½Ç5', #1049 ) ;
#188 = VECTOR ( 'NONE', #875, 1000.000000000000000 ) ;
#189 = ORIENTED_EDGE ( 'NONE', *, *, #667, .T. ) ;
#190 = VECTOR ( 'NONE', #2691, 1000.000000000000000 ) ;
#191 = VECTOR ( 'NONE', #2718, 1000.000000000000000 ) ;
#192 = AXIS2_PLACEMENT_3D ( 'NONE', #940, #881, #1645 ) ;
#193 = ORIENTED_EDGE ( 'NONE', *, *, #784, .T. ) ;
#194 = DIRECTION ( 'NONE',  ( 0.7071067811865379138, 0.7071067811865572317, 0.000000000000000000 ) ) ;
#195 = CARTESIAN_POINT ( 'NONE',  ( 69.52377255999999761, 85.87810358000000122, 0.000000000000000000 ) ) ;
#196 = AXIS2_PLACEMENT_3D ( 'NONE', #326, #2587, #815 ) ;
#197 = AXIS2_PLACEMENT_3D ( 'NONE', #1030, #2049, #788 ) ;
#198 = ADVANCED_FACE ( 'NONE', ( #3240 ), #2646, .T. ) ;
#199 = CARTESIAN_POINT ( 'NONE',  ( 89.66199999999999193, 50.41899999999999693, 86.57235496138623887 ) ) ;
#200 = EDGE_LOOP ( 'NONE', ( #3086, #1569, #1095, #543, #1184, #2343 ) ) ;
#201 = LINE ( 'NONE', #484, #241 ) ;
#202 = AXIS2_PLACEMENT_3D ( 'NONE', #2639, #1345, #1116 ) ;
#203 = VECTOR ( 'NONE', #3085, 1000.000000000000000 ) ;
#204 = FACE_OUTER_BOUND ( 'NONE', #617, .T. ) ;
#205 = DIRECTION ( 'NONE',  ( 0.000000000000000000, 0.000000000000000000, -1.000000000000000000 ) ) ;
#206 = ADVANCED_FACE ( 'NONE', ( #2230 ), #208, .T. ) ;
#207 = PLANE ( 'NONE',  #2394 ) ;
#208 = PLANE ( 'NONE',  #2007 ) ;
#209 = ADVANCED_FACE ( 'NONE', ( #3025 ), #2243, .F. ) ;
#210 = ORIENTED_EDGE ( 'NONE', *, *, #143, .F. ) ;
#211 = DIRECTION ( 'NONE',  ( -0.000000000000000000, -0.000000000000000000, -1.000000000000000000 ) ) ;
#212 = APPLICATION_CONTEXT ( 'automotive_design' ) ;
#213 = PLANE ( 'NONE',  #358 ) ;
#214 = VERTEX_POINT ( 'NONE', #223 ) ;
#215 = DIRECTION ( 'NONE',  ( 1.000000000000000000, 0.000000000000000000, 0.000000000000000000 ) ) ;
#216 = EDGE_CURVE ( 'NONE', #2145, #2351, #2278, .T. ) ;
#217 = CARTESIAN_POINT ( 'NONE',  ( 114.1951132400000120, 51.33906673999999981, 9.599999999999999645 ) ) ;
#218 = EDGE_LOOP ( 'NONE', ( #1417, #1613, #1236, #1148, #210, #310, #3047, #1258, #2737, #81, #2943, #461, #816, #3093, #1270 ) ) ;
#219 = UNCERTAINTY_MEASURE_WITH_UNIT (LENGTH_MEASURE( 1.000000000000000082E-05 ), #1086, 'distance_accuracy_value', 'NONE');
#220 = DIRECTION ( 'NONE',  ( 0.000000000000000000, 0.000000000000000000, -1.000000000000000000 ) ) ;
#221 = CARTESIAN_POINT ( 'NONE',  ( 78.35899999999999466, 56.00699999999999790, 1.200000000000006617 ) ) ;
#222 = CARTESIAN_POINT ( 'NONE',  ( 78.35899999999999466, 56.00699999999999790, 9.999999999999994671 ) ) ;
#223 = CARTESIAN_POINT ( 'NONE',  ( 94.10699999999999932, 104.0130000000000052, 2.600000000000000089 ) ) ;
#224 = EDGE_CURVE ( 'NONE', #1254, #1522, #491, .T. ) ;
#225 = EDGE_CURVE ( 'NONE', #411, #227, #8, .T. ) ;
#226 = ORIENTED_EDGE ( 'NONE', *, *, #1015, .T. ) ;
#227 = VERTEX_POINT ( 'NONE', #1265 ) ;
#228 = DIRECTION ( 'NONE',  ( 0.000000000000000000, 0.000000000000000000, -1.000000000000000000 ) ) ;
#229 = DIRECTION ( 'NONE',  ( 1.000000000000000000, -0.000000000000000000, 0.000000000000000000 ) ) ;
#230 = CARTESIAN_POINT ( 'NONE',  ( 88.29499983614016401, 51.33819824710980839, 1.199999999999999956 ) ) ;
#231 = ORIENTED_EDGE ( 'NONE', *, *, #2105, .T. ) ;
#232 = CARTESIAN_POINT ( 'NONE',  ( 114.1949989400000192, 101.5687376800000123, 9.599999999999999645 ) ) ;
#233 = DIRECTION ( 'NONE',  ( 0.000000000000000000, 1.000000000000000000, -0.000000000000000000 ) ) ;
#234 = ORIENTED_EDGE ( 'NONE', *, *, #614, .T. ) ;
#235 = ORIENTED_EDGE ( 'NONE', *, *, #1001, .F. ) ;
#236 = CARTESIAN_POINT ( 'NONE',  ( 69.72300000000001319, 67.94499999999999318, 2.600000000000000089 ) ) ;
#237 = LINE ( 'NONE', #257, #2127 ) ;
#238 = CARTESIAN_POINT ( 'NONE',  ( 80.00999999999999091, 100.7109999999999985, 0.000000000000000000 ) ) ;
#239 = CARTESIAN_POINT ( 'NONE',  ( 70.73899999999999011, 63.24599999999999511, 1.199999999999999956 ) ) ;
#240 = ORIENTED_EDGE ( 'NONE', *, *, #1015, .F. ) ;
#241 = VECTOR ( 'NONE', #2519, 1000.000000000000000 ) ;
#242 = EDGE_CURVE ( 'NONE', #1655, #1280, #655, .T. ) ;
#243 = EDGE_CURVE ( 'NONE', #2529, #3046, #1104, .T. ) ;
#244 = CARTESIAN_POINT ( 'NONE',  ( 0.000000000000000000, 0.000000000000000000, 1.199999999999999956 ) ) ;
#245 = VECTOR ( 'NONE', #1536, 1000.000000000000000 ) ;
#246 = FACE_OUTER_BOUND ( 'NONE', #1979, .T. ) ;
#247 = ORIENTED_EDGE ( 'NONE', *, *, #2435, .T. ) ;
#248 = DIRECTION ( 'NONE',  ( 0.000000000000000000, 0.000000000000000000, 1.000000000000000000 ) ) ;
#249 = EDGE_CURVE ( 'NONE', #916, #2785, #577, .T. ) ;
#250 = VECTOR ( 'NONE', #2478, 1000.000000000000000 ) ;
#251 = AXIS2_PLACEMENT_3D ( 'NONE', #1610, #1647, #1625 ) ;
#252 = VERTEX_POINT ( 'NONE', #767 ) ;
#253 = CIRCLE ( 'NONE', #1749, 3.099998879999996237 ) ;
#254 = AXIS2_PLACEMENT_3D ( 'NONE', #1062, #2058, #2041 ) ;
#255 = ORIENTED_EDGE ( 'NONE', *, *, #1310, .F. ) ;
#256 = LINE ( 'NONE', #779, #362 ) ;
#257 = CARTESIAN_POINT ( 'NONE',  ( 122.8089999999999975, 94.23399999999999466, 86.57235496138623887 ) ) ;
#258 = FACE_OUTER_BOUND ( 'NONE', #2804, .T. ) ;
#259 = CARTESIAN_POINT ( 'NONE',  ( 114.1951132400000120, 51.33906673999999981, 10.00000000000000000 ) ) ;
#260 = ADVANCED_FACE ( 'NONE', ( #1497 ), #2782, .F. ) ;
#261 = CARTESIAN_POINT ( 'NONE',  ( 85.19500105999999562, 103.8859999999999957, 1.199999999999999956 ) ) ;
#262 = ORIENTED_EDGE ( 'NONE', *, *, #1802, .F. ) ;
#263 = ORIENTED_EDGE ( 'NONE', *, *, #684, .F. ) ;
#264 = DIRECTION ( 'NONE',  ( -1.000000000000000000, 0.000000000000000000, 0.000000000000000000 ) ) ;
#265 = DIRECTION ( 'NONE',  ( 0.000000000000000000, 0.000000000000000000, -1.000000000000000000 ) ) ;
#266 = ADVANCED_FACE ( 'NONE', ( #258 ), #2259, .F. ) ;
#267 = DIRECTION ( 'NONE',  ( 0.000000000000000000, -0.000000000000000000, 1.000000000000000000 ) ) ;
#268 = VERTEX_POINT ( 'NONE', #3269 ) ;
#269 = DIRECTION ( 'NONE',  ( 0.7071067811865460184, -0.000000000000000000, -0.7071067811865490160 ) ) ;
#271 = EDGE_CURVE ( 'NONE', #3136, #320, #1729, .T. ) ;
#270 =( NAMED_UNIT ( * ) SI_UNIT ( $, .STERADIAN. ) SOLID_ANGLE_UNIT ( ) );
#272 = EDGE_CURVE ( 'NONE', #1667, #280, #1717, .T. ) ;
#273 = ORIENTED_EDGE ( 'NONE', *, *, #1070, .F. ) ;
#274 = ORIENTED_EDGE ( 'NONE', *, *, #2729, .T. ) ;
#275 = CARTESIAN_POINT ( 'NONE',  ( 65.78599999999896397, 65.78600000000076875, 1.199999999999999956 ) ) ;
#276 = LINE ( 'NONE', #2589, #3132 ) ;
#277 = DIRECTION ( 'NONE',  ( 1.000000000000000000, 0.000000000000000000, 0.000000000000000000 ) ) ;
#278 = DIRECTION ( 'NONE',  ( 0.000000000000000000, -1.000000000000000000, -0.000000000000000000 ) ) ;
#279 = LINE ( 'NONE', #261, #3229 ) ;
#280 = VERTEX_POINT ( 'NONE', #186 ) ;
#281 = DIRECTION ( 'NONE',  ( 0.8944271909999159664, -0.4472135954999579832, 0.000000000000000000 ) ) ;
#282 = ORIENTED_EDGE ( 'NONE', *, *, #3211, .T. ) ;
#283 = ADVANCED_FACE ( 'NONE', ( #455 ), #1213, .T. ) ;
#284 = DIRECTION ( 'NONE',  ( 0.000000000000000000, 0.000000000000000000, -1.000000000000000000 ) ) ;
#285 = LINE ( 'NONE', #2050, #1105 ) ;
#286 = VERTEX_POINT ( 'NONE', #976 ) ;
#287 = LINE ( 'NONE', #1541, #355 ) ;
#288 = CARTESIAN_POINT ( 'NONE',  ( 78.10499999999998977, 53.34000000000000341, 1.199999999999999956 ) ) ;
#289 = ORIENTED_EDGE ( 'NONE', *, *, #2330, .T. ) ;
#290 = DIRECTION ( 'NONE',  ( -0.7071067811865572317, 0.7071067811865379138, 0.000000000000000000 ) ) ;
#291 = EDGE_CURVE ( 'NONE', #268, #562, #730, .T. ) ;
#292 = LINE ( 'NONE', #2852, #2180 ) ;
#293 = CARTESIAN_POINT ( 'NONE',  ( 68.46089234033384230, 73.28842202833645558, 14.86110765966617642 ) ) ;
#294 = DIRECTION ( 'NONE',  ( 0.000000000000000000, 0.000000000000000000, 1.000000000000000000 ) ) ;
#295 = DIRECTION ( 'NONE',  ( 0.000000000000000000, 0.000000000000000000, 1.000000000000000000 ) ) ;
#296 = VERTEX_POINT ( 'NONE', #1092 ) ;
#297 = CARTESIAN_POINT ( 'NONE',  ( 83.18106397146679853, 103.8859999999999957, 1.199999999999999734 ) ) ;
#298 = ORIENTED_EDGE ( 'NONE', *, *, #225, .T. ) ;
#299 = FACE_OUTER_BOUND ( 'NONE', #2806, .T. ) ;
#300 = ORIENTED_EDGE ( 'NONE', *, *, #684, .T. ) ;
#301 = DIRECTION ( 'NONE',  ( 0.8762159086766477811, -0.4819187497721545421, 0.000000000000000000 ) ) ;
#302 = VECTOR ( 'NONE', #1490, 1000.000000000000000 ) ;
#303 = VECTOR ( 'NONE', #2336, 1000.000000000000000 ) ;
#304 = ORIENTED_EDGE ( 'NONE', *, *, #416, .F. ) ;
#305 = LINE ( 'NONE', #1074, #99 ) ;
#306 = AXIS2_PLACEMENT_3D ( 'NONE', #2027, #476, #715 ) ;
#307 = VECTOR ( 'NONE', #2970, 1000.000000000000000 ) ;
#308 = AXIS2_PLACEMENT_3D ( 'NONE', #1063, #818, #329 ) ;
#309 = VECTOR ( 'NONE', #2501, 1000.000000000000000 ) ;
#310 = ORIENTED_EDGE ( 'NONE', *, *, #1070, .T. ) ;
#311 = DIRECTION ( 'NONE',  ( 0.7071067811865459074, -0.7071067811865491270, 0.000000000000000000 ) ) ;
#312 = DIRECTION ( 'NONE',  ( -1.119097537622832773E-15, 1.000000000000000000, 0.000000000000000000 ) ) ;
#313 = ADVANCED_FACE ( 'NONE', ( #2799 ), #1361, .T. ) ;
#314 = PLANE ( 'NONE',  #974 ) ;
#315 = VECTOR ( 'NONE', #1747, 1000.000000000000000 ) ;
#316 = ORIENTED_EDGE ( 'NONE', *, *, #979, .T. ) ;
#317 = VECTOR ( 'NONE', #2829, 1000.000000000000000 ) ;
#318 = CARTESIAN_POINT ( 'NONE',  ( 74.42199999999999704, 67.31000000000000227, 0.000000000000000000 ) ) ;
#319 = EDGE_CURVE ( 'NONE', #596, #966, #2364, .T. ) ;
#320 = VERTEX_POINT ( 'NONE', #3090 ) ;
#321 = DIRECTION ( 'NONE',  ( -0.000000000000000000, 0.000000000000000000, 1.000000000000000000 ) ) ;
#322 = ORIENTED_EDGE ( 'NONE', *, *, #3114, .T. ) ;
#323 = LINE ( 'NONE', #1306, #512 ) ;
#324 = FILL_AREA_STYLE ('',( #1139 ) ) ;
#325 = ORIENTED_EDGE ( 'NONE', *, *, #1252, .F. ) ;
#326 = CARTESIAN_POINT ( 'NONE',  ( 114.1951132400000120, 51.33906673999999981, 10.00000000000000000 ) ) ;
#327 = ORIENTED_EDGE ( 'NONE', *, *, #813, .T. ) ;
#328 = FACE_OUTER_BOUND ( 'NONE', #1842, .T. ) ;
#329 = DIRECTION ( 'NONE',  ( 0.000000000000000000, -0.000000000000000000, 1.000000000000000000 ) ) ;
#330 = CARTESIAN_POINT ( 'NONE',  ( 131.7949993000000006, 76.45399999999999352, 1.199999999999999956 ) ) ;
#331 = VERTEX_POINT ( 'NONE', #46 ) ;
#332 = CARTESIAN_POINT ( 'NONE',  ( 85.19500105999999562, 101.5689993000000015, 1.199999999999999956 ) ) ;
#333 = EDGE_LOOP ( 'NONE', ( #165, #129, #2582, #1480 ) ) ;
#334 = EDGE_CURVE ( 'NONE', #2254, #2145, #583, .T. ) ;
#335 = ADVANCED_FACE ( 'NONE', ( #2042 ), #1830, .T. ) ;
#336 = ORIENTED_EDGE ( 'NONE', *, *, #1089, .T. ) ;
#337 = LINE ( 'NONE', #3137, #35 ) ;
#338 = APPLICATION_PROTOCOL_DEFINITION ( 'draft international standard', 'automotive_design', 1998, #212 ) ;
#339 = VERTEX_POINT ( 'NONE', #2610 ) ;
#340 = CARTESIAN_POINT ( 'NONE',  ( 107.0610000000000070, 49.02199999999999847, 86.57235496138623887 ) ) ;
#341 = ORIENTED_EDGE ( 'NONE', *, *, #2020, .F. ) ;
#342 = LINE ( 'NONE', #2146, #2549 ) ;
#343 = DIRECTION ( 'NONE',  ( 0.000000000000000000, 0.000000000000000000, -1.000000000000000000 ) ) ;
#344 = DIRECTION ( 'NONE',  ( -0.000000000000000000, -0.000000000000000000, -1.000000000000000000 ) ) ;
#345 = CARTESIAN_POINT ( 'NONE',  ( 89.66199999999999193, 52.19700000000000983, 86.57235496138623887 ) ) ;
#346 = VERTEX_POINT ( 'NONE', #2349 ) ;
#347 = LINE ( 'NONE', #1834, #1157 ) ;
#348 = ORIENTED_EDGE ( 'NONE', *, *, #1657, .T. ) ;
#349 = VERTEX_POINT ( 'NONE', #2060 ) ;
#350 = DIRECTION ( 'NONE',  ( 1.000000000000000000, 0.000000000000000000, 0.000000000000000000 ) ) ;
#351 = ADVANCED_FACE ( 'NONE', ( #2819 ), #531, .T. ) ;
#352 = VERTEX_POINT ( 'NONE', #3104 ) ;
#353 = DIRECTION ( 'NONE',  ( -0.000000000000000000, -1.000000000000000000, -0.000000000000000000 ) ) ;
#354 = EDGE_CURVE ( 'NONE', #2188, #1436, #2591, .T. ) ;
#355 = VECTOR ( 'NONE', #572, 1000.000000000000000 ) ;
#356 = ORIENTED_EDGE ( 'NONE', *, *, #784, .F. ) ;
#357 = CARTESIAN_POINT ( 'NONE',  ( 107.0610000000000070, 49.02199999999999847, 9.999999999999994671 ) ) ;
#358 = AXIS2_PLACEMENT_3D ( 'NONE', #3276, #1995, #1253 ) ;
#359 = VECTOR ( 'NONE', #1444, 1000.000000000000000 ) ;
#360 = LINE ( 'NONE', #896, #688 ) ;
#361 = CARTESIAN_POINT ( 'NONE',  ( 131.7949993000000006, 76.45399999999999352, 1.199999999999999956 ) ) ;
#362 = VECTOR ( 'NONE', #1295, 1000.000000000000114 ) ;
#363 = AXIS2_PLACEMENT_3D ( 'NONE', #509, #1316, #1530 ) ;
#364 = DIRECTION ( 'NONE',  ( -0.000000000000000000, -1.000000000000000000, 0.000000000000000000 ) ) ;
#365 = ORIENTED_EDGE ( 'NONE', *, *, #3080, .F. ) ;
#366 = CIRCLE ( 'NONE', #797, 3.049998979999996251 ) ;
#367 = CARTESIAN_POINT ( 'NONE',  ( 76.70799999999999841, 54.48299999999998988, 1.199999999999999956 ) ) ;
#368 = AXIS2_PLACEMENT_3D ( 'NONE', #817, #2768, #2327 ) ;
#369 = ORIENTED_EDGE ( 'NONE', *, *, #768, .T. ) ;
#370 = DIRECTION ( 'NONE',  ( 0.000000000000000000, 0.000000000000000000, -1.000000000000000000 ) ) ;
#371 = ORIENTED_EDGE ( 'NONE', *, *, #1736, .T. ) ;
#372 = FACE_OUTER_BOUND ( 'NONE', #1368, .T. ) ;
#373 = ADVANCED_FACE ( 'NONE', ( #1848 ), #3050, .F. ) ;
#374 = ORIENTED_EDGE ( 'NONE', *, *, #2185, .T. ) ;
#375 = DIRECTION ( 'NONE',  ( -0.7071067811865444641, 8.659560562354895880E-17, 0.7071067811865505703 ) ) ;
#376 = ADVANCED_FACE ( 'NONE', ( #1597 ), #1579, .T. ) ;
#377 = EDGE_CURVE ( 'NONE', #549, #227, #1346, .T. ) ;
#378 = ORIENTED_EDGE ( 'NONE', *, *, #1942, .T. ) ;
#379 = LINE ( 'NONE', #74, #2495 ) ;
#380 = DIRECTION ( 'NONE',  ( 0.000000000000000000, 1.000000000000000000, -0.000000000000000000 ) ) ;
#381 = DIRECTION ( 'NONE',  ( 0.000000000000000000, 0.000000000000000000, 1.000000000000000000 ) ) ;
#382 = DIRECTION ( 'NONE',  ( 0.000000000000000000, 1.000000000000000000, 0.000000000000000000 ) ) ;
#383 = ORIENTED_EDGE ( 'NONE', *, *, #3009, .F. ) ;
#384 = FILL_AREA_STYLE ('',( #2186 ) ) ;
#385 = VERTEX_POINT ( 'NONE', #1333 ) ;
#386 = EDGE_LOOP ( 'NONE', ( #2743, #2980, #2155, #2759 ) ) ;
#387 = FACE_BOUND ( 'NONE', #3270, .T. ) ;
#388 = ORIENTED_EDGE ( 'NONE', *, *, #2135, .F. ) ;
#389 = PLANE ( 'NONE',  #3232 ) ;
#390 = CARTESIAN_POINT ( 'NONE',  ( 82.09499049340179511, 51.33819824710980839, 1.199999999999999956 ) ) ;
#391 = DIRECTION ( 'NONE',  ( 0.000000000000000000, 0.000000000000000000, -1.000000000000000000 ) ) ;
#392 = FACE_OUTER_BOUND ( 'NONE', #1890, .T. ) ;
#393 = EDGE_CURVE ( 'NONE', #1463, #65, #1791, .T. ) ;
#394 = LINE ( 'NONE', #1410, #2797 ) ;
#395 = ORIENTED_EDGE ( 'NONE', *, *, #2356, .T. ) ;
#396 = CARTESIAN_POINT ( 'NONE',  ( 65.72249999999893078, 65.72250000000072134, 1.199999999999999956 ) ) ;
#397 = ORIENTED_EDGE ( 'NONE', *, *, #1691, .T. ) ;
#398 = ORIENTED_EDGE ( 'NONE', *, *, #2875, .T. ) ;
#399 = DIRECTION ( 'NONE',  ( 0.7071067811865469066, -0.7071067811865482389, 0.000000000000000000 ) ) ;
#400 = VERTEX_POINT ( 'NONE', #61 ) ;
#401 = CARTESIAN_POINT ( 'NONE',  ( 114.1951132400000120, 51.33906673999999981, 10.00000000000000000 ) ) ;
#402 = ADVANCED_FACE ( 'NONE', ( #3124 ), #1312, .T. ) ;
#403 = DIRECTION ( 'NONE',  ( 1.000000000000000000, 0.000000000000000000, 0.000000000000000000 ) ) ;
#404 = FACE_OUTER_BOUND ( 'NONE', #445, .T. ) ;
#405 = DIRECTION ( 'NONE',  ( 0.000000000000000000, -0.000000000000000000, 1.000000000000000000 ) ) ;
#406 = DIRECTION ( 'NONE',  ( 0.000000000000000000, 0.000000000000000000, -1.000000000000000000 ) ) ;
#407 = AXIS2_PLACEMENT_3D ( 'NONE', #2375, #3152, #1605 ) ;
#408 = VECTOR ( 'NONE', #1466, 1000.000000000000000 ) ;
#409 = DIRECTION ( 'NONE',  ( 0.7071067811865444641, 0.000000000000000000, 0.7071067811865505703 ) ) ;
#410 = EDGE_CURVE ( 'NONE', #128, #2374, #1547, .T. ) ;
#411 = VERTEX_POINT ( 'NONE', #2561 ) ;
#412 = FACE_OUTER_BOUND ( 'NONE', #1061, .T. ) ;
#413 = ORIENTED_EDGE ( 'NONE', *, *, #490, .F. ) ;
#414 = AXIS2_PLACEMENT_3D ( 'NONE', #3219, #884, #2165 ) ;
#415 = VECTOR ( 'NONE', #2732, 1000.000000000000000 ) ;
#416 = EDGE_CURVE ( 'NONE', #349, #1952, #253, .T. ) ;
#417 = AXIS2_PLACEMENT_3D ( 'NONE', #275, #560, #290 ) ;
#418 = EDGE_LOOP ( 'NONE', ( #1719, #1344, #931, #2766 ) ) ;
#419 = VECTOR ( 'NONE', #1178, 1000.000000000000000 ) ;
#420 = ORIENTED_EDGE ( 'NONE', *, *, #1675, .F. ) ;
#421 = LINE ( 'NONE', #1437, #1416 ) ;
#422 = ORIENTED_EDGE ( 'NONE', *, *, #354, .F. ) ;
#423 = FACE_OUTER_BOUND ( 'NONE', #2574, .T. ) ;
#424 = CARTESIAN_POINT ( 'NONE',  ( 107.0610000000000070, 49.02199999999999847, 86.57235496138623887 ) ) ;
#425 = DIRECTION ( 'NONE',  ( -0.000000000000000000, -0.000000000000000000, -1.000000000000000000 ) ) ;
#426 = DIRECTION ( 'NONE',  ( -0.000000000000000000, 1.000000000000000000, 0.000000000000000000 ) ) ;
#427 = DIRECTION ( 'NONE',  ( -0.7071067811865379138, 0.7071067811865572317, 0.000000000000000000 ) ) ;
#428 = DIRECTION ( 'NONE',  ( 0.000000000000000000, 1.000000000000000000, -0.000000000000000000 ) ) ;
#429 = EDGE_LOOP ( 'NONE', ( #1075, #847, #2102, #4 ) ) ;
#430 = SURFACE_STYLE_FILL_AREA ( #384 ) ;
#431 = ORIENTED_EDGE ( 'NONE', *, *, #2672, .F. ) ;
#432 = EDGE_LOOP ( 'NONE', ( #3106, #3116, #637, #1029, #2518 ) ) ;
#433 = CARTESIAN_POINT ( 'NONE',  ( 80.00999999999999091, 100.7109999999999985, 9.999999999999994671 ) ) ;
#434 = EDGE_CURVE ( 'NONE', #542, #2886, #1814, .T. ) ;
#435 = PLANE ( 'NONE',  #1746 ) ;
#436 = VERTEX_POINT ( 'NONE', #2448 ) ;
#437 = CARTESIAN_POINT ( 'NONE',  ( 83.18106397146679853, 99.28796468017596055, 9.999999999999998224 ) ) ;
#438 = DIRECTION ( 'NONE',  ( -1.000000000000000000, -0.000000000000000000, -0.000000000000000000 ) ) ;
#439 = DIRECTION ( 'NONE',  ( 0.000000000000000000, 0.000000000000000000, -1.000000000000000000 ) ) ;
#440 = CARTESIAN_POINT ( 'NONE',  ( 76.70799999999999841, 0.000000000000000000, 0.000000000000000000 ) ) ;
#441 = PLANE ( 'NONE',  #799 ) ;
#442 = CARTESIAN_POINT ( 'NONE',  ( 94.74199999999999022, 0.000000000000000000, 1.199999999999999956 ) ) ;
#443 = EDGE_CURVE ( 'NONE', #1249, #352, #2935, .T. ) ;
#444 = ORIENTED_EDGE ( 'NONE', *, *, #1844, .T. ) ;
#445 = EDGE_LOOP ( 'NONE', ( #672, #778, #977, #1009 ) ) ;
#446 = DIRECTION ( 'NONE',  ( 0.000000000000000000, 0.000000000000000000, -1.000000000000000000 ) ) ;
#447 = CARTESIAN_POINT ( 'NONE',  ( 74.42199999999999704, 70.61199999999999477, 86.57235496138623887 ) ) ;
#448 = ADVANCED_FACE ( 'NONE', ( #404 ), #924, .F. ) ;
#449 = EDGE_LOOP ( 'NONE', ( #486, #316, #3027, #80 ) ) ;
#450 = DIRECTION ( 'NONE',  ( -0.7071067811865572317, -0.7071067811865379138, 0.000000000000000000 ) ) ;
#451 = CARTESIAN_POINT ( 'NONE',  ( 88.51899999999999125, 53.34000000000000341, 0.000000000000000000 ) ) ;
#452 = EDGE_CURVE ( 'NONE', #2411, #1124, #2704, .T. ) ;
#453 = DIRECTION ( 'NONE',  ( 1.000000000000000000, 0.000000000000000000, 0.000000000000000000 ) ) ;
#454 = CARTESIAN_POINT ( 'NONE',  ( 94.74199999999999022, 0.000000000000000000, 1.199999999999999956 ) ) ;
#455 = FACE_OUTER_BOUND ( 'NONE', #2865, .T. ) ;
#456 = CARTESIAN_POINT ( 'NONE',  ( 107.3149999999999977, 49.27600000000001046, 0.000000000000000000 ) ) ;
#457 = CONICAL_SURFACE ( 'NONE', #2170, 3.049998979999996251, 0.7853981633974391752 ) ;
#458 = ORIENTED_EDGE ( 'NONE', *, *, #2291, .F. ) ;
#459 = STYLED_ITEM ( 'NONE', ( #2409 ), #187 ) ;
#460 = VECTOR ( 'NONE', #2761, 1000.000000000000000 ) ;
#461 = ORIENTED_EDGE ( 'NONE', *, *, #3162, .F. ) ;
#462 = EDGE_CURVE ( 'NONE', #611, #3159, #1696, .T. ) ;
#463 = CARTESIAN_POINT ( 'NONE',  ( 70.60610758875702686, 73.28842202833645558, 10.00000000000000000 ) ) ;
#464 = CARTESIAN_POINT ( 'NONE',  ( 82.13300634401279865, 101.0850763564772734, 1.199999999999999956 ) ) ;
#465 = VECTOR ( 'NONE', #2096, 999.9999999999998863 ) ;
#466 = AXIS2_PLACEMENT_3D ( 'NONE', #1515, #2530, #264 ) ;
#467 = CARTESIAN_POINT ( 'NONE',  ( 125.5950015399999700, 76.45399999999999352, 1.199999999999999956 ) ) ;
#468 = LINE ( 'NONE', #1468, #627 ) ;
#469 = VECTOR ( 'NONE', #714, 1000.000000000000114 ) ;
#470 = CARTESIAN_POINT ( 'NONE',  ( 131.3180000000000121, 0.000000000000000000, 0.000000000000000000 ) ) ;
#471 = ORIENTED_EDGE ( 'NONE', *, *, #1844, .F. ) ;
#472 = DIRECTION ( 'NONE',  ( 0.000000000000000000, 0.000000000000000000, -1.000000000000000000 ) ) ;
#473 = ADVANCED_FACE ( 'NONE', ( #2405 ), #3200, .T. ) ;
#474 = ADVANCED_FACE ( 'NONE', ( #912 ), #2888, .F. ) ;
#475 = CARTESIAN_POINT ( 'NONE',  ( 82.67700000000000671, 99.56799999999999784, 9.999999999999994671 ) ) ;
#476 = DIRECTION ( 'NONE',  ( 0.000000000000000000, 0.000000000000000000, 1.000000000000000000 ) ) ;
#477 = LINE ( 'NONE', #107, #1587 ) ;
#478 = B_SPLINE_CURVE_WITH_KNOTS ( 'NONE', 3,
 ( #3141, #1596, #1622, #1091 ),
 .UNSPECIFIED., .F., .F.,
 ( 4, 4 ),
 ( 0.006432199845601927445, 0.006597442605297501594 ),
 .UNSPECIFIED. ) ;
#479 = ORIENTED_EDGE ( 'NONE', *, *, #804, .T. ) ;
#480 = EDGE_LOOP ( 'NONE', ( #2413, #657, #2084, #397 ) ) ;
#481 = CARTESIAN_POINT ( 'NONE',  ( 85.19500105999999562, 101.5689993000000015, 0.000000000000000000 ) ) ;
#482 = DIRECTION ( 'NONE',  ( 0.7071067811865474617, 0.7071067811865474617, -0.000000000000000000 ) ) ;
#483 = ORIENTED_EDGE ( 'NONE', *, *, #2457, .T. ) ;
#484 = CARTESIAN_POINT ( 'NONE',  ( 74.42199999999999704, 67.94499999999999318, 86.57235496138623887 ) ) ;
#485 = LINE ( 'NONE', #1784, #952 ) ;
#486 = ORIENTED_EDGE ( 'NONE', *, *, #1352, .F. ) ;
#487 = ORIENTED_EDGE ( 'NONE', *, *, #1576, .F. ) ;
#488 = DIRECTION ( 'NONE',  ( 0.000000000000000000, 0.000000000000000000, -1.000000000000000000 ) ) ;
#489 = CARTESIAN_POINT ( 'NONE',  ( 103.8859999999999957, 98.17099999999999227, 0.000000000000000000 ) ) ;
#490 = EDGE_CURVE ( 'NONE', #2374, #3290, #613, .T. ) ;
#491 = LINE ( 'NONE', #2497, #3223 ) ;
#492 = EDGE_CURVE ( 'NONE', #1008, #2340, #677, .T. ) ;
#493 = ORIENTED_EDGE ( 'NONE', *, *, #242, .F. ) ;
#494 = EDGE_CURVE ( 'NONE', #2218, #2539, #3168, .T. ) ;
#495 = ORIENTED_EDGE ( 'NONE', *, *, #1776, .T. ) ;
#496 = CYLINDRICAL_SURFACE ( 'NONE', #466, 32.71124014000000102 ) ;
#497 = FACE_OUTER_BOUND ( 'NONE', #2714, .T. ) ;
#498 = DIRECTION ( 'NONE',  ( 0.000000000000000000, 0.000000000000000000, 1.000000000000000000 ) ) ;
#499 = ORIENTED_EDGE ( 'NONE', *, *, #1434, .T. ) ;
#500 = PLANE ( 'NONE',  #1630 ) ;
#501 = CARTESIAN_POINT ( 'NONE',  ( 69.52377255999999761, 85.87810358000000122, 0.000000000000000000 ) ) ;
#502 = ORIENTED_EDGE ( 'NONE', *, *, #2373, .T. ) ;
#503 = EDGE_LOOP ( 'NONE', ( #2432, #1021, #1217, #2758 ) ) ;
#504 = CARTESIAN_POINT ( 'NONE',  ( 83.18106397146679853, 101.5689993000000015, 1.199999999999999956 ) ) ;
#505 = DIRECTION ( 'NONE',  ( 1.000000000000000000, 0.000000000000000000, 0.000000000000000000 ) ) ;
#506 = DIRECTION ( 'NONE',  ( 0.000000000000000000, 0.000000000000000000, 1.000000000000000000 ) ) ;
#507 = CARTESIAN_POINT ( 'NONE',  ( 131.3180000000000121, 0.000000000000000000, 1.199999999999999956 ) ) ;
#508 = EDGE_CURVE ( 'NONE', #2452, #829, #360, .T. ) ;
#509 = CARTESIAN_POINT ( 'NONE',  ( 89.28100000000000591, 103.8859999999999957, 86.57235496138623887 ) ) ;
#510 = ORIENTED_EDGE ( 'NONE', *, *, #2713, .T. ) ;
#511 = ORIENTED_EDGE ( 'NONE', *, *, #508, .T. ) ;
#512 = VECTOR ( 'NONE', #2555, 1000.000000000000000 ) ;
#513 = EDGE_CURVE ( 'NONE', #1522, #821, #2462, .T. ) ;
#514 = EDGE_CURVE ( 'NONE', #3076, #2316, #1396, .T. ) ;
#515 = AXIS2_PLACEMENT_3D ( 'NONE', #2517, #2533, #498 ) ;
#516 = VECTOR ( 'NONE', #3236, 1000.000000000000000 ) ;
#517 = CARTESIAN_POINT ( 'NONE',  ( 91.05899999999999750, 49.02199999999999847, 86.57235496138623887 ) ) ;
#518 = ORIENTED_EDGE ( 'NONE', *, *, #1263, .T. ) ;
#519 = CARTESIAN_POINT ( 'NONE',  ( 89.66199999999999193, 50.41899999999999693, 86.57235496138623887 ) ) ;
#520 = AXIS2_PLACEMENT_3D ( 'NONE', #1866, #3072, #2836 ) ;
#521 = VECTOR ( 'NONE', #588, 1000.000000000000000 ) ;
#522 = LINE ( 'NONE', #1727, #2651 ) ;
#523 = VERTEX_POINT ( 'NONE', #108 ) ;
#524 = AXIS2_PLACEMENT_3D ( 'NONE', #2671, #3166, #1141 ) ;
#525 = AXIS2_PLACEMENT_3D ( 'NONE', #133, #629, #2095 ) ;
#526 = ORIENTED_EDGE ( 'NONE', *, *, #1601, .T. ) ;
#527 = CARTESIAN_POINT ( 'NONE',  ( 82.13300634401279865, 99.86719651079296511, 1.200000000000003064 ) ) ;
#528 = AXIS2_PLACEMENT_3D ( 'NONE', #2945, #1491, #3212 ) ;
#529 = DIRECTION ( 'NONE',  ( -0.7071067811865496822, 0.7071067811865454633, -0.000000000000000000 ) ) ;
#530 = EDGE_CURVE ( 'NONE', #2022, #970, #1623, .T. ) ;
#531 = PLANE ( 'NONE',  #308 ) ;
#532 = CARTESIAN_POINT ( 'NONE',  ( 77.85099999999999909, 0.000000000000000000, 0.000000000000000000 ) ) ;
#533 = ORIENTED_EDGE ( 'NONE', *, *, #2800, .T. ) ;
#534 = ORIENTED_EDGE ( 'NONE', *, *, #2082, .T. ) ;
#535 = CARTESIAN_POINT ( 'NONE',  ( 94.74199999999999022, 107.1880000000000024, 0.000000000000000000 ) ) ;
#536 = DIRECTION ( 'NONE',  ( 0.7071067811865459074, -0.7071067811865491270, 0.000000000000000000 ) ) ;
#537 = DIRECTION ( 'NONE',  ( -0.000000000000000000, 1.000000000000000000, 0.000000000000000000 ) ) ;
#538 = ADVANCED_FACE ( 'NONE', ( #1179 ), #2640, .T. ) ;
#539 = VERTEX_POINT ( 'NONE', #1408 ) ;
#540 = DIRECTION ( 'NONE',  ( 1.000000000000000000, 0.000000000000000000, 0.000000000000000000 ) ) ;
#541 = EDGE_CURVE ( 'NONE', #1851, #1971, #2133, .T. ) ;
#542 = VERTEX_POINT ( 'NONE', #1894 ) ;
#543 = ORIENTED_EDGE ( 'NONE', *, *, #2044, .F. ) ;
#544 = CARTESIAN_POINT ( 'NONE',  ( 89.28100000000000591, 103.8859999999999957, 86.57235496138623887 ) ) ;
#545 = DIRECTION ( 'NONE',  ( -0.000000000000000000, -0.000000000000000000, -1.000000000000000000 ) ) ;
#546 = DIRECTION ( 'NONE',  ( 0.000000000000000000, 0.000000000000000000, -1.000000000000000000 ) ) ;
#547 = CARTESIAN_POINT ( 'NONE',  ( 89.28100000000000591, 103.8859999999999957, 9.999999999999994671 ) ) ;
#548 = DIRECTION ( 'NONE',  ( 1.000000000000000000, 0.000000000000000000, 0.000000000000000000 ) ) ;
#549 = VERTEX_POINT ( 'NONE', #2902 ) ;
#550 = DIRECTION ( 'NONE',  ( -0.8762159086766476701, 0.4819187497721545421, 0.000000000000000000 ) ) ;
#551 = ORIENTED_EDGE ( 'NONE', *, *, #586, .F. ) ;
#552 = ADVANCED_FACE ( 'NONE', ( #2416 ), #120, .T. ) ;
#553 = DIRECTION ( 'NONE',  ( 0.000000000000000000, -1.000000000000000000, 0.000000000000000000 ) ) ;
#554 = ORIENTED_EDGE ( 'NONE', *, *, #2631, .T. ) ;
#555 = LINE ( 'NONE', #69, #2273 ) ;
#556 = EDGE_CURVE ( 'NONE', #2881, #2145, #2256, .T. ) ;
#557 = CARTESIAN_POINT ( 'NONE',  ( 111.1449999600000211, 101.5687376800000123, 9.599999999999999645 ) ) ;
#558 = ORIENTED_EDGE ( 'NONE', *, *, #2724, .T. ) ;
#559 = ORIENTED_EDGE ( 'NONE', *, *, #765, .T. ) ;
#560 = DIRECTION ( 'NONE',  ( 0.7071067811865379138, 0.7071067811865572317, 0.000000000000000000 ) ) ;
#561 = ADVANCED_FACE ( 'NONE', ( #1774 ), #1010, .T. ) ;
#562 = VERTEX_POINT ( 'NONE', #2024 ) ;
#563 = CARTESIAN_POINT ( 'NONE',  ( 103.8859999999999957, 98.17099999999999227, 86.57235496138623887 ) ) ;
#564 = CARTESIAN_POINT ( 'NONE',  ( 88.29542760511834842, 51.33819824710981550, 1.199999999999999956 ) ) ;
#565 = CARTESIAN_POINT ( 'NONE',  ( 66.29399999999893112, 66.29400000000075011, 0.000000000000000000 ) ) ;
#566 = CARTESIAN_POINT ( 'NONE',  ( 131.3180000000000121, 84.07399999999999807, 0.000000000000000000 ) ) ;
#567 = ORIENTED_EDGE ( 'NONE', *, *, #1208, .T. ) ;
#568 = DIRECTION ( 'NONE',  ( 1.000000000000000000, 0.000000000000000000, 0.000000000000000000 ) ) ;
#569 = ORIENTED_EDGE ( 'NONE', *, *, #1203, .F. ) ;
#570 = LINE ( 'NONE', #30, #245 ) ;
#571 = ORIENTED_EDGE ( 'NONE', *, *, #110, .T. ) ;
#572 = DIRECTION ( 'NONE',  ( 0.000000000000000000, 0.000000000000000000, 1.000000000000000000 ) ) ;
#573 = VECTOR ( 'NONE', #399, 1000.000000000000000 ) ;
#574 = VECTOR ( 'NONE', #1768, 1000.000000000000227 ) ;
#575 = ORIENTED_EDGE ( 'NONE', *, *, #2226, .T. ) ;
#576 = FACE_OUTER_BOUND ( 'NONE', #2201, .T. ) ;
#577 = CIRCLE ( 'NONE', #2440, 3.049998979999996251 ) ;
#578 = AXIS2_PLACEMENT_3D ( 'NONE', #2491, #711, #1181 ) ;
#579 = VECTOR ( 'NONE', #2731, 1000.000000000000000 ) ;
#580 = VECTOR ( 'NONE', #185, 1000.000000000000000 ) ;
#581 = ORIENTED_EDGE ( 'NONE', *, *, #2850, .F. ) ;
#582 = DIRECTION ( 'NONE',  ( -0.000000000000000000, -0.000000000000000000, -1.000000000000000000 ) ) ;
#583 = LINE ( 'NONE', #92, #1793 ) ;
#584 = CARTESIAN_POINT ( 'NONE',  ( 74.42199999999999704, 59.94400000000000261, 0.000000000000000000 ) ) ;
#585 = ADVANCED_FACE ( 'NONE', ( #1959 ), #749, .T. ) ;
#586 = EDGE_CURVE ( 'NONE', #1308, #1275, #1590, .T. ) ;
#587 = VECTOR ( 'NONE', #1279, 1000.000000000000000 ) ;
#588 = DIRECTION ( 'NONE',  ( 0.000000000000000000, 1.000000000000000000, 0.000000000000000000 ) ) ;
#589 = CARTESIAN_POINT ( 'NONE',  ( 0.000000000000000000, 0.000000000000000000, 2.600000000000000089 ) ) ;
#590 = EDGE_LOOP ( 'NONE', ( #2397, #1231, #1335, #2234 ) ) ;
#591 = DIRECTION ( 'NONE',  ( 0.000000000000000000, 1.000000000000000000, -0.000000000000000000 ) ) ;
#592 = ORIENTED_EDGE ( 'NONE', *, *, #20, .T. ) ;
#593 = CARTESIAN_POINT ( 'NONE',  ( 0.000000000000000000, 58.29299999999999926, 1.199999999999999956 ) ) ;
#594 = ORIENTED_EDGE ( 'NONE', *, *, #180, .T. ) ;
#595 = PLANE ( 'NONE',  #417 ) ;
#596 = VERTEX_POINT ( 'NONE', #2717 ) ;
#597 = DIRECTION ( 'NONE',  ( 0.2496921174961801437, -0.9683252792632617290, 0.000000000000000000 ) ) ;
#598 = DIRECTION ( 'NONE',  ( 0.000000000000000000, -0.000000000000000000, -1.000000000000000000 ) ) ;
#599 = CARTESIAN_POINT ( 'NONE',  ( 99.69499999999999318, 76.45399999999999352, 0.000000000000000000 ) ) ;
#600 = CARTESIAN_POINT ( 'NONE',  ( 103.8859999999999957, 103.5049999999999955, 86.57235496138623887 ) ) ;
#601 = EDGE_CURVE ( 'NONE', #3149, #2140, #2004, .T. ) ;
#602 = EDGE_CURVE ( 'NONE', #400, #2977, #1192, .T. ) ;
#603 = ORIENTED_EDGE ( 'NONE', *, *, #2142, .T. ) ;
#604 = DIRECTION ( 'NONE',  ( -1.000000000000000000, 0.000000000000000000, 0.000000000000000000 ) ) ;
#605 = VERTEX_POINT ( 'NONE', #2209 ) ;
#606 = EDGE_CURVE ( 'NONE', #2271, #1835, #1714, .T. ) ;
#607 = VERTEX_POINT ( 'NONE', #1988 ) ;
#608 = CARTESIAN_POINT ( 'NONE',  ( 94.10699999999999932, 104.0130000000000052, 86.57235496138623887 ) ) ;
#609 = ORIENTED_EDGE ( 'NONE', *, *, #1452, .F. ) ;
#610 = CARTESIAN_POINT ( 'NONE',  ( 69.72300000000001319, 70.61199999999999477, 2.600000000000000089 ) ) ;
#611 = VERTEX_POINT ( 'NONE', #1743 ) ;
#612 = LINE ( 'NONE', #1643, #2701 ) ;
#613 = LINE ( 'NONE', #2946, #1428 ) ;
#614 = EDGE_CURVE ( 'NONE', #1874, #1551, #2767, .T. ) ;
#615 = PLANE ( 'NONE',  #2260 ) ;
#616 = CARTESIAN_POINT ( 'NONE',  ( 82.09499049340179511, 55.70000950659819949, 86.57235496138623887 ) ) ;
#617 = EDGE_LOOP ( 'NONE', ( #1687, #1051, #2693, #422, #2896, #263, #1036, #1079 ) ) ;
#618 = DIRECTION ( 'NONE',  ( 0.000000000000000000, 0.000000000000000000, 1.000000000000000000 ) ) ;
#619 = ORIENTED_EDGE ( 'NONE', *, *, #2419, .T. ) ;
#620 = EDGE_CURVE ( 'NONE', #1767, #3257, #2492, .T. ) ;
#621 = EDGE_LOOP ( 'NONE', ( #2613, #2442, #823, #2749, #2928, #304, #1903 ) ) ;
#622 = PLANE ( 'NONE',  #1692 ) ;
#623 = EDGE_CURVE ( 'NONE', #44, #1877, #2523, .T. ) ;
#624 = EDGE_CURVE ( 'NONE', #1240, #1281, #1226, .T. ) ;
#625 = ORIENTED_EDGE ( 'NONE', *, *, #2032, .T. ) ;
#626 = CARTESIAN_POINT ( 'NONE',  ( 114.1949989400000192, 101.5687376800000123, 10.00000000000000000 ) ) ;
#627 = VECTOR ( 'NONE', #1237, 1000.000000000000000 ) ;
#628 = EDGE_LOOP ( 'NONE', ( #1826, #1349, #1544, #2251, #1708 ) ) ;
#629 = DIRECTION ( 'NONE',  ( 0.000000000000000000, 0.000000000000000000, 1.000000000000000000 ) ) ;
#630 = VECTOR ( 'NONE', #685, 1000.000000000000000 ) ;
#631 = VECTOR ( 'NONE', #2482, 1000.000000000000000 ) ;
#632 = DIRECTION ( 'NONE',  ( 0.000000000000000000, 0.000000000000000000, -1.000000000000000000 ) ) ;
#633 = LINE ( 'NONE', #1697, #2937 ) ;
#634 = AXIS2_PLACEMENT_3D ( 'NONE', #2922, #1117, #880 ) ;
#635 = VECTOR ( 'NONE', #591, 1000.000000000000000 ) ;
#636 = CARTESIAN_POINT ( 'NONE',  ( 67.64477454000001444, 76.45399999999999352, 10.00000000000000000 ) ) ;
#637 = ORIENTED_EDGE ( 'NONE', *, *, #1999, .F. ) ;
#638 = CARTESIAN_POINT ( 'NONE',  ( -0.000000000000000000, 56.13400000000000034, 0.000000000000000000 ) ) ;
#639 = EDGE_LOOP ( 'NONE', ( #3120, #1489, #2638, #1778, #2347, #172 ) ) ;
#640 = AXIS2_PLACEMENT_3D ( 'NONE', #1908, #2104, #643 ) ;
#641 = ORIENTED_EDGE ( 'NONE', *, *, #319, .F. ) ;
#642 = LINE ( 'NONE', #1138, #2853 ) ;
#644 = EDGE_CURVE ( 'NONE', #605, #3149, #182, .T. ) ;
#643 = DIRECTION ( 'NONE',  ( 1.000000000000000000, 0.000000000000000000, 0.000000000000000000 ) ) ;
#645 = EDGE_CURVE ( 'NONE', #966, #38, #973, .T. ) ;
#646 = ORIENTED_EDGE ( 'NONE', *, *, #2045, .F. ) ;
#647 = CARTESIAN_POINT ( 'NONE',  ( 81.78799999999999670, 56.00699999999999790, 86.57235496138623887 ) ) ;
#648 = LINE ( 'NONE', #1143, #2072 ) ;
#649 = DIRECTION ( 'NONE',  ( -1.000000000000000000, 0.000000000000000000, 0.000000000000000000 ) ) ;
#650 = LINE ( 'NONE', #135, #41 ) ;
#651 = VECTOR ( 'NONE', #3143, 1000.000000000000000 ) ;
#652 = DIRECTION ( 'NONE',  ( 1.000000000000000000, 0.000000000000000000, 0.000000000000000000 ) ) ;
#653 = ORIENTED_EDGE ( 'NONE', *, *, #2105, .F. ) ;
#654 = DIRECTION ( 'NONE',  ( 1.000000000000000000, 0.000000000000000000, 0.000000000000000000 ) ) ;
#655 = B_SPLINE_CURVE_WITH_KNOTS ( 'NONE', 3,
 ( #1764, #3000, #2769, #2986 ),
 .UNSPECIFIED., .F., .F.,
 ( 4, 4 ),
 ( 1.734723475976807094E-18, 0.0005837366629530464732 ),
 .UNSPECIFIED. ) ;
#656 = ORIENTED_EDGE ( 'NONE', *, *, #2065, .T. ) ;
#657 = ORIENTED_EDGE ( 'NONE', *, *, #1304, .F. ) ;
#658 = DIRECTION ( 'NONE',  ( 0.000000000000000000, 0.000000000000000000, 1.000000000000000000 ) ) ;
#659 = EDGE_CURVE ( 'NONE', #821, #385, #2969, .T. ) ;
#660 = CARTESIAN_POINT ( 'NONE',  ( 69.72300000000001319, 67.94499999999999318, 2.600000000000000089 ) ) ;
#661 = EDGE_LOOP ( 'NONE', ( #1223, #2951, #2164, #3148 ) ) ;
#662 = CARTESIAN_POINT ( 'NONE',  ( 0.000000000000000000, 84.07399999999999807, 1.199999999999999956 ) ) ;
#663 = EDGE_CURVE ( 'NONE', #748, #1463, #2752, .T. ) ;
#664 = LINE ( 'NONE', #470, #419 ) ;
#665 = CARTESIAN_POINT ( 'NONE',  ( 82.09500228385982723, 51.33819824710980839, 1.199999999999999956 ) ) ;
#666 = CARTESIAN_POINT ( 'NONE',  ( 81.78799999999999670, 0.000000000000000000, 1.199999999999999956 ) ) ;
#667 = EDGE_CURVE ( 'NONE', #3046, #2529, #1109, .T. ) ;
#668 = LINE ( 'NONE', #345, #2544 ) ;
#669 = FACE_OUTER_BOUND ( 'NONE', #1122, .T. ) ;
#670 = LINE ( 'NONE', #2433, #630 ) ;
#671 = VERTEX_POINT ( 'NONE', #958 ) ;
#672 = ORIENTED_EDGE ( 'NONE', *, *, #3096, .F. ) ;
#673 = FACE_OUTER_BOUND ( 'NONE', #733, .T. ) ;
#674 = EDGE_LOOP ( 'NONE', ( #2918, #1502, #3255, #499, #3020, #2615 ) ) ;
#675 = CARTESIAN_POINT ( 'NONE',  ( 82.13300634401279865, 98.07091141735452311, 0.000000000000000000 ) ) ;
#676 = CARTESIAN_POINT ( 'NONE',  ( 85.19500105999999562, 51.33900069999999971, 1.199999999999999956 ) ) ;
#677 = LINE ( 'NONE', #154, #739 ) ;
#678 = AXIS2_PLACEMENT_3D ( 'NONE', #2828, #269, #2074 ) ;
#679 = DIRECTION ( 'NONE',  ( 0.7071067811865475727, 0.7071067811865475727, 0.000000000000000000 ) ) ;
#680 = AXIS2_PLACEMENT_3D ( 'NONE', #1017, #537, #267 ) ;
#681 = VECTOR ( 'NONE', #2787, 1000.000000000000000 ) ;
#682 = CARTESIAN_POINT ( 'NONE',  ( 107.3149999999999977, 49.27600000000001046, 9.999999999999994671 ) ) ;
#683 = AXIS2_PLACEMENT_3D ( 'NONE', #259, #2235, #2990 ) ;
#684 = EDGE_CURVE ( 'NONE', #1449, #3111, #2272, .T. ) ;
#685 = DIRECTION ( 'NONE',  ( 0.7071067811865459074, -0.7071067811865491270, -0.000000000000000000 ) ) ;
#686 = ADVANCED_FACE ( 'NONE', ( #3251 ), #3286, .T. ) ;
#687 = ORIENTED_EDGE ( 'NONE', *, *, #1950, .T. ) ;
#688 = VECTOR ( 'NONE', #2661, 1000.000000000000000 ) ;
#689 = AXIS2_PLACEMENT_3D ( 'NONE', #3157, #136, #2877 ) ;
#690 = AXIS2_PLACEMENT_3D ( 'NONE', #1144, #2161, #2780 ) ;
#691 = ORIENTED_EDGE ( 'NONE', *, *, #1434, .F. ) ;
#692 = VECTOR ( 'NONE', #529, 1000.000000000000114 ) ;
#693 = VERTEX_POINT ( 'NONE', #1060 ) ;
#694 = CARTESIAN_POINT ( 'NONE',  ( 91.05899999999999750, 49.02199999999999847, 9.999999999999994671 ) ) ;
#695 = DIRECTION ( 'NONE',  ( 0.7071067811865492381, -0.7071067811865457964, 0.000000000000000000 ) ) ;
#696 = LINE ( 'NONE', #1454, #2275 ) ;
#697 = VERTEX_POINT ( 'NONE', #2559 ) ;
#698 = CARTESIAN_POINT ( 'NONE',  ( 85.19500105999999562, 51.33900069999999971, 1.199999999999999956 ) ) ;
#699 = LINE ( 'NONE', #1205, #48 ) ;
#700 = CARTESIAN_POINT ( 'NONE',  ( 76.96199999999998909, 54.22899999999999920, 1.199999999999999956 ) ) ;
#701 = DIRECTION ( 'NONE',  ( -1.000000000000000000, 0.000000000000000000, 0.000000000000000000 ) ) ;
#702 = DIRECTION ( 'NONE',  ( 1.000000000000000000, 1.119097537622832971E-15, -0.000000000000000000 ) ) ;
#703 = LINE ( 'NONE', #222, #315 ) ;
#704 = CARTESIAN_POINT ( 'NONE',  ( 74.54899999999999238, 67.94499999999999318, 0.000000000000000000 ) ) ;
#705 = ORIENTED_EDGE ( 'NONE', *, *, #393, .F. ) ;
#706 = CARTESIAN_POINT ( 'NONE',  ( 0.000000000000000000, 73.28842202833645558, 1.699999999999999956 ) ) ;
#707 = DIRECTION ( 'NONE',  ( -0.7071067811865379138, 0.7071067811865572317, 0.000000000000000000 ) ) ;
#708 = EDGE_CURVE ( 'NONE', #65, #2977, #1843, .T. ) ;
#709 = ORIENTED_EDGE ( 'NONE', *, *, #2593, .T. ) ;
#710 = CARTESIAN_POINT ( 'NONE',  ( 75.18399999999999750, 56.38799999999999812, 0.000000000000000000 ) ) ;
#711 = DIRECTION ( 'NONE',  ( 0.000000000000000000, 0.000000000000000000, 1.000000000000000000 ) ) ;
#712 = LINE ( 'NONE', #168, #1752 ) ;
#713 = CARTESIAN_POINT ( 'NONE',  ( 69.72300000000001319, 70.61199999999999477, 2.600000000000000089 ) ) ;
#714 = DIRECTION ( 'NONE',  ( -0.5038712540962081432, -0.8637787675646549923, 0.000000000000000000 ) ) ;
#715 = DIRECTION ( 'NONE',  ( 1.000000000000000000, 0.000000000000000000, 0.000000000000000000 ) ) ;
#716 = ORIENTED_EDGE ( 'NONE', *, *, #110, .F. ) ;
#717 = ORIENTED_EDGE ( 'NONE', *, *, #24, .T. ) ;
#718 = DIRECTION ( 'NONE',  ( 0.7071067811865454633, 0.7071067811865496822, 0.000000000000000000 ) ) ;
#719 = ADVANCED_FACE ( 'NONE', ( #1023 ), #2294, .T. ) ;
#720 = CARTESIAN_POINT ( 'NONE',  ( 117.2451122200000100, 51.33906673999999981, 0.000000000000000000 ) ) ;
#721 = CARTESIAN_POINT ( 'NONE',  ( 89.28100000000000591, 99.56799999999999784, 0.000000000000000000 ) ) ;
#722 = LINE ( 'NONE', #1002, #1745 ) ;
#723 = VERTEX_POINT ( 'NONE', #1330 ) ;
#724 = CARTESIAN_POINT ( 'NONE',  ( 77.85099999999999909, 0.000000000000000000, 1.199999999999999956 ) ) ;
#725 = ADVANCED_FACE ( 'NONE', ( #576 ), #595, .T. ) ;
#726 = DIRECTION ( 'NONE',  ( -0.000000000000000000, -0.000000000000000000, -1.000000000000000000 ) ) ;
#727 = ORIENTED_EDGE ( 'NONE', *, *, #2783, .F. ) ;
#728 = CARTESIAN_POINT ( 'NONE',  ( 88.51899999999999125, 53.34000000000000341, 0.000000000000000000 ) ) ;
#729 = DIRECTION ( 'NONE',  ( 0.000000000000000000, 0.000000000000000000, -1.000000000000000000 ) ) ;
#730 = LINE ( 'NONE', #22, #1689 ) ;
#731 = VECTOR ( 'NONE', #3197, 1000.000000000000000 ) ;
#732 = VECTOR ( 'NONE', #3208, 1000.000000000000000 ) ;
#733 = EDGE_LOOP ( 'NONE', ( #2824, #3102, #2861, #2670 ) ) ;
#734 = VECTOR ( 'NONE', #2774, 1000.000000000000000 ) ;
#735 = VECTOR ( 'NONE', #2987, 1000.000000000000000 ) ;
#736 = ORIENTED_EDGE ( 'NONE', *, *, #530, .F. ) ;
#737 = DIRECTION ( 'NONE',  ( 0.7071067811865492381, -0.7071067811865457964, 0.000000000000000000 ) ) ;
#738 = PLANE ( 'NONE',  #2486 ) ;
#739 = VECTOR ( 'NONE', #1443, 1000.000000000000000 ) ;
#740 = VECTOR ( 'NONE', #3128, 1000.000000000000000 ) ;
#741 = LINE ( 'NONE', #230, #2956 ) ;
#742 = ORIENTED_EDGE ( 'NONE', *, *, #1937, .T. ) ;
#743 = CARTESIAN_POINT ( 'NONE',  ( 103.3780000000000001, 104.0130000000000052, 86.57235496138623887 ) ) ;
#744 = AXIS2_PLACEMENT_3D ( 'NONE', #2798, #2026, #1812 ) ;
#745 = EDGE_CURVE ( 'NONE', #2140, #1666, #2540, .T. ) ;
#746 = LINE ( 'NONE', #2253, #3077 ) ;
#747 = ORIENTED_EDGE ( 'NONE', *, *, #3162, .T. ) ;
#748 = VERTEX_POINT ( 'NONE', #3117 ) ;
#749 = PLANE ( 'NONE',  #845 ) ;
#750 = ADVANCED_FACE ( 'NONE', ( #1575 ), #3228, .F. ) ;
#751 = DIRECTION ( 'NONE',  ( -0.000000000000000000, -1.000000000000000000, 0.000000000000000000 ) ) ;
#752 = DIRECTION ( 'NONE',  ( -0.000000000000000000, -0.000000000000000000, -1.000000000000000000 ) ) ;
#753 = ORIENTED_EDGE ( 'NONE', *, *, #1869, .T. ) ;
#754 = ORIENTED_EDGE ( 'NONE', *, *, #1824, .F. ) ;
#755 = LINE ( 'NONE', #1250, #1750 ) ;
#756 = CARTESIAN_POINT ( 'NONE',  ( 74.42199999999999704, 59.94400000000000261, 8.899999999999991473 ) ) ;
#757 = CARTESIAN_POINT ( 'NONE',  ( 77.72399999999998954, 54.22899999999999920, 0.000000000000000000 ) ) ;
#758 = ORIENTED_EDGE ( 'NONE', *, *, #2906, .F. ) ;
#759 = CARTESIAN_POINT ( 'NONE',  ( 122.8089999999999975, 67.31000000000000227, 86.57235496138623887 ) ) ;
#760 = LINE ( 'NONE', #1825, #2702 ) ;
#761 = ORIENTED_EDGE ( 'NONE', *, *, #1657, .F. ) ;
#762 = UNCERTAINTY_MEASURE_WITH_UNIT (LENGTH_MEASURE( 1.000000000000000082E-05 ), #1401, 'distance_accuracy_value', 'NONE');
#763 = ORIENTED_EDGE ( 'NONE', *, *, #1983, .T. ) ;
#764 = CARTESIAN_POINT ( 'NONE',  ( 70.73899999999999011, 67.31000000000000227, 1.199999999999999956 ) ) ;
#765 = EDGE_CURVE ( 'NONE', #2374, #346, #256, .T. ) ;
#766 = CARTESIAN_POINT ( 'NONE',  ( 122.8089999999999975, 67.31000000000000227, 0.000000000000000000 ) ) ;
#767 = CARTESIAN_POINT ( 'NONE',  ( 89.40800000000000125, 104.0130000000000052, 9.999999999999994671 ) ) ;
#768 = EDGE_CURVE ( 'NONE', #44, #1120, #841, .T. ) ;
#769 = ORIENTED_EDGE ( 'NONE', *, *, #3051, .F. ) ;
#770 = VERTEX_POINT ( 'NONE', #2607 ) ;
#771 = FACE_OUTER_BOUND ( 'NONE', #1307, .T. ) ;
#772 = DIRECTION ( 'NONE',  ( 0.7071067811865379138, -0.7071067811865572317, 0.000000000000000000 ) ) ;
#773 = FACE_OUTER_BOUND ( 'NONE', #1492, .T. ) ;
#774 = VERTEX_POINT ( 'NONE', #2057 ) ;
#775 = CARTESIAN_POINT ( 'NONE',  ( 107.3149999999999977, 49.27600000000001046, 9.999999999999994671 ) ) ;
#776 = PRODUCT_DEFINITION ( 'Î´Öª', '', #2498, #17 ) ;
#777 = FACE_OUTER_BOUND ( 'NONE', #449, .T. ) ;
#778 = ORIENTED_EDGE ( 'NONE', *, *, #2418, .T. ) ;
#779 = CARTESIAN_POINT ( 'NONE',  ( 69.52377255999999761, 85.87810358000000122, 9.999999999999994671 ) ) ;
#780 = CARTESIAN_POINT ( 'NONE',  ( 81.78799999999999670, 56.00699999999999790, 9.999999999999994671 ) ) ;
#781 = DIRECTION ( 'NONE',  ( 0.7071067811865459074, 0.000000000000000000, -0.7071067811865491270 ) ) ;
#782 = CARTESIAN_POINT ( 'NONE',  ( 106.1719999999999970, 95.88499999999999091, 9.999999999999994671 ) ) ;
#783 = CARTESIAN_POINT ( 'NONE',  ( 69.84999999999999432, 73.52332576393966690, 10.00000000000000000 ) ) ;
#784 = EDGE_CURVE ( 'NONE', #140, #2632, #2222, .T. ) ;
#785 = ORIENTED_EDGE ( 'NONE', *, *, #2091, .T. ) ;
#786 = ORIENTED_EDGE ( 'NONE', *, *, #20, .F. ) ;
#787 = VECTOR ( 'NONE', #3164, 1000.000000000000000 ) ;
#788 = DIRECTION ( 'NONE',  ( 1.000000000000000000, 0.000000000000000000, 0.000000000000000000 ) ) ;
#789 = CARTESIAN_POINT ( 'NONE',  ( 89.66199999999999193, 52.19700000000000983, 0.000000000000000000 ) ) ;
#790 = VECTOR ( 'NONE', #3191, 1000.000000000000000 ) ;
#791 = DIRECTION ( 'NONE',  ( -0.000000000000000000, 1.000000000000000000, 0.000000000000000000 ) ) ;
#792 = ORIENTED_EDGE ( 'NONE', *, *, #2676, .F. ) ;
#793 = CARTESIAN_POINT ( 'NONE',  ( 89.40800000000000125, 104.0130000000000052, 9.999999999999994671 ) ) ;
#794 = VECTOR ( 'NONE', #19, 1000.000000000000000 ) ;
#795 = VECTOR ( 'NONE', #284, 1000.000000000000000 ) ;
#796 = DIRECTION ( 'NONE',  ( 1.000000000000000000, 0.000000000000000000, -0.000000000000000000 ) ) ;
#797 = AXIS2_PLACEMENT_3D ( 'NONE', #23, #1580, #2592 ) ;
#798 = ORIENTED_EDGE ( 'NONE', *, *, #1221, .T. ) ;
#799 = AXIS2_PLACEMENT_3D ( 'NONE', #563, #1038, #1076 ) ;
#800 = VERTEX_POINT ( 'NONE', #3087 ) ;
#801 = CARTESIAN_POINT ( 'NONE',  ( 83.18106397146679853, 99.28796468017596055, 86.57235496138623887 ) ) ;
#802 = CARTESIAN_POINT ( 'NONE',  ( 82.13300634401279865, 99.86719651079296511, 0.000000000000000000 ) ) ;
#803 = CARTESIAN_POINT ( 'NONE',  ( 69.52377255999999761, 85.87810358000000122, 9.999999999999994671 ) ) ;
#804 = EDGE_CURVE ( 'NONE', #411, #436, #2361, .T. ) ;
#805 = DIRECTION ( 'NONE',  ( 1.000000000000000000, 0.000000000000000000, 0.000000000000000000 ) ) ;
#806 = ORIENTED_EDGE ( 'NONE', *, *, #271, .T. ) ;
#807 = DIRECTION ( 'NONE',  ( -1.000000000000000000, -0.000000000000000000, -0.000000000000000000 ) ) ;
#808 = ORIENTED_EDGE ( 'NONE', *, *, #2152, .F. ) ;
#809 = EDGE_CURVE ( 'NONE', #693, #128, #1863, .T. ) ;
#810 = LINE ( 'NONE', #835, #2698 ) ;
#811 = ORIENTED_EDGE ( 'NONE', *, *, #3016, .F. ) ;
#812 = DIRECTION ( 'NONE',  ( -0.4819187497721545421, -0.8762159086766477811, 0.000000000000000000 ) ) ;
#813 = EDGE_CURVE ( 'NONE', #2514, #2471, #1282, .T. ) ;
#814 = LINE ( 'NONE', #557, #1861 ) ;
#815 = DIRECTION ( 'NONE',  ( 1.000000000000000000, 0.000000000000000000, 0.000000000000000000 ) ) ;
#816 = ORIENTED_EDGE ( 'NONE', *, *, #1, .F. ) ;
#817 = CARTESIAN_POINT ( 'NONE',  ( 123.9520000000000124, 0.000000000000000000, 1.199999999999999956 ) ) ;
#818 = DIRECTION ( 'NONE',  ( -0.000000000000000000, 1.000000000000000000, 0.000000000000000000 ) ) ;
#819 = CARTESIAN_POINT ( 'NONE',  ( 107.0610000000000070, 49.02199999999999847, 9.999999999999994671 ) ) ;
#820 = CARTESIAN_POINT ( 'NONE',  ( 83.31199999999999761, 54.48299999999999699, 9.999999999999994671 ) ) ;
#821 = VERTEX_POINT ( 'NONE', #58 ) ;
#822 = CARTESIAN_POINT ( 'NONE',  ( 121.5562135623731024, 98.31521356237310272, 10.00000000000000000 ) ) ;
#823 = ORIENTED_EDGE ( 'NONE', *, *, #3254, .T. ) ;
#824 = CARTESIAN_POINT ( 'NONE',  ( 70.60610758875702686, 73.28842202833645558, 9.716820487864344713 ) ) ;
#825 = EDGE_CURVE ( 'NONE', #2266, #3159, #305, .T. ) ;
#826 = EDGE_CURVE ( 'NONE', #1835, #2914, #3066, .T. ) ;
#827 = VERTEX_POINT ( 'NONE', #527 ) ;
#828 = CARTESIAN_POINT ( 'NONE',  ( 74.42199999999999704, 59.94400000000000261, 1.699999999999993072 ) ) ;
#829 = VERTEX_POINT ( 'NONE', #2310 ) ;
#830 = DIRECTION ( 'NONE',  ( 1.000000000000000000, 0.000000000000000000, 0.000000000000000000 ) ) ;
#831 = DIRECTION ( 'NONE',  ( 1.000000000000000000, -0.000000000000000000, 0.000000000000000000 ) ) ;
#832 = LINE ( 'NONE', #1831, #1922 ) ;
#833 = AXIS2_PLACEMENT_3D ( 'NONE', #1792, #194, #2959 ) ;
#834 = VERTEX_POINT ( 'NONE', #1037 ) ;
#835 = CARTESIAN_POINT ( 'NONE',  ( 82.13300634401279865, 101.0850763564772734, 1.199999999999999956 ) ) ;
#836 = VERTEX_POINT ( 'NONE', #1811 ) ;
#837 = CARTESIAN_POINT ( 'NONE',  ( 111.1449999600000211, 101.5687376800000123, 10.00000000000000000 ) ) ;
#838 = AXIS2_PLACEMENT_3D ( 'NONE', #56, #2570, #2288 ) ;
#839 = VECTOR ( 'NONE', #1338, 1000.000000000000000 ) ;
#840 = ORIENTED_EDGE ( 'NONE', *, *, #2920, .F. ) ;
#841 = LINE ( 'NONE', #801, #1272 ) ;
#842 = CIRCLE ( 'NONE', #2595, 3.099998879999996237 ) ;
#843 = VECTOR ( 'NONE', #228, 1000.000000000000000 ) ;
#844 = EDGE_CURVE ( 'NONE', #3031, #1583, #2817, .T. ) ;
#845 = AXIS2_PLACEMENT_3D ( 'NONE', #3266, #3036, #988 ) ;
#846 = AXIS2_PLACEMENT_3D ( 'NONE', #2242, #3252, #3268 ) ;
#847 = ORIENTED_EDGE ( 'NONE', *, *, #2593, .F. ) ;
#848 = CARTESIAN_POINT ( 'NONE',  ( 77.85099999999999909, 54.10199999999999676, 0.000000000000000000 ) ) ;
#849 = DIRECTION ( 'NONE',  ( 0.000000000000000000, -1.000000000000000000, 0.000000000000000000 ) ) ;
#850 = CARTESIAN_POINT ( 'NONE',  ( 89.28100000000000591, 103.8859999999999957, 18.56969190243095724 ) ) ;
#851 = AXIS2_PLACEMENT_3D ( 'NONE', #3015, #1808, #2557 ) ;
#852 = EDGE_CURVE ( 'NONE', #1124, #607, #2575, .T. ) ;
#853 = LINE ( 'NONE', #3190, #1640 ) ;
#854 = DIRECTION ( 'NONE',  ( -0.000000000000000000, -1.000000000000000000, -0.000000000000000000 ) ) ;
#855 = VERTEX_POINT ( 'NONE', #2192 ) ;
#856 = CARTESIAN_POINT ( 'NONE',  ( 83.31199999999999761, 54.48299999999999699, 1.200000000000006617 ) ) ;
#857 = ORIENTED_EDGE ( 'NONE', *, *, #2457, .F. ) ;
#858 = ORIENTED_EDGE ( 'NONE', *, *, #2487, .T. ) ;
#859 = CARTESIAN_POINT ( 'NONE',  ( 114.1951132400000120, 51.33906673999999981, 9.599999999999999645 ) ) ;
#860 = PRESENTATION_STYLE_ASSIGNMENT (( #2846 ) ) ;
#861 = EDGE_LOOP ( 'NONE', ( #2454, #3244, #518, #709 ) ) ;
#862 = LINE ( 'NONE', #1358, #1790 ) ;
#863 = ORIENTED_EDGE ( 'NONE', *, *, #2612, .T. ) ;
#864 = DIRECTION ( 'NONE',  ( 0.000000000000000000, 0.000000000000000000, -1.000000000000000000 ) ) ;
#865 = CARTESIAN_POINT ( 'NONE',  ( 131.3180000000000121, 84.82126374012111114, 10.00000000000000000 ) ) ;
#866 = ADVANCED_FACE ( 'NONE', ( #2899 ), #389, .T. ) ;
#867 = LINE ( 'NONE', #2889, #1620 ) ;
#868 = LINE ( 'NONE', #2890, #3178 ) ;
#869 = VERTEX_POINT ( 'NONE', #2637 ) ;
#870 = ADVANCED_FACE ( 'NONE', ( #1925 ), #877, .T. ) ;
#871 = PLANE ( 'NONE',  #2590 ) ;
#872 = EDGE_CURVE ( 'NONE', #800, #1684, #1961, .T. ) ;
#873 = ORIENTED_EDGE ( 'NONE', *, *, #243, .T. ) ;
#874 = ORIENTED_EDGE ( 'NONE', *, *, #2431, .F. ) ;
#875 = DIRECTION ( 'NONE',  ( 0.7071067811865572317, -0.7071067811865379138, 0.000000000000000000 ) ) ;
#876 = ORIENTED_EDGE ( 'NONE', *, *, #3114, .F. ) ;
#877 = PLANE ( 'NONE',  #1537 ) ;
#878 = EDGE_LOOP ( 'NONE', ( #1176, #2383, #2827, #1319 ) ) ;
#879 = CARTESIAN_POINT ( 'NONE',  ( 123.9520000000000124, 84.07399999999999807, 1.199999999999999956 ) ) ;
#880 = DIRECTION ( 'NONE',  ( 0.000000000000000000, 0.000000000000000000, 1.000000000000000000 ) ) ;
#881 = DIRECTION ( 'NONE',  ( -0.4856426397928180760, -0.8741574380024820234, 0.000000000000000000 ) ) ;
#882 = CARTESIAN_POINT ( 'NONE',  ( 75.18399999999999750, 0.000000000000000000, 0.000000000000000000 ) ) ;
#883 = ORIENTED_EDGE ( 'NONE', *, *, #1452, .T. ) ;
#884 = DIRECTION ( 'NONE',  ( 0.8637787675646551033, -0.5038712540962082542, 0.000000000000000000 ) ) ;
#885 = ORIENTED_EDGE ( 'NONE', *, *, #2232, .T. ) ;
#886 = EDGE_CURVE ( 'NONE', #1952, #827, #1670, .T. ) ;
#887 = ORIENTED_EDGE ( 'NONE', *, *, #2808, .T. ) ;
#888 = DIRECTION ( 'NONE',  ( 0.000000000000000000, 0.000000000000000000, -1.000000000000000000 ) ) ;
#889 =( NAMED_UNIT ( * ) PLANE_ANGLE_UNIT ( ) SI_UNIT ( $, .RADIAN. ) );
#890 = ORIENTED_EDGE ( 'NONE', *, *, #3109, .F. ) ;
#891 = CARTESIAN_POINT ( 'NONE',  ( 81.78799999999999670, 0.000000000000000000, 1.199999999999999956 ) ) ;
#892 = VECTOR ( 'NONE', #86, 1000.000000000000000 ) ;
#893 = DIRECTION ( 'NONE',  ( 1.000000000000000000, -0.000000000000000000, 0.000000000000000000 ) ) ;
#894 = VECTOR ( 'NONE', #2033, 1000.000000000000000 ) ;
#895 = CIRCLE ( 'NONE', #138, 3.099998879999996237 ) ;
#896 = CARTESIAN_POINT ( 'NONE',  ( -0.000000000000000000, 53.34000000000000341, 0.000000000000000000 ) ) ;
#897 = LINE ( 'NONE', #2210, #993 ) ;
#898 = VECTOR ( 'NONE', #380, 1000.000000000000000 ) ;
#899 = VECTOR ( 'NONE', #3058, 1000.000000000000000 ) ;
#900 = DIRECTION ( 'NONE',  ( -0.000000000000000000, 0.000000000000000000, 1.000000000000000000 ) ) ;
#901 = ORIENTED_EDGE ( 'NONE', *, *, #2487, .F. ) ;
#902 = PLANE ( 'NONE',  #1370 ) ;
#903 = VECTOR ( 'NONE', #106, 1000.000000000000000 ) ;
#904 = ORIENTED_EDGE ( 'NONE', *, *, #2735, .F. ) ;
#905 = ORIENTED_EDGE ( 'NONE', *, *, #1412, .F. ) ;
#906 = CARTESIAN_POINT ( 'NONE',  ( 82.13300634401279865, 101.0850763564772734, 0.000000000000000000 ) ) ;
#907 = EDGE_CURVE ( 'NONE', #723, #3159, #2684, .T. ) ;
#908 = EDGE_LOOP ( 'NONE', ( #798, #1464, #1650, #978, #493, #609 ) ) ;
#909 = LINE ( 'NONE', #2177, #731 ) ;
#910 = ADVANCED_FACE ( 'NONE', ( #2426 ), #1421, .F. ) ;
#911 = CARTESIAN_POINT ( 'NONE',  ( 122.8089999999999975, 94.23399999999999466, 0.000000000000000000 ) ) ;
#912 = FACE_OUTER_BOUND ( 'NONE', #429, .T. ) ;
#913 = DIRECTION ( 'NONE',  ( 0.000000000000000000, 0.000000000000000000, -1.000000000000000000 ) ) ;
#914 = CARTESIAN_POINT ( 'NONE',  ( 78.35899999999999466, 56.00699999999999790, 86.57235496138623887 ) ) ;
#915 = DIRECTION ( 'NONE',  ( 1.000000000000000000, 0.000000000000000000, 0.000000000000000000 ) ) ;
#916 = VERTEX_POINT ( 'NONE', #1910 ) ;
#917 = DIRECTION ( 'NONE',  ( 0.000000000000000000, 0.000000000000000000, 1.000000000000000000 ) ) ;
#918 = EDGE_LOOP ( 'NONE', ( #716, #2994, #2907, #1581 ) ) ;
#919 = FACE_OUTER_BOUND ( 'NONE', #1900, .T. ) ;
#920 = ADVANCED_FACE ( 'NONE', ( #919 ), #1108, .F. ) ;
#921 = EDGE_CURVE ( 'NONE', #1436, #2522, #909, .T. ) ;
#922 = LINE ( 'NONE', #1204, #2171 ) ;
#923 = FACE_OUTER_BOUND ( 'NONE', #3285, .T. ) ;
#924 = CYLINDRICAL_SURFACE ( 'NONE', #1053, 3.049998979999996251 ) ;
#925 = DIRECTION ( 'NONE',  ( 0.000000000000000000, 0.000000000000000000, -1.000000000000000000 ) ) ;
#926 = CARTESIAN_POINT ( 'NONE',  ( 89.28100000000000591, 103.8859999999999957, 10.00000000000000000 ) ) ;
#927 = DIRECTION ( 'NONE',  ( -0.000000000000000000, 1.000000000000000000, 0.000000000000000000 ) ) ;
#928 = LINE ( 'NONE', #2212, #2174 ) ;
#929 = VERTEX_POINT ( 'NONE', #3186 ) ;
#930 = ORIENTED_EDGE ( 'NONE', *, *, #2148, .F. ) ;
#931 = ORIENTED_EDGE ( 'NONE', *, *, #1511, .T. ) ;
#932 = CARTESIAN_POINT ( 'NONE',  ( 107.3149999999999977, 51.81600000000000250, 86.57235496138623887 ) ) ;
#933 = DIRECTION ( 'NONE',  ( -1.000000000000000000, 0.000000000000000000, 0.000000000000000000 ) ) ;
#934 = ORIENTED_EDGE ( 'NONE', *, *, #3254, .F. ) ;
#935 = VERTEX_POINT ( 'NONE', #1376 ) ;
#936 = DIRECTION ( 'NONE',  ( 0.000000000000000000, 0.000000000000000000, 1.000000000000000000 ) ) ;
#937 = CARTESIAN_POINT ( 'NONE',  ( 89.28100000000000591, 103.8859999999999957, 2.600000000000004974 ) ) ;
#938 = CARTESIAN_POINT ( 'NONE',  ( 88.51899999999999125, 53.34000000000000341, 86.57235496138623887 ) ) ;
#939 = AXIS2_PLACEMENT_3D ( 'NONE', #232, #936, #215 ) ;
#940 = CARTESIAN_POINT ( 'NONE',  ( 82.67700000000000671, 99.56799999999999784, 86.57235496138623887 ) ) ;
#941 = EDGE_CURVE ( 'NONE', #834, #2200, #1177, .T. ) ;
#942 = VECTOR ( 'NONE', #807, 1000.000000000000000 ) ;
#943 = CARTESIAN_POINT ( 'NONE',  ( 111.1449999600000211, 101.5687376800000123, 0.000000000000000000 ) ) ;
#944 = DIRECTION ( 'NONE',  ( 0.000000000000000000, 0.000000000000000000, -1.000000000000000000 ) ) ;
#945 = EDGE_CURVE ( 'NONE', #214, #2514, #2130, .T. ) ;
#946 = VECTOR ( 'NONE', #781, 1000.000000000000114 ) ;
#947 = VECTOR ( 'NONE', #427, 1000.000000000000000 ) ;
#948 = VECTOR ( 'NONE', #1406, 1000.000000000000000 ) ;
#949 = CIRCLE ( 'NONE', #1912, 3.049998979999996251 ) ;
#950 = ORIENTED_EDGE ( 'NONE', *, *, #2190, .F. ) ;
#951 = DIRECTION ( 'NONE',  ( -1.000000000000000000, -0.000000000000000000, 0.000000000000000000 ) ) ;
#952 = VECTOR ( 'NONE', #2322, 1000.000000000000000 ) ;
#953 = DIRECTION ( 'NONE',  ( 0.7071067811865572317, 0.7071067811865379138, 0.000000000000000000 ) ) ;
#954 = DIRECTION ( 'NONE',  ( 0.7071067811865572317, -0.7071067811865379138, 0.000000000000000000 ) ) ;
#955 = VERTEX_POINT ( 'NONE', #1936 ) ;
#956 = LINE ( 'NONE', #2267, #2741 ) ;
#957 = DIRECTION ( 'NONE',  ( -0.000000000000000000, -0.000000000000000000, -1.000000000000000000 ) ) ;
#958 = CARTESIAN_POINT ( 'NONE',  ( 89.66199999999999193, 50.41899999999999693, 9.999999999999994671 ) ) ;
#959 = LINE ( 'NONE', #440, #516 ) ;
#960 = DIRECTION ( 'NONE',  ( 0.7071067811865185959, 0.7071067811865765496, 0.000000000000000000 ) ) ;
#961 = CARTESIAN_POINT ( 'NONE',  ( 70.60610758875702686, 73.28842202833645558, 1.700000000000000178 ) ) ;
#962 = ADVANCED_FACE ( 'NONE', ( #2931 ), #1637, .T. ) ;
#963 = ADVANCED_FACE ( 'NONE', ( #118 ), #2621, .T. ) ;
#964 = EDGE_CURVE ( 'NONE', #2022, #1522, #862, .T. ) ;
#965 = EDGE_LOOP ( 'NONE', ( #2941, #533, #2681 ) ) ;
#966 = VERTEX_POINT ( 'NONE', #610 ) ;
#967 = DIRECTION ( 'NONE',  ( 0.000000000000000000, 0.000000000000000000, 1.000000000000000000 ) ) ;
#968 = CARTESIAN_POINT ( 'NONE',  ( 91.05899999999999750, 49.02199999999999847, 9.999999999999994671 ) ) ;
#969 = LINE ( 'NONE', #1290, #734 ) ;
#970 = VERTEX_POINT ( 'NONE', #104 ) ;
#971 = DIRECTION ( 'NONE',  ( 1.000000000000000000, 0.000000000000000000, -0.000000000000000000 ) ) ;
#972 = CYLINDRICAL_SURFACE ( 'NONE', #149, 3.049998979999996251 ) ;
#973 = LINE ( 'NONE', #713, #579 ) ;
#974 = AXIS2_PLACEMENT_3D ( 'NONE', #1334, #2350, #405 ) ;
#975 = FACE_BOUND ( 'NONE', #2534, .T. ) ;
#976 = CARTESIAN_POINT ( 'NONE',  ( 69.59599999999998943, 85.59800000000001319, 0.000000000000000000 ) ) ;
#977 = ORIENTED_EDGE ( 'NONE', *, *, #2857, .T. ) ;
#978 = ORIENTED_EDGE ( 'NONE', *, *, #2617, .F. ) ;
#979 = EDGE_CURVE ( 'NONE', #1375, #140, #1127, .T. ) ;
#980 = CARTESIAN_POINT ( 'NONE',  ( 123.9520000000000124, 87.75699999999999079, 1.199999999999999956 ) ) ;
#981 = CARTESIAN_POINT ( 'NONE',  ( 117.2451122200000100, 51.33906673999999981, 9.599999999999999645 ) ) ;
#982 = DIRECTION ( 'NONE',  ( 0.000000000000000000, 0.000000000000000000, 1.000000000000000000 ) ) ;
#983 = ORIENTED_EDGE ( 'NONE', *, *, #813, .F. ) ;
#984 = DIRECTION ( 'NONE',  ( 0.000000000000000000, 1.000000000000000000, -0.000000000000000000 ) ) ;
#985 = DIRECTION ( 'NONE',  ( 0.000000000000000000, 0.000000000000000000, 1.000000000000000000 ) ) ;
#986 = ORIENTED_EDGE ( 'NONE', *, *, #2190, .T. ) ;
#987 = ORIENTED_EDGE ( 'NONE', *, *, #1068, .F. ) ;
#988 = DIRECTION ( 'NONE',  ( -0.7071067811865469066, 0.7071067811865482389, 0.000000000000000000 ) ) ;
#989 = LINE ( 'NONE', #3237, #2069 ) ;
#990 = LINE ( 'NONE', #2690, #1380 ) ;
#991 = DIRECTION ( 'NONE',  ( 1.000000000000000000, 0.000000000000000000, 0.000000000000000000 ) ) ;
#992 = VECTOR ( 'NONE', #1557, 1000.000000000000000 ) ;
#993 = VECTOR ( 'NONE', #2463, 1000.000000000000000 ) ;
#994 = EDGE_CURVE ( 'NONE', #3196, #1449, #2414, .T. ) ;
#995 = ORIENTED_EDGE ( 'NONE', *, *, #809, .T. ) ;
#996 = VECTOR ( 'NONE', #2627, 1000.000000000000000 ) ;
#997 = ORIENTED_EDGE ( 'NONE', *, *, #2032, .F. ) ;
#998 = LINE ( 'NONE', #1453, #2005 ) ;
#999 = VECTOR ( 'NONE', #1241, 1000.000000000000000 ) ;
#1000 = CIRCLE ( 'NONE', #2227, 3.099998880000010004 ) ;
#1001 = EDGE_CURVE ( 'NONE', #1583, #2271, #2744, .T. ) ;
#1002 = CARTESIAN_POINT ( 'NONE',  ( 122.8089999999999975, 67.31000000000000227, 7.999999999999992895 ) ) ;
#1003 = EDGE_LOOP ( 'NONE', ( #2077, #2052, #2647, #2013 ) ) ;
#1004 = CARTESIAN_POINT ( 'NONE',  ( -0.000000000000000000, 87.75699999999999079, 0.000000000000000000 ) ) ;
#1005 = AXIS2_PLACEMENT_3D ( 'NONE', #1020, #985, #796 ) ;
#1006 = CARTESIAN_POINT ( 'NONE',  ( 88.29542760511834842, 51.33819824710981550, 0.000000000000000000 ) ) ;
#1007 = EDGE_CURVE ( 'NONE', #1073, #65, #2700, .T. ) ;
#1008 = VERTEX_POINT ( 'NONE', #3249 ) ;
#1009 = ORIENTED_EDGE ( 'NONE', *, *, #243, .F. ) ;
#1010 = PLANE ( 'NONE',  #2126 ) ;
#1011 = DIRECTION ( 'NONE',  ( 1.000000000000000000, 1.119097537622832971E-15, -0.000000000000000000 ) ) ;
#1012 = CARTESIAN_POINT ( 'NONE',  ( 114.1949989400000192, 101.5687376800000123, 10.00000000000000000 ) ) ;
#1013 = ORIENTED_EDGE ( 'NONE', *, *, #1721, .T. ) ;
#1014 = VERTEX_POINT ( 'NONE', #3278 ) ;
#1015 = EDGE_CURVE ( 'NONE', #1879, #101, #3012, .T. ) ;
#1016 = LINE ( 'NONE', #2101, #2957 ) ;
#1017 = CARTESIAN_POINT ( 'NONE',  ( 0.000000000000000000, 54.22899999999999920, 1.199999999999999956 ) ) ;
#1018 = ORIENTED_EDGE ( 'NONE', *, *, #116, .F. ) ;
#1019 = CARTESIAN_POINT ( 'NONE',  ( 69.84999999999999432, 72.39000000000000057, 1.699999999999999956 ) ) ;
#1020 = CARTESIAN_POINT ( 'NONE',  ( 85.19500105999999562, 101.5689993000000015, 1.199999999999999956 ) ) ;
#1021 = ORIENTED_EDGE ( 'NONE', *, *, #2494, .F. ) ;
#1022 = ORIENTED_EDGE ( 'NONE', *, *, #492, .T. ) ;
#1023 = FACE_OUTER_BOUND ( 'NONE', #918, .T. ) ;
#1024 = EDGE_CURVE ( 'NONE', #829, #100, #1998, .T. ) ;
#1025 = CARTESIAN_POINT ( 'NONE',  ( 103.8859999999999957, 98.17099999999999227, 86.57235496138623887 ) ) ;
#1026 = DIRECTION ( 'NONE',  ( -1.000000000000000000, 0.000000000000000000, 0.000000000000000000 ) ) ;
#1027 = PLANE ( 'NONE',  #2688 ) ;
#1028 = ORIENTED_EDGE ( 'NONE', *, *, #2418, .F. ) ;
#1029 = ORIENTED_EDGE ( 'NONE', *, *, #1906, .F. ) ;
#1030 = CARTESIAN_POINT ( 'NONE',  ( 114.1949989400000192, 101.5687376800000123, 0.000000000000000000 ) ) ;
#1031 = DIRECTION ( 'NONE',  ( 1.000000000000000000, 0.000000000000000000, 0.000000000000000000 ) ) ;
#1032 = EDGE_LOOP ( 'NONE', ( #2793, #1631, #656, #3133 ) ) ;
#1033 = LINE ( 'NONE', #2605, #1266 ) ;
#1034 = ADVANCED_FACE ( 'NONE', ( #2995 ), #2460, .T. ) ;
#1035 = ORIENTED_EDGE ( 'NONE', *, *, #1633, .F. ) ;
#1036 = ORIENTED_EDGE ( 'NONE', *, *, #1230, .T. ) ;
#1037 = CARTESIAN_POINT ( 'NONE',  ( 121.1580000000000013, 95.88499999999999091, 7.999999999999992895 ) ) ;
#1038 = DIRECTION ( 'NONE',  ( -1.000000000000000000, 0.000000000000000000, 0.000000000000000000 ) ) ;
#1039 = CARTESIAN_POINT ( 'NONE',  ( 89.28100000000000591, 99.56799999999999784, 86.57235496138623887 ) ) ;
#1040 = ADVANCED_FACE ( 'NONE', ( #166 ), #1852, .F. ) ;
#1041 = CARTESIAN_POINT ( 'NONE',  ( 131.3180000000000121, 84.07399999999999807, 1.199999999999999956 ) ) ;
#1042 = LINE ( 'NONE', #2821, #2179 ) ;
#1043 = ORIENTED_EDGE ( 'NONE', *, *, #2875, .F. ) ;
#1044 = DIRECTION ( 'NONE',  ( 0.000000000000000000, 0.000000000000000000, -1.000000000000000000 ) ) ;
#1045 = EDGE_CURVE ( 'NONE', #2694, #1097, #468, .T. ) ;
#1046 = ORIENTED_EDGE ( 'NONE', *, *, #2169, .T. ) ;
#1047 = VECTOR ( 'NONE', #3293, 1000.000000000000000 ) ;
#1048 = LINE ( 'NONE', #2284, #1267 ) ;
#1049 = CLOSED_SHELL ( 'NONE', ( #1040, #3277, #1112, #920, #2948, #1836, #3158, #1813, #2692, #1355, #2025, #1658, #335, #3199, #1559, #2493, #1274, #260, #2642, #3144, #2513, #870, #1706, #1132, #373, #209, #448, #585, #2401, #2949, #1731, #1373, #50, #70, #66, #963, #538, #1487, #1398, #561, #125, #283, #2747, #1034, #2311, #1895, #121, #686, #2376, #25, #3038, #3181, #2975, #910, #376, #3215, #473, #1494, #1702, #266, #2635, #1977, #1314, #6, #725, #2813, #1414, #474, #2040, #34, #552, #2388, #1296, #313, #1651, #2193, #1761, #1228, #2634, #2064, #1438, #1638, #1535, #2770, #866, #3002, #402, #1821, #206, #719, #1964, #1498, #750, #1996, #962, #351, #1174, #2656, #1598, #198, #1966 ) ) ;
#1050 = CIRCLE ( 'NONE', #3176, 32.71124014000000102 ) ;
#1051 = ORIENTED_EDGE ( 'NONE', *, *, #1247, .T. ) ;
#1052 = LINE ( 'NONE', #759, #3221 ) ;
#1053 = AXIS2_PLACEMENT_3D ( 'NONE', #2182, #1660, #649 ) ;
#1054 = AXIS2_PLACEMENT_3D ( 'NONE', #1082, #1321, #2031 ) ;
#1055 = LINE ( 'NONE', #2572, #317 ) ;
#1056 = VECTOR ( 'NONE', #1867, 1000.000000000000000 ) ;
#1057 = ORIENTED_EDGE ( 'NONE', *, *, #1, .T. ) ;
#1058 = AXIS2_PLACEMENT_3D ( 'NONE', #2901, #2132, #2673 ) ;
#1059 = EDGE_LOOP ( 'NONE', ( #2601, #2094, #2459, #1892 ) ) ;
#1060 = CARTESIAN_POINT ( 'NONE',  ( 78.61743991999999537, 98.32375560000001258, 9.999999999999994671 ) ) ;
#1061 = EDGE_LOOP ( 'NONE', ( #2843, #742, #1742, #1756 ) ) ;
#1062 = CARTESIAN_POINT ( 'NONE',  ( 0.000000000000000000, 56.13400000000000034, 1.199999999999999956 ) ) ;
#1063 = CARTESIAN_POINT ( 'NONE',  ( 70.60610758875702686, 73.28842202833645558, 17.00632290808935210 ) ) ;
#1064 = LINE ( 'NONE', #62, #2753 ) ;
#1065 = ORIENTED_EDGE ( 'NONE', *, *, #1133, .F. ) ;
#1066 = CARTESIAN_POINT ( 'NONE',  ( 69.72300000000001319, 70.61199999999999477, 1.699999999999999956 ) ) ;
#1067 = ORIENTED_EDGE ( 'NONE', *, *, #1906, .T. ) ;
#1068 = EDGE_CURVE ( 'NONE', #1286, #2881, #1503, .T. ) ;
#1069 = DIRECTION ( 'NONE',  ( 1.000000000000000000, 0.000000000000000000, 0.000000000000000000 ) ) ;
#1070 = EDGE_CURVE ( 'NONE', #3076, #400, #2252, .T. ) ;
#1071 = ORIENTED_EDGE ( 'NONE', *, *, #844, .F. ) ;
#1072 = LINE ( 'NONE', #2344, #2536 ) ;
#1073 = VERTEX_POINT ( 'NONE', #2219 ) ;
#1074 = CARTESIAN_POINT ( 'NONE',  ( 78.35899999999999466, 56.00699999999999790, 1.200000000000006617 ) ) ;
#1075 = ORIENTED_EDGE ( 'NONE', *, *, #1762, .T. ) ;
#1076 = DIRECTION ( 'NONE',  ( 0.000000000000000000, 0.000000000000000000, 1.000000000000000000 ) ) ;
#1077 = CARTESIAN_POINT ( 'NONE',  ( 89.28100000000000591, 106.5529999999999973, 2.600000000000000089 ) ) ;
#1078 = CARTESIAN_POINT ( 'NONE',  ( 69.84999999999999432, 70.61199999999999477, 1.699999999999999956 ) ) ;
#1079 = ORIENTED_EDGE ( 'NONE', *, *, #1554, .T. ) ;
#1080 = FACE_OUTER_BOUND ( 'NONE', #2362, .T. ) ;
#1081 = ORIENTED_EDGE ( 'NONE', *, *, #2762, .T. ) ;
#1082 = CARTESIAN_POINT ( 'NONE',  ( 99.69499999999999318, 76.45399999999999352, 10.00000000000000000 ) ) ;
#1083 = EDGE_CURVE ( 'NONE', #3146, #1308, #179, .T. ) ;
#1084 = ORIENTED_EDGE ( 'NONE', *, *, #1068, .T. ) ;
#1085 = DIRECTION ( 'NONE',  ( 0.000000000000000000, 0.000000000000000000, -1.000000000000000000 ) ) ;
#1086 =( LENGTH_UNIT ( ) NAMED_UNIT ( * ) SI_UNIT ( .MILLI., .METRE. ) );
#1087 = VERTEX_POINT ( 'NONE', #1757 ) ;
#1088 = DIRECTION ( 'NONE',  ( 0.9173701881881171083, -0.3980350962210474908, 0.000000000000000000 ) ) ;
#1089 = EDGE_CURVE ( 'NONE', #2539, #935, #1525, .T. ) ;
#1090 = ORIENTED_EDGE ( 'NONE', *, *, #2594, .F. ) ;
#1091 = CARTESIAN_POINT ( 'NONE',  ( 70.60610758875702686, 73.40529008748981710, 9.599999999999987210 ) ) ;
#1092 = CARTESIAN_POINT ( 'NONE',  ( 82.09500217999999450, 101.5689993000000015, 0.000000000000000000 ) ) ;
#1093 = FACE_OUTER_BOUND ( 'NONE', #3265, .T. ) ;
#1094 = LINE ( 'NONE', #2643, #996 ) ;
#1095 = ORIENTED_EDGE ( 'NONE', *, *, #1901, .F. ) ;
#1096 = LINE ( 'NONE', #3078, #2063 ) ;
#1097 = VERTEX_POINT ( 'NONE', #2764 ) ;
#1098 = EDGE_CURVE ( 'NONE', #320, #1281, #201, .T. ) ;
#1099 = CARTESIAN_POINT ( 'NONE',  ( 131.3180000000000121, 0.000000000000000000, 1.199999999999999956 ) ) ;
#1100 = VECTOR ( 'NONE', #888, 1000.000000000000000 ) ;
#1101 = EDGE_LOOP ( 'NONE', ( #57, #1600, #1759, #1447 ) ) ;
#1102 = LINE ( 'NONE', #2173, #573 ) ;
#1103 = LINE ( 'NONE', #660, #1635 ) ;
#1104 = CIRCLE ( 'NONE', #306, 3.049998979999996251 ) ;
#1105 = VECTOR ( 'NONE', #553, 1000.000000000000000 ) ;
#1106 = EDGE_CURVE ( 'NONE', #2558, #3248, #956, .T. ) ;
#1107 = ORIENTED_EDGE ( 'NONE', *, *, #659, .F. ) ;
#1108 = CYLINDRICAL_SURFACE ( 'NONE', #1951, 3.049998979999996251 ) ;
#1109 = CIRCLE ( 'NONE', #2389, 3.049998979999996251 ) ;
#1110 = AXIS2_PLACEMENT_3D ( 'NONE', #1552, #211, #3246 ) ;
#1111 = EDGE_CURVE ( 'NONE', #3174, #2694, #1189, .T. ) ;
#1112 = ADVANCED_FACE ( 'NONE', ( #423 ), #1972, .F. ) ;
#1113 = VECTOR ( 'NONE', #353, 1000.000000000000000 ) ;
#1114 = AXIS2_PLACEMENT_3D ( 'NONE', #3238, #927, #1496 ) ;
#1115 = ORIENTED_EDGE ( 'NONE', *, *, #443, .F. ) ;
#1116 = DIRECTION ( 'NONE',  ( 0.000000000000000000, -0.000000000000000000, 1.000000000000000000 ) ) ;
#1117 = DIRECTION ( 'NONE',  ( -1.000000000000000000, 0.000000000000000000, 0.000000000000000000 ) ) ;
#1118 = FACE_OUTER_BOUND ( 'NONE', #1521, .T. ) ;
#1119 = CARTESIAN_POINT ( 'NONE',  ( 99.69499999999999318, 76.45399999999999352, 1.199999999999999734 ) ) ;
#1120 = VERTEX_POINT ( 'NONE', #437 ) ;
#1121 = CARTESIAN_POINT ( 'NONE',  ( 83.18106397146679853, 103.8859999999999957, 10.00000000000000000 ) ) ;
#1122 = EDGE_LOOP ( 'NONE', ( #2680, #603 ) ) ;
#1123 = EDGE_CURVE ( 'NONE', #1329, #2886, #1202, .T. ) ;
#1124 = VERTEX_POINT ( 'NONE', #710 ) ;
#1125 = CARTESIAN_POINT ( 'NONE',  ( 65.72249999999893078, 65.72250000000072134, 1.199999999999999956 ) ) ;
#1126 = ORIENTED_EDGE ( 'NONE', *, *, #3075, .T. ) ;
#1127 = LINE ( 'NONE', #2658, #87 ) ;
#1128 = VERTEX_POINT ( 'NONE', #1724 ) ;
#1129 = DIRECTION ( 'NONE',  ( -0.000000000000000000, -1.000000000000000000, -0.000000000000000000 ) ) ;
#1130 = CARTESIAN_POINT ( 'NONE',  ( 103.8859999999999957, 0.000000000000000000, 1.199999999999999956 ) ) ;
#1131 = CARTESIAN_POINT ( 'NONE',  ( 86.61399999999999011, 54.48299999999999699, 86.57235496138623887 ) ) ;
#1132 = ADVANCED_FACE ( 'NONE', ( #2728 ), #3098, .T. ) ;
#1133 = EDGE_CURVE ( 'NONE', #2881, #827, #287, .T. ) ;
#1134 = PLANE ( 'NONE',  #43 ) ;
#1135 = EDGE_LOOP ( 'NONE', ( #1043, #1642, #2213, #1337 ) ) ;
#1136 = ORIENTED_EDGE ( 'NONE', *, *, #2826, .T. ) ;
#1137 = ORIENTED_EDGE ( 'NONE', *, *, #1942, .F. ) ;
#1138 = CARTESIAN_POINT ( 'NONE',  ( 87.75699999999999079, 53.34000000000000341, 9.999999999999994671 ) ) ;
#1139 = FILL_AREA_STYLE_COLOUR ( '', #1646 ) ;
#1140 = ORIENTED_EDGE ( 'NONE', *, *, #2106, .T. ) ;
#1141 = DIRECTION ( 'NONE',  ( 1.000000000000000000, 0.000000000000000000, -0.000000000000000000 ) ) ;
#1142 = EDGE_CURVE ( 'NONE', #1574, #339, #3274, .T. ) ;
#1143 = CARTESIAN_POINT ( 'NONE',  ( 130.3913747451836116, 87.75699999999999079, 10.00000000000000000 ) ) ;
#1144 = CARTESIAN_POINT ( 'NONE',  ( 65.97649999999575243, 65.97650000000295734, 1.199999999999999956 ) ) ;
#1145 = CARTESIAN_POINT ( 'NONE',  ( 117.6449979200000087, 101.5687376800000123, 10.00000000000000000 ) ) ;
#1146 = LINE ( 'NONE', #2407, #2913 ) ;
#1147 = EDGE_CURVE ( 'NONE', #1997, #1463, #323, .T. ) ;
#1148 = ORIENTED_EDGE ( 'NONE', *, *, #2395, .F. ) ;
#1149 = CARTESIAN_POINT ( 'NONE',  ( 94.10699999999999932, 104.0130000000000052, 0.000000000000000000 ) ) ;
#1150 = ORIENTED_EDGE ( 'NONE', *, *, #1681, .T. ) ;
#1151 = EDGE_CURVE ( 'NONE', #346, #286, #1589, .T. ) ;
#1152 = EDGE_LOOP ( 'NONE', ( #274, #37, #2408, #3230 ) ) ;
#1153 = FACE_OUTER_BOUND ( 'NONE', #908, .T. ) ;
#1154 = ORIENTED_EDGE ( 'NONE', *, *, #163, .T. ) ;
#1155 = DIRECTION ( 'NONE',  ( -0.000000000000000000, -0.000000000000000000, -1.000000000000000000 ) ) ;
#1156 = VECTOR ( 'NONE', #1954, 1000.000000000000000 ) ;
#1157 = VECTOR ( 'NONE', #1365, 1000.000000000000000 ) ;
#1158 = LINE ( 'NONE', #424, #2754 ) ;
#1159 = VECTOR ( 'NONE', #482, 1000.000000000000114 ) ;
#1160 = VECTOR ( 'NONE', #1730, 1000.000000000000000 ) ;
#1161 = CARTESIAN_POINT ( 'NONE',  ( 122.3636392112634041, 94.04952552115612718, 7.554639211263402210 ) ) ;
#1162 = EDGE_CURVE ( 'NONE', #1169, #1275, #2812, .T. ) ;
#1163 = FACE_OUTER_BOUND ( 'NONE', #1732, .T. ) ;
#1164 = VECTOR ( 'NONE', #472, 1000.000000000000000 ) ;
#1165 = VECTOR ( 'NONE', #403, 1000.000000000000000 ) ;
#1166 = CARTESIAN_POINT ( 'NONE',  ( 94.10699999999999932, 106.5529999999999973, 0.000000000000000000 ) ) ;
#1167 = CARTESIAN_POINT ( 'NONE',  ( 117.2451122200000100, 51.33906673999999981, 9.599999999999999645 ) ) ;
#1168 = VECTOR ( 'NONE', #1926, 1000.000000000000000 ) ;
#1169 = VERTEX_POINT ( 'NONE', #33 ) ;
#1170 = LINE ( 'NONE', #1099, #635 ) ;
#1171 = AXIS2_PLACEMENT_3D ( 'NONE', #676, #2461, #1190 ) ;
#1172 = ORIENTED_EDGE ( 'NONE', *, *, #825, .F. ) ;
#1173 = LINE ( 'NONE', #3194, #2166 ) ;
#1174 = ADVANCED_FACE ( 'NONE', ( #3032 ), #2320, .F. ) ;
#1175 = EDGE_CURVE ( 'NONE', #1971, #2204, #555, .T. ) ;
#1176 = ORIENTED_EDGE ( 'NONE', *, *, #3241, .F. ) ;
#1177 = LINE ( 'NONE', #2144, #892 ) ;
#1178 = DIRECTION ( 'NONE',  ( 0.000000000000000000, 1.000000000000000000, -0.000000000000000000 ) ) ;
#1179 = FACE_OUTER_BOUND ( 'NONE', #1152, .T. ) ;
#1180 = PLANE ( 'NONE',  #1690 ) ;
#1181 = DIRECTION ( 'NONE',  ( 1.000000000000000000, 0.000000000000000000, 0.000000000000000000 ) ) ;
#1182 = LINE ( 'NONE', #682, #3233 ) ;
#1183 = ORIENTED_EDGE ( 'NONE', *, *, #1950, .F. ) ;
#1184 = ORIENTED_EDGE ( 'NONE', *, *, #319, .T. ) ;
#1185 = LINE ( 'NONE', #2481, #184 ) ;
#1186 = DIRECTION ( 'NONE',  ( 0.000000000000000000, 0.000000000000000000, -1.000000000000000000 ) ) ;
#1187 = EDGE_CURVE ( 'NONE', #834, #3153, #1033, .T. ) ;
#1188 = ORIENTED_EDGE ( 'NONE', *, *, #994, .T. ) ;
#1189 = LINE ( 'NONE', #2715, #2905 ) ;
#1190 = DIRECTION ( 'NONE',  ( 1.000000000000000000, 0.000000000000000000, -0.000000000000000000 ) ) ;
#1191 = EDGE_CURVE ( 'NONE', #1169, #3209, #3118, .T. ) ;
#1192 = LINE ( 'NONE', #3021, #2543 ) ;
#1193 = DIRECTION ( 'NONE',  ( 0.000000000000000000, -0.000000000000000000, 1.000000000000000000 ) ) ;
#1194 = LINE ( 'NONE', #454, #580 ) ;
#1195 = DIRECTION ( 'NONE',  ( 0.000000000000000000, 0.000000000000000000, 1.000000000000000000 ) ) ;
#1196 = ORIENTED_EDGE ( 'NONE', *, *, #2232, .F. ) ;
#1197 = ORIENTED_EDGE ( 'NONE', *, *, #1277, .F. ) ;
#1198 = FACE_OUTER_BOUND ( 'NONE', #965, .T. ) ;
#1199 = EDGE_CURVE ( 'NONE', #1014, #1551, #2053, .T. ) ;
#1200 = FACE_OUTER_BOUND ( 'NONE', #1032, .T. ) ;
#1201 = ORIENTED_EDGE ( 'NONE', *, *, #2916, .F. ) ;
#1202 = LINE ( 'NONE', #2981, #2217 ) ;
#1203 = EDGE_CURVE ( 'NONE', #869, #2811, #1052, .T. ) ;
#1204 = CARTESIAN_POINT ( 'NONE',  ( 77.22353617999999642, 98.92855246000000591, 86.57235496138623887 ) ) ;
#1205 = CARTESIAN_POINT ( 'NONE',  ( 123.9520000000000124, 0.000000000000000000, 1.199999999999999956 ) ) ;
#1206 = CARTESIAN_POINT ( 'NONE',  ( 89.28100000000000591, 103.8859999999999957, 0.000000000000000000 ) ) ;
#1207 = CARTESIAN_POINT ( 'NONE',  ( 89.28100000000000591, 106.5529999999999973, 2.600000000000000089 ) ) ;
#1208 = EDGE_CURVE ( 'NONE', #78, #1618, #1325, .T. ) ;
#1209 = EDGE_CURVE ( 'NONE', #1767, #1652, #1072, .T. ) ;
#1210 = AXIS2_PLACEMENT_3D ( 'NONE', #199, #1984, #1222 ) ;
#1211 = VECTOR ( 'NONE', #1872, 1000.000000000000000 ) ;
#1212 = CARTESIAN_POINT ( 'NONE',  ( 99.69499999999999318, 76.45399999999999352, 10.00000000000000000 ) ) ;
#1213 = PLANE ( 'NONE',  #3126 ) ;
#1214 = VECTOR ( 'NONE', #2860, 1000.000000000000000 ) ;
#1215 = EDGE_LOOP ( 'NONE', ( #1978, #1456, #1294, #526 ) ) ;
#1216 = VECTOR ( 'NONE', #1829, 1000.000000000000000 ) ;
#1217 = ORIENTED_EDGE ( 'NONE', *, *, #3075, .F. ) ;
#1218 = DIRECTION ( 'NONE',  ( 1.000000000000000000, 0.000000000000000000, 0.000000000000000000 ) ) ;
#1219 = VECTOR ( 'NONE', #2036, 1000.000000000000000 ) ;
#1220 = LINE ( 'NONE', #968, #839 ) ;
#1221 = EDGE_CURVE ( 'NONE', #3193, #3174, #2399, .T. ) ;
#1222 = DIRECTION ( 'NONE',  ( -0.7071067811865492381, 0.7071067811865457964, 0.000000000000000000 ) ) ;
#1223 = ORIENTED_EDGE ( 'NONE', *, *, #1705, .F. ) ;
#1224 = CARTESIAN_POINT ( 'NONE',  ( 103.3780000000000001, 104.0130000000000052, 9.999999999999994671 ) ) ;
#1225 = CARTESIAN_POINT ( 'NONE',  ( 81.78799999999999670, 56.00699999999999790, 1.199999999999999956 ) ) ;
#1226 = LINE ( 'NONE', #236, #3131 ) ;
#1227 = PLANE ( 'NONE',  #1641 ) ;
#1228 = ADVANCED_FACE ( 'NONE', ( #1839 ), #500, .F. ) ;
#1229 = DIRECTION ( 'NONE',  ( 0.7071067811865496822, -0.7071067811865454633, 0.000000000000000000 ) ) ;
#1230 = EDGE_CURVE ( 'NONE', #1449, #252, #1276, .T. ) ;
#1231 = ORIENTED_EDGE ( 'NONE', *, *, #614, .F. ) ;
#1232 = VERTEX_POINT ( 'NONE', #775 ) ;
#1233 = LINE ( 'NONE', #2248, #2600 ) ;
#1234 = CARTESIAN_POINT ( 'NONE',  ( 88.29542760511834842, 51.33819824710981550, 0.000000000000000000 ) ) ;
#1235 = DIRECTION ( 'NONE',  ( 0.000000000000000000, 0.000000000000000000, -1.000000000000000000 ) ) ;
#1236 = ORIENTED_EDGE ( 'NONE', *, *, #907, .F. ) ;
#1237 = DIRECTION ( 'NONE',  ( 0.000000000000000000, 1.000000000000000000, -0.000000000000000000 ) ) ;
#1238 = DIRECTION ( 'NONE',  ( 0.000000000000000000, 0.000000000000000000, 1.000000000000000000 ) ) ;
#1239 = ORIENTED_EDGE ( 'NONE', *, *, #1111, .T. ) ;
#1240 = VERTEX_POINT ( 'NONE', #1783 ) ;
#1241 = DIRECTION ( 'NONE',  ( 0.000000000000000000, 0.000000000000000000, -1.000000000000000000 ) ) ;
#1242 = VECTOR ( 'NONE', #47, 1000.000000000000000 ) ;
#1243 = EDGE_CURVE ( 'NONE', #671, #1666, #2790, .T. ) ;
#1244 = DIRECTION ( 'NONE',  ( -1.000000000000000000, 0.000000000000000000, 0.000000000000000000 ) ) ;
#1245 = PLANE ( 'NONE',  #846 ) ;
#1246 = CARTESIAN_POINT ( 'NONE',  ( 74.42199999999999704, 73.28842202833645558, 86.57235496138623887 ) ) ;
#1247 = EDGE_CURVE ( 'NONE', #214, #112, #130, .T. ) ;
#1248 = ORIENTED_EDGE ( 'NONE', *, *, #1209, .F. ) ;
#1249 = VERTEX_POINT ( 'NONE', #1369 ) ;
#1250 = CARTESIAN_POINT ( 'NONE',  ( 107.3149999999999977, 49.27600000000001046, 86.57235496138623887 ) ) ;
#1251 = DIRECTION ( 'NONE',  ( 0.000000000000000000, 0.000000000000000000, -1.000000000000000000 ) ) ;
#1252 = EDGE_CURVE ( 'NONE', #1780, #2988, #2929, .T. ) ;
#1253 = DIRECTION ( 'NONE',  ( -0.2496921174961801715, 0.9683252792632617290, 0.000000000000000000 ) ) ;
#1254 = VERTEX_POINT ( 'NONE', #1419 ) ;
#1255 = DIRECTION ( 'NONE',  ( 1.000000000000000000, 0.000000000000000000, 0.000000000000000000 ) ) ;
#1256 = CARTESIAN_POINT ( 'NONE',  ( 82.67700000000000671, 99.56799999999999784, 1.200000000000006617 ) ) ;
#1257 = VECTOR ( 'NONE', #2697, 1000.000000000000000 ) ;
#1258 = ORIENTED_EDGE ( 'NONE', *, *, #1869, .F. ) ;
#1259 = UNCERTAINTY_MEASURE_WITH_UNIT (LENGTH_MEASURE( 1.000000000000000082E-05 ), #3263, 'distance_accuracy_value', 'NONE');
#1260 = ORIENTED_EDGE ( 'NONE', *, *, #3183, .T. ) ;
#1261 = DIRECTION ( 'NONE',  ( 1.000000000000000000, 0.000000000000000000, 0.000000000000000000 ) ) ;
#1262 = CARTESIAN_POINT ( 'NONE',  ( 128.6950004199999853, 76.45399999999999352, 0.000000000000000000 ) ) ;
#1263 = EDGE_CURVE ( 'NONE', #1317, #2465, #1403, .T. ) ;
#1264 = VECTOR ( 'NONE', #3139, 1000.000000000000000 ) ;
#1265 = CARTESIAN_POINT ( 'NONE',  ( 74.42199999999999704, 73.28842202833645558, 8.899999999999991473 ) ) ;
#1266 = VECTOR ( 'NONE', #1292, 1000.000000000000114 ) ;
#1267 = VECTOR ( 'NONE', #772, 1000.000000000000000 ) ;
#1268 = AXIS2_PLACEMENT_3D ( 'NONE', #3245, #718, #2547 ) ;
#1269 = VECTOR ( 'NONE', #1570, 1000.000000000000114 ) ;
#1270 = ORIENTED_EDGE ( 'NONE', *, *, #2991, .T. ) ;
#1271 = LINE ( 'NONE', #980, #795 ) ;
#1272 = VECTOR ( 'NONE', #3101, 1000.000000000000000 ) ;
#1273 = CIRCLE ( 'NONE', #525, 3.049998979999996251 ) ;
#1274 = ADVANCED_FACE ( 'NONE', ( #1153 ), #457, .F. ) ;
#1275 = VERTEX_POINT ( 'NONE', #82 ) ;
#1276 = LINE ( 'NONE', #793, #1047 ) ;
#1277 = EDGE_CURVE ( 'NONE', #385, #2266, #1102, .T. ) ;
#1278 = VECTOR ( 'NONE', #3063, 1000.000000000000114 ) ;
#1279 = DIRECTION ( 'NONE',  ( 0.7071067811865862085, -0.7071067811865088260, 0.000000000000000000 ) ) ;
#1280 = VERTEX_POINT ( 'NONE', #3180 ) ;
#1281 = VERTEX_POINT ( 'NONE', #148 ) ;
#1282 = LINE ( 'NONE', #2039, #2393 ) ;
#1283 = LINE ( 'NONE', #1025, #2654 ) ;
#1284 = DIRECTION ( 'NONE',  ( 0.000000000000000000, -0.000000000000000000, 1.000000000000000000 ) ) ;
#1285 = DIRECTION ( 'NONE',  ( -1.000000000000000000, 0.000000000000000000, 0.000000000000000000 ) ) ;
#1286 = VERTEX_POINT ( 'NONE', #906 ) ;
#1287 = VERTEX_POINT ( 'NONE', #2423 ) ;
#1288 = PLANE ( 'NONE',  #95 ) ;
#1289 = CARTESIAN_POINT ( 'NONE',  ( 128.6950004199999853, 76.45399999999999352, 1.199999999999999956 ) ) ;
#1290 = CARTESIAN_POINT ( 'NONE',  ( 89.28100000000000591, 106.5529999999999973, 0.000000000000000000 ) ) ;
#1291 = EDGE_LOOP ( 'NONE', ( #534, #1947, #1137, #1809 ) ) ;
#1292 = DIRECTION ( 'NONE',  ( 0.8164965809277268116, -0.000000000000000000, 0.5773502691896247319 ) ) ;
#1293 = ORIENTED_EDGE ( 'NONE', *, *, #1199, .F. ) ;
#1294 = ORIENTED_EDGE ( 'NONE', *, *, #1887, .T. ) ;
#1295 = DIRECTION ( 'NONE',  ( 0.2496921174961801715, -0.9683252792632617290, 0.000000000000000000 ) ) ;
#1296 = ADVANCED_FACE ( 'NONE', ( #372 ), #102, .T. ) ;
#1297 = FACE_OUTER_BOUND ( 'NONE', #2139, .T. ) ;
#1298 = DIRECTION ( 'NONE',  ( -1.000000000000000000, -0.000000000000000000, -0.000000000000000000 ) ) ;
#1299 = LINE ( 'NONE', #1041, #1056 ) ;
#1300 = ORIENTED_EDGE ( 'NONE', *, *, #2527, .F. ) ;
#1301 = FACE_OUTER_BOUND ( 'NONE', #2538, .T. ) ;
#1302 = ORIENTED_EDGE ( 'NONE', *, *, #2474, .T. ) ;
#1303 = DIRECTION ( 'NONE',  ( 0.000000000000000000, 0.000000000000000000, -1.000000000000000000 ) ) ;
#1304 = EDGE_CURVE ( 'NONE', #723, #829, #2141, .T. ) ;
#1305 = EDGE_LOOP ( 'NONE', ( #1862, #3035, #3003, #1864 ) ) ;
#1306 = CARTESIAN_POINT ( 'NONE',  ( 65.59550000000103864, 65.59549999999924808, 0.000000000000000000 ) ) ;
#1307 = EDGE_LOOP ( 'NONE', ( #2580, #2499, #2003, #1857 ) ) ;
#1308 = VERTEX_POINT ( 'NONE', #3150 ) ;
#1309 = DIRECTION ( 'NONE',  ( -0.000000000000000000, -1.000000000000000000, 0.000000000000000000 ) ) ;
#1310 = EDGE_CURVE ( 'NONE', #2785, #2736, #2103, .T. ) ;
#1311 = CARTESIAN_POINT ( 'NONE',  ( 88.29542760511834842, 51.33819824710981550, 1.199999999999999956 ) ) ;
#1312 = PLANE ( 'NONE',  #2178 ) ;
#1313 = DIRECTION ( 'NONE',  ( 0.000000000000000000, 0.000000000000000000, -1.000000000000000000 ) ) ;
#1314 = ADVANCED_FACE ( 'NONE', ( #1617 ), #1858, .F. ) ;
#1315 = EDGE_CURVE ( 'NONE', #2411, #268, #337, .T. ) ;
#1316 = DIRECTION ( 'NONE',  ( 0.7071067811865862085, -0.7071067811865089370, 0.000000000000000000 ) ) ;
#1317 = VERTEX_POINT ( 'NONE', #1921 ) ;
#1318 = LINE ( 'NONE', #1550, #303 ) ;
#1319 = ORIENTED_EDGE ( 'NONE', *, *, #872, .F. ) ;
#1320 = AXIS2_PLACEMENT_3D ( 'NONE', #1440, #2205, #3210 ) ;
#1321 = DIRECTION ( 'NONE',  ( 0.000000000000000000, 0.000000000000000000, 1.000000000000000000 ) ) ;
#1322 = COLOUR_RGB ( '',1.000000000000000000, 1.000000000000000000, 1.000000000000000000 ) ;
#1323 = VECTOR ( 'NONE', #2629, 1000.000000000000000 ) ;
#1324 = EDGE_LOOP ( 'NONE', ( #383, #3185, #1953, #3095 ) ) ;
#1325 = LINE ( 'NONE', #1019, #1686 ) ;
#1326 = AXIS2_PLACEMENT_3D ( 'NONE', #2849, #5, #2870 ) ;
#1327 = CIRCLE ( 'NONE', #2276, 3.099998879999996237 ) ;
#1328 = VECTOR ( 'NONE', #1693, 1000.000000000000000 ) ;
#1329 = VERTEX_POINT ( 'NONE', #2633 ) ;
#1330 = CARTESIAN_POINT ( 'NONE',  ( 81.78799999999999670, 53.34000000000000341, 1.199999999999999956 ) ) ;
#1331 = ORIENTED_EDGE ( 'NONE', *, *, #3259, .T. ) ;
#1332 = LINE ( 'NONE', #1311, #1699 ) ;
#1333 = CARTESIAN_POINT ( 'NONE',  ( 76.07300000000000750, 58.29299999999999926, 1.200000000000003064 ) ) ;
#1334 = CARTESIAN_POINT ( 'NONE',  ( 0.000000000000000000, 87.75699999999999079, 1.199999999999999956 ) ) ;
#1335 = ORIENTED_EDGE ( 'NONE', *, *, #2244, .F. ) ;
#1336 = LINE ( 'NONE', #2879, #1585 ) ;
#1337 = ORIENTED_EDGE ( 'NONE', *, *, #2419, .F. ) ;
#1338 = DIRECTION ( 'NONE',  ( 1.000000000000000000, 0.000000000000000000, -0.000000000000000000 ) ) ;
#1339 = VERTEX_POINT ( 'NONE', #2915 ) ;
#1340 = CARTESIAN_POINT ( 'NONE',  ( 80.13700000000000045, 100.9650000000000034, 86.57235496138623887 ) ) ;
#1341 = VERTEX_POINT ( 'NONE', #1354 ) ;
#1342 = ORIENTED_EDGE ( 'NONE', *, *, #1230, .F. ) ;
#1343 = DIRECTION ( 'NONE',  ( -0.3980350962210474908, -0.9173701881881171083, 0.000000000000000000 ) ) ;
#1344 = ORIENTED_EDGE ( 'NONE', *, *, #1554, .F. ) ;
#1345 = DIRECTION ( 'NONE',  ( -0.000000000000000000, 1.000000000000000000, 0.000000000000000000 ) ) ;
#1346 = LINE ( 'NONE', #293, #946 ) ;
#1347 = EDGE_CURVE ( 'NONE', #2586, #605, #642, .T. ) ;
#1348 = PLANE ( 'NONE',  #2667 ) ;
#1349 = ORIENTED_EDGE ( 'NONE', *, *, #3037, .T. ) ;
#1350 = DIRECTION ( 'NONE',  ( -0.000000000000000000, -0.000000000000000000, -1.000000000000000000 ) ) ;
#1351 = ORIENTED_EDGE ( 'NONE', *, *, #2370, .F. ) ;
#1352 = EDGE_CURVE ( 'NONE', #1375, #1968, #2059, .T. ) ;
#1353 = ORIENTED_EDGE ( 'NONE', *, *, #1674, .F. ) ;
#1354 = CARTESIAN_POINT ( 'NONE',  ( 125.5950015399999700, 76.45399999999999352, 0.000000000000000000 ) ) ;
#1355 = ADVANCED_FACE ( 'NONE', ( #1653, #387, #1875, #2883, #1632 ), #622, .F. ) ;
#1356 =( NAMED_UNIT ( * ) SI_UNIT ( $, .STERADIAN. ) SOLID_ANGLE_UNIT ( ) );
#1357 = ORIENTED_EDGE ( 'NONE', *, *, #2291, .T. ) ;
#1358 = CARTESIAN_POINT ( 'NONE',  ( 74.42199999999999704, 59.94400000000000261, 86.57235496138623887 ) ) ;
#1359 = ORIENTED_EDGE ( 'NONE', *, *, #434, .F. ) ;
#1360 = CARTESIAN_POINT ( 'NONE',  ( 69.52377255999999761, 85.87810358000000122, 0.000000000000000000 ) ) ;
#1361 = PLANE ( 'NONE',  #2541 ) ;
#1362 = CARTESIAN_POINT ( 'NONE',  ( 131.7949993000000006, 76.45399999999999352, 0.000000000000000000 ) ) ;
#1363 = DIRECTION ( 'NONE',  ( 0.000000000000000000, 0.000000000000000000, 1.000000000000000000 ) ) ;
#1364 = ORIENTED_EDGE ( 'NONE', *, *, #1905, .T. ) ;
#1365 = DIRECTION ( 'NONE',  ( 0.000000000000000000, 0.000000000000000000, -1.000000000000000000 ) ) ;
#1366 = ORIENTED_EDGE ( 'NONE', *, *, #84, .F. ) ;
#1367 = VECTOR ( 'NONE', #1904, 1000.000000000000000 ) ;
#1368 = EDGE_LOOP ( 'NONE', ( #1196, #2124, #1917, #282 ) ) ;
#1369 = CARTESIAN_POINT ( 'NONE',  ( 131.3180000000000121, 84.82126374012111114, 1.199999999999999734 ) ) ;
#1370 = AXIS2_PLACEMENT_3D ( 'NONE', #2939, #2451, #2926 ) ;
#1371 = AXIS2_PLACEMENT_3D ( 'NONE', #1818, #1350, #604 ) ;
#1373 = ADVANCED_FACE ( 'NONE', ( #2156 ), #1548, .T. ) ;
#1372 = SURFACE_SIDE_STYLE ('',( #2157 ) ) ;
#1374 = EDGE_CURVE ( 'NONE', #2632, #140, #2121, .T. ) ;
#1375 = VERTEX_POINT ( 'NONE', #2711 ) ;
#1376 = CARTESIAN_POINT ( 'NONE',  ( 88.29499983614016401, 51.33819824710980839, 1.199999999999999956 ) ) ;
#1377 = VECTOR ( 'NONE', #1788, 1000.000000000000000 ) ;
#1378 = VECTOR ( 'NONE', #1700, 1000.000000000000000 ) ;
#1379 = AXIS2_PLACEMENT_3D ( 'NONE', #626, #1155, #152 ) ;
#1380 = VECTOR ( 'NONE', #409, 1000.000000000000000 ) ;
#1381 = EDGE_LOOP ( 'NONE', ( #995, #2521, #2778, #2018 ) ) ;
#1382 = CARTESIAN_POINT ( 'NONE',  ( 80.00999999999999091, 100.7109999999999985, 86.57235496138623887 ) ) ;
#1383 = DIRECTION ( 'NONE',  ( 0.7071067811865469066, -0.7071067811865482389, 0.000000000000000000 ) ) ;
#1384 = PLANE ( 'NONE',  #1475 ) ;
#1385 = CARTESIAN_POINT ( 'NONE',  ( 107.3149999999999977, 49.27600000000001046, 0.000000000000000000 ) ) ;
#1386 = ORIENTED_EDGE ( 'NONE', *, *, #1209, .T. ) ;
#1387 = SURFACE_SIDE_STYLE ('',( #430 ) ) ;
#1388 = EDGE_LOOP ( 'NONE', ( #1183, #59, #1386, #3004 ) ) ;
#1389 = ORIENTED_EDGE ( 'NONE', *, *, #2153, .F. ) ;
#1390 = DIRECTION ( 'NONE',  ( 0.000000000000000000, 0.000000000000000000, 1.000000000000000000 ) ) ;
#1391 = VERTEX_POINT ( 'NONE', #433 ) ;
#1392 = DIRECTION ( 'NONE',  ( -0.7071067811865185959, -0.7071067811865765496, 0.000000000000000000 ) ) ;
#1393 = EDGE_CURVE ( 'NONE', #3153, #145, #1451, .T. ) ;
#1394 = EDGE_LOOP ( 'NONE', ( #2869, #2566, #1935, #2710 ) ) ;
#1395 = LINE ( 'NONE', #1360, #1481 ) ;
#1396 = LINE ( 'NONE', #134, #2961 ) ;
#1397 = LINE ( 'NONE', #2417, #1529 ) ;
#1398 = ADVANCED_FACE ( 'NONE', ( #1933 ), #1980, .T. ) ;
#1399 = LINE ( 'NONE', #636, #740 ) ;
#1400 = ORIENTED_EDGE ( 'NONE', *, *, #979, .F. ) ;
#1401 =( LENGTH_UNIT ( ) NAMED_UNIT ( * ) SI_UNIT ( .MILLI., .METRE. ) );
#1402 = EDGE_LOOP ( 'NONE', ( #786, #983, #2270, #2089 ) ) ;
#1403 = LINE ( 'NONE', #2669, #188 ) ;
#1404 = AXIS2_PLACEMENT_3D ( 'NONE', #666, #701, #2675 ) ;
#1405 = ORIENTED_EDGE ( 'NONE', *, *, #994, .F. ) ;
#1406 = DIRECTION ( 'NONE',  ( 0.7071067811865572317, -0.7071067811865379138, 0.000000000000000000 ) ) ;
#1407 = CARTESIAN_POINT ( 'NONE',  ( 94.10699999999999932, 102.9969999999999999, 2.600000000000000089 ) ) ;
#1408 = CARTESIAN_POINT ( 'NONE',  ( 67.64477454000001444, 76.45399999999999352, 0.000000000000000000 ) ) ;
#1409 = CARTESIAN_POINT ( 'NONE',  ( 82.09499049340179511, 55.70000950659819949, 0.000000000000000000 ) ) ;
#1410 = CARTESIAN_POINT ( 'NONE',  ( 89.66199999999999193, 50.41899999999999693, 9.999999999999994671 ) ) ;
#1411 = VERTEX_POINT ( 'NONE', #694 ) ;
#1412 = EDGE_CURVE ( 'NONE', #1871, #607, #2189, .T. ) ;
#1413 = CARTESIAN_POINT ( 'NONE',  ( 86.61399999999999011, 54.48299999999999699, 1.200000000000006617 ) ) ;
#1414 = ADVANCED_FACE ( 'NONE', ( #2297 ), #2738, .T. ) ;
#1415 = CARTESIAN_POINT ( 'NONE',  ( 124.8090000000000117, 69.31000000000003070, 9.999999999999994671 ) ) ;
#1416 = VECTOR ( 'NONE', #9, 1000.000000000000000 ) ;
#1417 = ORIENTED_EDGE ( 'NONE', *, *, #1277, .T. ) ;
#1418 = ORIENTED_EDGE ( 'NONE', *, *, #116, .T. ) ;
#1419 = CARTESIAN_POINT ( 'NONE',  ( 74.42199999999999704, 63.24599999999999511, 0.000000000000000000 ) ) ;
#1420 = ORIENTED_EDGE ( 'NONE', *, *, #2456, .F. ) ;
#1421 = PLANE ( 'NONE',  #524 ) ;
#1422 = AXIS2_PLACEMENT_3D ( 'NONE', #698, #1457, #3231 ) ;
#1423 = DIRECTION ( 'NONE',  ( -0.7071067811865496822, 0.7071067811865454633, 0.000000000000000000 ) ) ;
#1424 = AXIS2_PLACEMENT_3D ( 'NONE', #1510, #506, #2546 ) ;
#1425 = VECTOR ( 'NONE', #2924, 1000.000000000000000 ) ;
#1426 = CARTESIAN_POINT ( 'NONE',  ( 75.18399999999999750, 56.38799999999999812, 1.199999999999999956 ) ) ;
#1427 = DIRECTION ( 'NONE',  ( 1.000000000000000000, 0.000000000000000000, 0.000000000000000000 ) ) ;
#1428 = VECTOR ( 'NONE', #391, 1000.000000000000000 ) ;
#1429 = VECTOR ( 'NONE', #2160, 1000.000000000000000 ) ;
#1430 = PLANE ( 'NONE',  #3074 ) ;
#1431 = LINE ( 'NONE', #367, #1694 ) ;
#1432 = EDGE_LOOP ( 'NONE', ( #68, #327, #2569, #2070 ) ) ;
#1433 = EDGE_CURVE ( 'NONE', #1317, #3017, #421, .T. ) ;
#1434 = EDGE_CURVE ( 'NONE', #411, #2694, #2942, .T. ) ;
#1435 = VERTEX_POINT ( 'NONE', #2043 ) ;
#1436 = VERTEX_POINT ( 'NONE', #1734 ) ;
#1437 = CARTESIAN_POINT ( 'NONE',  ( 76.45399999999999352, 56.13399999999997902, 1.199999999999999956 ) ) ;
#1438 = ADVANCED_FACE ( 'NONE', ( #673 ), #1027, .T. ) ;
#1439 = ORIENTED_EDGE ( 'NONE', *, *, #3096, .T. ) ;
#1440 = CARTESIAN_POINT ( 'NONE',  ( 128.6950004199999853, 76.45399999999999352, 1.199999999999999956 ) ) ;
#1441 = CIRCLE ( 'NONE', #1654, 3.099998880000010004 ) ;
#1442 = CARTESIAN_POINT ( 'NONE',  ( 123.9520000000000124, 87.75699999999999079, 0.000000000000000000 ) ) ;
#1443 = DIRECTION ( 'NONE',  ( 1.000000000000000000, 0.000000000000000000, 0.000000000000000000 ) ) ;
#1444 = DIRECTION ( 'NONE',  ( 0.000000000000000000, 0.000000000000000000, -1.000000000000000000 ) ) ;
#1445 = CARTESIAN_POINT ( 'NONE',  ( 70.73899999999999011, 0.000000000000000000, 1.199999999999999956 ) ) ;
#1446 = DIRECTION ( 'NONE',  ( -0.8741574380024820234, 0.4856426397928180760, 0.000000000000000000 ) ) ;
#1447 = ORIENTED_EDGE ( 'NONE', *, *, #3055, .T. ) ;
#1448 = CARTESIAN_POINT ( 'NONE',  ( 69.59599999999998943, 79.29920483089492222, 0.000000000000000000 ) ) ;
#1449 = VERTEX_POINT ( 'NONE', #1720 ) ;
#1450 = ORIENTED_EDGE ( 'NONE', *, *, #2431, .T. ) ;
#1451 = LINE ( 'NONE', #782, #2000 ) ;
#1452 = EDGE_CURVE ( 'NONE', #3193, #1655, #2323, .T. ) ;
#1453 = CARTESIAN_POINT ( 'NONE',  ( 69.59599999999998943, 79.29920483089492222, 10.00000000000000000 ) ) ;
#1454 = CARTESIAN_POINT ( 'NONE',  ( 65.78599999999896397, 65.78600000000076875, 1.199999999999999956 ) ) ;
#1455 = EDGE_CURVE ( 'NONE', #2316, #2977, #2801, .T. ) ;
#1456 = ORIENTED_EDGE ( 'NONE', *, *, #2933, .F. ) ;
#1457 = DIRECTION ( 'NONE',  ( 0.000000000000000000, 0.000000000000000000, 1.000000000000000000 ) ) ;
#1458 = EDGE_CURVE ( 'NONE', #935, #1767, #1173, .T. ) ;
#1459 = LINE ( 'NONE', #3187, #3019 ) ;
#1460 = DIRECTION ( 'NONE',  ( 0.7071067811865496822, -0.7071067811865454633, 0.000000000000000000 ) ) ;
#1461 = CARTESIAN_POINT ( 'NONE',  ( 69.72300000000001319, 70.61199999999999477, 2.600000000000000089 ) ) ;
#1462 = CARTESIAN_POINT ( 'NONE',  ( 103.8859999999999957, 98.17099999999999227, 0.000000000000000000 ) ) ;
#1463 = VERTEX_POINT ( 'NONE', #162 ) ;
#1464 = ORIENTED_EDGE ( 'NONE', *, *, #2932, .T. ) ;
#1465 = FACE_OUTER_BOUND ( 'NONE', #27, .T. ) ;
#1466 = DIRECTION ( 'NONE',  ( 0.000000000000000000, 0.000000000000000000, -1.000000000000000000 ) ) ;
#1467 = ORIENTED_EDGE ( 'NONE', *, *, #1098, .T. ) ;
#1468 = CARTESIAN_POINT ( 'NONE',  ( 70.60610758875702686, 0.000000000000000000, 1.699999999999999956 ) ) ;
#1469 = EDGE_CURVE ( 'NONE', #2199, #836, #1185, .T. ) ;
#1470 = FACE_OUTER_BOUND ( 'NONE', #1059, .T. ) ;
#1471 = DIRECTION ( 'NONE',  ( -1.000000000000000000, 0.000000000000000000, 0.000000000000000000 ) ) ;
#1472 = AXIS2_PLACEMENT_3D ( 'NONE', #743, #450, #2965 ) ;
#1473 = LINE ( 'NONE', #2197, #1378 ) ;
#1474 = VECTOR ( 'NONE', #654, 1000.000000000000000 ) ;
#1475 = AXIS2_PLACEMENT_3D ( 'NONE', #2149, #3156, #1715 ) ;
#1476 = FACE_BOUND ( 'NONE', #1680, .T. ) ;
#1477 = DIRECTION ( 'NONE',  ( -0.7071067811865454633, -0.7071067811865496822, 0.000000000000000000 ) ) ;
#1478 = AXIS2_PLACEMENT_3D ( 'NONE', #72, #1343, #1088 ) ;
#1479 = VECTOR ( 'NONE', #1303, 1000.000000000000000 ) ;
#1480 = ORIENTED_EDGE ( 'NONE', *, *, #1098, .F. ) ;
#1481 = VECTOR ( 'NONE', #597, 1000.000000000000114 ) ;
#1482 = PRODUCT ( 'µç³Ø¼Ü¾ùºâºÍ³äµç°å¿ÕÏ¶µæÈ¦', 'µç³Ø¼Ü¾ùºâºÍ³äµç°å¿ÕÏ¶µæÈ¦', '', ( #3115 ) ) ;
#1483 = EDGE_LOOP ( 'NONE', ( #322, #395, #2385, #2466 ) ) ;
#1484 = CARTESIAN_POINT ( 'NONE',  ( 78.61743991999999537, 98.32375560000001258, 0.000000000000000000 ) ) ;
#1485 =( GEOMETRIC_REPRESENTATION_CONTEXT ( 3 ) GLOBAL_UNCERTAINTY_ASSIGNED_CONTEXT ( ( #1259 ) ) GLOBAL_UNIT_ASSIGNED_CONTEXT ( ( #3263, #2001, #270 ) ) REPRESENTATION_CONTEXT ( 'NONE', 'WORKASPACE' ) );
#1486 = LINE ( 'NONE', #721, #732 ) ;
#1487 = ADVANCED_FACE ( 'NONE', ( #2202 ), #3206, .T. ) ;
#1488 = PLANE ( 'NONE',  #515 ) ;
#1489 = ORIENTED_EDGE ( 'NONE', *, *, #1133, .T. ) ;
#1490 = DIRECTION ( 'NONE',  ( -0.000000000000000000, -1.000000000000000000, -0.000000000000000000 ) ) ;
#1491 = DIRECTION ( 'NONE',  ( 0.000000000000000000, -1.000000000000000000, 0.000000000000000000 ) ) ;
#1492 = EDGE_LOOP ( 'NONE', ( #2771, #2792, #2927, #85 ) ) ;
#1493 = CARTESIAN_POINT ( 'NONE',  ( 121.1580000000000013, 95.88499999999999091, 86.57235496138623887 ) ) ;
#1494 = ADVANCED_FACE ( 'NONE', ( #1198 ), #2215, .T. ) ;
#1495 = LINE ( 'NONE', #156, #415 ) ;
#1496 = DIRECTION ( 'NONE',  ( 0.000000000000000000, -0.000000000000000000, 1.000000000000000000 ) ) ;
#1497 = FACE_OUTER_BOUND ( 'NONE', #2822, .T. ) ;
#1498 = ADVANCED_FACE ( 'NONE', ( #1465 ), #1785, .F. ) ;
#1499 = ORIENTED_EDGE ( 'NONE', *, *, #2974, .T. ) ;
#1500 = EDGE_LOOP ( 'NONE', ( #705, #3065, #753, #2727 ) ) ;
#1501 = DIRECTION ( 'NONE',  ( 1.000000000000000000, 0.000000000000000000, 0.000000000000000000 ) ) ;
#1502 = ORIENTED_EDGE ( 'NONE', *, *, #377, .T. ) ;
#1503 = LINE ( 'NONE', #675, #302 ) ;
#1504 = CARTESIAN_POINT ( 'NONE',  ( 82.09499638863081827, 51.33819824710980839, 0.000000000000000000 ) ) ;
#1505 = CARTESIAN_POINT ( 'NONE',  ( 65.97649999999575243, 65.97650000000295734, 1.199999999999999956 ) ) ;
#1506 = ORIENTED_EDGE ( 'NONE', *, *, #1243, .F. ) ;
#1507 = ORIENTED_EDGE ( 'NONE', *, *, #2153, .T. ) ;
#1508 = DIRECTION ( 'NONE',  ( -0.8762159086766477811, 0.4819187497721545421, -0.000000000000000000 ) ) ;
#1509 = LINE ( 'NONE', #1546, #1216 ) ;
#1510 = CARTESIAN_POINT ( 'NONE',  ( 0.000000000000000000, 0.000000000000000000, 1.699999999999999956 ) ) ;
#1511 = EDGE_CURVE ( 'NONE', #252, #3031, #2820, .T. ) ;
#1512 = EDGE_CURVE ( 'NONE', #2955, #1232, #93, .T. ) ;
#1513 = ORIENTED_EDGE ( 'NONE', *, *, #1083, .T. ) ;
#1514 = ORIENTED_EDGE ( 'NONE', *, *, #2337, .F. ) ;
#1515 = CARTESIAN_POINT ( 'NONE',  ( 99.69499999999999318, 76.45399999999999352, 10.00000000000000000 ) ) ;
#1516 = CARTESIAN_POINT ( 'NONE',  ( 83.31199999999999761, 54.48299999999999699, 86.57235496138623887 ) ) ;
#1517 = CARTESIAN_POINT ( 'NONE',  ( 89.28100000000000591, 106.5529999999999973, 2.600000000000000089 ) ) ;
#1518 = ORIENTED_EDGE ( 'NONE', *, *, #886, .T. ) ;
#1519 = CARTESIAN_POINT ( 'NONE',  ( 70.73899999999999011, 0.000000000000000000, 1.199999999999999956 ) ) ;
#1520 = PLANE ( 'NONE',  #1005 ) ;
#1521 = EDGE_LOOP ( 'NONE', ( #2309, #1602, #1126, #3163, #29 ) ) ;
#1522 = VERTEX_POINT ( 'NONE', #584 ) ;
#1523 = DIRECTION ( 'NONE',  ( -0.7071067811865475727, -0.7071067811865475727, 0.000000000000000000 ) ) ;
#1524 = CARTESIAN_POINT ( 'NONE',  ( 103.8859999999999957, 107.1880000000000024, 1.199999999999999956 ) ) ;
#1525 = CIRCLE ( 'NONE', #1422, 3.099998879999996237 ) ;
#1526 = DIRECTION ( 'NONE',  ( 1.000000000000000000, 0.000000000000000000, 0.000000000000000000 ) ) ;
#1527 = DIRECTION ( 'NONE',  ( -0.000000000000000000, -0.000000000000000000, -1.000000000000000000 ) ) ;
#1528 = VECTOR ( 'NONE', #1298, 1000.000000000000000 ) ;
#1529 = VECTOR ( 'NONE', #2923, 1000.000000000000000 ) ;
#1530 = DIRECTION ( 'NONE',  ( 0.7071067811865088260, 0.7071067811865860975, 0.000000000000000000 ) ) ;
#1531 = ORIENTED_EDGE ( 'NONE', *, *, #2400, .T. ) ;
#1532 = VECTOR ( 'NONE', #2674, 1000.000000000000114 ) ;
#1533 = VECTOR ( 'NONE', #2509, 1000.000000000000000 ) ;
#1534 = ORIENTED_EDGE ( 'NONE', *, *, #964, .F. ) ;
#1535 = ADVANCED_FACE ( 'NONE', ( #1118 ), #1348, .F. ) ;
#1536 = DIRECTION ( 'NONE',  ( -0.000000000000000000, -1.000000000000000000, -0.000000000000000000 ) ) ;
#1537 = AXIS2_PLACEMENT_3D ( 'NONE', #647, #132, #1891 ) ;
#1538 = VECTOR ( 'NONE', #751, 1000.000000000000000 ) ;
#1539 = DIRECTION ( 'NONE',  ( 0.000000000000000000, -0.000000000000000000, 1.000000000000000000 ) ) ;
#1540 = ORIENTED_EDGE ( 'NONE', *, *, #83, .T. ) ;
#1541 = CARTESIAN_POINT ( 'NONE',  ( 82.13300634401279865, 99.86719651079296511, 86.57235496138623887 ) ) ;
#1542 = EDGE_CURVE ( 'NONE', #1341, #1549, #1441, .T. ) ;
#1543 = CARTESIAN_POINT ( 'NONE',  ( 69.72300000000001319, 67.94499999999999318, 2.600000000000000089 ) ) ;
#1544 = ORIENTED_EDGE ( 'NONE', *, *, #2894, .F. ) ;
#1545 = DIRECTION ( 'NONE',  ( 1.000000000000000000, 0.000000000000000000, 0.000000000000000000 ) ) ;
#1546 = CARTESIAN_POINT ( 'NONE',  ( 74.42199999999999704, 59.94400000000000261, 0.000000000000000000 ) ) ;
#1547 = LINE ( 'NONE', #803, #465 ) ;
#1548 = PLANE ( 'NONE',  #1268 ) ;
#1549 = VERTEX_POINT ( 'NONE', #1362 ) ;
#1550 = CARTESIAN_POINT ( 'NONE',  ( -0.000000000000000000, 84.07399999999999807, 1.199999999999999956 ) ) ;
#1551 = VERTEX_POINT ( 'NONE', #76 ) ;
#1552 = CARTESIAN_POINT ( 'NONE',  ( 114.1949989400000192, 101.5687376800000123, 10.00000000000000000 ) ) ;
#1553 = DIRECTION ( 'NONE',  ( 0.000000000000000000, 0.000000000000000000, 1.000000000000000000 ) ) ;
#1554 = EDGE_CURVE ( 'NONE', #252, #2841, #832, .T. ) ;
#1555 = PLANE ( 'NONE',  #1210 ) ;
#1556 = ORIENTED_EDGE ( 'NONE', *, *, #2301, .F. ) ;
#1557 = DIRECTION ( 'NONE',  ( 0.000000000000000000, 1.000000000000000000, -0.000000000000000000 ) ) ;
#1558 = EDGE_CURVE ( 'NONE', #2604, #2308, #1849, .T. ) ;
#1559 = ADVANCED_FACE ( 'NONE', ( #1093 ), #1882, .F. ) ;
#1560 = ORIENTED_EDGE ( 'NONE', *, *, #1106, .T. ) ;
#1561 = ORIENTED_EDGE ( 'NONE', *, *, #1083, .F. ) ;
#1562 = DIRECTION ( 'NONE',  ( 0.000000000000000000, 0.000000000000000000, -1.000000000000000000 ) ) ;
#1563 = CARTESIAN_POINT ( 'NONE',  ( 106.1719999999999970, 95.88499999999999091, 0.000000000000000000 ) ) ;
#1564 = CARTESIAN_POINT ( 'NONE',  ( 94.74199999999999022, 104.0130000000000052, 86.57235496138623887 ) ) ;
#1565 = DIRECTION ( 'NONE',  ( 1.000000000000000000, 0.000000000000000000, 0.000000000000000000 ) ) ;
#1566 = CARTESIAN_POINT ( 'NONE',  ( 85.19500105999999562, 101.5689993000000015, 0.000000000000000000 ) ) ;
#1567 = ORIENTED_EDGE ( 'NONE', *, *, #2826, .F. ) ;
#1568 = CARTESIAN_POINT ( 'NONE',  ( -0.000000000000000000, 54.22899999999999920, 1.199999999999999956 ) ) ;
#1569 = ORIENTED_EDGE ( 'NONE', *, *, #3239, .T. ) ;
#1570 = DIRECTION ( 'NONE',  ( 0.7071067811865474617, -0.7071067811865474617, 0.000000000000000000 ) ) ;
#1571 = EDGE_LOOP ( 'NONE', ( #336, #717, #1366, #1795 ) ) ;
#1572 = DIRECTION ( 'NONE',  ( 0.000000000000000000, 1.000000000000000000, 0.000000000000000000 ) ) ;
#1573 = DIRECTION ( 'NONE',  ( -0.7071067811865444641, 8.659560562354895880E-17, 0.7071067811865505703 ) ) ;
#1574 = VERTEX_POINT ( 'NONE', #330 ) ;
#1575 = FACE_OUTER_BOUND ( 'NONE', #878, .T. ) ;
#1576 = EDGE_CURVE ( 'NONE', #855, #352, #1941, .T. ) ;
#1577 = ORIENTED_EDGE ( 'NONE', *, *, #434, .T. ) ;
#1578 = CARTESIAN_POINT ( 'NONE',  ( 69.84999999999999432, 73.52332576393966690, 0.000000000000000000 ) ) ;
#1579 = PLANE ( 'NONE',  #1859 ) ;
#1580 = DIRECTION ( 'NONE',  ( 0.000000000000000000, 0.000000000000000000, 1.000000000000000000 ) ) ;
#1581 = ORIENTED_EDGE ( 'NONE', *, *, #3216, .T. ) ;
#1582 = DIRECTION ( 'NONE',  ( 1.000000000000000000, 0.000000000000000000, -0.000000000000000000 ) ) ;
#1583 = VERTEX_POINT ( 'NONE', #2856 ) ;
#1584 = VECTOR ( 'NONE', #984, 1000.000000000000000 ) ;
#1585 = VECTOR ( 'NONE', #550, 1000.000000000000000 ) ;
#1586 = CARTESIAN_POINT ( 'NONE',  ( 81.78799999999999670, 56.00699999999999790, 0.000000000000000000 ) ) ;
#1587 = VECTOR ( 'NONE', #2404, 1000.000000000000227 ) ;
#1588 = EDGE_LOOP ( 'NONE', ( #2839, #2884, #1819, #883, #769, #2143, #2763, #2172, #431, #1723, #1773, #3129, #653, #2564, #2709, #1342, #1405, #2029, #890, #2233, #986, #178, #2867, #2664, #1621, #646, #2668, #1420, #876, #2900, #471, #240, #1567, #1718 ) ) ;
#1589 = LINE ( 'NONE', #2359, #2382 ) ;
#1590 = CIRCLE ( 'NONE', #144, 32.71124014000000102 ) ;
#1591 = VECTOR ( 'NONE', #1740, 1000.000000000000114 ) ;
#1592 = EDGE_CURVE ( 'NONE', #1874, #2573, #867, .T. ) ;
#1593 = ORIENTED_EDGE ( 'NONE', *, *, #3109, .T. ) ;
#1594 = CARTESIAN_POINT ( 'NONE',  ( 114.1949989400000192, 101.5687376800000123, 9.599999999999999645 ) ) ;
#1595 = EDGE_LOOP ( 'NONE', ( #901, #2898, #2034, #2287, #2118, #1873 ) ) ;
#1596 = CARTESIAN_POINT ( 'NONE',  ( 70.60610758875702686, 73.32737775551825621, 9.677880032594249116 ) ) ;
#1597 = FACE_OUTER_BOUND ( 'NONE', #1003, .T. ) ;
#1598 = ADVANCED_FACE ( 'NONE', ( #1624 ), #615, .T. ) ;
#1599 = CARTESIAN_POINT ( 'NONE',  ( 82.67700000000000671, 99.56799999999999784, 86.57235496138623887 ) ) ;
#1600 = ORIENTED_EDGE ( 'NONE', *, *, #2991, .F. ) ;
#1601 = EDGE_CURVE ( 'NONE', #2281, #2340, #1299, .T. ) ;
#1602 = ORIENTED_EDGE ( 'NONE', *, *, #1887, .F. ) ;
#1603 = DIRECTION ( 'NONE',  ( -0.000000000000000000, -1.000000000000000000, -0.000000000000000000 ) ) ;
#1604 = ORIENTED_EDGE ( 'NONE', *, *, #1252, .T. ) ;
#1605 = DIRECTION ( 'NONE',  ( 0.000000000000000000, 0.000000000000000000, -1.000000000000000000 ) ) ;
#1606 = ORIENTED_EDGE ( 'NONE', *, *, #606, .F. ) ;
#1607 = LINE ( 'NONE', #119, #1429 ) ;
#1608 = DIRECTION ( 'NONE',  ( -0.000000000000000000, 1.000000000000000000, 0.000000000000000000 ) ) ;
#1609 = DIRECTION ( 'NONE',  ( -0.000000000000000000, -0.000000000000000000, -1.000000000000000000 ) ) ;
#1610 = CARTESIAN_POINT ( 'NONE',  ( 69.52377255999999761, 85.87810358000000122, 86.57235496138623887 ) ) ;
#1611 = ORIENTED_EDGE ( 'NONE', *, *, #2655, .T. ) ;
#1612 = LINE ( 'NONE', #3130, #1211 ) ;
#1613 = ORIENTED_EDGE ( 'NONE', *, *, #825, .T. ) ;
#1614 = EDGE_CURVE ( 'NONE', #1339, #1097, #1064, .T. ) ;
#1615 = EDGE_CURVE ( 'NONE', #3017, #697, #1815, .T. ) ;
#1616 = EDGE_LOOP ( 'NONE', ( #1993, #1300, #231, #1931 ) ) ;
#1617 = FACE_OUTER_BOUND ( 'NONE', #1101, .T. ) ;
#1618 = VERTEX_POINT ( 'NONE', #1078 ) ;
#1619 = DIRECTION ( 'NONE',  ( -1.000000000000000000, 0.000000000000000000, 0.000000000000000000 ) ) ;
#1620 = VECTOR ( 'NONE', #805, 1000.000000000000000 ) ;
#1621 = ORIENTED_EDGE ( 'NONE', *, *, #1512, .F. ) ;
#1622 = CARTESIAN_POINT ( 'NONE',  ( 70.60610758875702686, 73.36633376402673434, 9.638939858759167478 ) ) ;
#1623 = LINE ( 'NONE', #1914, #1532 ) ;
#1624 = FACE_OUTER_BOUND ( 'NONE', #2167, .T. ) ;
#1625 = DIRECTION ( 'NONE',  ( 0.5081488022931250903, 0.8612692928045574403, 0.000000000000000000 ) ) ;
#1626 = EDGE_CURVE ( 'NONE', #539, #2775, #366, .T. ) ;
#1627 = ORIENTED_EDGE ( 'NONE', *, *, #2207, .T. ) ;
#1628 = LINE ( 'NONE', #396, #790 ) ;
#1629 = ORIENTED_EDGE ( 'NONE', *, *, #1123, .F. ) ;
#1630 = AXIS2_PLACEMENT_3D ( 'NONE', #1519, #2535, #248 ) ;
#1631 = ORIENTED_EDGE ( 'NONE', *, *, #142, .F. ) ;
#1632 = FACE_BOUND ( 'NONE', #3151, .T. ) ;
#1633 = EDGE_CURVE ( 'NONE', #2584, #955, #2097, .T. ) ;
#1634 = AXIS2_PLACEMENT_3D ( 'NONE', #2525, #991, #3040 ) ;
#1635 = VECTOR ( 'NONE', #1754, 1000.000000000000000 ) ;
#1636 = EDGE_LOOP ( 'NONE', ( #569, #1531, #398, #2507 ) ) ;
#1637 = PLANE ( 'NONE',  #407 ) ;
#1638 = ADVANCED_FACE ( 'NONE', ( #2876 ), #314, .F. ) ;
#1639 = AXIS2_PLACEMENT_3D ( 'NONE', #1881, #3155, #632 ) ;
#1640 = VECTOR ( 'NONE', #382, 1000.000000000000000 ) ;
#1641 = AXIS2_PLACEMENT_3D ( 'NONE', #1461, #2477, #3218 ) ;
#1642 = ORIENTED_EDGE ( 'NONE', *, *, #2783, .T. ) ;
#1643 = CARTESIAN_POINT ( 'NONE',  ( 82.09499049340179511, 51.33819824710980839, 0.000000000000000000 ) ) ;
#1644 = DIRECTION ( 'NONE',  ( -0.000000000000000000, -0.000000000000000000, 1.000000000000000000 ) ) ;
#1645 = DIRECTION ( 'NONE',  ( 0.8741574380024820234, -0.4856426397928180760, 0.000000000000000000 ) ) ;
#1646 = COLOUR_RGB ( '',1.000000000000000000, 1.000000000000000000, 1.000000000000000000 ) ;
#1647 = DIRECTION ( 'NONE',  ( 0.8612692928045574403, -0.5081488022931250903, 0.000000000000000000 ) ) ;
#1648 = VERTEX_POINT ( 'NONE', #1409 ) ;
#1649 = DIRECTION ( 'NONE',  ( 0.7071067811865474617, -0.7071067811865474617, -0.000000000000000000 ) ) ;
#1650 = ORIENTED_EDGE ( 'NONE', *, *, #2762, .F. ) ;
#1651 = ADVANCED_FACE ( 'NONE', ( #2406 ), #2936, .T. ) ;
#1652 = VERTEX_POINT ( 'NONE', #1915 ) ;
#1653 = FACE_BOUND ( 'NONE', #97, .T. ) ;
#1654 = AXIS2_PLACEMENT_3D ( 'NONE', #2315, #3091, #1565 ) ;
#1655 = VERTEX_POINT ( 'NONE', #1673 ) ;
#1656 = DIRECTION ( 'NONE',  ( -0.000000000000000000, -0.000000000000000000, -1.000000000000000000 ) ) ;
#1657 = EDGE_CURVE ( 'NONE', #2573, #955, #633, .T. ) ;
#1658 = ADVANCED_FACE ( 'NONE', ( #1163 ), #2641, .T. ) ;
#1659 = CYLINDRICAL_SURFACE ( 'NONE', #1058, 3.099998880000010004 ) ;
#1660 = DIRECTION ( 'NONE',  ( -0.000000000000000000, -0.000000000000000000, -1.000000000000000000 ) ) ;
#1661 = FACE_OUTER_BOUND ( 'NONE', #63, .T. ) ;
#1662 = LINE ( 'NONE', #2985, #2012 ) ;
#1663 = CARTESIAN_POINT ( 'NONE',  ( 78.10499999999998977, 53.34000000000000341, 0.000000000000000000 ) ) ;
#1664 = EDGE_LOOP ( 'NONE', ( #2620, #2622, #73, #2038 ) ) ;
#1665 = CARTESIAN_POINT ( 'NONE',  ( 77.22353617999999642, 98.92855246000000591, 9.999999999999994671 ) ) ;
#1666 = VERTEX_POINT ( 'NONE', #1960 ) ;
#1667 = VERTEX_POINT ( 'NONE', #2687 ) ;
#1668 = CARTESIAN_POINT ( 'NONE',  ( 81.78799999999999670, 53.34000000000000341, 1.199999999999999956 ) ) ;
#1669 = ORIENTED_EDGE ( 'NONE', *, *, #2576, .T. ) ;
#1670 = LINE ( 'NONE', #1878, #1113 ) ;
#1671 = DIRECTION ( 'NONE',  ( -1.000000000000000000, 0.000000000000000000, 0.000000000000000000 ) ) ;
#1672 = CARTESIAN_POINT ( 'NONE',  ( 76.70799999999999841, 0.000000000000000000, 1.199999999999999956 ) ) ;
#1673 = CARTESIAN_POINT ( 'NONE',  ( 69.59599999999998943, 79.72435009039519116, 9.999999999999994671 ) ) ;
#1674 = EDGE_CURVE ( 'NONE', #770, #2266, #2662, .T. ) ;
#1675 = EDGE_CURVE ( 'NONE', #1275, #855, #1050, .T. ) ;
#1676 = DIRECTION ( 'NONE',  ( -1.000000000000000000, -0.000000000000000000, -0.000000000000000000 ) ) ;
#1677 = PLANE ( 'NONE',  #1114 ) ;
#1678 = ORIENTED_EDGE ( 'NONE', *, *, #2207, .F. ) ;
#1679 = LINE ( 'NONE', #126, #190 ) ;
#1680 = EDGE_LOOP ( 'NONE', ( #2652, #2324 ) ) ;
#1681 = EDGE_CURVE ( 'NONE', #2811, #3165, #1397, .T. ) ;
#1682 = VECTOR ( 'NONE', #2626, 1000.000000000000114 ) ;
#1683 = EDGE_LOOP ( 'NONE', ( #160, #1918, #273, #2055 ) ) ;
#1684 = VERTEX_POINT ( 'NONE', #1145 ) ;
#1685 = CARTESIAN_POINT ( 'NONE',  ( 70.69477351999999826, 76.45399999999999352, 10.00000000000000000 ) ) ;
#1686 = VECTOR ( 'NONE', #1771, 1000.000000000000000 ) ;
#1687 = ORIENTED_EDGE ( 'NONE', *, *, #1776, .F. ) ;
#1688 = CARTESIAN_POINT ( 'NONE',  ( 83.31199999999999761, 54.48299999999999699, 9.999999999999994671 ) ) ;
#1689 = VECTOR ( 'NONE', #343, 1000.000000000000000 ) ;
#1690 = AXIS2_PLACEMENT_3D ( 'NONE', #2947, #2449, #913 ) ;
#1691 = EDGE_CURVE ( 'NONE', #3159, #100, #650, .T. ) ;
#1692 = AXIS2_PLACEMENT_3D ( 'NONE', #2653, #1390, #2412 ) ;
#1693 = DIRECTION ( 'NONE',  ( -1.000000000000000000, 0.000000000000000000, 0.000000000000000000 ) ) ;
#1694 = VECTOR ( 'NONE', #944, 1000.000000000000000 ) ;
#1695 = VECTOR ( 'NONE', #1244, 1000.000000000000000 ) ;
#1696 = LINE ( 'NONE', #2147, #2912 ) ;
#1697 = CARTESIAN_POINT ( 'NONE',  ( 74.42199999999999704, 59.94400000000000261, 1.200000000000006617 ) ) ;
#1698 = VECTOR ( 'NONE', #1383, 1000.000000000000000 ) ;
#1699 = VECTOR ( 'NONE', #1011, 1000.000000000000000 ) ;
#1700 = DIRECTION ( 'NONE',  ( 0.7071067811865469066, -0.7071067811865482389, 0.000000000000000000 ) ) ;
#1701 = CARTESIAN_POINT ( 'NONE',  ( 117.6451122200000015, 51.33906673999999981, 10.00000000000000000 ) ) ;
#1702 = ADVANCED_FACE ( 'NONE', ( #1661 ), #1180, .T. ) ;
#1703 =( NAMED_UNIT ( * ) PLANE_ANGLE_UNIT ( ) SI_UNIT ( $, .RADIAN. ) );
#1704 = EDGE_LOOP ( 'NONE', ( #388, #1946 ) ) ;
#1705 = EDGE_CURVE ( 'NONE', #1574, #1549, #170, .T. ) ;
#1706 = ADVANCED_FACE ( 'NONE', ( #122 ), #2903, .T. ) ;
#1707 = ORIENTED_EDGE ( 'NONE', *, *, #1151, .T. ) ;
#1708 = ORIENTED_EDGE ( 'NONE', *, *, #1187, .T. ) ;
#1709 = DIRECTION ( 'NONE',  ( -1.000000000000000000, 0.000000000000000000, 0.000000000000000000 ) ) ;
#1710 = LINE ( 'NONE', #1234, #460 ) ;
#1711 = ORIENTED_EDGE ( 'NONE', *, *, #1558, .T. ) ;
#1712 = DIRECTION ( 'NONE',  ( -0.9173701881881171083, 0.3980350962210474908, -0.000000000000000000 ) ) ;
#1713 = LINE ( 'NONE', #2240, #1860 ) ;
#1714 = LINE ( 'NONE', #1206, #3069 ) ;
#1715 = DIRECTION ( 'NONE',  ( 0.000000000000000000, -0.000000000000000000, 1.000000000000000000 ) ) ;
#1716 = FACE_OUTER_BOUND ( 'NONE', #2940, .T. ) ;
#1717 = LINE ( 'NONE', #1462, #250 ) ;
#1718 = ORIENTED_EDGE ( 'NONE', *, *, #2724, .F. ) ;
#1719 = ORIENTED_EDGE ( 'NONE', *, *, #3183, .F. ) ;
#1720 = CARTESIAN_POINT ( 'NONE',  ( 103.3780000000000001, 104.0130000000000052, 9.999999999999994671 ) ) ;
#1721 = EDGE_CURVE ( 'NONE', #2586, #16, #2162, .T. ) ;
#1722 = LINE ( 'NONE', #447, #408 ) ;
#1723 = ORIENTED_EDGE ( 'NONE', *, *, #2625, .F. ) ;
#1724 = CARTESIAN_POINT ( 'NONE',  ( 107.3149999999999977, 51.81600000000000250, 0.000000000000000000 ) ) ;
#1725 = CARTESIAN_POINT ( 'NONE',  ( 89.40800000000000125, 104.0130000000000052, 1.200000000000006617 ) ) ;
#1726 = CARTESIAN_POINT ( 'NONE',  ( 114.1951132400000120, 51.33906673999999981, 0.000000000000000000 ) ) ;
#1727 = CARTESIAN_POINT ( 'NONE',  ( 88.29542760511834842, 51.33819824710981550, 0.000000000000000000 ) ) ;
#1728 = DIRECTION ( 'NONE',  ( -0.4472135954999579277, -0.8944271909999158554, 0.000000000000000000 ) ) ;
#1729 = LINE ( 'NONE', #704, #1855 ) ;
#1730 = DIRECTION ( 'NONE',  ( -0.000000000000000000, -1.000000000000000000, -0.000000000000000000 ) ) ;
#1731 = ADVANCED_FACE ( 'NONE', ( #392 ), #1940, .T. ) ;
#1732 = EDGE_LOOP ( 'NONE', ( #934, #369, #1611, #1711 ) ) ;
#1733 = VERTEX_POINT ( 'NONE', #3169 ) ;
#1734 = CARTESIAN_POINT ( 'NONE',  ( 94.74199999999999022, 104.0130000000000052, 0.000000000000000000 ) ) ;
#1735 = DIRECTION ( 'NONE',  ( 0.000000000000000000, 0.000000000000000000, 1.000000000000000000 ) ) ;
#1736 = EDGE_CURVE ( 'NONE', #916, #2391, #897, .T. ) ;
#1737 = CARTESIAN_POINT ( 'NONE',  ( 85.19500105999999562, 51.33900069999999971, 0.000000000000000000 ) ) ;
#1738 = ORIENTED_EDGE ( 'NONE', *, *, #1045, .F. ) ;
#1739 = DIRECTION ( 'NONE',  ( 0.000000000000000000, 0.000000000000000000, -1.000000000000000000 ) ) ;
#1740 = DIRECTION ( 'NONE',  ( 0.7071067811865496822, -0.7071067811865454633, 0.000000000000000000 ) ) ;
#1741 = EDGE_CURVE ( 'NONE', #523, #2465, #109, .T. ) ;
#1742 = ORIENTED_EDGE ( 'NONE', *, *, #2612, .F. ) ;
#1743 = CARTESIAN_POINT ( 'NONE',  ( 81.78799999999999670, 56.00699999999999790, 9.999999999999994671 ) ) ;
#1744 = VECTOR ( 'NONE', #971, 1000.000000000000000 ) ;
#1745 = VECTOR ( 'NONE', #3260, 1000.000000000000000 ) ;
#1746 = AXIS2_PLACEMENT_3D ( 'NONE', #2236, #229, #1251 ) ;
#1747 = DIRECTION ( 'NONE',  ( 1.000000000000000000, 0.000000000000000000, -0.000000000000000000 ) ) ;
#1748 = DIRECTION ( 'NONE',  ( -0.4472135954999579277, -0.8944271909999158554, -0.000000000000000000 ) ) ;
#1749 = AXIS2_PLACEMENT_3D ( 'NONE', #2314, #2329, #277 ) ;
#1750 = VECTOR ( 'NONE', #3057, 1000.000000000000000 ) ;
#1751 = CARTESIAN_POINT ( 'NONE',  ( 86.61399999999999011, 54.48299999999999699, 1.200000000000006617 ) ) ;
#1752 = VECTOR ( 'NONE', #726, 1000.000000000000000 ) ;
#1753 = ORIENTED_EDGE ( 'NONE', *, *, #1615, .T. ) ;
#1754 = DIRECTION ( 'NONE',  ( -0.000000000000000000, -1.000000000000000000, -0.000000000000000000 ) ) ;
#1755 = LINE ( 'NONE', #467, #894 ) ;
#1756 = ORIENTED_EDGE ( 'NONE', *, *, #2972, .F. ) ;
#1757 = CARTESIAN_POINT ( 'NONE',  ( 88.29542760511834842, 53.34000000000000341, 0.000000000000000000 ) ) ;
#1758 = ORIENTED_EDGE ( 'NONE', *, *, #2044, .T. ) ;
#1759 = ORIENTED_EDGE ( 'NONE', *, *, #291, .T. ) ;
#1760 = CARTESIAN_POINT ( 'NONE',  ( 88.29542760511834842, 51.33819824710981550, 1.199999999999999956 ) ) ;
#1761 = ADVANCED_FACE ( 'NONE', ( #3189 ), #1384, .F. ) ;
#1762 = EDGE_CURVE ( 'NONE', #1997, #697, #959, .T. ) ;
#1763 = CARTESIAN_POINT ( 'NONE',  ( 111.1451142600000139, 51.33906673999999981, 10.00000000000000000 ) ) ;
#1764 = CARTESIAN_POINT ( 'NONE',  ( 69.59599999999998943, 79.72435009039519116, 9.999999999999994671 ) ) ;
#1765 = CARTESIAN_POINT ( 'NONE',  ( 82.67700000000000671, 99.56799999999999784, 9.999999999999994671 ) ) ;
#1766 = ORIENTED_EDGE ( 'NONE', *, *, #2831, .T. ) ;
#1767 = VERTEX_POINT ( 'NONE', #2225 ) ;
#1768 = DIRECTION ( 'NONE',  ( -0.5081488022931250903, -0.8612692928045574403, -0.000000000000000000 ) ) ;
#1769 = CARTESIAN_POINT ( 'NONE',  ( 81.78799999999999670, 56.00699999999999790, 0.000000000000000000 ) ) ;
#1770 = ORIENTED_EDGE ( 'NONE', *, *, #1433, .T. ) ;
#1771 = DIRECTION ( 'NONE',  ( -0.000000000000000000, -1.000000000000000000, -0.000000000000000000 ) ) ;
#1772 = ORIENTED_EDGE ( 'NONE', *, *, #1310, .T. ) ;
#1773 = ORIENTED_EDGE ( 'NONE', *, *, #3068, .F. ) ;
#1774 = FACE_OUTER_BOUND ( 'NONE', #1135, .T. ) ;
#1775 = DIRECTION ( 'NONE',  ( -0.000000000000000000, -0.000000000000000000, -1.000000000000000000 ) ) ;
#1776 = EDGE_CURVE ( 'NONE', #214, #2841, #183, .T. ) ;
#1777 = LINE ( 'NONE', #2838, #521 ) ;
#1778 = ORIENTED_EDGE ( 'NONE', *, *, #1558, .F. ) ;
#1779 = EDGE_CURVE ( 'NONE', #51, #175, #2476, .T. ) ;
#1780 = VERTEX_POINT ( 'NONE', #2823 ) ;
#1781 = PLANE ( 'NONE',  #2910 ) ;
#1782 = ORIENTED_EDGE ( 'NONE', *, *, #1614, .T. ) ;
#1783 = CARTESIAN_POINT ( 'NONE',  ( 69.72300000000001319, 67.94499999999999318, 2.600000000000000089 ) ) ;
#1784 = CARTESIAN_POINT ( 'NONE',  ( 87.75699999999999079, 53.34000000000000341, 1.200000000000006617 ) ) ;
#1785 = CONICAL_SURFACE ( 'NONE', #2954, 3.049998979999996251, 0.7853981633974439491 ) ;
#1786 = ORIENTED_EDGE ( 'NONE', *, *, #1455, .F. ) ;
#1787 = ORIENTED_EDGE ( 'NONE', *, *, #2395, .T. ) ;
#1788 = DIRECTION ( 'NONE',  ( -0.000000000000000000, -1.000000000000000000, -0.000000000000000000 ) ) ;
#1789 = PLANE ( 'NONE',  #368 ) ;
#1790 = VECTOR ( 'NONE', #2885, 1000.000000000000000 ) ;
#1791 = LINE ( 'NONE', #75, #2122 ) ;
#1792 = CARTESIAN_POINT ( 'NONE',  ( 66.29399999999893112, 66.29400000000075011, 1.199999999999999956 ) ) ;
#1793 = VECTOR ( 'NONE', #546, 1000.000000000000000 ) ;
#1794 = EDGE_CURVE ( 'NONE', #2308, #827, #1336, .T. ) ;
#1795 = ORIENTED_EDGE ( 'NONE', *, *, #494, .T. ) ;
#1796 = AXIS2_PLACEMENT_3D ( 'NONE', #1594, #2326, #1545 ) ;
#1797 = VECTOR ( 'NONE', #3145, 1000.000000000000000 ) ;
#1798 = ORIENTED_EDGE ( 'NONE', *, *, #921, .F. ) ;
#1799 = LINE ( 'NONE', #2263, #309 ) ;
#1800 = EDGE_CURVE ( 'NONE', #2514, #51, #2862, .T. ) ;
#1801 = CARTESIAN_POINT ( 'NONE',  ( 91.05899999999999750, 49.02199999999999847, 0.000000000000000000 ) ) ;
#1802 = EDGE_CURVE ( 'NONE', #2584, #1014, #347, .T. ) ;
#1803 = VECTOR ( 'NONE', #2211, 1000.000000000000000 ) ;
#1804 = DIRECTION ( 'NONE',  ( 1.000000000000000000, -0.000000000000000000, 0.000000000000000000 ) ) ;
#1805 = ORIENTED_EDGE ( 'NONE', *, *, #1592, .T. ) ;
#1806 = CARTESIAN_POINT ( 'NONE',  ( 70.73899999999999011, 0.000000000000000000, 0.000000000000000000 ) ) ;
#1807 = AXIS2_PLACEMENT_3D ( 'NONE', #217, #1238, #2814 ) ;
#1808 = DIRECTION ( 'NONE',  ( -1.000000000000000000, 0.000000000000000000, 0.000000000000000000 ) ) ;
#1809 = ORIENTED_EDGE ( 'NONE', *, *, #1779, .F. ) ;
#1810 = ORIENTED_EDGE ( 'NONE', *, *, #2285, .F. ) ;
#1811 = CARTESIAN_POINT ( 'NONE',  ( 130.3913747451836116, 87.75699999999999079, 1.199999999999999734 ) ) ;
#1812 = DIRECTION ( 'NONE',  ( 1.000000000000000000, 0.000000000000000000, 0.000000000000000000 ) ) ;
#1813 = ADVANCED_FACE ( 'NONE', ( #2352 ), #2581, .F. ) ;
#1814 = LINE ( 'NONE', #1130, #898 ) ;
#1815 = LINE ( 'NONE', #565, #3182 ) ;
#1816 = CARTESIAN_POINT ( 'NONE',  ( 77.85099999999999909, 53.59399999999998698, 0.000000000000000000 ) ) ;
#1817 = ORIENTED_EDGE ( 'NONE', *, *, #1208, .F. ) ;
#1818 = CARTESIAN_POINT ( 'NONE',  ( 99.69499999999999318, 76.45399999999999352, 10.00000000000000000 ) ) ;
#1819 = ORIENTED_EDGE ( 'NONE', *, *, #2532, .F. ) ;
#1820 = DIRECTION ( 'NONE',  ( 0.000000000000000000, 0.000000000000000000, -1.000000000000000000 ) ) ;
#1821 = ADVANCED_FACE ( 'NONE', ( #1301 ), #1850, .F. ) ;
#1822 = ORIENTED_EDGE ( 'NONE', *, *, #1576, .T. ) ;
#1823 = DIRECTION ( 'NONE',  ( -0.000000000000000000, -0.000000000000000000, -1.000000000000000000 ) ) ;
#1824 = EDGE_CURVE ( 'NONE', #2345, #1128, #98, .T. ) ;
#1825 = CARTESIAN_POINT ( 'NONE',  ( 69.84999999999999432, 70.61199999999999477, 2.600000000000000089 ) ) ;
#1826 = ORIENTED_EDGE ( 'NONE', *, *, #1393, .T. ) ;
#1827 = CARTESIAN_POINT ( 'NONE',  ( 77.22353617999999642, 98.92855246000000591, 9.999999999999994671 ) ) ;
#1828 = ORIENTED_EDGE ( 'NONE', *, *, #1762, .F. ) ;
#1829 = DIRECTION ( 'NONE',  ( -0.000000000000000000, -1.000000000000000000, -0.000000000000000000 ) ) ;
#1830 = PLANE ( 'NONE',  #2068 ) ;
#1831 = CARTESIAN_POINT ( 'NONE',  ( 89.40800000000000125, 104.0130000000000052, 86.57235496138623887 ) ) ;
#1832 = FACE_OUTER_BOUND ( 'NONE', #418, .T. ) ;
#1833 = ORIENTED_EDGE ( 'NONE', *, *, #1203, .T. ) ;
#1834 = CARTESIAN_POINT ( 'NONE',  ( 70.73899999999999011, 63.24599999999999511, 1.199999999999999956 ) ) ;
#1835 = VERTEX_POINT ( 'NONE', #2067 ) ;
#1836 = ADVANCED_FACE ( 'NONE', ( #1080 ), #2840, .T. ) ;
#1837 = PLANE ( 'NONE',  #1958 ) ;
#1838 = ORIENTED_EDGE ( 'NONE', *, *, #2952, .T. ) ;
#1839 = FACE_OUTER_BOUND ( 'NONE', #590, .T. ) ;
#1840 = AXIS2_PLACEMENT_3D ( 'NONE', #599, #294, #2837 ) ;
#1841 = EDGE_CURVE ( 'NONE', #331, #2608, #64, .T. ) ;
#1842 = EDGE_LOOP ( 'NONE', ( #2964, #1389, #226, #1140 ) ) ;
#1843 = LINE ( 'NONE', #2108, #2863 ) ;
#1844 = EDGE_CURVE ( 'NONE', #101, #2586, #1096, .T. ) ;
#1845 = VECTOR ( 'NONE', #951, 1000.000000000000000 ) ;
#1846 = VERTEX_POINT ( 'NONE', #1121 ) ;
#1847 = FACE_OUTER_BOUND ( 'NONE', #432, .T. ) ;
#1848 = FACE_OUTER_BOUND ( 'NONE', #1571, .T. ) ;
#1849 = LINE ( 'NONE', #1599, #651 ) ;
#1850 = PLANE ( 'NONE',  #2795 ) ;
#1851 = VERTEX_POINT ( 'NONE', #2117 ) ;
#1852 = CONICAL_SURFACE ( 'NONE', #939, 3.049998979999996251, 0.7853981633974439491 ) ;
#1853 = AXIS2_PLACEMENT_3D ( 'NONE', #2458, #1186, #933 ) ;
#1854 = LINE ( 'NONE', #822, #1269 ) ;
#1855 = VECTOR ( 'NONE', #2720, 1000.000000000000000 ) ;
#1856 = CIRCLE ( 'NONE', #1110, 3.449998979999993498 ) ;
#1857 = ORIENTED_EDGE ( 'NONE', *, *, #1675, .T. ) ;
#1858 = PLANE ( 'NONE',  #2644 ) ;
#1859 = AXIS2_PLACEMENT_3D ( 'NONE', #564, #312, #2855 ) ;
#1860 = VECTOR ( 'NONE', #438, 1000.000000000000000 ) ;
#1861 = VECTOR ( 'NONE', #1573, 1000.000000000000000 ) ;
#1862 = ORIENTED_EDGE ( 'NONE', *, *, #83, .F. ) ;
#1863 = LINE ( 'NONE', #1827, #794 ) ;
#1864 = ORIENTED_EDGE ( 'NONE', *, *, #2400, .F. ) ;
#1865 = FACE_OUTER_BOUND ( 'NONE', #1432, .T. ) ;
#1866 = CARTESIAN_POINT ( 'NONE',  ( 85.19500105999999562, 51.33900069999999971, 1.199999999999999956 ) ) ;
#1867 = DIRECTION ( 'NONE',  ( 0.000000000000000000, 0.000000000000000000, -1.000000000000000000 ) ) ;
#1868 = EDGE_CURVE ( 'NONE', #1411, #1287, #1612, .T. ) ;
#1869 = EDGE_CURVE ( 'NONE', #748, #1073, #2614, .T. ) ;
#1870 = CARTESIAN_POINT ( 'NONE',  ( 77.85099999999999909, 0.000000000000000000, 1.199999999999999956 ) ) ;
#1871 = VERTEX_POINT ( 'NONE', #2138 ) ;
#1872 = DIRECTION ( 'NONE',  ( 0.000000000000000000, 0.000000000000000000, -1.000000000000000000 ) ) ;
#1873 = ORIENTED_EDGE ( 'NONE', *, *, #644, .T. ) ;
#1874 = VERTEX_POINT ( 'NONE', #2099 ) ;
#1875 = FACE_BOUND ( 'NONE', #3028, .T. ) ;
#1876 = SHAPE_DEFINITION_REPRESENTATION ( #3256, #2469 ) ;
#1877 = VERTEX_POINT ( 'NONE', #297 ) ;
#1878 = CARTESIAN_POINT ( 'NONE',  ( 82.13300634401279865, 98.07091141735452311, 1.199999999999999956 ) ) ;
#1879 = VERTEX_POINT ( 'NONE', #820 ) ;
#1880 = DIRECTION ( 'NONE',  ( 0.000000000000000000, 0.000000000000000000, -1.000000000000000000 ) ) ;
#1881 = CARTESIAN_POINT ( 'NONE',  ( 82.09499049340179511, 51.33819824710980839, 1.199999999999999956 ) ) ;
#1882 = CYLINDRICAL_SURFACE ( 'NONE', #2526, 3.049998979999996251 ) ;
#1883 = LINE ( 'NONE', #600, #1425 ) ;
#1884 = ORIENTED_EDGE ( 'NONE', *, *, #3207, .T. ) ;
#1885 = CARTESIAN_POINT ( 'NONE',  ( 80.00999999999999091, 100.7109999999999985, 86.57235496138623887 ) ) ;
#1886 = ORIENTED_EDGE ( 'NONE', *, *, #1736, .F. ) ;
#1887 = EDGE_CURVE ( 'NONE', #2030, #2281, #1318, .T. ) ;
#1888 = ORIENTED_EDGE ( 'NONE', *, *, #852, .F. ) ;
#1889 = DIRECTION ( 'NONE',  ( 0.000000000000000000, 0.000000000000000000, 1.000000000000000000 ) ) ;
#1890 = EDGE_LOOP ( 'NONE', ( #2421, #3088, #444, #1013 ) ) ;
#1891 = DIRECTION ( 'NONE',  ( -0.7071067811865459074, 0.7071067811865491270, 0.000000000000000000 ) ) ;
#1892 = ORIENTED_EDGE ( 'NONE', *, *, #1999, .T. ) ;
#1893 = DIRECTION ( 'NONE',  ( 1.000000000000000000, 0.000000000000000000, 0.000000000000000000 ) ) ;
#1894 = CARTESIAN_POINT ( 'NONE',  ( 103.8860000000000099, 103.5049999999999812, 1.200000000000003064 ) ) ;
#1895 = ADVANCED_FACE ( 'NONE', ( #3147 ), #871, .T. ) ;
#1896 = CARTESIAN_POINT ( 'NONE',  ( 78.35899999999999466, 56.00699999999999790, 86.57235496138623887 ) ) ;
#1897 = DIRECTION ( 'NONE',  ( -1.000000000000000000, 0.000000000000000000, 0.000000000000000000 ) ) ;
#1898 = VERTEX_POINT ( 'NONE', #318 ) ;
#1899 = CARTESIAN_POINT ( 'NONE',  ( 106.1719999999999970, 95.88499999999999091, 9.999999999999994671 ) ) ;
#1900 = EDGE_LOOP ( 'NONE', ( #2086, #1439, #2976, #2154 ) ) ;
#1901 = EDGE_CURVE ( 'NONE', #436, #1618, #3107, .T. ) ;
#1902 = VECTOR ( 'NONE', #2392, 1000.000000000000000 ) ;
#1903 = ORIENTED_EDGE ( 'NONE', *, *, #163, .F. ) ;
#1904 = DIRECTION ( 'NONE',  ( -0.000000000000000000, -0.000000000000000000, -1.000000000000000000 ) ) ;
#1905 = EDGE_CURVE ( 'NONE', #2588, #539, #2175, .T. ) ;
#1906 = EDGE_CURVE ( 'NONE', #286, #2588, #2357, .T. ) ;
#1907 = VECTOR ( 'NONE', #568, 1000.000000000000000 ) ;
#1908 = CARTESIAN_POINT ( 'NONE',  ( 0.000000000000000000, 0.000000000000000000, 0.000000000000000000 ) ) ;
#1909 = ORIENTED_EDGE ( 'NONE', *, *, #2321, .T. ) ;
#1910 = CARTESIAN_POINT ( 'NONE',  ( 117.2449979200000172, 101.5687376800000123, 9.599999999999999645 ) ) ;
#1911 = VECTOR ( 'NONE', #1309, 1000.000000000000000 ) ;
#1912 = AXIS2_PLACEMENT_3D ( 'NONE', #2719, #2229, #2009 ) ;
#1913 = CARTESIAN_POINT ( 'NONE',  ( 76.45399999999999352, 56.13399999999997902, 0.000000000000000000 ) ) ;
#1914 = CARTESIAN_POINT ( 'NONE',  ( 74.42199999999999704, 59.94400000000000261, 8.899999999999991473 ) ) ;
#1915 = CARTESIAN_POINT ( 'NONE',  ( 88.29542760511834842, 53.34000000000000341, 1.199999999999999956 ) ) ;
#1916 = FACE_OUTER_BOUND ( 'NONE', #1683, .T. ) ;
#1917 = ORIENTED_EDGE ( 'NONE', *, *, #143, .T. ) ;
#1918 = ORIENTED_EDGE ( 'NONE', *, *, #602, .F. ) ;
#1919 = CARTESIAN_POINT ( 'NONE',  ( 121.1580000000000013, 95.88499999999999091, 0.000000000000000000 ) ) ;
#1920 = ORIENTED_EDGE ( 'NONE', *, *, #1469, .F. ) ;
#1921 = CARTESIAN_POINT ( 'NONE',  ( 76.45399999999999352, 56.13399999999997902, 1.199999999999999956 ) ) ;
#1922 = VECTOR ( 'NONE', #2134, 1000.000000000000000 ) ;
#1923 = EDGE_CURVE ( 'NONE', #128, #3248, #922, .T. ) ;
#1924 = ORIENTED_EDGE ( 'NONE', *, *, #804, .F. ) ;
#1925 = FACE_OUTER_BOUND ( 'NONE', #3140, .T. ) ;
#1926 = DIRECTION ( 'NONE',  ( -0.000000000000000000, -1.000000000000000000, 0.000000000000000000 ) ) ;
#1927 = DIRECTION ( 'NONE',  ( -1.000000000000000000, 0.000000000000000000, 0.000000000000000000 ) ) ;
#1928 = DIRECTION ( 'NONE',  ( -0.7071067811865474617, 0.7071067811865474617, 0.000000000000000000 ) ) ;
#1929 = CARTESIAN_POINT ( 'NONE',  ( 121.1580000000000013, 95.88499999999999091, 0.000000000000000000 ) ) ;
#1930 = PLANE ( 'NONE',  #414 ) ;
#1931 = ORIENTED_EDGE ( 'NONE', *, *, #768, .F. ) ;
#1932 = ORIENTED_EDGE ( 'NONE', *, *, #3119, .T. ) ;
#1933 = FACE_OUTER_BOUND ( 'NONE', #1636, .T. ) ;
#1934 = EDGE_CURVE ( 'NONE', #966, #1240, #1103, .T. ) ;
#1935 = ORIENTED_EDGE ( 'NONE', *, *, #1315, .F. ) ;
#1936 = CARTESIAN_POINT ( 'NONE',  ( 74.42199999999999704, 63.24599999999999511, 1.199999999999999956 ) ) ;
#1937 = EDGE_CURVE ( 'NONE', #693, #2558, #2740, .T. ) ;
#1938 = PLANE ( 'NONE',  #1171 ) ;
#1939 = DIRECTION ( 'NONE',  ( 0.000000000000000000, 0.000000000000000000, 1.000000000000000000 ) ) ;
#1940 = PLANE ( 'NONE',  #2120 ) ;
#1941 = CIRCLE ( 'NONE', #1840, 32.71124014000000102 ) ;
#1942 = EDGE_CURVE ( 'NONE', #175, #2271, #1486, .T. ) ;
#1943 = LINE ( 'NONE', #2733, #469 ) ;
#1944 = SURFACE_STYLE_USAGE ( .BOTH. , #1387 ) ;
#1945 = ORIENTED_EDGE ( 'NONE', *, *, #167, .T. ) ;
#1946 = ORIENTED_EDGE ( 'NONE', *, *, #1142, .F. ) ;
#1947 = ORIENTED_EDGE ( 'NONE', *, *, #1001, .T. ) ;
#1948 = DIRECTION ( 'NONE',  ( -0.7071067811865475727, 0.7071067811865475727, 0.000000000000000000 ) ) ;
#1949 = CARTESIAN_POINT ( 'NONE',  ( 123.9520000000000124, 84.07399999999999807, 1.199999999999999956 ) ) ;
#1950 = EDGE_CURVE ( 'NONE', #3257, #1087, #1710, .T. ) ;
#1951 = AXIS2_PLACEMENT_3D ( 'NONE', #401, #1656, #1619 ) ;
#1952 = VERTEX_POINT ( 'NONE', #464 ) ;
#1953 = ORIENTED_EDGE ( 'NONE', *, *, #2511, .F. ) ;
#1954 = DIRECTION ( 'NONE',  ( -0.7071067811865379138, 0.7071067811865572317, 0.000000000000000000 ) ) ;
#1955 = VECTOR ( 'NONE', #2756, 1000.000000000000000 ) ;
#1956 = AXIS2_PLACEMENT_3D ( 'NONE', #1289, #1553, #1069 ) ;
#1957 = DIRECTION ( 'NONE',  ( -0.7071067811865088260, -0.7071067811865860975, 0.000000000000000000 ) ) ;
#1958 = AXIS2_PLACEMENT_3D ( 'NONE', #2842, #321, #3161 ) ;
#1959 = FACE_OUTER_BOUND ( 'NONE', #3034, .T. ) ;
#1960 = CARTESIAN_POINT ( 'NONE',  ( 89.66199999999999193, 50.41899999999999693, 0.000000000000000000 ) ) ;
#1961 = CIRCLE ( 'NONE', #1379, 3.449998979999993498 ) ;
#1962 = VECTOR ( 'NONE', #2545, 1000.000000000000000 ) ;
#1963 = DIRECTION ( 'NONE',  ( 1.000000000000000000, 0.000000000000000000, -0.000000000000000000 ) ) ;
#1964 = ADVANCED_FACE ( 'NONE', ( #2502 ), #2249, .F. ) ;
#1965 = DIRECTION ( 'NONE',  ( 0.7071067811865444641, 0.000000000000000000, 0.7071067811865505703 ) ) ;
#1966 = ADVANCED_FACE ( 'NONE', ( #3258 ), #1982, .F. ) ;
#1967 = ORIENTED_EDGE ( 'NONE', *, *, #2830, .F. ) ;
#1968 = VERTEX_POINT ( 'NONE', #981 ) ;
#1969 = DIRECTION ( 'NONE',  ( -1.119097537622832773E-15, 1.000000000000000000, 0.000000000000000000 ) ) ;
#1970 = CARTESIAN_POINT ( 'NONE',  ( 78.61743991999999537, 98.32375560000001258, 86.57235496138623887 ) ) ;
#1971 = VERTEX_POINT ( 'NONE', #1994 ) ;
#1972 = CYLINDRICAL_SURFACE ( 'NONE', #1320, 3.099998880000010004 ) ;
#1973 = DIRECTION ( 'NONE',  ( 1.000000000000000000, 0.000000000000000000, 0.000000000000000000 ) ) ;
#1974 = CARTESIAN_POINT ( 'NONE',  ( 103.3780000000000001, 104.0130000000000052, 86.57235496138623887 ) ) ;
#1975 = CARTESIAN_POINT ( 'NONE',  ( 89.40800000000000125, 104.0130000000000052, 2.600000000000004974 ) ) ;
#1976 = FACE_OUTER_BOUND ( 'NONE', #2696, .T. ) ;
#1977 = ADVANCED_FACE ( 'NONE', ( #3273 ), #738, .F. ) ;
#1978 = ORIENTED_EDGE ( 'NONE', *, *, #492, .F. ) ;
#1979 = EDGE_LOOP ( 'NONE', ( #559, #1707, #811, #413 ) ) ;
#1980 = PLANE ( 'NONE',  #2845 ) ;
#1981 = LINE ( 'NONE', #2992, #843 ) ;
#1982 = PLANE ( 'NONE',  #2333 ) ;
#1983 = EDGE_CURVE ( 'NONE', #296, #1286, #895, .T. ) ;
#1984 = DIRECTION ( 'NONE',  ( 0.7071067811865457964, 0.7071067811865492381, 0.000000000000000000 ) ) ;
#1985 = ORIENTED_EDGE ( 'NONE', *, *, #530, .T. ) ;
#1986 = CARTESIAN_POINT ( 'NONE',  ( 89.28100000000000591, 103.8859999999999957, 18.56969190243095724 ) ) ;
#1987 = CARTESIAN_POINT ( 'NONE',  ( 123.9864271247462142, 95.88499999999999091, 10.00000000000000000 ) ) ;
#1988 = CARTESIAN_POINT ( 'NONE',  ( 75.43800000000000239, 56.13400000000000034, 0.000000000000000000 ) ) ;
#1989 = CARTESIAN_POINT ( 'NONE',  ( 80.13700000000000045, 100.9650000000000034, 9.999999999999994671 ) ) ;
#1990 = CARTESIAN_POINT ( 'NONE',  ( 0.000000000000000000, 63.24599999999999511, 1.199999999999999956 ) ) ;
#1991 = DIRECTION ( 'NONE',  ( -1.000000000000000000, 0.000000000000000000, 0.000000000000000000 ) ) ;
#1992 = ORIENTED_EDGE ( 'NONE', *, *, #1007, .F. ) ;
#1993 = ORIENTED_EDGE ( 'NONE', *, *, #623, .T. ) ;
#1994 = CARTESIAN_POINT ( 'NONE',  ( 124.8090000000000117, 95.06242712474619339, 10.00000000000000000 ) ) ;
#1995 = DIRECTION ( 'NONE',  ( 0.9683252792632617290, 0.2496921174961801715, 0.000000000000000000 ) ) ;
#1996 = ADVANCED_FACE ( 'NONE', ( #2993 ), #435, .T. ) ;
#1997 = VERTEX_POINT ( 'NONE', #3029 ) ;
#1998 = LINE ( 'NONE', #3262, #3122 ) ;
#1999 = EDGE_CURVE ( 'NONE', #2588, #1280, #998, .T. ) ;
#2000 = VECTOR ( 'NONE', #1709, 1000.000000000000000 ) ;
#2001 =( NAMED_UNIT ( * ) PLANE_ANGLE_UNIT ( ) SI_UNIT ( $, .RADIAN. ) );
#2002 = ORIENTED_EDGE ( 'NONE', *, *, #541, .T. ) ;
#2003 = ORIENTED_EDGE ( 'NONE', *, *, #1162, .T. ) ;
#2004 = LINE ( 'NONE', #728, #2011 ) ;
#2005 = VECTOR ( 'NONE', #2468, 1000.000000000000000 ) ;
#2006 = LINE ( 'NONE', #1445, #1533 ) ;
#2007 = AXIS2_PLACEMENT_3D ( 'NONE', #2010, #2512, #1284 ) ;
#2008 = CIRCLE ( 'NONE', #578, 3.049998979999996251 ) ;
#2009 = DIRECTION ( 'NONE',  ( 1.000000000000000000, 0.000000000000000000, 0.000000000000000000 ) ) ;
#2010 = CARTESIAN_POINT ( 'NONE',  ( 74.54899999999999238, 67.94499999999999318, 2.600000000000000089 ) ) ;
#2011 = VECTOR ( 'NONE', #1460, 1000.000000000000114 ) ;
#2012 = VECTOR ( 'NONE', #1728, 1000.000000000000000 ) ;
#2013 = ORIENTED_EDGE ( 'NONE', *, *, #24, .F. ) ;
#2014 = ORIENTED_EDGE ( 'NONE', *, *, #1089, .F. ) ;
#2015 = FACE_OUTER_BOUND ( 'NONE', #2292, .T. ) ;
#2016 = LINE ( 'NONE', #195, #574 ) ;
#2017 = DIRECTION ( 'NONE',  ( 1.000000000000000000, 0.000000000000000000, 0.000000000000000000 ) ) ;
#2018 = ORIENTED_EDGE ( 'NONE', *, *, #1937, .F. ) ;
#2019 = DIRECTION ( 'NONE',  ( 0.000000000000000000, 0.000000000000000000, -1.000000000000000000 ) ) ;
#2020 = EDGE_CURVE ( 'NONE', #3248, #3290, #2016, .T. ) ;
#2021 = FACE_OUTER_BOUND ( 'NONE', #621, .T. ) ;
#2022 = VERTEX_POINT ( 'NONE', #177 ) ;
#2023 = EDGE_LOOP ( 'NONE', ( #2262, #1992, #1331, #2128 ) ) ;
#2024 = CARTESIAN_POINT ( 'NONE',  ( 75.18399999999999750, 58.29299999999999926, 0.000000000000000000 ) ) ;
#2025 = ADVANCED_FACE ( 'NONE', ( #497 ), #2979, .F. ) ;
#2026 = DIRECTION ( 'NONE',  ( 0.000000000000000000, 0.000000000000000000, 1.000000000000000000 ) ) ;
#2027 = CARTESIAN_POINT ( 'NONE',  ( 114.1951132400000120, 51.33906673999999981, 0.000000000000000000 ) ) ;
#2028 = PLANE ( 'NONE',  #363 ) ;
#2029 = ORIENTED_EDGE ( 'NONE', *, *, #3279, .F. ) ;
#2030 = VERTEX_POINT ( 'NONE', #1949 ) ;
#2031 = DIRECTION ( 'NONE',  ( 1.000000000000000000, 0.000000000000000000, 0.000000000000000000 ) ) ;
#2032 = EDGE_CURVE ( 'NONE', #1666, #1287, #2960, .T. ) ;
#2033 = DIRECTION ( 'NONE',  ( 0.000000000000000000, 0.000000000000000000, -1.000000000000000000 ) ) ;
#2034 = ORIENTED_EDGE ( 'NONE', *, *, #3207, .F. ) ;
#2035 = CARTESIAN_POINT ( 'NONE',  ( 71.10773881302519328, 73.28842202833645558, 9.733412236938562501 ) ) ;
#2036 = DIRECTION ( 'NONE',  ( 0.000000000000000000, 0.000000000000000000, -1.000000000000000000 ) ) ;
#2037 = ORIENTED_EDGE ( 'NONE', *, *, #490, .T. ) ;
#2038 = ORIENTED_EDGE ( 'NONE', *, *, #334, .F. ) ;
#2039 = CARTESIAN_POINT ( 'NONE',  ( 94.10699999999999932, 106.5529999999999973, 2.600000000000000089 ) ) ;
#2040 = ADVANCED_FACE ( 'NONE', ( #1200 ), #2216, .T. ) ;
#2041 = DIRECTION ( 'NONE',  ( 0.000000000000000000, -0.000000000000000000, 1.000000000000000000 ) ) ;
#2042 = FACE_OUTER_BOUND ( 'NONE', #1291, .T. ) ;
#2043 = CARTESIAN_POINT ( 'NONE',  ( 103.8859999999999957, 98.17099999999999227, 9.999999999999994671 ) ) ;
#2044 = EDGE_CURVE ( 'NONE', #596, #436, #1722, .T. ) ;
#2045 = EDGE_CURVE ( 'NONE', #1411, #2955, #1220, .T. ) ;
#2046 = CARTESIAN_POINT ( 'NONE',  ( 74.42199999999999704, 67.31000000000000227, 86.57235496138623887 ) ) ;
#2047 = EDGE_LOOP ( 'NONE', ( #2158, #2079, #1787, #2882 ) ) ;
#2048 = ORIENTED_EDGE ( 'NONE', *, *, #1674, .T. ) ;
#2049 = DIRECTION ( 'NONE',  ( 0.000000000000000000, 0.000000000000000000, 1.000000000000000000 ) ) ;
#2050 = CARTESIAN_POINT ( 'NONE',  ( 83.18106397146679853, 103.8859999999999957, 10.00000000000000000 ) ) ;
#2051 = FACE_OUTER_BOUND ( 'NONE', #1394, .T. ) ;
#2052 = ORIENTED_EDGE ( 'NONE', *, *, #620, .T. ) ;
#2053 = LINE ( 'NONE', #1806, #992 ) ;
#2054 = CARTESIAN_POINT ( 'NONE',  ( 103.8859999999999957, 103.5049999999999955, 9.999999999999994671 ) ) ;
#2055 = ORIENTED_EDGE ( 'NONE', *, *, #514, .T. ) ;
#2056 = ORIENTED_EDGE ( 'NONE', *, *, #2142, .F. ) ;
#2057 = CARTESIAN_POINT ( 'NONE',  ( 106.1719999999999970, 95.88499999999999091, 0.000000000000000000 ) ) ;
#2058 = DIRECTION ( 'NONE',  ( -0.000000000000000000, 1.000000000000000000, 0.000000000000000000 ) ) ;
#2059 = CIRCLE ( 'NONE', #2483, 3.049998979999996251 ) ;
#2060 = CARTESIAN_POINT ( 'NONE',  ( 82.09500217999999450, 101.5689993000000015, 1.199999999999999956 ) ) ;
#2061 = DIRECTION ( 'NONE',  ( 0.7071067811865185959, 0.7071067811865765496, -0.000000000000000000 ) ) ;
#2062 = AXIS2_PLACEMENT_3D ( 'NONE', #1737, #982, #2017 ) ;
#2063 = VECTOR ( 'NONE', #2384, 1000.000000000000114 ) ;
#2064 = ADVANCED_FACE ( 'NONE', ( #299 ), #2355, .F. ) ;
#2065 = EDGE_CURVE ( 'NONE', #523, #748, #1048, .T. ) ;
#2066 = ORIENTED_EDGE ( 'NONE', *, *, #2808, .F. ) ;
#2067 = CARTESIAN_POINT ( 'NONE',  ( 87.25449148537245492, 103.8859999999999957, 0.000000000000000000 ) ) ;
#2068 = AXIS2_PLACEMENT_3D ( 'NONE', #1039, #831, #2578 ) ;
#2069 = VECTOR ( 'NONE', #960, 1000.000000000000000 ) ;
#2070 = ORIENTED_EDGE ( 'NONE', *, *, #1247, .F. ) ;
#2071 = LINE ( 'NONE', #1516, #899 ) ;
#2072 = VECTOR ( 'NONE', #2921, 1000.000000000000000 ) ;
#2073 = ORIENTED_EDGE ( 'NONE', *, *, #3082, .T. ) ;
#2074 = DIRECTION ( 'NONE',  ( 0.000000000000000000, 1.000000000000000000, -0.000000000000000000 ) ) ;
#2075 =( GEOMETRIC_REPRESENTATION_CONTEXT ( 3 ) GLOBAL_UNCERTAINTY_ASSIGNED_CONTEXT ( ( #219 ) ) GLOBAL_UNIT_ASSIGNED_CONTEXT ( ( #1086, #889, #1356 ) ) REPRESENTATION_CONTEXT ( 'NONE', 'WORKASPACE' ) );
#2076 = LINE ( 'NONE', #288, #203 ) ;
#2077 = ORIENTED_EDGE ( 'NONE', *, *, #1458, .T. ) ;
#2078 = DIRECTION ( 'NONE',  ( -0.000000000000000000, -0.000000000000000000, 1.000000000000000000 ) ) ;
#2079 = ORIENTED_EDGE ( 'NONE', *, *, #3211, .F. ) ;
#2080 = CARTESIAN_POINT ( 'NONE',  ( 89.66199999999999193, 52.19700000000000983, 9.999999999999994671 ) ) ;
#2081 = CARTESIAN_POINT ( 'NONE',  ( 0.000000000000000000, 53.34000000000000341, 1.199999999999999956 ) ) ;
#2082 = EDGE_CURVE ( 'NONE', #51, #1583, #570, .T. ) ;
#2083 = CARTESIAN_POINT ( 'NONE',  ( 0.000000000000000000, 0.000000000000000000, 1.199999999999999956 ) ) ;
#2084 = ORIENTED_EDGE ( 'NONE', *, *, #907, .T. ) ;
#2085 = DIRECTION ( 'NONE',  ( -1.000000000000000000, 0.000000000000000000, 0.000000000000000000 ) ) ;
#2086 = ORIENTED_EDGE ( 'NONE', *, *, #1352, .T. ) ;
#2087 = EDGE_CURVE ( 'NONE', #1287, #929, #2531, .T. ) ;
#2088 = DIRECTION ( 'NONE',  ( 1.000000000000000000, 0.000000000000000000, 0.000000000000000000 ) ) ;
#2089 = ORIENTED_EDGE ( 'NONE', *, *, #1779, .T. ) ;
#2090 = DIRECTION ( 'NONE',  ( 0.000000000000000000, -1.000000000000000000, 0.000000000000000000 ) ) ;
#2091 = EDGE_CURVE ( 'NONE', #1128, #2811, #3291, .T. ) ;
#2092 = EDGE_LOOP ( 'NONE', ( #1239, #2410, #2500, #2699 ) ) ;
#2093 = DIRECTION ( 'NONE',  ( 1.000000000000000000, 0.000000000000000000, 0.000000000000000000 ) ) ;
#2094 = ORIENTED_EDGE ( 'NONE', *, *, #2354, .T. ) ;
#2095 = DIRECTION ( 'NONE',  ( 1.000000000000000000, 0.000000000000000000, 0.000000000000000000 ) ) ;
#2096 = DIRECTION ( 'NONE',  ( -0.5081488022931250903, -0.8612692928045574403, 0.000000000000000000 ) ) ;
#2097 = LINE ( 'NONE', #2331, #1242 ) ;
#2098 = EDGE_LOOP ( 'NONE', ( #2238, #904, #1629, #3271 ) ) ;
#2099 = CARTESIAN_POINT ( 'NONE',  ( 70.73899999999999011, 67.31000000000000227, 1.199999999999999956 ) ) ;
#2100 = ORIENTED_EDGE ( 'NONE', *, *, #2312, .T. ) ;
#2101 = CARTESIAN_POINT ( 'NONE',  ( 86.61399999999999011, 54.48299999999999699, 86.57235496138623887 ) ) ;
#2102 = ORIENTED_EDGE ( 'NONE', *, *, #1741, .F. ) ;
#2103 = LINE ( 'NONE', #837, #1367 ) ;
#2105 = EDGE_CURVE ( 'NONE', #1846, #1120, #285, .T. ) ;
#2104 = DIRECTION ( 'NONE',  ( 0.000000000000000000, 0.000000000000000000, 1.000000000000000000 ) ) ;
#2106 = EDGE_CURVE ( 'NONE', #101, #2608, #1016, .T. ) ;
#2107 = ORIENTED_EDGE ( 'NONE', *, *, #377, .F. ) ;
#2108 = CARTESIAN_POINT ( 'NONE',  ( 65.97649999999575243, 65.97650000000295734, 0.000000000000000000 ) ) ;
#2109 = ORIENTED_EDGE ( 'NONE', *, *, #2285, .T. ) ;
#2110 = DIRECTION ( 'NONE',  ( 0.000000000000000000, 1.000000000000000000, 0.000000000000000000 ) ) ;
#2111 = DIRECTION ( 'NONE',  ( 1.000000000000000000, 0.000000000000000000, 0.000000000000000000 ) ) ;
#2112 = CARTESIAN_POINT ( 'NONE',  ( 70.69477351999999826, 76.45399999999999352, 10.00000000000000000 ) ) ;
#2113 = PLANE ( 'NONE',  #2859 ) ;
#2114 = VECTOR ( 'NONE', #1739, 1000.000000000000000 ) ;
#2115 = CARTESIAN_POINT ( 'NONE',  ( 69.59599999999998943, 80.89900000000000091, 0.000000000000000000 ) ) ;
#2116 = ORIENTED_EDGE ( 'NONE', *, *, #2082, .F. ) ;
#2117 = CARTESIAN_POINT ( 'NONE',  ( 122.8089999999999975, 94.23399999999999466, 7.999999999999992895 ) ) ;
#2118 = ORIENTED_EDGE ( 'NONE', *, *, #1347, .T. ) ;
#2119 = MECHANICAL_DESIGN_GEOMETRIC_PRESENTATION_REPRESENTATION (  '', ( #459 ), #2858 ) ;
#2120 = AXIS2_PLACEMENT_3D ( 'NONE', #1131, #679, #1928 ) ;
#2121 = CIRCLE ( 'NONE', #683, 3.449998979999993498 ) ;
#2122 = VECTOR ( 'NONE', #2111, 1000.000000000000000 ) ;
#2123 = AXIS2_PLACEMENT_3D ( 'NONE', #1119, #900, #652 ) ;
#2124 = ORIENTED_EDGE ( 'NONE', *, *, #514, .F. ) ;
#2125 = DIRECTION ( 'NONE',  ( 0.000000000000000000, -0.000000000000000000, 1.000000000000000000 ) ) ;
#2126 = AXIS2_PLACEMENT_3D ( 'NONE', #1493, #1523, #2508 ) ;
#2127 = VECTOR ( 'NONE', #21, 1000.000000000000000 ) ;
#2128 = ORIENTED_EDGE ( 'NONE', *, *, #602, .T. ) ;
#2129 = ORIENTED_EDGE ( 'NONE', *, *, #272, .T. ) ;
#2130 = LINE ( 'NONE', #2944, #1264 ) ;
#2131 = ORIENTED_EDGE ( 'NONE', *, *, #1868, .T. ) ;
#2132 = DIRECTION ( 'NONE',  ( 0.000000000000000000, 0.000000000000000000, -1.000000000000000000 ) ) ;
#2133 = LINE ( 'NONE', #1161, #94 ) ;
#2134 = DIRECTION ( 'NONE',  ( 0.000000000000000000, 0.000000000000000000, -1.000000000000000000 ) ) ;
#2135 = EDGE_CURVE ( 'NONE', #339, #1574, #91, .T. ) ;
#2136 = LINE ( 'NONE', #616, #1797 ) ;
#2137 = ORIENTED_EDGE ( 'NONE', *, *, #2784, .F. ) ;
#2138 = CARTESIAN_POINT ( 'NONE',  ( 75.43800000000000239, 56.13400000000000034, 1.199999999999999956 ) ) ;
#2139 = EDGE_LOOP ( 'NONE', ( #2678, #905, #747, #1770 ) ) ;
#2140 = VERTEX_POINT ( 'NONE', #789 ) ;
#2141 = LINE ( 'NONE', #1668, #1100 ) ;
#2142 = EDGE_CURVE ( 'NONE', #3209, #1169, #2387, .T. ) ;
#2143 = ORIENTED_EDGE ( 'NONE', *, *, #765, .F. ) ;
#2144 = CARTESIAN_POINT ( 'NONE',  ( 121.1580000000000013, 95.88499999999999091, 86.57235496138623887 ) ) ;
#2145 = VERTEX_POINT ( 'NONE', #2303 ) ;
#2146 = CARTESIAN_POINT ( 'NONE',  ( -0.000000000000000000, 58.29299999999999926, 1.199999999999999956 ) ) ;
#2147 = CARTESIAN_POINT ( 'NONE',  ( 81.78799999999999670, 56.00699999999999790, 86.57235496138623887 ) ) ;
#2148 = EDGE_CURVE ( 'NONE', #227, #2022, #2341, .T. ) ;
#2149 = CARTESIAN_POINT ( 'NONE',  ( 0.000000000000000000, 67.31000000000000227, 1.199999999999999956 ) ) ;
#2150 = DIRECTION ( 'NONE',  ( 0.000000000000000000, -0.000000000000000000, 1.000000000000000000 ) ) ;
#2151 = EDGE_LOOP ( 'NONE', ( #1154, #1627, #1514, #3100 ) ) ;
#2152 = EDGE_CURVE ( 'NONE', #1329, #2522, #2809, .T. ) ;
#2153 = EDGE_CURVE ( 'NONE', #1879, #331, #2071, .T. ) ;
#2154 = ORIENTED_EDGE ( 'NONE', *, *, #2857, .F. ) ;
#2155 = ORIENTED_EDGE ( 'NONE', *, *, #2087, .F. ) ;
#2156 = FACE_OUTER_BOUND ( 'NONE', #1483, .T. ) ;
#2157 = SURFACE_STYLE_FILL_AREA ( #324 ) ;
#2158 = ORIENTED_EDGE ( 'NONE', *, *, #508, .F. ) ;
#2159 = DIRECTION ( 'NONE',  ( 0.000000000000000000, 1.000000000000000000, -0.000000000000000000 ) ) ;
#2160 = DIRECTION ( 'NONE',  ( 0.000000000000000000, 0.000000000000000000, -1.000000000000000000 ) ) ;
#2161 = DIRECTION ( 'NONE',  ( 0.7071067811865088260, 0.7071067811865863195, 0.000000000000000000 ) ) ;
#2162 = LINE ( 'NONE', #3201, #2911 ) ;
#2163 = FACE_OUTER_BOUND ( 'NONE', #3222, .T. ) ;
#2164 = ORIENTED_EDGE ( 'NONE', *, *, #49, .T. ) ;
#2165 = DIRECTION ( 'NONE',  ( 0.5038712540962081432, 0.8637787675646549923, 0.000000000000000000 ) ) ;
#2166 = VECTOR ( 'NONE', #2455, 1000.000000000000000 ) ;
#2167 = EDGE_LOOP ( 'NONE', ( #1606, #235, #1071, #2997, #3011, #2100, #2367 ) ) ;
#2168 = EDGE_CURVE ( 'NONE', #78, #1097, #2390, .T. ) ;
#2169 = EDGE_CURVE ( 'NONE', #1952, #1286, #810, .T. ) ;
#2170 = AXIS2_PLACEMENT_3D ( 'NONE', #2439, #658, #3112 ) ;
#2171 = VECTOR ( 'NONE', #2424, 1000.000000000000000 ) ;
#2172 = ORIENTED_EDGE ( 'NONE', *, *, #809, .F. ) ;
#2173 = CARTESIAN_POINT ( 'NONE',  ( 74.42199999999999704, 59.94400000000000261, 1.200000000000006617 ) ) ;
#2174 = VECTOR ( 'NONE', #618, 1000.000000000000000 ) ;
#2175 = CIRCLE ( 'NONE', #3067, 3.049998979999996251 ) ;
#2176 = ORIENTED_EDGE ( 'NONE', *, *, #1626, .T. ) ;
#2177 = CARTESIAN_POINT ( 'NONE',  ( 94.74199999999999022, 0.000000000000000000, 0.000000000000000000 ) ) ;
#2178 = AXIS2_PLACEMENT_3D ( 'NONE', #1077, #849, #598 ) ;
#2179 = VECTOR ( 'NONE', #548, 1000.000000000000000 ) ;
#2180 = VECTOR ( 'NONE', #1893, 1000.000000000000000 ) ;
#2181 = LINE ( 'NONE', #2996, #2282 ) ;
#2182 = CARTESIAN_POINT ( 'NONE',  ( 114.1951132400000120, 51.33906673999999981, 10.00000000000000000 ) ) ;
#2183 = DIRECTION ( 'NONE',  ( 0.000000000000000000, 0.000000000000000000, -1.000000000000000000 ) ) ;
#2184 = DIRECTION ( 'NONE',  ( 0.000000000000000000, 1.000000000000000000, -0.000000000000000000 ) ) ;
#2185 = EDGE_CURVE ( 'NONE', #100, #1648, #2318, .T. ) ;
#2186 = FILL_AREA_STYLE_COLOUR ( '', #1322 ) ;
#2187 = ORIENTED_EDGE ( 'NONE', *, *, #2880, .T. ) ;
#2188 = VERTEX_POINT ( 'NONE', #2866 ) ;
#2189 = LINE ( 'NONE', #2467, #2788 ) ;
#2190 = EDGE_CURVE ( 'NONE', #3153, #1971, #1854, .T. ) ;
#2191 = ORIENTED_EDGE ( 'NONE', *, *, #1123, .T. ) ;
#2192 = CARTESIAN_POINT ( 'NONE',  ( 132.4062401399999942, 76.45399999999999352, 0.000000000000000000 ) ) ;
#2193 = ADVANCED_FACE ( 'NONE', ( #2602 ), #1837, .F. ) ;
#2194 = DIRECTION ( 'NONE',  ( -0.8762159086766476701, 0.4819187497721545421, 0.000000000000000000 ) ) ;
#2195 = DIRECTION ( 'NONE',  ( 0.000000000000000000, 0.000000000000000000, -1.000000000000000000 ) ) ;
#2196 = CARTESIAN_POINT ( 'NONE',  ( 87.75699999999999079, 53.34000000000000341, 86.57235496138623887 ) ) ;
#2197 = CARTESIAN_POINT ( 'NONE',  ( 74.42199999999999704, 59.94400000000000261, 9.999999999999994671 ) ) ;
#2198 = LINE ( 'NONE', #475, #2280 ) ;
#2199 = VERTEX_POINT ( 'NONE', #3177 ) ;
#2200 = VERTEX_POINT ( 'NONE', #1919 ) ;
#2201 = EDGE_LOOP ( 'NONE', ( #1888, #117, #1057, #2317 ) ) ;
#2202 = FACE_OUTER_BOUND ( 'NONE', #2618, .T. ) ;
#2203 = CARTESIAN_POINT ( 'NONE',  ( 0.000000000000000000, 0.000000000000000000, 1.199999999999999956 ) ) ;
#2204 = VERTEX_POINT ( 'NONE', #1415 ) ;
#2205 = DIRECTION ( 'NONE',  ( 0.000000000000000000, 0.000000000000000000, -1.000000000000000000 ) ) ;
#2206 = EDGE_CURVE ( 'NONE', #2281, #1249, #1170, .T. ) ;
#2207 = EDGE_CURVE ( 'NONE', #349, #296, #2895, .T. ) ;
#2208 = LINE ( 'NONE', #937, #2396 ) ;
#2209 = CARTESIAN_POINT ( 'NONE',  ( 88.51899999999999125, 53.34000000000000341, 9.999999999999994671 ) ) ;
#2210 = CARTESIAN_POINT ( 'NONE',  ( 117.2449979200000172, 101.5687376800000123, 10.00000000000000000 ) ) ;
#2211 = DIRECTION ( 'NONE',  ( 0.000000000000000000, 0.000000000000000000, -1.000000000000000000 ) ) ;
#2212 = CARTESIAN_POINT ( 'NONE',  ( 74.42199999999999704, 63.24599999999999511, 86.57235496138623887 ) ) ;
#2213 = ORIENTED_EDGE ( 'NONE', *, *, #941, .T. ) ;
#2214 = ORIENTED_EDGE ( 'NONE', *, *, #1512, .T. ) ;
#2215 = PLANE ( 'NONE',  #31 ) ;
#2216 = PLANE ( 'NONE',  #3123 ) ;
#2217 = VECTOR ( 'NONE', #2485, 1000.000000000000000 ) ;
#2218 = VERTEX_POINT ( 'NONE', #1504 ) ;
#2219 = CARTESIAN_POINT ( 'NONE',  ( 77.72399999999998954, 54.22899999999999920, 1.199999999999999956 ) ) ;
#2220 = VECTOR ( 'NONE', #2984, 1000.000000000000000 ) ;
#2221 = CARTESIAN_POINT ( 'NONE',  ( 103.3780000000000001, 104.0130000000000052, 1.200000000000006617 ) ) ;
#2222 = CIRCLE ( 'NONE', #196, 3.449998979999993498 ) ;
#2223 = VECTOR ( 'NONE', #2689, 1000.000000000000000 ) ;
#2224 = CARTESIAN_POINT ( 'NONE',  ( 76.07300000000000750, 58.29299999999999926, 86.57235496138623887 ) ) ;
#2225 = CARTESIAN_POINT ( 'NONE',  ( 88.29542760511834842, 51.33819824710981550, 1.199999999999999956 ) ) ;
#2226 = EDGE_CURVE ( 'NONE', #2721, #3257, #522, .T. ) ;
#2227 = AXIS2_PLACEMENT_3D ( 'NONE', #1262, #2781, #505 ) ;
#2228 = LINE ( 'NONE', #926, #1695 ) ;
#2229 = DIRECTION ( 'NONE',  ( 0.000000000000000000, 0.000000000000000000, 1.000000000000000000 ) ) ;
#2230 = FACE_OUTER_BOUND ( 'NONE', #333, .T. ) ;
#2231 = CONICAL_SURFACE ( 'NONE', #1807, 3.049998979999996251, 0.7853981633974439491 ) ;
#2232 = EDGE_CURVE ( 'NONE', #2316, #2452, #1495, .T. ) ;
#2233 = ORIENTED_EDGE ( 'NONE', *, *, #1393, .F. ) ;
#2234 = ORIENTED_EDGE ( 'NONE', *, *, #1802, .T. ) ;
#2235 = DIRECTION ( 'NONE',  ( -0.000000000000000000, -0.000000000000000000, -1.000000000000000000 ) ) ;
#2236 = CARTESIAN_POINT ( 'NONE',  ( 69.84999999999999432, 68.07200000000000273, 1.699999999999999956 ) ) ;
#2237 = CARTESIAN_POINT ( 'NONE',  ( 69.84999999999999432, 73.52332576393966690, 1.700000000000000178 ) ) ;
#2238 = ORIENTED_EDGE ( 'NONE', *, *, #2916, .T. ) ;
#2239 = CARTESIAN_POINT ( 'NONE',  ( 77.72399999999998954, 54.22899999999999920, 1.199999999999999956 ) ) ;
#2240 = CARTESIAN_POINT ( 'NONE',  ( 69.72300000000001319, 70.61199999999999477, 0.000000000000000000 ) ) ;
#2241 = DIRECTION ( 'NONE',  ( 0.000000000000000000, 0.000000000000000000, 1.000000000000000000 ) ) ;
#2242 = CARTESIAN_POINT ( 'NONE',  ( 121.1580000000000013, 95.88499999999999091, 7.999999999999992895 ) ) ;
#2243 = CYLINDRICAL_SURFACE ( 'NONE', #2332, 3.049998979999996251 ) ;
#2244 = EDGE_CURVE ( 'NONE', #2584, #1874, #2006, .T. ) ;
#2245 = EDGE_CURVE ( 'NONE', #970, #770, #1473, .T. ) ;
#2246 = ORIENTED_EDGE ( 'NONE', *, *, #2245, .T. ) ;
#2247 = ORIENTED_EDGE ( 'NONE', *, *, #2337, .T. ) ;
#2248 = CARTESIAN_POINT ( 'NONE',  ( 89.66199999999999193, 50.41899999999999693, 9.999999999999994671 ) ) ;
#2249 = PLANE ( 'NONE',  #3224 ) ;
#2250 = FACE_OUTER_BOUND ( 'NONE', #386, .T. ) ;
#2251 = ORIENTED_EDGE ( 'NONE', *, *, #941, .F. ) ;
#2252 = LINE ( 'NONE', #724, #1584 ) ;
#2253 = CARTESIAN_POINT ( 'NONE',  ( 103.8859999999999957, 98.17099999999999227, 9.999999999999994671 ) ) ;
#2254 = VERTEX_POINT ( 'NONE', #1989 ) ;
#2255 = ORIENTED_EDGE ( 'NONE', *, *, #1901, .T. ) ;
#2256 = LINE ( 'NONE', #169, #42 ) ;
#2257 = CARTESIAN_POINT ( 'NONE',  ( 89.28100000000000591, 103.8859999999999957, 0.000000000000000000 ) ) ;
#2258 = FACE_OUTER_BOUND ( 'NONE', #147, .T. ) ;
#2259 = PLANE ( 'NONE',  #3280 ) ;
#2260 = AXIS2_PLACEMENT_3D ( 'NONE', #850, #278, #1313 ) ;
#2261 = ORIENTED_EDGE ( 'NONE', *, *, #1458, .F. ) ;
#2262 = ORIENTED_EDGE ( 'NONE', *, *, #708, .F. ) ;
#2263 = CARTESIAN_POINT ( 'NONE',  ( 88.29542760511834842, 53.34000000000000341, 86.57235496138623887 ) ) ;
#2264 = DIRECTION ( 'NONE',  ( -0.000000000000000000, 0.000000000000000000, 1.000000000000000000 ) ) ;
#2265 = CARTESIAN_POINT ( 'NONE',  ( 69.72300000000001319, 70.61199999999999477, 0.000000000000000000 ) ) ;
#2266 = VERTEX_POINT ( 'NONE', #221 ) ;
#2267 = CARTESIAN_POINT ( 'NONE',  ( 77.22353617999999642, 98.92855246000000591, 0.000000000000000000 ) ) ;
#2268 = EDGE_CURVE ( 'NONE', #3031, #1846, #2228, .T. ) ;
#2269 = PLANE ( 'NONE',  #851 ) ;
#2270 = ORIENTED_EDGE ( 'NONE', *, *, #1800, .T. ) ;
#2271 = VERTEX_POINT ( 'NONE', #2257 ) ;
#2272 = LINE ( 'NONE', #1974, #2796 ) ;
#2273 = VECTOR ( 'NONE', #2090, 1000.000000000000000 ) ;
#2274 = VECTOR ( 'NONE', #2085, 1000.000000000000000 ) ;
#2275 = VECTOR ( 'NONE', #954, 1000.000000000000000 ) ;
#2276 = AXIS2_PLACEMENT_3D ( 'NONE', #1566, #295, #2334 ) ;
#2277 = LINE ( 'NONE', #3287, #3184 ) ;
#2278 = LINE ( 'NONE', #238, #40 ) ;
#2279 = VECTOR ( 'NONE', #425, 1000.000000000000000 ) ;
#2280 = VECTOR ( 'NONE', #1446, 1000.000000000000114 ) ;
#2281 = VERTEX_POINT ( 'NONE', #3267 ) ;
#2282 = VECTOR ( 'NONE', #1973, 1000.000000000000000 ) ;
#2283 = ORIENTED_EDGE ( 'NONE', *, *, #556, .T. ) ;
#2284 = CARTESIAN_POINT ( 'NONE',  ( 65.59550000000103864, 65.59549999999924808, 1.199999999999999956 ) ) ;
#2285 = EDGE_CURVE ( 'NONE', #929, #2597, #989, .T. ) ;
#2286 = PLANE ( 'NONE',  #680 ) ;
#2287 = ORIENTED_EDGE ( 'NONE', *, *, #1721, .F. ) ;
#2288 = DIRECTION ( 'NONE',  ( 1.000000000000000000, 0.000000000000000000, 0.000000000000000000 ) ) ;
#2290 = EDGE_CURVE ( 'NONE', #542, #3111, #3023, .T. ) ;
#2289 = CARTESIAN_POINT ( 'NONE',  ( 132.4062401399999942, 76.45399999999999352, 10.00000000000000000 ) ) ;
#2291 = EDGE_CURVE ( 'NONE', #1898, #2573, #3092, .T. ) ;
#2292 = EDGE_LOOP ( 'NONE', ( #298, #2848, #2636, #2891, #1418, #761, #458, #2066, #1467, #581, #1758, #1924 ) ) ;
#2293 = ORIENTED_EDGE ( 'NONE', *, *, #249, .T. ) ;
#2294 = PLANE ( 'NONE',  #1326 ) ;
#2295 = PLANE ( 'NONE',  #254 ) ;
#2296 = DIRECTION ( 'NONE',  ( -0.000000000000000000, -1.000000000000000000, -0.000000000000000000 ) ) ;
#2297 = FACE_OUTER_BOUND ( 'NONE', #861, .T. ) ;
#2298 = CARTESIAN_POINT ( 'NONE',  ( 82.67700000000000671, 99.56799999999999784, 1.200000000000006617 ) ) ;
#2299 = ORIENTED_EDGE ( 'NONE', *, *, #1934, .F. ) ;
#2300 = ORIENTED_EDGE ( 'NONE', *, *, #3239, .F. ) ;
#2301 = EDGE_CURVE ( 'NONE', #970, #549, #1777, .T. ) ;
#2302 = DIRECTION ( 'NONE',  ( 1.000000000000000000, 0.000000000000000000, -0.000000000000000000 ) ) ;
#2303 = CARTESIAN_POINT ( 'NONE',  ( 80.13700000000000045, 100.9650000000000034, 0.000000000000000000 ) ) ;
#2304 = DIRECTION ( 'NONE',  ( 0.000000000000000000, 0.000000000000000000, -1.000000000000000000 ) ) ;
#2305 = ORIENTED_EDGE ( 'NONE', *, *, #3055, .F. ) ;
#2306 = CARTESIAN_POINT ( 'NONE',  ( 71.59677801322476398, 73.28842202833645558, 9.832862386047086289 ) ) ;
#2307 = LINE ( 'NONE', #1505, #587 ) ;
#2308 = VERTEX_POINT ( 'NONE', #2298 ) ;
#2309 = ORIENTED_EDGE ( 'NONE', *, *, #2206, .F. ) ;
#2310 = CARTESIAN_POINT ( 'NONE',  ( 81.78799999999999670, 53.34000000000000341, 0.000000000000000000 ) ) ;
#2311 = ADVANCED_FACE ( 'NONE', ( #1832 ), #2028, .T. ) ;
#2312 = EDGE_CURVE ( 'NONE', #1877, #2914, #279, .T. ) ;
#2313 = LINE ( 'NONE', #1763, #146 ) ;
#2314 = CARTESIAN_POINT ( 'NONE',  ( 85.19500105999999562, 101.5689993000000015, 1.199999999999999956 ) ) ;
#2315 = CARTESIAN_POINT ( 'NONE',  ( 128.6950004199999853, 76.45399999999999352, 0.000000000000000000 ) ) ;
#2316 = VERTEX_POINT ( 'NONE', #1816 ) ;
#2317 = ORIENTED_EDGE ( 'NONE', *, *, #1412, .T. ) ;
#2318 = LINE ( 'NONE', #1586, #2596 ) ;
#2319 = ORIENTED_EDGE ( 'NONE', *, *, #272, .F. ) ;
#2320 = PLANE ( 'NONE',  #678 ) ;
#2321 = EDGE_CURVE ( 'NONE', #78, #2775, #26, .T. ) ;
#2322 = DIRECTION ( 'NONE',  ( 1.000000000000000000, 0.000000000000000000, 0.000000000000000000 ) ) ;
#2323 = CIRCLE ( 'NONE', #3217, 3.449998980000007265 ) ;
#2324 = ORIENTED_EDGE ( 'NONE', *, *, #872, .T. ) ;
#2325 = ORIENTED_EDGE ( 'NONE', *, *, #2735, .T. ) ;
#2326 = DIRECTION ( 'NONE',  ( 0.000000000000000000, 0.000000000000000000, 1.000000000000000000 ) ) ;
#2327 = DIRECTION ( 'NONE',  ( 0.000000000000000000, 0.000000000000000000, 1.000000000000000000 ) ) ;
#2328 = VECTOR ( 'NONE', #1603, 1000.000000000000000 ) ;
#2329 = DIRECTION ( 'NONE',  ( 0.000000000000000000, 0.000000000000000000, 1.000000000000000000 ) ) ;
#2330 = EDGE_CURVE ( 'NONE', #1551, #1898, #1042, .T. ) ;
#2331 = CARTESIAN_POINT ( 'NONE',  ( -0.000000000000000000, 63.24599999999999511, 1.199999999999999956 ) ) ;
#2332 = AXIS2_PLACEMENT_3D ( 'NONE', #1012, #752, #1991 ) ;
#2333 = AXIS2_PLACEMENT_3D ( 'NONE', #756, #2725, #3006 ) ;
#2334 = DIRECTION ( 'NONE',  ( 1.000000000000000000, 0.000000000000000000, 0.000000000000000000 ) ) ;
#2335 = ORIENTED_EDGE ( 'NONE', *, *, #150, .T. ) ;
#2336 = DIRECTION ( 'NONE',  ( 1.000000000000000000, 0.000000000000000000, 0.000000000000000000 ) ) ;
#2337 = EDGE_CURVE ( 'NONE', #1835, #296, #1327, .T. ) ;
#2338 = VECTOR ( 'NONE', #2428, 1000.000000000000000 ) ;
#2339 = VECTOR ( 'NONE', #2302, 1000.000000000000000 ) ;
#2340 = VERTEX_POINT ( 'NONE', #566 ) ;
#2341 = LINE ( 'NONE', #2568, #2490 ) ;
#2342 = CIRCLE ( 'NONE', #744, 3.049998979999996251 ) ;
#2343 = ORIENTED_EDGE ( 'NONE', *, *, #645, .T. ) ;
#2344 = CARTESIAN_POINT ( 'NONE',  ( 88.29542760511834842, 51.33819824710981550, 1.199999999999999956 ) ) ;
#2345 = VERTEX_POINT ( 'NONE', #2677 ) ;
#2346 = CARTESIAN_POINT ( 'NONE',  ( 89.66199999999999193, 50.41899999999999693, 0.000000000000000000 ) ) ;
#2347 = ORIENTED_EDGE ( 'NONE', *, *, #3068, .T. ) ;
#2348 = CARTESIAN_POINT ( 'NONE',  ( 132.4062401399999942, 76.45399999999999352, 10.00000000000000000 ) ) ;
#2349 = CARTESIAN_POINT ( 'NONE',  ( 69.59599999999998943, 85.59800000000001319, 9.999999999999994671 ) ) ;
#2350 = DIRECTION ( 'NONE',  ( -0.000000000000000000, 1.000000000000000000, 0.000000000000000000 ) ) ;
#2351 = VERTEX_POINT ( 'NONE', #111 ) ;
#2352 = FACE_OUTER_BOUND ( 'NONE', #2151, .T. ) ;
#2353 = EDGE_LOOP ( 'NONE', ( #3064, #371, #3138, #255 ) ) ;
#2354 = EDGE_CURVE ( 'NONE', #2722, #539, #1399, .T. ) ;
#2355 = PLANE ( 'NONE',  #2695 ) ;
#2356 = EDGE_CURVE ( 'NONE', #2815, #2140, #668, .T. ) ;
#2357 = LINE ( 'NONE', #2115, #3008 ) ;
#2358 = ORIENTED_EDGE ( 'NONE', *, *, #513, .T. ) ;
#2359 = CARTESIAN_POINT ( 'NONE',  ( 69.59599999999998943, 85.59800000000001319, 86.57235496138623887 ) ) ;
#2360 = ORIENTED_EDGE ( 'NONE', *, *, #1705, .T. ) ;
#2361 = LINE ( 'NONE', #828, #1911 ) ;
#2362 = EDGE_LOOP ( 'NONE', ( #2056, #1766, #1822, #1115, #247, #1838, #3097, #2989 ) ) ;
#2363 = LINE ( 'NONE', #879, #903 ) ;
#2364 = LINE ( 'NONE', #2379, #1528 ) ;
#2365 = DIRECTION ( 'NONE',  ( 1.000000000000000000, 0.000000000000000000, 0.000000000000000000 ) ) ;
#2366 = LINE ( 'NONE', #882, #2441 ) ;
#2367 = ORIENTED_EDGE ( 'NONE', *, *, #826, .F. ) ;
#2368 = DIRECTION ( 'NONE',  ( 0.000000000000000000, 0.000000000000000000, -1.000000000000000000 ) ) ;
#2369 = ORIENTED_EDGE ( 'NONE', *, *, #3279, .T. ) ;
#2370 = EDGE_CURVE ( 'NONE', #1124, #562, #2366, .T. ) ;
#2371 = ORIENTED_EDGE ( 'NONE', *, *, #2556, .T. ) ;
#2372 = DIRECTION ( 'NONE',  ( 1.000000000000000000, 0.000000000000000000, -0.000000000000000000 ) ) ;
#2373 = EDGE_CURVE ( 'NONE', #1436, #112, #1146, .T. ) ;
#2374 = VERTEX_POINT ( 'NONE', #96 ) ;
#2375 = CARTESIAN_POINT ( 'NONE',  ( 70.60610758875702686, 73.28842202833645558, 17.00632290808935210 ) ) ;
#2376 = ADVANCED_FACE ( 'NONE', ( #2904 ), #77, .T. ) ;
#2377 = ORIENTED_EDGE ( 'NONE', *, *, #2906, .T. ) ;
#2378 = CARTESIAN_POINT ( 'NONE',  ( 111.1451142600000139, 51.33906673999999981, 0.000000000000000000 ) ) ;
#2379 = CARTESIAN_POINT ( 'NONE',  ( 69.72300000000001319, 70.61199999999999477, 2.600000000000000089 ) ) ;
#2380 = DIRECTION ( 'NONE',  ( 0.7071067811865572317, -0.7071067811865379138, 0.000000000000000000 ) ) ;
#2381 = DIRECTION ( 'NONE',  ( -0.000000000000000000, 1.000000000000000000, 0.000000000000000000 ) ) ;
#2382 = VECTOR ( 'NONE', #1085, 1000.000000000000000 ) ;
#2383 = ORIENTED_EDGE ( 'NONE', *, *, #249, .F. ) ;
#2384 = DIRECTION ( 'NONE',  ( 0.7071067811865474617, -0.7071067811865474617, 0.000000000000000000 ) ) ;
#2385 = ORIENTED_EDGE ( 'NONE', *, *, #601, .F. ) ;
#2386 = VECTOR ( 'NONE', #1965, 1000.000000000000000 ) ;
#2387 = CIRCLE ( 'NONE', #1054, 32.71124014000000102 ) ;
#2388 = ADVANCED_FACE ( 'NONE', ( #1916 ), #1134, .F. ) ;
#2389 = AXIS2_PLACEMENT_3D ( 'NONE', #1726, #2983, #1261 ) ;
#2390 = CIRCLE ( 'NONE', #3014, 3.049998979999996251 ) ;
#2391 = VERTEX_POINT ( 'NONE', #123 ) ;
#2392 = DIRECTION ( 'NONE',  ( 0.000000000000000000, 0.000000000000000000, -1.000000000000000000 ) ) ;
#2393 = VECTOR ( 'NONE', #3048, 1000.000000000000000 ) ;
#2394 = AXIS2_PLACEMENT_3D ( 'NONE', #1990, #157, #2999 ) ;
#2395 = EDGE_CURVE ( 'NONE', #3205, #723, #1094, .T. ) ;
#2396 = VECTOR ( 'NONE', #1957, 1000.000000000000114 ) ;
#2397 = ORIENTED_EDGE ( 'NONE', *, *, #1199, .T. ) ;
#2398 = DIRECTION ( 'NONE',  ( -0.7071067811865765496, 0.7071067811865185959, 0.000000000000000000 ) ) ;
#2399 = B_SPLINE_CURVE_WITH_KNOTS ( 'NONE', 3,
 ( #2776, #2585, #2306, #2035, #3061, #824 ),
 .UNSPECIFIED., .F., .F.,
 ( 4, 2, 4 ),
 ( 0.006071955794758994267, 0.006819652644625870744, 0.007567349494492748088 ),
 .UNSPECIFIED. ) ;
#2400 = EDGE_CURVE ( 'NONE', #869, #1851, #853, .T. ) ;
#2401 = ADVANCED_FACE ( 'NONE', ( #2163 ), #2113, .T. ) ;
#2402 = ORIENTED_EDGE ( 'NONE', *, *, #2168, .F. ) ;
#2403 = FACE_OUTER_BOUND ( 'NONE', #661, .T. ) ;
#2404 = DIRECTION ( 'NONE',  ( -0.5038712540962081432, -0.8637787675646551033, -0.000000000000000000 ) ) ;
#2405 = FACE_OUTER_BOUND ( 'NONE', #2893, .T. ) ;
#2406 = FACE_OUTER_BOUND ( 'NONE', #480, .T. ) ;
#2407 = CARTESIAN_POINT ( 'NONE',  ( 89.40800000000000125, 104.0130000000000052, 0.000000000000000000 ) ) ;
#2408 = ORIENTED_EDGE ( 'NONE', *, *, #2474, .F. ) ;
#2409 = PRESENTATION_STYLE_ASSIGNMENT (( #1944 ) ) ;
#2410 = ORIENTED_EDGE ( 'NONE', *, *, #1045, .T. ) ;
#2411 = VERTEX_POINT ( 'NONE', #2663 ) ;
#2412 = DIRECTION ( 'NONE',  ( 1.000000000000000000, 0.000000000000000000, -0.000000000000000000 ) ) ;
#2413 = ORIENTED_EDGE ( 'NONE', *, *, #1024, .F. ) ;
#2414 = LINE ( 'NONE', #1224, #1156 ) ;
#2415 = CARTESIAN_POINT ( 'NONE',  ( 89.28100000000000591, 103.8859999999999957, 10.00000000000000000 ) ) ;
#2416 = FACE_OUTER_BOUND ( 'NONE', #2023, .T. ) ;
#2417 = CARTESIAN_POINT ( 'NONE',  ( 122.8089999999999975, 67.31000000000000227, 0.000000000000000000 ) ) ;
#2418 = EDGE_CURVE ( 'NONE', #1968, #1375, #141, .T. ) ;
#2419 = EDGE_CURVE ( 'NONE', #3165, #2200, #2420, .T. ) ;
#2420 = LINE ( 'NONE', #1929, #3127 ) ;
#2421 = ORIENTED_EDGE ( 'NONE', *, *, #150, .F. ) ;
#2422 = ORIENTED_EDGE ( 'NONE', *, *, #2135, .T. ) ;
#2423 = CARTESIAN_POINT ( 'NONE',  ( 91.05899999999999750, 49.02199999999999847, 0.000000000000000000 ) ) ;
#2424 = DIRECTION ( 'NONE',  ( 0.000000000000000000, 0.000000000000000000, -1.000000000000000000 ) ) ;
#2425 = ORIENTED_EDGE ( 'NONE', *, *, #2494, .T. ) ;
#2426 = FACE_OUTER_BOUND ( 'NONE', #1704, .T. ) ;
#2427 = DIRECTION ( 'NONE',  ( 0.000000000000000000, 0.000000000000000000, 1.000000000000000000 ) ) ;
#2428 = DIRECTION ( 'NONE',  ( 0.000000000000000000, 0.000000000000000000, -1.000000000000000000 ) ) ;
#2429 = CARTESIAN_POINT ( 'NONE',  ( 99.69499999999999318, 76.45399999999999352, 0.000000000000000000 ) ) ;
#2430 = CARTESIAN_POINT ( 'NONE',  ( 76.70799999999999841, 55.88000000000000256, 1.199999999999999956 ) ) ;
#2431 = EDGE_CURVE ( 'NONE', #3196, #542, #1883, .T. ) ;
#2432 = ORIENTED_EDGE ( 'NONE', *, *, #2830, .T. ) ;
#2433 = CARTESIAN_POINT ( 'NONE',  ( 81.78799999999999670, 56.00699999999999790, 1.200000000000006617 ) ) ;
#2434 = ORIENTED_EDGE ( 'NONE', *, *, #3099, .T. ) ;
#2435 = EDGE_CURVE ( 'NONE', #1249, #836, #3281, .T. ) ;
#2436 = AXIS2_PLACEMENT_3D ( 'NONE', #1125, #2897, #2868 ) ;
#2437 = AXIS2_PLACEMENT_3D ( 'NONE', #2196, #426, #1193 ) ;
#2438 = ORIENTED_EDGE ( 'NONE', *, *, #2920, .T. ) ;
#2439 = CARTESIAN_POINT ( 'NONE',  ( 70.69477351999999826, 76.45399999999999352, 9.599999999999987210 ) ) ;
#2440 = AXIS2_PLACEMENT_3D ( 'NONE', #3253, #3288, #1526 ) ;
#2441 = VECTOR ( 'NONE', #2184, 1000.000000000000000 ) ;
#2442 = ORIENTED_EDGE ( 'NONE', *, *, #623, .F. ) ;
#2443 = DIRECTION ( 'NONE',  ( -0.000000000000000000, 1.000000000000000000, 0.000000000000000000 ) ) ;
#2444 = VECTOR ( 'NONE', #3235, 1000.000000000000000 ) ;
#2445 = VECTOR ( 'NONE', #311, 1000.000000000000000 ) ;
#2446 = STYLED_ITEM ( 'NONE', ( #860 ), #2469 ) ;
#2447 = LINE ( 'NONE', #2730, #1591 ) ;
#2448 = CARTESIAN_POINT ( 'NONE',  ( 74.42199999999999704, 70.61199999999999477, 1.699999999999993072 ) ) ;
#2449 = DIRECTION ( 'NONE',  ( 1.000000000000000000, -0.000000000000000000, 0.000000000000000000 ) ) ;
#2450 = DIRECTION ( 'NONE',  ( 0.000000000000000000, 0.000000000000000000, 1.000000000000000000 ) ) ;
#2451 = DIRECTION ( 'NONE',  ( 0.000000000000000000, -1.000000000000000000, 0.000000000000000000 ) ) ;
#2452 = VERTEX_POINT ( 'NONE', #1663 ) ;
#2453 = ORIENTED_EDGE ( 'NONE', *, *, #1187, .F. ) ;
#2454 = ORIENTED_EDGE ( 'NONE', *, *, #1615, .F. ) ;
#2455 = DIRECTION ( 'NONE',  ( 1.000000000000000000, 1.119097537622832971E-15, -0.000000000000000000 ) ) ;
#2456 = EDGE_CURVE ( 'NONE', #2815, #671, #394, .T. ) ;
#2457 = EDGE_CURVE ( 'NONE', #1780, #1648, #2136, .T. ) ;
#2458 = CARTESIAN_POINT ( 'NONE',  ( 85.19500105999999562, 101.5689993000000015, 1.199999999999999956 ) ) ;
#2459 = ORIENTED_EDGE ( 'NONE', *, *, #1905, .F. ) ;
#2460 = PLANE ( 'NONE',  #1472 ) ;
#2461 = DIRECTION ( 'NONE',  ( 0.000000000000000000, 0.000000000000000000, 1.000000000000000000 ) ) ;
#2462 = LINE ( 'NONE', #3188, #1698 ) ;
#2463 = DIRECTION ( 'NONE',  ( -0.000000000000000000, -0.000000000000000000, -1.000000000000000000 ) ) ;
#2464 = LINE ( 'NONE', #171, #1803 ) ;
#2465 = VERTEX_POINT ( 'NONE', #2430 ) ;
#2466 = ORIENTED_EDGE ( 'NONE', *, *, #644, .F. ) ;
#2467 = CARTESIAN_POINT ( 'NONE',  ( 75.43800000000000239, 56.13400000000000034, 1.199999999999999956 ) ) ;
#2468 = DIRECTION ( 'NONE',  ( 0.000000000000000000, 0.000000000000000000, 1.000000000000000000 ) ) ;
#2469 = ADVANCED_BREP_SHAPE_REPRESENTATION ( 'µç³Ø¼Ü¾ùºâºÍ³äµç°å¿ÕÏ¶µæÈ¦', ( #187, #640 ), #1485 ) ;
#2470 = LINE ( 'NONE', #3010, #1159 ) ;
#2471 = VERTEX_POINT ( 'NONE', #1166 ) ;
#2472 = DIRECTION ( 'NONE',  ( 0.000000000000000000, 0.000000000000000000, -1.000000000000000000 ) ) ;
#2473 = CARTESIAN_POINT ( 'NONE',  ( 77.85099999999999909, 53.59399999999998698, 1.199999999999999956 ) ) ;
#2474 = EDGE_CURVE ( 'NONE', #2597, #1128, #2938, .T. ) ;
#2475 = DIRECTION ( 'NONE',  ( 0.000000000000000000, 1.000000000000000000, 0.000000000000000000 ) ) ;
#2476 = LINE ( 'NONE', #1207, #2220 ) ;
#2477 = DIRECTION ( 'NONE',  ( 0.000000000000000000, -1.000000000000000000, 0.000000000000000000 ) ) ;
#2478 = DIRECTION ( 'NONE',  ( 0.000000000000000000, 1.000000000000000000, 0.000000000000000000 ) ) ;
#2479 = EDGE_LOOP ( 'NONE', ( #1886, #2293, #1772, #3054 ) ) ;
#2480 = ORIENTED_EDGE ( 'NONE', *, *, #2952, .F. ) ;
#2481 = CARTESIAN_POINT ( 'NONE',  ( -0.000000000000000000, 87.75699999999999079, 1.199999999999999956 ) ) ;
#2482 = DIRECTION ( 'NONE',  ( 0.000000000000000000, 0.000000000000000000, -1.000000000000000000 ) ) ;
#2483 = AXIS2_PLACEMENT_3D ( 'NONE', #859, #1889, #350 ) ;
#2484 = ORIENTED_EDGE ( 'NONE', *, *, #3037, .F. ) ;
#2485 = DIRECTION ( 'NONE',  ( 1.000000000000000000, 0.000000000000000000, 0.000000000000000000 ) ) ;
#2486 = AXIS2_PLACEMENT_3D ( 'NONE', #2203, #2264, #1501 ) ;
#2487 = EDGE_CURVE ( 'NONE', #1087, #3149, #868, .T. ) ;
#2488 = CARTESIAN_POINT ( 'NONE',  ( 70.69477351999999826, 76.45399999999999352, 10.00000000000000000 ) ) ;
#2489 = VECTOR ( 'NONE', #2475, 1000.000000000000000 ) ;
#2490 = VECTOR ( 'NONE', #3110, 1000.000000000000000 ) ;
#2491 = CARTESIAN_POINT ( 'NONE',  ( 70.69477351999999826, 76.45399999999999352, 9.599999999999987210 ) ) ;
#2492 = LINE ( 'NONE', #1760, #3283 ) ;
#2493 = ADVANCED_FACE ( 'NONE', ( #2015 ), #1288, .T. ) ;
#2494 = EDGE_CURVE ( 'NONE', #2199, #3146, #1271, .T. ) ;
#2495 = VECTOR ( 'NONE', #2110, 1000.000000000000000 ) ;
#2496 = CARTESIAN_POINT ( 'NONE',  ( 88.29499983614016401, 51.33819824710980839, 0.000000000000000000 ) ) ;
#2497 = CARTESIAN_POINT ( 'NONE',  ( 74.42199999999999704, 59.94400000000000261, 0.000000000000000000 ) ) ;
#2498 = PRODUCT_DEFINITION_FORMATION_WITH_SPECIFIED_SOURCE ( 'ÈÎºÎ', '', #1482, .NOT_KNOWN. ) ;
#2499 = ORIENTED_EDGE ( 'NONE', *, *, #1191, .F. ) ;
#2500 = ORIENTED_EDGE ( 'NONE', *, *, #1614, .F. ) ;
#2501 = DIRECTION ( 'NONE',  ( 0.000000000000000000, 0.000000000000000000, 1.000000000000000000 ) ) ;
#2502 = FACE_OUTER_BOUND ( 'NONE', #151, .T. ) ;
#2503 = CARTESIAN_POINT ( 'NONE',  ( 89.66199999999999193, 50.41899999999999693, 86.57235496138623887 ) ) ;
#2504 = ORIENTED_EDGE ( 'NONE', *, *, #1024, .T. ) ;
#2505 = DIRECTION ( 'NONE',  ( 0.000000000000000000, 1.000000000000000000, -0.000000000000000000 ) ) ;
#2506 = LINE ( 'NONE', #3234, #1165 ) ;
#2507 = ORIENTED_EDGE ( 'NONE', *, *, #1681, .F. ) ;
#2508 = DIRECTION ( 'NONE',  ( 0.7071067811865474617, -0.7071067811865474617, 0.000000000000000000 ) ) ;
#2509 = DIRECTION ( 'NONE',  ( 0.000000000000000000, 1.000000000000000000, -0.000000000000000000 ) ) ;
#2510 = LINE ( 'NONE', #2971, #2803 ) ;
#2511 = EDGE_CURVE ( 'NONE', #1684, #800, #1856, .T. ) ;
#2512 = DIRECTION ( 'NONE',  ( -0.000000000000000000, 1.000000000000000000, 0.000000000000000000 ) ) ;
#2513 = ADVANCED_FACE ( 'NONE', ( #771 ), #496, .T. ) ;
#2514 = VERTEX_POINT ( 'NONE', #2760 ) ;
#2515 = ORIENTED_EDGE ( 'NONE', *, *, #1147, .T. ) ;
#2516 = DIRECTION ( 'NONE',  ( 1.000000000000000000, 0.000000000000000000, 0.000000000000000000 ) ) ;
#2517 = CARTESIAN_POINT ( 'NONE',  ( 75.18399999999999750, 0.000000000000000000, 1.199999999999999956 ) ) ;
#2518 = ORIENTED_EDGE ( 'NONE', *, *, #1151, .F. ) ;
#2519 = DIRECTION ( 'NONE',  ( 0.000000000000000000, 0.000000000000000000, 1.000000000000000000 ) ) ;
#2520 = FACE_OUTER_BOUND ( 'NONE', #1388, .T. ) ;
#2521 = ORIENTED_EDGE ( 'NONE', *, *, #1923, .T. ) ;
#2522 = VERTEX_POINT ( 'NONE', #535 ) ;
#2523 = LINE ( 'NONE', #504, #2489 ) ;
#2524 = FACE_OUTER_BOUND ( 'NONE', #503, .T. ) ;
#2525 = CARTESIAN_POINT ( 'NONE',  ( 83.18106397146679853, 103.8859999999999957, 18.56969190243095724 ) ) ;
#2526 = AXIS2_PLACEMENT_3D ( 'NONE', #2112, #1609, #3125 ) ;
#2527 = EDGE_CURVE ( 'NONE', #1846, #1877, #1981, .T. ) ;
#2528 = ORIENTED_EDGE ( 'NONE', *, *, #1983, .F. ) ;
#2529 = VERTEX_POINT ( 'NONE', #720 ) ;
#2530 = DIRECTION ( 'NONE',  ( -0.000000000000000000, -0.000000000000000000, -1.000000000000000000 ) ) ;
#2531 = LINE ( 'NONE', #1801, #681 ) ;
#2532 = EDGE_CURVE ( 'NONE', #3193, #549, #2739, .T. ) ;
#2533 = DIRECTION ( 'NONE',  ( -1.000000000000000000, 0.000000000000000000, 0.000000000000000000 ) ) ;
#2534 = EDGE_LOOP ( 'NONE', ( #2630, #193 ) ) ;
#2535 = DIRECTION ( 'NONE',  ( -1.000000000000000000, 0.000000000000000000, 0.000000000000000000 ) ) ;
#2536 = VECTOR ( 'NONE', #1572, 1000.000000000000000 ) ;
#2537 = DIRECTION ( 'NONE',  ( 0.000000000000000000, 0.000000000000000000, 1.000000000000000000 ) ) ;
#2538 = EDGE_LOOP ( 'NONE', ( #495, #1260, #2116, #3179, #2909 ) ) ;
#2539 = VERTEX_POINT ( 'NONE', #12 ) ;
#2540 = LINE ( 'NONE', #2346, #1377 ) ;
#2541 = AXIS2_PLACEMENT_3D ( 'NONE', #2081, #1608, #2624 ) ;
#2542 = VECTOR ( 'NONE', #2825, 1000.000000000000114 ) ;
#2543 = VECTOR ( 'NONE', #439, 1000.000000000000000 ) ;
#2544 = VECTOR ( 'NONE', #406, 1000.000000000000000 ) ;
#2545 = DIRECTION ( 'NONE',  ( -1.000000000000000000, -0.000000000000000000, -0.000000000000000000 ) ) ;
#2546 = DIRECTION ( 'NONE',  ( 1.000000000000000000, 0.000000000000000000, -0.000000000000000000 ) ) ;
#2547 = DIRECTION ( 'NONE',  ( -0.7071067811865496822, 0.7071067811865454633, 0.000000000000000000 ) ) ;
#2548 = VECTOR ( 'NONE', #2078, 1000.000000000000000 ) ;
#2549 = VECTOR ( 'NONE', #830, 1000.000000000000000 ) ;
#2550 = EDGE_LOOP ( 'NONE', ( #3056, #2037, #341, #3264 ) ) ;
#2551 = ORIENTED_EDGE ( 'NONE', *, *, #462, .F. ) ;
#2552 = FACE_OUTER_BOUND ( 'NONE', #1500, .T. ) ;
#2553 = EDGE_CURVE ( 'NONE', #2736, #2391, #2962, .T. ) ;
#2554 = ORIENTED_EDGE ( 'NONE', *, *, #3016, .T. ) ;
#2555 = DIRECTION ( 'NONE',  ( 0.7071067811865379138, -0.7071067811865572317, 0.000000000000000000 ) ) ;
#2556 = EDGE_CURVE ( 'NONE', #1232, #2597, #755, .T. ) ;
#2557 = DIRECTION ( 'NONE',  ( 0.000000000000000000, 0.000000000000000000, 1.000000000000000000 ) ) ;
#2558 = VERTEX_POINT ( 'NONE', #1484 ) ;
#2559 = CARTESIAN_POINT ( 'NONE',  ( 76.70799999999999841, 55.88000000000000256, 0.000000000000000000 ) ) ;
#2560 = DIRECTION ( 'NONE',  ( -0.7071067811865474617, 0.7071067811865474617, 0.000000000000000000 ) ) ;
#2561 = CARTESIAN_POINT ( 'NONE',  ( 74.42199999999999704, 73.28842202833645558, 1.699999999999993072 ) ) ;
#2562 = CARTESIAN_POINT ( 'NONE',  ( 122.8089999999999975, 67.31000000000000227, 86.57235496138623887 ) ) ;
#2563 = DIRECTION ( 'NONE',  ( -0.000000000000000000, -0.000000000000000000, -1.000000000000000000 ) ) ;
#2564 = ORIENTED_EDGE ( 'NONE', *, *, #2268, .F. ) ;
#2565 = CARTESIAN_POINT ( 'NONE',  ( 89.28100000000000591, 106.5529999999999973, 2.600000000000000089 ) ) ;
#2566 = ORIENTED_EDGE ( 'NONE', *, *, #291, .F. ) ;
#2567 = DIRECTION ( 'NONE',  ( 1.000000000000000000, 0.000000000000000000, 0.000000000000000000 ) ) ;
#2568 = CARTESIAN_POINT ( 'NONE',  ( 74.42199999999999704, 59.94400000000000261, 8.899999999999991473 ) ) ;
#2569 = ORIENTED_EDGE ( 'NONE', *, *, #2974, .F. ) ;
#2570 = DIRECTION ( 'NONE',  ( 0.000000000000000000, 0.000000000000000000, 1.000000000000000000 ) ) ;
#2571 = EDGE_CURVE ( 'NONE', #1087, #1652, #1799, .T. ) ;
#2572 = CARTESIAN_POINT ( 'NONE',  ( -0.000000000000000000, 63.24599999999999511, 0.000000000000000000 ) ) ;
#2573 = VERTEX_POINT ( 'NONE', #3005 ) ;
#2574 = EDGE_LOOP ( 'NONE', ( #2422, #2360, #18, #11 ) ) ;
#2575 = LINE ( 'NONE', #39, #948 ) ;
#2576 = EDGE_CURVE ( 'NONE', #671, #1411, #1233, .T. ) ;
#2577 = DIRECTION ( 'NONE',  ( 0.000000000000000000, 0.000000000000000000, -1.000000000000000000 ) ) ;
#2578 = DIRECTION ( 'NONE',  ( 0.000000000000000000, 0.000000000000000000, -1.000000000000000000 ) ) ;
#2579 = DIRECTION ( 'NONE',  ( 1.000000000000000000, 0.000000000000000000, 0.000000000000000000 ) ) ;
#2580 = ORIENTED_EDGE ( 'NONE', *, *, #2831, .F. ) ;
#2581 = CYLINDRICAL_SURFACE ( 'NONE', #2746, 3.099998879999996237 ) ;
#2582 = ORIENTED_EDGE ( 'NONE', *, *, #624, .T. ) ;
#2583 = DIRECTION ( 'NONE',  ( 0.000000000000000000, 0.000000000000000000, 1.000000000000000000 ) ) ;
#2584 = VERTEX_POINT ( 'NONE', #239 ) ;
#2585 = CARTESIAN_POINT ( 'NONE',  ( 71.83414994805987419, 73.28842202833645558, 9.907621302458265333 ) ) ;
#2586 = VERTEX_POINT ( 'NONE', #3242 ) ;
#2587 = DIRECTION ( 'NONE',  ( -0.000000000000000000, -0.000000000000000000, -1.000000000000000000 ) ) ;
#2588 = VERTEX_POINT ( 'NONE', #1448 ) ;
#2589 = CARTESIAN_POINT ( 'NONE',  ( 121.1580000000000013, 95.88499999999999091, 7.999999999999992895 ) ) ;
#2590 = AXIS2_PLACEMENT_3D ( 'NONE', #1885, #281, #52 ) ;
#2591 = LINE ( 'NONE', #1564, #2650 ) ;
#2592 = DIRECTION ( 'NONE',  ( 1.000000000000000000, 0.000000000000000000, 0.000000000000000000 ) ) ;
#2593 = EDGE_CURVE ( 'NONE', #2465, #697, #3001, .T. ) ;
#2594 = EDGE_CURVE ( 'NONE', #2775, #1733, #2757, .T. ) ;
#2595 = AXIS2_PLACEMENT_3D ( 'NONE', #3203, #1195, #915 ) ;
#2596 = VECTOR ( 'NONE', #536, 1000.000000000000000 ) ;
#2597 = VERTEX_POINT ( 'NONE', #456 ) ;
#2598 = DIRECTION ( 'NONE',  ( 0.000000000000000000, 0.000000000000000000, 1.000000000000000000 ) ) ;
#2599 = VECTOR ( 'NONE', #220, 1000.000000000000000 ) ;
#2600 = VECTOR ( 'NONE', #737, 1000.000000000000000 ) ;
#2601 = ORIENTED_EDGE ( 'NONE', *, *, #2617, .T. ) ;
#2602 = FACE_OUTER_BOUND ( 'NONE', #218, .T. ) ;
#2603 = VECTOR ( 'NONE', #864, 1000.000000000000000 ) ;
#2604 = VERTEX_POINT ( 'NONE', #1765 ) ;
#2605 = CARTESIAN_POINT ( 'NONE',  ( 121.1580000000000013, 95.88499999999999091, 7.999999999999992895 ) ) ;
#2606 = ORIENTED_EDGE ( 'NONE', *, *, #2321, .F. ) ;
#2607 = CARTESIAN_POINT ( 'NONE',  ( 78.35899999999999466, 56.00699999999999790, 9.999999999999994671 ) ) ;
#2608 = VERTEX_POINT ( 'NONE', #1751 ) ;
#2609 = PLANE ( 'NONE',  #202 ) ;
#2610 = CARTESIAN_POINT ( 'NONE',  ( 125.5950015399999700, 76.45399999999999352, 1.199999999999999956 ) ) ;
#2611 = DIRECTION ( 'NONE',  ( -0.000000000000000000, 0.000000000000000000, 1.000000000000000000 ) ) ;
#2612 = EDGE_CURVE ( 'NONE', #2351, #2558, #477, .T. ) ;
#2613 = ORIENTED_EDGE ( 'NONE', *, *, #2312, .F. ) ;
#2614 = LINE ( 'NONE', #1568, #1323 ) ;
#2615 = ORIENTED_EDGE ( 'NONE', *, *, #1221, .F. ) ;
#2616 = DIRECTION ( 'NONE',  ( 1.000000000000000000, 0.000000000000000000, 0.000000000000000000 ) ) ;
#2617 = EDGE_CURVE ( 'NONE', #1280, #2722, #2008, .T. ) ;
#2618 = EDGE_LOOP ( 'NONE', ( #55, #1540, #1833, #103, #754 ) ) ;
#2619 = DIRECTION ( 'NONE',  ( -0.000000000000000000, 1.000000000000000000, 0.000000000000000000 ) ) ;
#2620 = ORIENTED_EDGE ( 'NONE', *, *, #2625, .T. ) ;
#2621 = PLANE ( 'NONE',  #2953 ) ;
#2622 = ORIENTED_EDGE ( 'NONE', *, *, #2972, .T. ) ;
#2623 = CARTESIAN_POINT ( 'NONE',  ( 69.59599999999998943, 80.89900000000000091, 86.57235496138623887 ) ) ;
#2624 = DIRECTION ( 'NONE',  ( 0.000000000000000000, -0.000000000000000000, 1.000000000000000000 ) ) ;
#2625 = EDGE_CURVE ( 'NONE', #2254, #1391, #1662, .T. ) ;
#2626 = DIRECTION ( 'NONE',  ( -0.7071067811865088260, -0.7071067811865860975, 0.000000000000000000 ) ) ;
#2627 = DIRECTION ( 'NONE',  ( 1.000000000000000000, 0.000000000000000000, 0.000000000000000000 ) ) ;
#2628 = ORIENTED_EDGE ( 'NONE', *, *, #606, .T. ) ;
#2629 = DIRECTION ( 'NONE',  ( 1.000000000000000000, 0.000000000000000000, 0.000000000000000000 ) ) ;
#2630 = ORIENTED_EDGE ( 'NONE', *, *, #1374, .T. ) ;
#2631 = EDGE_CURVE ( 'NONE', #2391, #2736, #949, .T. ) ;
#2632 = VERTEX_POINT ( 'NONE', #1701 ) ;
#2633 = CARTESIAN_POINT ( 'NONE',  ( 94.74199999999999022, 107.1880000000000024, 1.199999999999999956 ) ) ;
#2634 = ADVANCED_FACE ( 'NONE', ( #1976 ), #207, .T. ) ;
#2635 = ADVANCED_FACE ( 'NONE', ( #2950 ), #1677, .F. ) ;
#2636 = ORIENTED_EDGE ( 'NONE', *, *, #964, .T. ) ;
#2637 = CARTESIAN_POINT ( 'NONE',  ( 122.8089999999999975, 67.31000000000000227, 7.999999999999992895 ) ) ;
#2638 = ORIENTED_EDGE ( 'NONE', *, *, #1794, .F. ) ;
#2639 = CARTESIAN_POINT ( 'NONE',  ( 83.31199999999999761, 54.48299999999999699, 86.57235496138623887 ) ) ;
#2640 = PLANE ( 'NONE',  #634 ) ;
#2641 = PLANE ( 'NONE',  #192 ) ;
#2642 = ADVANCED_FACE ( 'NONE', ( #2755 ), #1227, .T. ) ;
#2643 = CARTESIAN_POINT ( 'NONE',  ( -0.000000000000000000, 53.34000000000000341, 1.199999999999999956 ) ) ;
#2644 = AXIS2_PLACEMENT_3D ( 'NONE', #593, #2619, #2125 ) ;
#2645 = EDGE_LOOP ( 'NONE', ( #1932, #487, #420, #551, #1561, #1967, #1022 ) ) ;
#2646 = PLANE ( 'NONE',  #1634 ) ;
#2647 = ORIENTED_EDGE ( 'NONE', *, *, #2226, .F. ) ;
#2648 = VECTOR ( 'NONE', #155, 1000.000000000000000 ) ;
#2649 = CARTESIAN_POINT ( 'NONE',  ( 82.09500217999999450, 101.5689993000000015, 1.199999999999999956 ) ) ;
#2650 = VECTOR ( 'NONE', #2874, 1000.000000000000000 ) ;
#2651 = VECTOR ( 'NONE', #702, 1000.000000000000000 ) ;
#2652 = ORIENTED_EDGE ( 'NONE', *, *, #2511, .T. ) ;
#2653 = CARTESIAN_POINT ( 'NONE',  ( 99.69499999999999318, 76.45399999999999352, 0.000000000000000000 ) ) ;
#2654 = VECTOR ( 'NONE', #2577, 1000.000000000000000 ) ;
#2655 = EDGE_CURVE ( 'NONE', #1120, #2604, #2198, .T. ) ;
#2656 = ADVANCED_FACE ( 'NONE', ( #2258 ), #1245, .F. ) ;
#2657 = ORIENTED_EDGE ( 'NONE', *, *, #2894, .T. ) ;
#2658 = CARTESIAN_POINT ( 'NONE',  ( 111.1451142600000139, 51.33906673999999981, 9.599999999999999645 ) ) ;
#2659 = ORIENTED_EDGE ( 'NONE', *, *, #2553, .T. ) ;
#2660 = DIRECTION ( 'NONE',  ( -1.000000000000000000, 0.000000000000000000, 0.000000000000000000 ) ) ;
#2661 = DIRECTION ( 'NONE',  ( 1.000000000000000000, 0.000000000000000000, 0.000000000000000000 ) ) ;
#2662 = LINE ( 'NONE', #1896, #359 ) ;
#2663 = CARTESIAN_POINT ( 'NONE',  ( 75.18399999999999750, 56.38799999999999812, 1.199999999999999956 ) ) ;
#2664 = ORIENTED_EDGE ( 'NONE', *, *, #2729, .F. ) ;
#2665 = CARTESIAN_POINT ( 'NONE',  ( 89.28100000000000591, 106.5529999999999973, 0.000000000000000000 ) ) ;
#2666 = ORIENTED_EDGE ( 'NONE', *, *, #2185, .F. ) ;
#2667 = AXIS2_PLACEMENT_3D ( 'NONE', #2083, #2611, #2365 ) ;
#2668 = ORIENTED_EDGE ( 'NONE', *, *, #2576, .F. ) ;
#2669 = CARTESIAN_POINT ( 'NONE',  ( 66.29399999999893112, 66.29400000000075011, 1.199999999999999956 ) ) ;
#2670 = ORIENTED_EDGE ( 'NONE', *, *, #2206, .T. ) ;
#2671 = CARTESIAN_POINT ( 'NONE',  ( 128.6950004199999853, 76.45399999999999352, 1.199999999999999956 ) ) ;
#2672 = EDGE_CURVE ( 'NONE', #1391, #693, #1943, .T. ) ;
#2673 = DIRECTION ( 'NONE',  ( -1.000000000000000000, 0.000000000000000000, 0.000000000000000000 ) ) ;
#2674 = DIRECTION ( 'NONE',  ( -0.5773502691896245098, 0.5773502691896255090, 0.5773502691896271743 ) ) ;
#2675 = DIRECTION ( 'NONE',  ( 0.000000000000000000, 0.000000000000000000, 1.000000000000000000 ) ) ;
#2676 = EDGE_CURVE ( 'NONE', #2188, #1329, #1194, .T. ) ;
#2677 = CARTESIAN_POINT ( 'NONE',  ( 107.3149999999999977, 51.81600000000000250, 9.999999999999994671 ) ) ;
#2678 = ORIENTED_EDGE ( 'NONE', *, *, #127, .F. ) ;
#2679 = CARTESIAN_POINT ( 'NONE',  ( 110.7451142600000082, 51.33906673999999981, 10.00000000000000000 ) ) ;
#2680 = ORIENTED_EDGE ( 'NONE', *, *, #1191, .T. ) ;
#2681 = ORIENTED_EDGE ( 'NONE', *, *, #494, .F. ) ;
#2682 = CARTESIAN_POINT ( 'NONE',  ( 82.09499049340179511, 51.33819824710980839, 1.199999999999999956 ) ) ;
#2683 = ORIENTED_EDGE ( 'NONE', *, *, #3195, .F. ) ;
#2684 = LINE ( 'NONE', #891, #2966 ) ;
#2685 = CARTESIAN_POINT ( 'NONE',  ( 70.60610758875702686, 73.28842202833645558, 9.716820487864344713 ) ) ;
#2686 = DIRECTION ( 'NONE',  ( 0.000000000000000000, 0.000000000000000000, -1.000000000000000000 ) ) ;
#2687 = CARTESIAN_POINT ( 'NONE',  ( 103.8859999999999957, 98.17099999999999227, 0.000000000000000000 ) ) ;
#2688 = AXIS2_PLACEMENT_3D ( 'NONE', #507, #3052, #917 ) ;
#2689 = DIRECTION ( 'NONE',  ( 0.000000000000000000, 1.000000000000000000, 0.000000000000000000 ) ) ;
#2690 = CARTESIAN_POINT ( 'NONE',  ( 117.2449979200000172, 101.5687376800000123, 9.599999999999999645 ) ) ;
#2691 = DIRECTION ( 'NONE',  ( -0.000000000000000000, -1.000000000000000000, -0.000000000000000000 ) ) ;
#2692 = ADVANCED_FACE ( 'NONE', ( #975, #1476, #669, #3202 ), #1430, .T. ) ;
#2693 = ORIENTED_EDGE ( 'NONE', *, *, #2373, .F. ) ;
#2694 = VERTEX_POINT ( 'NONE', #961 ) ;
#2695 = AXIS2_PLACEMENT_3D ( 'NONE', #244, #13, #1031 ) ;
#2696 = EDGE_LOOP ( 'NONE', ( #2683, #262, #2816, #1018 ) ) ;
#2697 = DIRECTION ( 'NONE',  ( 0.000000000000000000, 1.000000000000000000, -0.000000000000000000 ) ) ;
#2698 = VECTOR ( 'NONE', #1820, 1000.000000000000000 ) ;
#2699 = ORIENTED_EDGE ( 'NONE', *, *, #2932, .F. ) ;
#2700 = LINE ( 'NONE', #2239, #3171 ) ;
#2701 = VECTOR ( 'NONE', #1129, 1000.000000000000000 ) ;
#2702 = VECTOR ( 'NONE', #2537, 1000.000000000000000 ) ;
#2703 = CARTESIAN_POINT ( 'NONE',  ( 80.13700000000000045, 100.9650000000000034, 9.999999999999994671 ) ) ;
#2704 = LINE ( 'NONE', #1426, #2338 ) ;
#2705 = DIRECTION ( 'NONE',  ( 0.000000000000000000, -1.000000000000000000, 0.000000000000000000 ) ) ;
#2706 = CARTESIAN_POINT ( 'NONE',  ( 103.3780000000000001, 104.0130000000000052, 1.200000000000006617 ) ) ;
#2707 = CARTESIAN_POINT ( 'NONE',  ( 67.64477454000001444, 76.45399999999999352, 9.599999999999987210 ) ) ;
#2708 = LINE ( 'NONE', #1413, #90 ) ;
#2709 = ORIENTED_EDGE ( 'NONE', *, *, #1511, .F. ) ;
#2710 = ORIENTED_EDGE ( 'NONE', *, *, #452, .T. ) ;
#2711 = CARTESIAN_POINT ( 'NONE',  ( 111.1451142600000139, 51.33906673999999981, 9.599999999999999645 ) ) ;
#2712 = DIRECTION ( 'NONE',  ( 1.000000000000000000, 0.000000000000000000, -0.000000000000000000 ) ) ;
#2713 = EDGE_CURVE ( 'NONE', #2988, #2218, #2510, .T. ) ;
#2714 = EDGE_LOOP ( 'NONE', ( #1678, #3292, #1046, #2528 ) ) ;
#2715 = CARTESIAN_POINT ( 'NONE',  ( 70.60610758875702686, 73.28842202833645558, 17.00632290808935210 ) ) ;
#2716 = CARTESIAN_POINT ( 'NONE',  ( 69.59599999999998943, 80.89900000000000091, 9.999999999999994671 ) ) ;
#2717 = CARTESIAN_POINT ( 'NONE',  ( 74.42199999999999704, 70.61199999999999477, 2.600000000000004974 ) ) ;
#2718 = DIRECTION ( 'NONE',  ( -1.000000000000000000, 0.000000000000000000, 0.000000000000000000 ) ) ;
#2719 = CARTESIAN_POINT ( 'NONE',  ( 114.1949989400000192, 101.5687376800000123, 0.000000000000000000 ) ) ;
#2720 = DIRECTION ( 'NONE',  ( 1.000000000000000000, 0.000000000000000000, 0.000000000000000000 ) ) ;
#2721 = VERTEX_POINT ( 'NONE', #2496 ) ;
#2722 = VERTEX_POINT ( 'NONE', #2707 ) ;
#2723 = DIRECTION ( 'NONE',  ( 1.000000000000000000, 0.000000000000000000, 0.000000000000000000 ) ) ;
#2724 = EDGE_CURVE ( 'NONE', #770, #611, #703, .T. ) ;
#2725 = DIRECTION ( 'NONE',  ( -0.7071067811865492381, 0.000000000000000000, -0.7071067811865459074 ) ) ;
#2726 = EDGE_CURVE ( 'NONE', #916, #1684, #990, .T. ) ;
#2727 = ORIENTED_EDGE ( 'NONE', *, *, #1007, .T. ) ;
#2728 = FACE_OUTER_BOUND ( 'NONE', #639, .T. ) ;
#2729 = EDGE_CURVE ( 'NONE', #1232, #2345, #1182, .T. ) ;
#2730 = CARTESIAN_POINT ( 'NONE',  ( 88.51899999999999125, 53.34000000000000341, 9.999999999999994671 ) ) ;
#2731 = DIRECTION ( 'NONE',  ( 0.000000000000000000, 0.000000000000000000, -1.000000000000000000 ) ) ;
#2732 = DIRECTION ( 'NONE',  ( 0.7071067811865571207, -0.7071067811865379138, 0.000000000000000000 ) ) ;
#2733 = CARTESIAN_POINT ( 'NONE',  ( 78.61743991999999537, 98.32375560000001258, 9.999999999999994671 ) ) ;
#2734 = CARTESIAN_POINT ( 'NONE',  ( 103.8859999999999957, 98.17099999999999227, 86.57235496138623887 ) ) ;
#2735 = EDGE_CURVE ( 'NONE', #2886, #280, #2464, .T. ) ;
#2736 = VERTEX_POINT ( 'NONE', #943 ) ;
#2737 = ORIENTED_EDGE ( 'NONE', *, *, #2065, .F. ) ;
#2738 = PLANE ( 'NONE',  #833 ) ;
#2739 = LINE ( 'NONE', #463, #2339 ) ;
#2740 = LINE ( 'NONE', #1970, #631 ) ;
#2741 = VECTOR ( 'NONE', #1712, 1000.000000000000000 ) ;
#2742 = CARTESIAN_POINT ( 'NONE',  ( 87.75699999999999079, 53.34000000000000341, 1.200000000000006617 ) ) ;
#2743 = ORIENTED_EDGE ( 'NONE', *, *, #2045, .T. ) ;
#2744 = LINE ( 'NONE', #1986, #2114 ) ;
#2745 = PRESENTATION_LAYER_ASSIGNMENT (  '', '', ( #459 ) ) ;
#2746 = AXIS2_PLACEMENT_3D ( 'NONE', #332, #2368, #79 ) ;
#2747 = ADVANCED_FACE ( 'NONE', ( #1716 ), #441, .T. ) ;
#2748 = DIRECTION ( 'NONE',  ( 0.000000000000000000, 1.000000000000000000, -0.000000000000000000 ) ) ;
#2749 = ORIENTED_EDGE ( 'NONE', *, *, #1794, .T. ) ;
#2750 = AXIS2_PLACEMENT_3D ( 'NONE', #1672, #1927, #1939 ) ;
#2751 = VECTOR ( 'NONE', #370, 1000.000000000000000 ) ;
#2752 = LINE ( 'NONE', #700, #999 ) ;
#2753 = VECTOR ( 'NONE', #344, 1000.000000000000000 ) ;
#2754 = VECTOR ( 'NONE', #2934, 1000.000000000000000 ) ;
#2755 = FACE_OUTER_BOUND ( 'NONE', #200, .T. ) ;
#2756 = DIRECTION ( 'NONE',  ( 0.000000000000000000, 0.000000000000000000, 1.000000000000000000 ) ) ;
#2757 = LINE ( 'NONE', #3220, #1160 ) ;
#2758 = ORIENTED_EDGE ( 'NONE', *, *, #2933, .T. ) ;
#2759 = ORIENTED_EDGE ( 'NONE', *, *, #1868, .F. ) ;
#2760 = CARTESIAN_POINT ( 'NONE',  ( 94.10699999999999932, 106.5529999999999973, 2.600000000000000089 ) ) ;
#2761 = DIRECTION ( 'NONE',  ( 0.000000000000000000, 1.000000000000000000, 0.000000000000000000 ) ) ;
#2762 = EDGE_CURVE ( 'NONE', #2722, #1339, #2342, .T. ) ;
#2763 = ORIENTED_EDGE ( 'NONE', *, *, #410, .F. ) ;
#2764 = CARTESIAN_POINT ( 'NONE',  ( 70.60610758875702686, 73.40529008748981710, 1.700000000000000178 ) ) ;
#2765 = ORIENTED_EDGE ( 'NONE', *, *, #2020, .T. ) ;
#2766 = ORIENTED_EDGE ( 'NONE', *, *, #844, .T. ) ;
#2767 = LINE ( 'NONE', #764, #1164 ) ;
#2768 = DIRECTION ( 'NONE',  ( -1.000000000000000000, 0.000000000000000000, 0.000000000000000000 ) ) ;
#2769 = CARTESIAN_POINT ( 'NONE',  ( 69.59599999999998943, 79.44148674118405040, 9.732728299634910485 ) ) ;
#2770 = ADVANCED_FACE ( 'NONE', ( #2524 ), #1789, .F. ) ;
#2771 = ORIENTED_EDGE ( 'NONE', *, *, #2456, .T. ) ;
#2772 = DIRECTION ( 'NONE',  ( 1.000000000000000000, -0.000000000000000000, 0.000000000000000000 ) ) ;
#2773 = DIRECTION ( 'NONE',  ( 0.000000000000000000, 0.000000000000000000, 1.000000000000000000 ) ) ;
#2774 = DIRECTION ( 'NONE',  ( -1.000000000000000000, -0.000000000000000000, -0.000000000000000000 ) ) ;
#2775 = VERTEX_POINT ( 'NONE', #1578 ) ;
#2776 = CARTESIAN_POINT ( 'NONE',  ( 72.06649108105970924, 73.28842202833645558, 10.00000000000000000 ) ) ;
#2777 = LINE ( 'NONE', #1256, #1278 ) ;
#2778 = ORIENTED_EDGE ( 'NONE', *, *, #1106, .F. ) ;
#2779 = ORIENTED_EDGE ( 'NONE', *, *, #852, .T. ) ;
#2780 = DIRECTION ( 'NONE',  ( -0.7071067811865862085, 0.7071067811865087149, 0.000000000000000000 ) ) ;
#2781 = DIRECTION ( 'NONE',  ( 0.000000000000000000, 0.000000000000000000, 1.000000000000000000 ) ) ;
#2782 = PLANE ( 'NONE',  #1424 ) ;
#2783 = EDGE_CURVE ( 'NONE', #1851, #834, #276, .T. ) ;
#2784 = EDGE_CURVE ( 'NONE', #774, #1667, #60, .T. ) ;
#2785 = VERTEX_POINT ( 'NONE', #3039 ) ;
#2786 = EDGE_LOOP ( 'NONE', ( #1669, #2131, #997, #1506 ) ) ;
#2787 = DIRECTION ( 'NONE',  ( 1.000000000000000000, 0.000000000000000000, 0.000000000000000000 ) ) ;
#2788 = VECTOR ( 'NONE', #446, 1000.000000000000000 ) ;
#2789 = ORIENTED_EDGE ( 'NONE', *, *, #216, .T. ) ;
#2790 = LINE ( 'NONE', #519, #787 ) ;
#2791 = AXIS2_PLACEMENT_3D ( 'NONE', #2844, #3044, #540 ) ;
#2792 = ORIENTED_EDGE ( 'NONE', *, *, #1243, .T. ) ;
#2793 = ORIENTED_EDGE ( 'NONE', *, *, #1147, .F. ) ;
#2794 = CARTESIAN_POINT ( 'NONE',  ( 87.25449148537245492, 103.8859999999999957, 1.199999999999999956 ) ) ;
#2795 = AXIS2_PLACEMENT_3D ( 'NONE', #589, #2892, #1582 ) ;
#2796 = VECTOR ( 'NONE', #205, 1000.000000000000000 ) ;
#2797 = VECTOR ( 'NONE', #364, 1000.000000000000000 ) ;
#2798 = CARTESIAN_POINT ( 'NONE',  ( 70.69477351999999826, 76.45399999999999352, 9.599999999999987210 ) ) ;
#2799 = FACE_OUTER_BOUND ( 'NONE', #2047, .T. ) ;
#2800 = EDGE_CURVE ( 'NONE', #2988, #2539, #1332, .T. ) ;
#2801 = LINE ( 'NONE', #532, #1257 ) ;
#2802 = VECTOR ( 'NONE', #1562, 1000.000000000000000 ) ;
#2803 = VECTOR ( 'NONE', #729, 1000.000000000000000 ) ;
#2804 = EDGE_LOOP ( 'NONE', ( #3160, #3108, #808, #792 ) ) ;
#2805 = PRESENTATION_LAYER_ASSIGNMENT (  '', '', ( #2446 ) ) ;
#2806 = EDGE_LOOP ( 'NONE', ( #348, #1035, #3043, #1805 ) ) ;
#2807 = DIRECTION ( 'NONE',  ( 0.000000000000000000, 0.000000000000000000, -1.000000000000000000 ) ) ;
#2808 = EDGE_CURVE ( 'NONE', #320, #1898, #1509, .T. ) ;
#2809 = LINE ( 'NONE', #54, #1479 ) ;
#2810 = CARTESIAN_POINT ( 'NONE',  ( 83.18106397146679853, 99.28796468017596055, 1.200000000000003064 ) ) ;
#2811 = VERTEX_POINT ( 'NONE', #766 ) ;
#2812 = LINE ( 'NONE', #15, #137 ) ;
#2813 = ADVANCED_FACE ( 'NONE', ( #1297 ), #2295, .T. ) ;
#2814 = DIRECTION ( 'NONE',  ( 1.000000000000000000, 0.000000000000000000, 0.000000000000000000 ) ) ;
#2815 = VERTEX_POINT ( 'NONE', #2080 ) ;
#2816 = ORIENTED_EDGE ( 'NONE', *, *, #1633, .T. ) ;
#2817 = LINE ( 'NONE', #544, #2802 ) ;
#2818 = LINE ( 'NONE', #1563, #1962 ) ;
#2819 = FACE_OUTER_BOUND ( 'NONE', #674, .T. ) ;
#2820 = LINE ( 'NONE', #547, #1682 ) ;
#2821 = CARTESIAN_POINT ( 'NONE',  ( -0.000000000000000000, 67.31000000000000227, 0.000000000000000000 ) ) ;
#2822 = EDGE_LOOP ( 'NONE', ( #1738, #691, #479, #2255, #1817, #32 ) ) ;
#2823 = CARTESIAN_POINT ( 'NONE',  ( 82.09499049340179511, 55.70000950659819949, 1.200000000000003064 ) ) ;
#2824 = ORIENTED_EDGE ( 'NONE', *, *, #443, .T. ) ;
#2825 = DIRECTION ( 'NONE',  ( 0.7071067811865474617, 0.7071067811865474617, 0.000000000000000000 ) ) ;
#2826 = EDGE_CURVE ( 'NONE', #611, #1879, #45, .T. ) ;
#2827 = ORIENTED_EDGE ( 'NONE', *, *, #2726, .T. ) ;
#2828 = CARTESIAN_POINT ( 'NONE',  ( 122.8089999999999975, 67.31000000000000227, 7.999999999999992895 ) ) ;
#2830 = EDGE_CURVE ( 'NONE', #1008, #3146, #2277, .T. ) ;
#2829 = DIRECTION ( 'NONE',  ( 1.000000000000000000, 0.000000000000000000, 0.000000000000000000 ) ) ;
#2831 = EDGE_CURVE ( 'NONE', #3209, #855, #2835, .T. ) ;
#2832 = ORIENTED_EDGE ( 'NONE', *, *, #624, .F. ) ;
#2833 = DIRECTION ( 'NONE',  ( 0.7071067811865862085, -0.7071067811865088260, 0.000000000000000000 ) ) ;
#2834 = EDGE_LOOP ( 'NONE', ( #124, #2073, #3289, #2191, #1359 ) ) ;
#2835 = LINE ( 'NONE', #2348, #2967 ) ;
#2836 = DIRECTION ( 'NONE',  ( -1.000000000000000000, 0.000000000000000000, 0.000000000000000000 ) ) ;
#2837 = DIRECTION ( 'NONE',  ( 1.000000000000000000, 0.000000000000000000, 0.000000000000000000 ) ) ;
#2838 = CARTESIAN_POINT ( 'NONE',  ( 73.32200000000000273, 76.45399999999999352, 10.00000000000000000 ) ) ;
#2839 = ORIENTED_EDGE ( 'NONE', *, *, #2245, .F. ) ;
#2840 = CYLINDRICAL_SURFACE ( 'NONE', #1371, 32.71124014000000102 ) ;
#2841 = VERTEX_POINT ( 'NONE', #3024 ) ;
#2842 = CARTESIAN_POINT ( 'NONE',  ( 0.000000000000000000, 0.000000000000000000, 1.199999999999999956 ) ) ;
#2843 = ORIENTED_EDGE ( 'NONE', *, *, #2672, .T. ) ;
#2844 = CARTESIAN_POINT ( 'NONE',  ( 99.69499999999999318, 76.45399999999999352, 10.00000000000000000 ) ) ;
#2845 = AXIS2_PLACEMENT_3D ( 'NONE', #2562, #1285, #967 ) ;
#2846 = SURFACE_STYLE_USAGE ( .BOTH. , #1372 ) ;
#2847 = EDGE_LOOP ( 'NONE', ( #1920, #2425, #1513, #2480 ) ) ;
#2848 = ORIENTED_EDGE ( 'NONE', *, *, #2148, .T. ) ;
#2849 = CARTESIAN_POINT ( 'NONE',  ( 69.72300000000001319, 67.94499999999999318, 2.600000000000000089 ) ) ;
#2850 = EDGE_CURVE ( 'NONE', #596, #1281, #7, .T. ) ;
#2851 = ORIENTED_EDGE ( 'NONE', *, *, #2330, .F. ) ;
#2852 = CARTESIAN_POINT ( 'NONE',  ( -0.000000000000000000, 107.1880000000000024, 0.000000000000000000 ) ) ;
#2853 = VECTOR ( 'NONE', #2372, 1000.000000000000000 ) ;
#2854 = VECTOR ( 'NONE', #1044, 1000.000000000000000 ) ;
#2855 = DIRECTION ( 'NONE',  ( -1.000000000000000000, -1.119097537622832773E-15, 0.000000000000000000 ) ) ;
#2856 = CARTESIAN_POINT ( 'NONE',  ( 89.28100000000000591, 103.8859999999999957, 2.600000000000004974 ) ) ;
#2857 = EDGE_CURVE ( 'NONE', #1375, #3046, #2313, .T. ) ;
#2858 =( GEOMETRIC_REPRESENTATION_CONTEXT ( 3 ) GLOBAL_UNCERTAINTY_ASSIGNED_CONTEXT ( ( #762 ) ) GLOBAL_UNIT_ASSIGNED_CONTEXT ( ( #1401, #1703, #173 ) ) REPRESENTATION_CONTEXT ( 'NONE', 'WORKASPACE' ) );
#2859 = AXIS2_PLACEMENT_3D ( 'NONE', #914, #2381, #2150 ) ;
#2860 = DIRECTION ( 'NONE',  ( 0.000000000000000000, 0.000000000000000000, 1.000000000000000000 ) ) ;
#2861 = ORIENTED_EDGE ( 'NONE', *, *, #1601, .F. ) ;
#2862 = LINE ( 'NONE', #2565, #942 ) ;
#2863 = VECTOR ( 'NONE', #2833, 1000.000000000000000 ) ;
#2864 = AXIS2_PLACEMENT_3D ( 'NONE', #2887, #582, #2660 ) ;
#2865 = EDGE_LOOP ( 'NONE', ( #1593, #2377, #2137, #2484 ) ) ;
#2866 = CARTESIAN_POINT ( 'NONE',  ( 94.74199999999999022, 104.0130000000000052, 1.199999999999999956 ) ) ;
#2867 = ORIENTED_EDGE ( 'NONE', *, *, #2, .F. ) ;
#2868 = DIRECTION ( 'NONE',  ( -0.7071067811865571207, 0.7071067811865379138, 0.000000000000000000 ) ) ;
#2869 = ORIENTED_EDGE ( 'NONE', *, *, #2370, .T. ) ;
#2870 = DIRECTION ( 'NONE',  ( 0.000000000000000000, 0.000000000000000000, -1.000000000000000000 ) ) ;
#2871 = VECTOR ( 'NONE', #2061, 1000.000000000000000 ) ;
#2872 = ORIENTED_EDGE ( 'NONE', *, *, #2354, .F. ) ;
#2873 = PLANE ( 'NONE',  #2917 ) ;
#2874 = DIRECTION ( 'NONE',  ( 0.000000000000000000, 0.000000000000000000, -1.000000000000000000 ) ) ;
#2875 = EDGE_CURVE ( 'NONE', #1851, #3165, #237, .T. ) ;
#2876 = FACE_OUTER_BOUND ( 'NONE', #2847, .T. ) ;
#2877 = DIRECTION ( 'NONE',  ( 1.000000000000000000, 0.000000000000000000, 0.000000000000000000 ) ) ;
#2878 = ORIENTED_EDGE ( 'NONE', *, *, #1691, .F. ) ;
#2879 = CARTESIAN_POINT ( 'NONE',  ( 80.13700000000000045, 100.9650000000000034, 1.200000000000006617 ) ) ;
#2880 = EDGE_CURVE ( 'NONE', #1549, #1341, #1000, .T. ) ;
#2881 = VERTEX_POINT ( 'NONE', #802 ) ;
#2882 = ORIENTED_EDGE ( 'NONE', *, *, #1304, .T. ) ;
#2883 = FACE_OUTER_BOUND ( 'NONE', #2645, .T. ) ;
#2884 = ORIENTED_EDGE ( 'NONE', *, *, #2301, .T. ) ;
#2885 = DIRECTION ( 'NONE',  ( 0.000000000000000000, 0.000000000000000000, -1.000000000000000000 ) ) ;
#2886 = VERTEX_POINT ( 'NONE', #1524 ) ;
#2887 = CARTESIAN_POINT ( 'NONE',  ( 114.1949989400000192, 101.5687376800000123, 10.00000000000000000 ) ) ;
#2888 = PLANE ( 'NONE',  #2750 ) ;
#2889 = CARTESIAN_POINT ( 'NONE',  ( -0.000000000000000000, 67.31000000000000227, 1.199999999999999956 ) ) ;
#2890 = CARTESIAN_POINT ( 'NONE',  ( 87.75699999999999079, 53.34000000000000341, 0.000000000000000000 ) ) ;
#2891 = ORIENTED_EDGE ( 'NONE', *, *, #224, .F. ) ;
#2892 = DIRECTION ( 'NONE',  ( 0.000000000000000000, 0.000000000000000000, 1.000000000000000000 ) ) ;
#2893 = EDGE_LOOP ( 'NONE', ( #1604, #510, #840, #857 ) ) ;
#2894 = EDGE_CURVE ( 'NONE', #2200, #774, #2818, .T. ) ;
#2895 = LINE ( 'NONE', #2649, #2751 ) ;
#2896 = ORIENTED_EDGE ( 'NONE', *, *, #3082, .F. ) ;
#2897 = DIRECTION ( 'NONE',  ( 0.7071067811865379138, 0.7071067811865571207, 0.000000000000000000 ) ) ;
#2898 = ORIENTED_EDGE ( 'NONE', *, *, #2571, .T. ) ;
#2899 = FACE_OUTER_BOUND ( 'NONE', #1215, .T. ) ;
#2900 = ORIENTED_EDGE ( 'NONE', *, *, #1347, .F. ) ;
#2901 = CARTESIAN_POINT ( 'NONE',  ( 128.6950004199999853, 76.45399999999999352, 1.199999999999999956 ) ) ;
#2902 = CARTESIAN_POINT ( 'NONE',  ( 73.32200000000000273, 73.28842202833645558, 10.00000000000000000 ) ) ;
#2903 = PLANE ( 'NONE',  #2437 ) ;
#2904 = FACE_OUTER_BOUND ( 'NONE', #2550, .T. ) ;
#2905 = VECTOR ( 'NONE', #2019, 1000.000000000000000 ) ;
#2906 = EDGE_CURVE ( 'NONE', #1435, #1667, #1283, .T. ) ;
#2907 = ORIENTED_EDGE ( 'NONE', *, *, #1934, .T. ) ;
#2908 = LINE ( 'NONE', #638, #1474 ) ;
#2909 = ORIENTED_EDGE ( 'NONE', *, *, #945, .F. ) ;
#2910 = AXIS2_PLACEMENT_3D ( 'NONE', #517, #791, #1539 ) ;
#2911 = VECTOR ( 'NONE', #925, 1000.000000000000000 ) ;
#2912 = VECTOR ( 'NONE', #2686, 1000.000000000000000 ) ;
#2913 = VECTOR ( 'NONE', #1676, 1000.000000000000000 ) ;
#2914 = VERTEX_POINT ( 'NONE', #3049 ) ;
#2915 = CARTESIAN_POINT ( 'NONE',  ( 70.60610758875702686, 73.40529008748981710, 9.599999999999987210 ) ) ;
#2916 = EDGE_CURVE ( 'NONE', #2522, #280, #292, .T. ) ;
#2917 = AXIS2_PLACEMENT_3D ( 'NONE', #1407, #3154, #2427 ) ;
#2918 = ORIENTED_EDGE ( 'NONE', *, *, #2532, .T. ) ;
#2919 = DIRECTION ( 'NONE',  ( 0.000000000000000000, -0.000000000000000000, 1.000000000000000000 ) ) ;
#2920 = EDGE_CURVE ( 'NONE', #1648, #2218, #612, .T. ) ;
#2921 = DIRECTION ( 'NONE',  ( -0.000000000000000000, -0.000000000000000000, -1.000000000000000000 ) ) ;
#2922 = CARTESIAN_POINT ( 'NONE',  ( 107.3149999999999977, 49.27600000000001046, 86.57235496138623887 ) ) ;
#2923 = DIRECTION ( 'NONE',  ( 0.000000000000000000, 1.000000000000000000, 0.000000000000000000 ) ) ;
#2924 = DIRECTION ( 'NONE',  ( 0.000000000000000000, 0.000000000000000000, -1.000000000000000000 ) ) ;
#2925 = ORIENTED_EDGE ( 'NONE', *, *, #1592, .F. ) ;
#2926 = DIRECTION ( 'NONE',  ( 0.000000000000000000, -0.000000000000000000, -1.000000000000000000 ) ) ;
#2927 = ORIENTED_EDGE ( 'NONE', *, *, #745, .F. ) ;
#2928 = ORIENTED_EDGE ( 'NONE', *, *, #886, .F. ) ;
#2929 = LINE ( 'NONE', #2682, #2328 ) ;
#2930 = EDGE_LOOP ( 'NONE', ( #53, #874, #1188, #300 ) ) ;
#2931 = FACE_OUTER_BOUND ( 'NONE', #2092, .T. ) ;
#2932 = EDGE_CURVE ( 'NONE', #3174, #1339, #478, .T. ) ;
#2933 = EDGE_CURVE ( 'NONE', #2030, #1008, #2363, .T. ) ;
#2934 = DIRECTION ( 'NONE',  ( 0.000000000000000000, 0.000000000000000000, -1.000000000000000000 ) ) ;
#2935 = LINE ( 'NONE', #865, #2279 ) ;
#2936 = PLANE ( 'NONE',  #1404 ) ;
#2937 = VECTOR ( 'NONE', #2705, 1000.000000000000000 ) ;
#2938 = LINE ( 'NONE', #1385, #2223 ) ;
#2939 = CARTESIAN_POINT ( 'NONE',  ( 106.1719999999999970, 95.88499999999999091, 86.57235496138623887 ) ) ;
#2940 = EDGE_LOOP ( 'NONE', ( #2325, #2319, #758, #2369, #1450, #1577 ) ) ;
#2941 = ORIENTED_EDGE ( 'NONE', *, *, #2713, .F. ) ;
#2942 = LINE ( 'NONE', #706, #1845 ) ;
#2943 = ORIENTED_EDGE ( 'NONE', *, *, #1263, .F. ) ;
#2944 = CARTESIAN_POINT ( 'NONE',  ( 94.10699999999999932, 102.9969999999999999, 2.600000000000000089 ) ) ;
#2945 = CARTESIAN_POINT ( 'NONE',  ( 89.40800000000000125, 104.0130000000000052, 86.57235496138623887 ) ) ;
#2946 = CARTESIAN_POINT ( 'NONE',  ( 69.52377255999999761, 85.87810358000000122, 86.57235496138623887 ) ) ;
#2947 = CARTESIAN_POINT ( 'NONE',  ( 82.13300634401279865, 98.07091141735452311, 1.199999999999999956 ) ) ;
#2948 = ADVANCED_FACE ( 'NONE', ( #3103 ), #89, .F. ) ;
#2949 = ADVANCED_FACE ( 'NONE', ( #328 ), #2609, .T. ) ;
#2950 = FACE_OUTER_BOUND ( 'NONE', #2098, .T. ) ;
#2951 = ORIENTED_EDGE ( 'NONE', *, *, #1142, .T. ) ;
#2952 = EDGE_CURVE ( 'NONE', #836, #1308, #648, .T. ) ;
#2953 = AXIS2_PLACEMENT_3D ( 'NONE', #340, #2398, #1392 ) ;
#2954 = AXIS2_PLACEMENT_3D ( 'NONE', #3073, #3105, #2579 ) ;
#2955 = VERTEX_POINT ( 'NONE', #357 ) ;
#2956 = VECTOR ( 'NONE', #2304, 1000.000000000000000 ) ;
#2957 = VECTOR ( 'NONE', #265, 1000.000000000000000 ) ;
#2958 = ORIENTED_EDGE ( 'NONE', *, *, #745, .T. ) ;
#2959 = DIRECTION ( 'NONE',  ( -0.7071067811865572317, 0.7071067811865379138, 0.000000000000000000 ) ) ;
#2960 = LINE ( 'NONE', #3247, #3275 ) ;
#2961 = VECTOR ( 'NONE', #2195, 1000.000000000000000 ) ;
#2962 = CIRCLE ( 'NONE', #197, 3.049998979999996251 ) ;
#2963 = EDGE_LOOP ( 'NONE', ( #567, #2300, #1090, #2606 ) ) ;
#2964 = ORIENTED_EDGE ( 'NONE', *, *, #1841, .F. ) ;
#2965 = DIRECTION ( 'NONE',  ( 0.7071067811865379138, -0.7071067811865572317, 0.000000000000000000 ) ) ;
#2966 = VECTOR ( 'NONE', #2159, 1000.000000000000000 ) ;
#2967 = VECTOR ( 'NONE', #1775, 1000.000000000000000 ) ;
#2968 = CARTESIAN_POINT ( 'NONE',  ( 72.06649108105970924, 73.28842202833645558, 10.00000000000000000 ) ) ;
#2969 = LINE ( 'NONE', #2224, #2444 ) ;
#2970 = DIRECTION ( 'NONE',  ( 0.000000000000000000, 1.000000000000000000, -0.000000000000000000 ) ) ;
#2971 = CARTESIAN_POINT ( 'NONE',  ( 82.09499049340179511, 51.33819824710980839, 1.199999999999999956 ) ) ;
#2972 = EDGE_CURVE ( 'NONE', #1391, #2351, #3121, .T. ) ;
#2973 = DIRECTION ( 'NONE',  ( 0.000000000000000000, 0.000000000000000000, 1.000000000000000000 ) ) ;
#2974 = EDGE_CURVE ( 'NONE', #112, #2471, #379, .T. ) ;
#2975 = ADVANCED_FACE ( 'NONE', ( #2403 ), #1659, .F. ) ;
#2976 = ORIENTED_EDGE ( 'NONE', *, *, #667, .F. ) ;
#2977 = VERTEX_POINT ( 'NONE', #848 ) ;
#2978 = DIRECTION ( 'NONE',  ( -1.000000000000000000, -1.119097537622832773E-15, 0.000000000000000000 ) ) ;
#2979 = CYLINDRICAL_SURFACE ( 'NONE', #1853, 3.099998879999996237 ) ;
#2980 = ORIENTED_EDGE ( 'NONE', *, *, #3080, .T. ) ;
#2981 = CARTESIAN_POINT ( 'NONE',  ( -0.000000000000000000, 107.1880000000000024, 1.199999999999999956 ) ) ;
#2982 = PLANE ( 'NONE',  #528 ) ;
#2983 = DIRECTION ( 'NONE',  ( 0.000000000000000000, 0.000000000000000000, 1.000000000000000000 ) ) ;
#2984 = DIRECTION ( 'NONE',  ( 0.000000000000000000, 0.000000000000000000, -1.000000000000000000 ) ) ;
#2985 = CARTESIAN_POINT ( 'NONE',  ( 80.00999999999999091, 100.7109999999999985, 9.999999999999994671 ) ) ;
#2986 = CARTESIAN_POINT ( 'NONE',  ( 69.59599999999998943, 79.29920483089492222, 9.599999999999987210 ) ) ;
#2987 = DIRECTION ( 'NONE',  ( 0.000000000000000000, 0.000000000000000000, -1.000000000000000000 ) ) ;
#2988 = VERTEX_POINT ( 'NONE', #390 ) ;
#2989 = ORIENTED_EDGE ( 'NONE', *, *, #1162, .F. ) ;
#2990 = DIRECTION ( 'NONE',  ( 1.000000000000000000, 0.000000000000000000, 0.000000000000000000 ) ) ;
#2991 = EDGE_CURVE ( 'NONE', #268, #385, #342, .T. ) ;
#2992 = CARTESIAN_POINT ( 'NONE',  ( 83.18106397146679853, 103.8859999999999957, 18.56969190243095724 ) ) ;
#2993 = FACE_OUTER_BOUND ( 'NONE', #2963, .T. ) ;
#2994 = ORIENTED_EDGE ( 'NONE', *, *, #645, .F. ) ;
#2995 = FACE_OUTER_BOUND ( 'NONE', #2930, .T. ) ;
#2996 = CARTESIAN_POINT ( 'NONE',  ( -0.000000000000000000, 56.13400000000000034, 1.199999999999999956 ) ) ;
#2997 = ORIENTED_EDGE ( 'NONE', *, *, #2268, .T. ) ;
#2998 = DIRECTION ( 'NONE',  ( 1.000000000000000000, 0.000000000000000000, 0.000000000000000000 ) ) ;
#2999 = DIRECTION ( 'NONE',  ( 0.000000000000000000, -0.000000000000000000, 1.000000000000000000 ) ) ;
#3000 = CARTESIAN_POINT ( 'NONE',  ( 69.59599999999998943, 79.58313447268143648, 9.866137784146419065 ) ) ;
#3001 = LINE ( 'NONE', #3026, #735 ) ;
#3002 = ADVANCED_FACE ( 'NONE', ( #1865 ), #2873, .T. ) ;
#3003 = ORIENTED_EDGE ( 'NONE', *, *, #541, .F. ) ;
#3004 = ORIENTED_EDGE ( 'NONE', *, *, #2571, .F. ) ;
#3005 = CARTESIAN_POINT ( 'NONE',  ( 74.42199999999999704, 67.31000000000000227, 1.200000000000006617 ) ) ;
#3006 = DIRECTION ( 'NONE',  ( -0.000000000000000000, -1.000000000000000000, 0.000000000000000000 ) ) ;
#3007 = AXIS2_PLACEMENT_3D ( 'NONE', #1340, #812, #301 ) ;
#3008 = VECTOR ( 'NONE', #854, 1000.000000000000000 ) ;
#3009 = EDGE_CURVE ( 'NONE', #2785, #916, #1273, .T. ) ;
#3010 = CARTESIAN_POINT ( 'NONE',  ( 107.3149999999999977, 51.81600000000000250, 9.999999999999994671 ) ) ;
#3011 = ORIENTED_EDGE ( 'NONE', *, *, #2527, .T. ) ;
#3012 = LINE ( 'NONE', #1688, #1744 ) ;
#3013 = CIRCLE ( 'NONE', #2062, 3.099998879999996237 ) ;
#3014 = AXIS2_PLACEMENT_3D ( 'NONE', #3081, #2583, #2088 ) ;
#3015 = CARTESIAN_POINT ( 'NONE',  ( 88.29542760511834842, 51.33819824710981550, 1.199999999999999956 ) ) ;
#3016 = EDGE_CURVE ( 'NONE', #3290, #286, #1395, .T. ) ;
#3017 = VERTEX_POINT ( 'NONE', #1913 ) ;
#3018 = VECTOR ( 'NONE', #1644, 1000.000000000000000 ) ;
#3019 = VECTOR ( 'NONE', #1423, 1000.000000000000114 ) ;
#3020 = ORIENTED_EDGE ( 'NONE', *, *, #1111, .F. ) ;
#3021 = CARTESIAN_POINT ( 'NONE',  ( 77.85099999999999909, 54.10199999999999676, 1.199999999999999956 ) ) ;
#3022 = AXIS2_PLACEMENT_3D ( 'NONE', #2623, #893, #1880 ) ;
#3023 = LINE ( 'NONE', #2706, #947 ) ;
#3024 = CARTESIAN_POINT ( 'NONE',  ( 89.40800000000000125, 104.0130000000000052, 2.600000000000004974 ) ) ;
#3025 = FACE_OUTER_BOUND ( 'NONE', #2479, .T. ) ;
#3026 = CARTESIAN_POINT ( 'NONE',  ( 76.70799999999999841, 55.88000000000000256, 1.199999999999999956 ) ) ;
#3027 = ORIENTED_EDGE ( 'NONE', *, *, #1374, .F. ) ;
#3028 = EDGE_LOOP ( 'NONE', ( #2659, #554 ) ) ;
#3029 = CARTESIAN_POINT ( 'NONE',  ( 76.70799999999999841, 54.48299999999998988, 0.000000000000000000 ) ) ;
#3030 = PLANE ( 'NONE',  #3175 ) ;
#3031 = VERTEX_POINT ( 'NONE', #2415 ) ;
#3032 = FACE_OUTER_BOUND ( 'NONE', #1305, .T. ) ;
#3033 = LINE ( 'NONE', #1543, #1219 ) ;
#3034 = EDGE_LOOP ( 'NONE', ( #1107, #113, #1534, #1985, #2246, #2048, #1197 ) ) ;
#3035 = ORIENTED_EDGE ( 'NONE', *, *, #1175, .F. ) ;
#3036 = DIRECTION ( 'NONE',  ( 0.7071067811865482389, 0.7071067811865469066, 0.000000000000000000 ) ) ;
#3037 = EDGE_CURVE ( 'NONE', #145, #774, #1607, .T. ) ;
#3038 = ADVANCED_FACE ( 'NONE', ( #1847 ), #3167, .T. ) ;
#3039 = CARTESIAN_POINT ( 'NONE',  ( 111.1449999600000211, 101.5687376800000123, 9.599999999999999645 ) ) ;
#3040 = DIRECTION ( 'NONE',  ( 0.000000000000000000, 0.000000000000000000, -1.000000000000000000 ) ) ;
#3041 = ORIENTED_EDGE ( 'NONE', *, *, #1841, .T. ) ;
#3042 = ORIENTED_EDGE ( 'NONE', *, *, #2594, .T. ) ;
#3043 = ORIENTED_EDGE ( 'NONE', *, *, #2244, .T. ) ;
#3044 = DIRECTION ( 'NONE',  ( 0.000000000000000000, 0.000000000000000000, 1.000000000000000000 ) ) ;
#3045 = CARTESIAN_POINT ( 'NONE',  ( 77.22353617999999642, 98.92855246000000591, 0.000000000000000000 ) ) ;
#3046 = VERTEX_POINT ( 'NONE', #2378 ) ;
#3047 = ORIENTED_EDGE ( 'NONE', *, *, #3259, .F. ) ;
#3048 = DIRECTION ( 'NONE',  ( 0.000000000000000000, 0.000000000000000000, -1.000000000000000000 ) ) ;
#3049 = CARTESIAN_POINT ( 'NONE',  ( 87.25449148537245492, 103.8859999999999957, 1.199999999999999956 ) ) ;
#3050 = CYLINDRICAL_SURFACE ( 'NONE', #520, 3.099998879999996237 ) ;
#3051 = EDGE_CURVE ( 'NONE', #346, #1655, #181, .T. ) ;
#3052 = DIRECTION ( 'NONE',  ( -1.000000000000000000, 0.000000000000000000, 0.000000000000000000 ) ) ;
#3053 = DIRECTION ( 'NONE',  ( 1.000000000000000000, 0.000000000000000000, 0.000000000000000000 ) ) ;
#3054 = ORIENTED_EDGE ( 'NONE', *, *, #2631, .F. ) ;
#3055 = EDGE_CURVE ( 'NONE', #562, #821, #2506, .T. ) ;
#3056 = ORIENTED_EDGE ( 'NONE', *, *, #410, .T. ) ;
#3057 = DIRECTION ( 'NONE',  ( 0.000000000000000000, 0.000000000000000000, -1.000000000000000000 ) ) ;
#3058 = DIRECTION ( 'NONE',  ( 0.000000000000000000, 0.000000000000000000, -1.000000000000000000 ) ) ;
#3059 = FACE_OUTER_BOUND ( 'NONE', #2786, .T. ) ;
#3060 = ORIENTED_EDGE ( 'NONE', *, *, #3195, .T. ) ;
#3061 = CARTESIAN_POINT ( 'NONE',  ( 70.85396784883985788, 73.28842202833645558, 9.709880793006025357 ) ) ;
#3062 = VECTOR ( 'NONE', #1255, 1000.000000000000000 ) ;
#3063 = DIRECTION ( 'NONE',  ( -0.8741574380024820234, 0.4856426397928180760, 0.000000000000000000 ) ) ;
#3064 = ORIENTED_EDGE ( 'NONE', *, *, #3009, .T. ) ;
#3065 = ORIENTED_EDGE ( 'NONE', *, *, #663, .F. ) ;
#3066 = LINE ( 'NONE', #2794, #2548 ) ;
#3067 = AXIS2_PLACEMENT_3D ( 'NONE', #3094, #2598, #2616 ) ;
#3068 = EDGE_CURVE ( 'NONE', #2604, #2254, #3250, .T. ) ;
#3069 = VECTOR ( 'NONE', #1471, 1000.000000000000000 ) ;
#3070 = VECTOR ( 'NONE', #2563, 1000.000000000000000 ) ;
#3071 = CARTESIAN_POINT ( 'NONE',  ( 74.42199999999999704, 59.94400000000000261, 2.600000000000004974 ) ) ;
#3072 = DIRECTION ( 'NONE',  ( 0.000000000000000000, 0.000000000000000000, -1.000000000000000000 ) ) ;
#3073 = CARTESIAN_POINT ( 'NONE',  ( 114.1951132400000120, 51.33906673999999981, 9.599999999999999645 ) ) ;
#3074 = AXIS2_PLACEMENT_3D ( 'NONE', #1212, #2450, #1963 ) ;
#3075 = EDGE_CURVE ( 'NONE', #2030, #2199, #699, .T. ) ;
#3076 = VERTEX_POINT ( 'NONE', #2473 ) ;
#3077 = VECTOR ( 'NONE', #233, 1000.000000000000000 ) ;
#3078 = CARTESIAN_POINT ( 'NONE',  ( 86.61399999999999011, 54.48299999999999699, 9.999999999999994671 ) ) ;
#3079 = ORIENTED_EDGE ( 'NONE', *, *, #1542, .T. ) ;
#3080 = EDGE_CURVE ( 'NONE', #2955, #929, #1158, .T. ) ;
#3081 = CARTESIAN_POINT ( 'NONE',  ( 70.69477351999999826, 76.45399999999999352, 1.700000000000000178 ) ) ;
#3082 = EDGE_CURVE ( 'NONE', #3111, #2188, #153, .T. ) ;
#3083 = EDGE_LOOP ( 'NONE', ( #1357, #2925, #234, #289 ) ) ;
#3084 = DIRECTION ( 'NONE',  ( 0.000000000000000000, 0.000000000000000000, -1.000000000000000000 ) ) ;
#3085 = DIRECTION ( 'NONE',  ( 0.000000000000000000, 0.000000000000000000, -1.000000000000000000 ) ) ;
#3086 = ORIENTED_EDGE ( 'NONE', *, *, #3099, .F. ) ;
#3087 = CARTESIAN_POINT ( 'NONE',  ( 110.7449999600000154, 101.5687376800000123, 10.00000000000000000 ) ) ;
#3088 = ORIENTED_EDGE ( 'NONE', *, *, #2106, .F. ) ;
#3089 = DIRECTION ( 'NONE',  ( 0.000000000000000000, 1.000000000000000000, -0.000000000000000000 ) ) ;
#3090 = CARTESIAN_POINT ( 'NONE',  ( 74.42199999999999704, 67.94499999999999318, 0.000000000000000000 ) ) ;
#3091 = DIRECTION ( 'NONE',  ( 0.000000000000000000, 0.000000000000000000, 1.000000000000000000 ) ) ;
#3092 = LINE ( 'NONE', #2046, #1214 ) ;
#3093 = ORIENTED_EDGE ( 'NONE', *, *, #1315, .T. ) ;
#3094 = CARTESIAN_POINT ( 'NONE',  ( 70.69477351999999826, 76.45399999999999352, 0.000000000000000000 ) ) ;
#3095 = ORIENTED_EDGE ( 'NONE', *, *, #2726, .F. ) ;
#3096 = EDGE_CURVE ( 'NONE', #1968, #2529, #712, .T. ) ;
#3097 = ORIENTED_EDGE ( 'NONE', *, *, #586, .T. ) ;
#3098 = PLANE ( 'NONE',  #3007 ) ;
#3099 = EDGE_CURVE ( 'NONE', #1733, #38, #1713, .T. ) ;
#3100 = ORIENTED_EDGE ( 'NONE', *, *, #826, .T. ) ;
#3101 = DIRECTION ( 'NONE',  ( 0.000000000000000000, 0.000000000000000000, 1.000000000000000000 ) ) ;
#3102 = ORIENTED_EDGE ( 'NONE', *, *, #3119, .F. ) ;
#3103 = FACE_OUTER_BOUND ( 'NONE', #2353, .T. ) ;
#3104 = CARTESIAN_POINT ( 'NONE',  ( 131.3180000000000121, 84.82126374012111114, 0.000000000000000000 ) ) ;
#3105 = DIRECTION ( 'NONE',  ( 0.000000000000000000, 0.000000000000000000, 1.000000000000000000 ) ) ;
#3106 = ORIENTED_EDGE ( 'NONE', *, *, #3051, .T. ) ;
#3107 = LINE ( 'NONE', #1066, #2274 ) ;
#3108 = ORIENTED_EDGE ( 'NONE', *, *, #921, .T. ) ;
#3109 = EDGE_CURVE ( 'NONE', #145, #1435, #1459, .T. ) ;
#3110 = DIRECTION ( 'NONE',  ( 0.000000000000000000, -1.000000000000000000, 0.000000000000000000 ) ) ;
#3111 = VERTEX_POINT ( 'NONE', #2221 ) ;
#3112 = DIRECTION ( 'NONE',  ( 1.000000000000000000, 0.000000000000000000, 0.000000000000000000 ) ) ;
#3113 = AXIS2_PLACEMENT_3D ( 'NONE', #932, #1948, #176 ) ;
#3114 = EDGE_CURVE ( 'NONE', #605, #2815, #2447, .T. ) ;
#3115 = PRODUCT_CONTEXT ( 'NONE', #3135, 'mechanical' ) ;
#3116 = ORIENTED_EDGE ( 'NONE', *, *, #242, .T. ) ;
#3117 = CARTESIAN_POINT ( 'NONE',  ( 76.96199999999998909, 54.22899999999999920, 1.199999999999999956 ) ) ;
#3118 = CIRCLE ( 'NONE', #2791, 32.71124014000000102 ) ;
#3119 = EDGE_CURVE ( 'NONE', #2340, #352, #664, .T. ) ;
#3120 = ORIENTED_EDGE ( 'NONE', *, *, #556, .F. ) ;
#3121 = LINE ( 'NONE', #1382, #2603 ) ;
#3122 = VECTOR ( 'NONE', #2505, 1000.000000000000000 ) ;
#3123 = AXIS2_PLACEMENT_3D ( 'NONE', #3227, #953, #707 ) ;
#3124 = FACE_OUTER_BOUND ( 'NONE', #1402, .T. ) ;
#3125 = DIRECTION ( 'NONE',  ( -1.000000000000000000, 0.000000000000000000, 0.000000000000000000 ) ) ;
#3126 = AXIS2_PLACEMENT_3D ( 'NONE', #2734, #1477, #1229 ) ;
#3127 = VECTOR ( 'NONE', #3170, 1000.000000000000114 ) ;
#3128 = DIRECTION ( 'NONE',  ( -0.000000000000000000, -0.000000000000000000, -1.000000000000000000 ) ) ;
#3129 = ORIENTED_EDGE ( 'NONE', *, *, #2655, .F. ) ;
#3130 = CARTESIAN_POINT ( 'NONE',  ( 91.05899999999999750, 49.02199999999999847, 86.57235496138623887 ) ) ;
#3131 = VECTOR ( 'NONE', #2998, 1000.000000000000000 ) ;
#3132 = VECTOR ( 'NONE', #2560, 1000.000000000000114 ) ;
#3133 = ORIENTED_EDGE ( 'NONE', *, *, #663, .T. ) ;
#3134 = MECHANICAL_DESIGN_GEOMETRIC_PRESENTATION_REPRESENTATION (  '', ( #2446 ), #2075 ) ;
#3135 = APPLICATION_CONTEXT ( 'automotive_design' ) ;
#3136 = VERTEX_POINT ( 'NONE', #3198 ) ;
#3137 = CARTESIAN_POINT ( 'NONE',  ( 75.18399999999999750, 0.000000000000000000, 1.199999999999999956 ) ) ;
#3138 = ORIENTED_EDGE ( 'NONE', *, *, #2553, .F. ) ;
#3139 = DIRECTION ( 'NONE',  ( 0.000000000000000000, 1.000000000000000000, 0.000000000000000000 ) ) ;
#3140 = EDGE_LOOP ( 'NONE', ( #105, #483, #2666, #2878, #2551, #1136, #1507 ) ) ;
#3141 = CARTESIAN_POINT ( 'NONE',  ( 70.60610758875702686, 73.28842202833645558, 9.716820487864344713 ) ) ;
#3142 = DIRECTION ( 'NONE',  ( 0.6785983445458486640, 0.2810846377148193964, 0.6785983445458457775 ) ) ;
#3143 = DIRECTION ( 'NONE',  ( 0.000000000000000000, 0.000000000000000000, -1.000000000000000000 ) ) ;
#3144 = ADVANCED_FACE ( 'NONE', ( #204 ), #2982, .T. ) ;
#3145 = DIRECTION ( 'NONE',  ( 0.000000000000000000, 0.000000000000000000, -1.000000000000000000 ) ) ;
#3146 = VERTEX_POINT ( 'NONE', #1442 ) ;
#3147 = FACE_OUTER_BOUND ( 'NONE', #1664, .T. ) ;
#3148 = ORIENTED_EDGE ( 'NONE', *, *, #2880, .F. ) ;
#3149 = VERTEX_POINT ( 'NONE', #451 ) ;
#3150 = CARTESIAN_POINT ( 'NONE',  ( 130.3913747451836116, 87.75699999999999079, 0.000000000000000000 ) ) ;
#3151 = EDGE_LOOP ( 'NONE', ( #2628, #2247, #763, #1084, #2283, #2789, #863, #1560, #2765, #2554, #1067, #1364, #2176, #3042, #2434, #571, #806, #887, #2851, #1293, #3060, #14, #2358, #2305, #1351, #2779, #10, #1753, #1828, #2515, #3204, #114, #1786, #885, #511, #2504, #374, #2438, #3225, #575, #687, #858, #3172, #2958, #625, #3282, #2109, #1302, #785, #1150, #619, #2657, #3243, #2129, #1201, #1798, #502, #1499, #592, #378 ) ) ;
#3152 = DIRECTION ( 'NONE',  ( 1.000000000000000000, -0.000000000000000000, 0.000000000000000000 ) ) ;
#3153 = VERTEX_POINT ( 'NONE', #1987 ) ;
#3154 = DIRECTION ( 'NONE',  ( -1.000000000000000000, 0.000000000000000000, 0.000000000000000000 ) ) ;
#3155 = DIRECTION ( 'NONE',  ( 1.000000000000000000, -0.000000000000000000, 0.000000000000000000 ) ) ;
#3156 = DIRECTION ( 'NONE',  ( -0.000000000000000000, 1.000000000000000000, 0.000000000000000000 ) ) ;
#3157 = CARTESIAN_POINT ( 'NONE',  ( 114.1951132400000120, 51.33906673999999981, 9.599999999999999645 ) ) ;
#3158 = ADVANCED_FACE ( 'NONE', ( #1470 ), #972, .F. ) ;
#3159 = VERTEX_POINT ( 'NONE', #1225 ) ;
#3160 = ORIENTED_EDGE ( 'NONE', *, *, #354, .T. ) ;
#3161 = DIRECTION ( 'NONE',  ( 1.000000000000000000, 0.000000000000000000, 0.000000000000000000 ) ) ;
#3162 = EDGE_CURVE ( 'NONE', #1871, #1317, #2181, .T. ) ;
#3163 = ORIENTED_EDGE ( 'NONE', *, *, #1469, .T. ) ;
#3164 = DIRECTION ( 'NONE',  ( 0.000000000000000000, 0.000000000000000000, -1.000000000000000000 ) ) ;
#3165 = VERTEX_POINT ( 'NONE', #911 ) ;
#3166 = DIRECTION ( 'NONE',  ( 0.000000000000000000, 0.000000000000000000, 1.000000000000000000 ) ) ;
#3167 = PLANE ( 'NONE',  #3022 ) ;
#3168 = LINE ( 'NONE', #665, #3018 ) ;
#3169 = CARTESIAN_POINT ( 'NONE',  ( 69.84999999999999432, 70.61199999999999477, 0.000000000000000000 ) ) ;
#3170 = DIRECTION ( 'NONE',  ( -0.7071067811865474617, 0.7071067811865474617, -0.000000000000000000 ) ) ;
#3171 = VECTOR ( 'NONE', #2472, 1000.000000000000000 ) ;
#3172 = ORIENTED_EDGE ( 'NONE', *, *, #601, .T. ) ;
#3173 = FACE_OUTER_BOUND ( 'NONE', #628, .T. ) ;
#3174 = VERTEX_POINT ( 'NONE', #2685 ) ;
#3175 = AXIS2_PLACEMENT_3D ( 'NONE', #2503, #1804, #1235 ) ;
#3176 = AXIS2_PLACEMENT_3D ( 'NONE', #2429, #381, #1427 ) ;
#3177 = CARTESIAN_POINT ( 'NONE',  ( 123.9520000000000124, 87.75699999999999079, 1.199999999999999956 ) ) ;
#3178 = VECTOR ( 'NONE', #2567, 1000.000000000000000 ) ;
#3179 = ORIENTED_EDGE ( 'NONE', *, *, #1800, .F. ) ;
#3180 = CARTESIAN_POINT ( 'NONE',  ( 69.59599999999998943, 79.29920483089492222, 9.599999999999987210 ) ) ;
#3181 = ADVANCED_FACE ( 'NONE', ( #923 ), #1938, .F. ) ;
#3182 = VECTOR ( 'NONE', #2380, 1000.000000000000000 ) ;
#3183 = EDGE_CURVE ( 'NONE', #2841, #1583, #2208, .T. ) ;
#3184 = VECTOR ( 'NONE', #3089, 1000.000000000000000 ) ;
#3185 = ORIENTED_EDGE ( 'NONE', *, *, #3241, .T. ) ;
#3186 = CARTESIAN_POINT ( 'NONE',  ( 107.0610000000000070, 49.02199999999999847, 0.000000000000000000 ) ) ;
#3187 = CARTESIAN_POINT ( 'NONE',  ( 103.8859999999999957, 98.17099999999999227, 9.999999999999994671 ) ) ;
#3188 = CARTESIAN_POINT ( 'NONE',  ( 74.42199999999999704, 59.94400000000000261, 0.000000000000000000 ) ) ;
#3189 = FACE_OUTER_BOUND ( 'NONE', #3083, .T. ) ;
#3190 = CARTESIAN_POINT ( 'NONE',  ( 122.8089999999999975, 67.31000000000000227, 7.999999999999992895 ) ) ;
#3191 = DIRECTION ( 'NONE',  ( 0.7071067811865571207, -0.7071067811865379138, 0.000000000000000000 ) ) ;
#3192 = ORIENTED_EDGE ( 'NONE', *, *, #2800, .F. ) ;
#3193 = VERTEX_POINT ( 'NONE', #2968 ) ;
#3194 = CARTESIAN_POINT ( 'NONE',  ( 88.29542760511834842, 51.33819824710981550, 1.199999999999999956 ) ) ;
#3195 = EDGE_CURVE ( 'NONE', #1014, #1254, #1055, .T. ) ;
#3196 = VERTEX_POINT ( 'NONE', #2054 ) ;
#3197 = DIRECTION ( 'NONE',  ( 0.000000000000000000, 1.000000000000000000, -0.000000000000000000 ) ) ;
#3198 = CARTESIAN_POINT ( 'NONE',  ( 69.72300000000001319, 67.94499999999999318, 0.000000000000000000 ) ) ;
#3199 = ADVANCED_FACE ( 'NONE', ( #2021 ), #1520, .F. ) ;
#3200 = PLANE ( 'NONE',  #1639 ) ;
#3201 = CARTESIAN_POINT ( 'NONE',  ( 87.75699999999999079, 53.34000000000000341, 86.57235496138623887 ) ) ;
#3202 = FACE_BOUND ( 'NONE', #1588, .T. ) ;
#3203 = CARTESIAN_POINT ( 'NONE',  ( 85.19500105999999562, 101.5689993000000015, 1.199999999999999956 ) ) ;
#3204 = ORIENTED_EDGE ( 'NONE', *, *, #393, .T. ) ;
#3205 = VERTEX_POINT ( 'NONE', #3 ) ;
#3206 = PLANE ( 'NONE',  #3113 ) ;
#3207 = EDGE_CURVE ( 'NONE', #16, #1652, #485, .T. ) ;
#3208 = DIRECTION ( 'NONE',  ( -0.000000000000000000, -1.000000000000000000, -0.000000000000000000 ) ) ;
#3209 = VERTEX_POINT ( 'NONE', #2289 ) ;
#3210 = DIRECTION ( 'NONE',  ( -1.000000000000000000, 0.000000000000000000, 0.000000000000000000 ) ) ;
#3211 = EDGE_CURVE ( 'NONE', #3205, #2452, #2076, .T. ) ;
#3212 = DIRECTION ( 'NONE',  ( 0.000000000000000000, -0.000000000000000000, -1.000000000000000000 ) ) ;
#3213 = CARTESIAN_POINT ( 'NONE',  ( 99.69499999999999318, 76.45399999999999352, 0.000000000000000000 ) ) ;
#3214 = CARTESIAN_POINT ( 'NONE',  ( 76.70799999999999841, 0.000000000000000000, 1.199999999999999956 ) ) ;
#3215 = ADVANCED_FACE ( 'NONE', ( #2520 ), #2269, .T. ) ;
#3216 = EDGE_CURVE ( 'NONE', #1240, #3136, #3033, .T. ) ;
#3217 = AXIS2_PLACEMENT_3D ( 'NONE', #1685, #1527, #2723 ) ;
#3218 = DIRECTION ( 'NONE',  ( 0.000000000000000000, -0.000000000000000000, -1.000000000000000000 ) ) ;
#3219 = CARTESIAN_POINT ( 'NONE',  ( 78.61743991999999537, 98.32375560000001258, 86.57235496138623887 ) ) ;
#3220 = CARTESIAN_POINT ( 'NONE',  ( 69.84999999999999432, 68.07200000000000273, 0.000000000000000000 ) ) ;
#3221 = VECTOR ( 'NONE', #3084, 1000.000000000000000 ) ;
#3222 = EDGE_LOOP ( 'NONE', ( #1172, #1353, #558, #159 ) ) ;
#3223 = VECTOR ( 'NONE', #2296, 1000.000000000000000 ) ;
#3224 = AXIS2_PLACEMENT_3D ( 'NONE', #164, #1735, #2712 ) ;
#3225 = ORIENTED_EDGE ( 'NONE', *, *, #84, .T. ) ;
#3226 = CARTESIAN_POINT ( 'NONE',  ( 88.29542760511834842, 51.33819824710981550, 1.199999999999999956 ) ) ;
#3227 = CARTESIAN_POINT ( 'NONE',  ( 65.59550000000103864, 65.59549999999924808, 1.199999999999999956 ) ) ;
#3228 = CONICAL_SURFACE ( 'NONE', #1796, 3.049998979999996251, 0.7853981633974439491 ) ;
#3229 = VECTOR ( 'NONE', #3053, 1000.000000000000000 ) ;
#3230 = ORIENTED_EDGE ( 'NONE', *, *, #2556, .F. ) ;
#3231 = DIRECTION ( 'NONE',  ( 1.000000000000000000, 0.000000000000000000, 0.000000000000000000 ) ) ;
#3232 = AXIS2_PLACEMENT_3D ( 'NONE', #662, #2443, #2919 ) ;
#3233 = VECTOR ( 'NONE', #428, 1000.000000000000000 ) ;
#3234 = CARTESIAN_POINT ( 'NONE',  ( -0.000000000000000000, 58.29299999999999926, 0.000000000000000000 ) ) ;
#3235 = DIRECTION ( 'NONE',  ( 0.000000000000000000, -0.000000000000000000, 1.000000000000000000 ) ) ;
#3236 = DIRECTION ( 'NONE',  ( 0.000000000000000000, 1.000000000000000000, -0.000000000000000000 ) ) ;
#3237 = CARTESIAN_POINT ( 'NONE',  ( 107.0610000000000070, 49.02199999999999847, 0.000000000000000000 ) ) ;
#3238 = CARTESIAN_POINT ( 'NONE',  ( 0.000000000000000000, 107.1880000000000024, 1.199999999999999956 ) ) ;
#3239 = EDGE_CURVE ( 'NONE', #1733, #1618, #760, .T. ) ;
#3240 = FACE_OUTER_BOUND ( 'NONE', #1616, .T. ) ;
#3241 = EDGE_CURVE ( 'NONE', #2785, #800, #814, .T. ) ;
#3242 = CARTESIAN_POINT ( 'NONE',  ( 87.75699999999999079, 53.34000000000000341, 9.999999999999994671 ) ) ;
#3243 = ORIENTED_EDGE ( 'NONE', *, *, #2784, .T. ) ;
#3244 = ORIENTED_EDGE ( 'NONE', *, *, #1433, .F. ) ;
#3245 = CARTESIAN_POINT ( 'NONE',  ( 88.51899999999999125, 53.34000000000000341, 86.57235496138623887 ) ) ;
#3246 = DIRECTION ( 'NONE',  ( 1.000000000000000000, 0.000000000000000000, 0.000000000000000000 ) ) ;
#3247 = CARTESIAN_POINT ( 'NONE',  ( 89.66199999999999193, 50.41899999999999693, 0.000000000000000000 ) ) ;
#3248 = VERTEX_POINT ( 'NONE', #3045 ) ;
#3249 = CARTESIAN_POINT ( 'NONE',  ( 123.9520000000000124, 84.07399999999999807, 0.000000000000000000 ) ) ;
#3250 = LINE ( 'NONE', #2703, #3284 ) ;
#3251 = FACE_OUTER_BOUND ( 'NONE', #1381, .T. ) ;
#3252 = DIRECTION ( 'NONE',  ( 0.4999999999999993339, 0.4999999999999993339, -0.7071067811865484609 ) ) ;
#3253 = CARTESIAN_POINT ( 'NONE',  ( 114.1949989400000192, 101.5687376800000123, 9.599999999999999645 ) ) ;
#3254 = EDGE_CURVE ( 'NONE', #44, #2308, #2777, .T. ) ;
#3255 = ORIENTED_EDGE ( 'NONE', *, *, #225, .F. ) ;
#3256 = PRODUCT_DEFINITION_SHAPE ( 'NONE', 'NONE',  #776 ) ;
#3257 = VERTEX_POINT ( 'NONE', #1006 ) ;
#3258 = FACE_OUTER_BOUND ( 'NONE', #71, .T. ) ;
#3259 = EDGE_CURVE ( 'NONE', #1073, #400, #2307, .T. ) ;
#3260 = DIRECTION ( 'NONE',  ( -0.5773502691896266192, -0.5773502691896266192, -0.5773502691896240657 ) ) ;
#3261 = EDGE_LOOP ( 'NONE', ( #2214, #2371, #1810, #365 ) ) ;
#3262 = CARTESIAN_POINT ( 'NONE',  ( 81.78799999999999670, 0.000000000000000000, 0.000000000000000000 ) ) ;
#3263 =( LENGTH_UNIT ( ) NAMED_UNIT ( * ) SI_UNIT ( .MILLI., .METRE. ) );
#3264 = ORIENTED_EDGE ( 'NONE', *, *, #1923, .F. ) ;
#3265 = EDGE_LOOP ( 'NONE', ( #2872, #1081, #1782, #2402, #1909, #88 ) ) ;
#3266 = CARTESIAN_POINT ( 'NONE',  ( 74.42199999999999704, 59.94400000000000261, 86.57235496138623887 ) ) ;
#3267 = CARTESIAN_POINT ( 'NONE',  ( 131.3180000000000121, 84.07399999999999807, 1.199999999999999956 ) ) ;
#3268 = DIRECTION ( 'NONE',  ( -0.7071067811865474617, 0.7071067811865474617, 0.000000000000000000 ) ) ;
#3269 = CARTESIAN_POINT ( 'NONE',  ( 75.18399999999999750, 58.29299999999999926, 1.199999999999999956 ) ) ;
#3270 = EDGE_LOOP ( 'NONE', ( #189, #873 ) ) ;
#3271 = ORIENTED_EDGE ( 'NONE', *, *, #2152, .T. ) ;
#3272 = CARTESIAN_POINT ( 'NONE',  ( 74.42199999999999704, 59.94400000000000261, 86.57235496138623887 ) ) ;
#3273 = FACE_OUTER_BOUND ( 'NONE', #2834, .T. ) ;
#3274 = CIRCLE ( 'NONE', #838, 3.099998880000010004 ) ;
#3275 = VECTOR ( 'NONE', #695, 1000.000000000000000 ) ;
#3276 = CARTESIAN_POINT ( 'NONE',  ( 69.52377255999999761, 85.87810358000000122, 86.57235496138623887 ) ) ;
#3277 = ADVANCED_FACE ( 'NONE', ( #777 ), #2231, .F. ) ;
#3278 = CARTESIAN_POINT ( 'NONE',  ( 70.73899999999999011, 63.24599999999999511, 0.000000000000000000 ) ) ;
#3279 = EDGE_CURVE ( 'NONE', #1435, #3196, #746, .T. ) ;
#3280 = AXIS2_PLACEMENT_3D ( 'NONE', #442, #1026, #2973 ) ;
#3281 = CIRCLE ( 'NONE', #2123, 32.71124014000000102 ) ;
#3282 = ORIENTED_EDGE ( 'NONE', *, *, #2087, .T. ) ;
#3283 = VECTOR ( 'NONE', #488, 1000.000000000000000 ) ;
#3284 = VECTOR ( 'NONE', #2194, 1000.000000000000000 ) ;
#3285 = EDGE_LOOP ( 'NONE', ( #2014, #3192, #325, #1945, #3041, #2335, #1884, #1248, #2261 ) ) ;
#3286 = PLANE ( 'NONE',  #1478 ) ;
#3287 = CARTESIAN_POINT ( 'NONE',  ( 123.9520000000000124, 0.000000000000000000, 0.000000000000000000 ) ) ;
#3288 = DIRECTION ( 'NONE',  ( 0.000000000000000000, 0.000000000000000000, 1.000000000000000000 ) ) ;
#3289 = ORIENTED_EDGE ( 'NONE', *, *, #2676, .T. ) ;
#3290 = VERTEX_POINT ( 'NONE', #501 ) ;
#3291 = LINE ( 'NONE', #67, #2542 ) ;
#3292 = ORIENTED_EDGE ( 'NONE', *, *, #416, .T. ) ;
#3293 = DIRECTION ( 'NONE',  ( -1.000000000000000000, 0.000000000000000000, 0.000000000000000000 ) ) ;
ENDSEC;
END-ISO-10303-21;
