ISO-10303-21;
HEADER;
FILE_DESCRIPTION (( 'STEP AP214' ),
    '1' );
FILE_NAME ('GT96专用风扇手柄固定块.STEP',
    '2025-12-17T01:13:45',
    ( '' ),
    ( '' ),
    'SwSTEP 2.0',
    'SolidWorks 2021',
    '' );
FILE_SCHEMA (( 'AUTOMOTIVE_DESIGN' ));
ENDSEC;

DATA;
#1 = ADVANCED_FACE ( 'NONE', ( #1250 ), #1014, .F. ) ;
#2 = ORIENTED_EDGE ( 'NONE', *, *, #2747, .T. ) ;
#3 = CARTESIAN_POINT ( 'NONE',  ( 7.698987737608761428, 9.800000000000000711, 5.000000000000000000 ) ) ;
#4 = CARTESIAN_POINT ( 'NONE',  ( -5.680000000000000604, 11.00000000000000178, 14.02489685437724809 ) ) ;
#5 = EDGE_LOOP ( 'NONE', ( #2602, #161, #1571, #895 ) ) ;
#6 = DIRECTION ( 'NONE',  ( 0.000000000000000000, -0.000000000000000000, -1.000000000000000000 ) ) ;
#7 = CIRCLE ( 'NONE', #2078, 1.520000000000000462 ) ;
#8 = ORIENTED_EDGE ( 'NONE', *, *, #3008, .T. ) ;
#9 = DIRECTION ( 'NONE',  ( 0.000000000000000000, 0.000000000000000000, 1.000000000000000000 ) ) ;
#10 = LINE ( 'NONE', #1647, #168 ) ;
#11 = CARTESIAN_POINT ( 'NONE',  ( 7.698987737608761428, -8.500000000000000000, 26.27999999999999758 ) ) ;
#12 = CARTESIAN_POINT ( 'NONE',  ( -5.820026115704788339, 9.800000000000006040, 13.33590178238337920 ) ) ;
#13 = AXIS2_PLACEMENT_3D ( 'NONE', #737, #503, #310 ) ;
#14 = ORIENTED_EDGE ( 'NONE', *, *, #2498, .F. ) ;
#15 = DIRECTION ( 'NONE',  ( -1.000000000000000000, 0.000000000000000000, 0.000000000000000000 ) ) ;
#16 = CARTESIAN_POINT ( 'NONE',  ( 6.858022075225177566E-16, -5.599999999999999645, 0.000000000000000000 ) ) ;
#17 = ORIENTED_EDGE ( 'NONE', *, *, #2149, .T. ) ;
#18 = CARTESIAN_POINT ( 'NONE',  ( -10.48000000000000043, 2.180557360701283365, 30.89999999999999858 ) ) ;
#19 = ORIENTED_EDGE ( 'NONE', *, *, #1025, .T. ) ;
#20 = CARTESIAN_POINT ( 'NONE',  ( -5.894083832438462345, -10.00000000000000178, 13.73438324532208554 ) ) ;
#21 = B_SPLINE_CURVE_WITH_KNOTS ( 'NONE', 3,
 ( #81, #373, #801, #2904 ),
 .UNSPECIFIED., .F., .F.,
 ( 4, 4 ),
 ( 0.009999999999999245603, 0.9900000000000026557 ),
 .UNSPECIFIED. ) ;
#22 = B_SPLINE_CURVE_WITH_KNOTS ( 'NONE', 3,
 ( #2062, #2558, #449, #1827 ),
 .UNSPECIFIED., .F., .F.,
 ( 4, 4 ),
 ( 0.000000000000000000, 1.000000000000000000 ),
 .UNSPECIFIED. ) ;
#23 = AXIS2_PLACEMENT_3D ( 'NONE', #1623, #1396, #220 ) ;
#24 = CONICAL_SURFACE ( 'NONE', #1414, 1.399999999999996803, 0.7853981633974503884 ) ;
#25 = LINE ( 'NONE', #2396, #2616 ) ;
#26 = DIRECTION ( 'NONE',  ( -0.000000000000000000, -0.000000000000000000, 1.000000000000000000 ) ) ;
#27 = CIRCLE ( 'NONE', #66, 1.520000000000000462 ) ;
#28 = CARTESIAN_POINT ( 'NONE',  ( -6.111264851431682743, 9.800000000000006040, 12.97165800068849251 ) ) ;
#29 = ORIENTED_EDGE ( 'NONE', *, *, #2196, .T. ) ;
#30 = DIRECTION ( 'NONE',  ( 0.000000000000000000, 0.000000000000000000, 1.000000000000000000 ) ) ;
#31 = CARTESIAN_POINT ( 'NONE',  ( 3.237499999999999822, 3.964794012239555549E-16, 0.000000000000000000 ) ) ;
#32 = ORIENTED_EDGE ( 'NONE', *, *, #1921, .T. ) ;
#33 = ADVANCED_FACE ( 'NONE', ( #2231, #1046, #1765, #139 ), #833, .T. ) ;
#34 = CARTESIAN_POINT ( 'NONE',  ( -10.27999999999999403, -1.675534177783068124, 29.50000000000000000 ) ) ;
#35 = EDGE_LOOP ( 'NONE', ( #1432, #1505, #2542, #578 ) ) ;
#36 = CARTESIAN_POINT ( 'NONE',  ( 13.57750000000000057, -10.00000000000000000, 5.000000000000000000 ) ) ;
#37 = EDGE_CURVE ( 'NONE', #1177, #933, #1999, .T. ) ;
#38 = CARTESIAN_POINT ( 'NONE',  ( 9.198987737608760540, -8.500000000000000000, 0.000000000000000000 ) ) ;
#39 = DIRECTION ( 'NONE',  ( 0.000000000000000000, 0.000000000000000000, -1.000000000000000000 ) ) ;
#40 = DIRECTION ( 'NONE',  ( 1.000000000000000000, 0.000000000000000000, 0.000000000000000000 ) ) ;
#41 = VERTEX_POINT ( 'NONE', #1087 ) ;
#42 = AXIS2_PLACEMENT_3D ( 'NONE', #2409, #2704, #1264 ) ;
#43 = ORIENTED_EDGE ( 'NONE', *, *, #392, .T. ) ;
#44 = PLANE ( 'NONE',  #2865 ) ;
#45 = EDGE_LOOP ( 'NONE', ( #2307, #2649, #323, #2646 ) ) ;
#46 = CARTESIAN_POINT ( 'NONE',  ( -5.880308451201398334, -9.999999999999996447, 13.94557714079728683 ) ) ;
#47 = AXIS2_PLACEMENT_3D ( 'NONE', #2207, #1083, #554 ) ;
#48 = DIRECTION ( 'NONE',  ( -1.000000000000000000, 0.000000000000000000, 0.000000000000000000 ) ) ;
#49 = LINE ( 'NONE', #482, #2181 ) ;
#50 = EDGE_CURVE ( 'NONE', #1330, #230, #1540, .T. ) ;
#51 = CARTESIAN_POINT ( 'NONE',  ( -5.713910975232105116, 9.800000000000013145, 13.60751713426869891 ) ) ;
#52 = ORIENTED_EDGE ( 'NONE', *, *, #130, .F. ) ;
#53 = CARTESIAN_POINT ( 'NONE',  ( -10.38000000000000078, -10.00000000000000000, 31.00000000000000000 ) ) ;
#54 = VECTOR ( 'NONE', #2180, 1000.000000000000000 ) ;
#55 = ADVANCED_FACE ( 'NONE', ( #2938 ), #2015, .T. ) ;
#56 = ORIENTED_EDGE ( 'NONE', *, *, #2045, .F. ) ;
#57 = EDGE_LOOP ( 'NONE', ( #87, #404, #1544, #2879 ) ) ;
#58 = CARTESIAN_POINT ( 'NONE',  ( 7.698987737608761428, -8.500000000000000000, 0.000000000000000000 ) ) ;
#59 = ORIENTED_EDGE ( 'NONE', *, *, #2943, .T. ) ;
#60 = CARTESIAN_POINT ( 'NONE',  ( -5.881136261813312949, -10.00000000000000000, 13.90073128068428154 ) ) ;
#61 = B_SPLINE_CURVE_WITH_KNOTS ( 'NONE', 3,
 ( #206, #1608, #2548, #2791 ),
 .UNSPECIFIED., .F., .F.,
 ( 4, 4 ),
 ( 0.0001925513079279149984, 0.0003924075335038314434 ),
 .UNSPECIFIED. ) ;
#62 = DIRECTION ( 'NONE',  ( -0.7071067811865594521, 8.659560562355078304E-17, 0.7071067811865355823 ) ) ;
#63 = DIRECTION ( 'NONE',  ( 0.000000000000000000, 0.000000000000000000, -1.000000000000000000 ) ) ;
#64 = FACE_OUTER_BOUND ( 'NONE', #1458, .T. ) ;
#65 = VERTEX_POINT ( 'NONE', #1300 ) ;
#66 = AXIS2_PLACEMENT_3D ( 'NONE', #1914, #467, #1408 ) ;
#67 = DIRECTION ( 'NONE',  ( -1.000000000000000000, 0.000000000000000000, 0.000000000000000000 ) ) ;
#68 = EDGE_CURVE ( 'NONE', #1736, #2202, #2686, .T. ) ;
#69 = ADVANCED_FACE ( 'NONE', ( #1322 ), #881, .F. ) ;
#70 = VERTEX_POINT ( 'NONE', #335 ) ;
#71 = ORIENTED_EDGE ( 'NONE', *, *, #2983, .T. ) ;
#72 = LINE ( 'NONE', #1479, #802 ) ;
#73 = ADVANCED_FACE ( 'NONE', ( #1280 ), #2210, .T. ) ;
#74 = VERTEX_POINT ( 'NONE', #2537 ) ;
#75 = CARTESIAN_POINT ( 'NONE',  ( -5.880417194254142110, -10.00000000000000178, 13.93655787171554117 ) ) ;
#76 = DIRECTION ( 'NONE',  ( -0.000000000000000000, 0.000000000000000000, 1.000000000000000000 ) ) ;
#77 = CARTESIAN_POINT ( 'NONE',  ( 0.000000000000000000, 5.599999999999999645, 2.850000000000000089 ) ) ;
#78 = DIRECTION ( 'NONE',  ( 0.000000000000000000, 0.000000000000000000, 1.000000000000000000 ) ) ;
#79 = CIRCLE ( 'NONE', #1907, 1.014999999999999902 ) ;
#80 = ORIENTED_EDGE ( 'NONE', *, *, #1654, .T. ) ;
#81 = CARTESIAN_POINT ( 'NONE',  ( -6.084743665671078716, 9.800000000000009592, 13.00000000000000178 ) ) ;
#82 = EDGE_CURVE ( 'NONE', #1869, #2485, #1109, .T. ) ;
#83 = VERTEX_POINT ( 'NONE', #121 ) ;
#84 = EDGE_LOOP ( 'NONE', ( #598, #2404, #243, #213 ) ) ;
#85 = DIRECTION ( 'NONE',  ( -0.7071067811865475727, 0.000000000000000000, 0.7071067811865475727 ) ) ;
#86 = DIRECTION ( 'NONE',  ( -0.000000000000000000, -0.000000000000000000, -1.000000000000000000 ) ) ;
#87 = ORIENTED_EDGE ( 'NONE', *, *, #1017, .F. ) ;
#88 = VERTEX_POINT ( 'NONE', #2302 ) ;
#89 = DIRECTION ( 'NONE',  ( -0.000000000000000000, -0.000000000000000000, -1.000000000000000000 ) ) ;
#90 = ADVANCED_FACE ( 'NONE', ( #355 ), #480, .T. ) ;
#91 = CARTESIAN_POINT ( 'NONE',  ( 4.177499999999999325, 6.500000000000000000, 30.80000000000001492 ) ) ;
#92 = CARTESIAN_POINT ( 'NONE',  ( -3.237499999999999822, 0.000000000000000000, 0.000000000000000000 ) ) ;
#93 = CARTESIAN_POINT ( 'NONE',  ( 7.698987737608761428, -8.500000000000000000, 5.000000000000000000 ) ) ;
#94 = DIRECTION ( 'NONE',  ( 0.000000000000000000, 1.000000000000000000, 0.000000000000000000 ) ) ;
#95 = EDGE_CURVE ( 'NONE', #2288, #502, #1128, .T. ) ;
#96 = DIRECTION ( 'NONE',  ( -0.000000000000000000, 0.000000000000000000, -1.000000000000000000 ) ) ;
#97 = DIRECTION ( 'NONE',  ( 0.000000000000000000, -0.7071067811865474617, 0.7071067811865474617 ) ) ;
#98 = AXIS2_PLACEMENT_3D ( 'NONE', #2076, #2294, #1379 ) ;
#99 = ORIENTED_EDGE ( 'NONE', *, *, #2883, .F. ) ;
#100 = B_SPLINE_CURVE_WITH_KNOTS ( 'NONE', 5,
 ( #381, #633, #1097, #825, #2982, #2024, #2965, #860 ),
 .UNSPECIFIED., .F., .F.,
 ( 6, 2, 6 ),
 ( 0.000000000000000000, 0.5000000000000000000, 1.000000000000000000 ),
 .UNSPECIFIED. ) ;
#101 = VERTEX_POINT ( 'NONE', #2255 ) ;
#102 = AXIS2_PLACEMENT_3D ( 'NONE', #2939, #789, #835 ) ;
#103 = LINE ( 'NONE', #1566, #186 ) ;
#104 = CARTESIAN_POINT ( 'NONE',  ( -5.934718885504150165, 10.00000000000000355, 13.56258265134948005 ) ) ;
#105 = DIRECTION ( 'NONE',  ( 1.000000000000000000, 0.000000000000000000, 0.000000000000000000 ) ) ;
#106 = CONICAL_SURFACE ( 'NONE', #1838, 1.399999999999996803, 0.7853981633974503884 ) ;
#107 = ORIENTED_EDGE ( 'NONE', *, *, #1621, .T. ) ;
#108 = CIRCLE ( 'NONE', #2226, 1.499999999999999556 ) ;
#109 = ORIENTED_EDGE ( 'NONE', *, *, #1407, .T. ) ;
#110 = CARTESIAN_POINT ( 'NONE',  ( -4.022499999999992859, 6.500000000000000000, 31.00000000000000000 ) ) ;
#111 = CARTESIAN_POINT ( 'NONE',  ( -6.087267145635514076, -9.800000000000002487, 12.99730219868117942 ) ) ;
#112 = EDGE_CURVE ( 'NONE', #2728, #2717, #854, .T. ) ;
#113 = CYLINDRICAL_SURFACE ( 'NONE', #1852, 1.520000000000000018 ) ;
#114 = CARTESIAN_POINT ( 'NONE',  ( -13.43665174637512294, 0.000000000000000000, 30.79999999999999361 ) ) ;
#115 = CYLINDRICAL_SURFACE ( 'NONE', #1147, 1.520000000000000018 ) ;
#116 = CARTESIAN_POINT ( 'NONE',  ( -9.109685834690296247, -7.275000000000001243, -1.350000000000000977 ) ) ;
#117 = CARTESIAN_POINT ( 'NONE',  ( 0.000000000000000000, 0.000000000000000000, 0.000000000000000000 ) ) ;
#118 = CARTESIAN_POINT ( 'NONE',  ( 7.698987737608759652, 10.00000000000000000, 30.89999999999999858 ) ) ;
#119 = CONICAL_SURFACE ( 'NONE', #1850, 1.299999999999997380, 0.7853981633974580490 ) ;
#120 = ORIENTED_EDGE ( 'NONE', *, *, #2069, .T. ) ;
#121 = CARTESIAN_POINT ( 'NONE',  ( -10.37999999999999723, 10.00000000000000000, 30.89999999999999858 ) ) ;
#122 = ORIENTED_EDGE ( 'NONE', *, *, #68, .T. ) ;
#123 = LINE ( 'NONE', #2945, #2739 ) ;
#124 = FACE_OUTER_BOUND ( 'NONE', #709, .T. ) ;
#125 = VECTOR ( 'NONE', #1535, 1000.000000000000000 ) ;
#126 = CARTESIAN_POINT ( 'NONE',  ( 9.098987737608757342, 0.000000000000000000, -0.000000000000000000 ) ) ;
#127 = B_SPLINE_SURFACE_WITH_KNOTS ( 'NONE', 1, 3, ( 
 ( #1773, #893, #1809, #2490, #2694, #2290, #2448, #1308, #2058, #1823, #1286, #146, #104, #359, #1985, #1096, #2964, #1053, #859, #1790, #2733, #632, #2510, #2274, #401, #1114, #2040, #595, #1183, #468, #1649, #946, #1235, #973, #2164, #1601, #2540, #2589, #1223, #2356 ),
 ( #2628, #1905, #984, #483, #730, #1436, #2137, #1197, #2833, #51, #2113, #2817, #2151, #744, #1677, #250, #2126, #1890, #2367, #12, #1692, #1410, #2601, #3052, #2614, #2343, #1463, #497, #1424, #1876, #291, #264, #1664, #1210, #959, #28, #238, #2397, #2384, #2844 ) ),
 .UNSPECIFIED., .F., .F., .F.,
 ( 2, 2 ),
 ( 4, 2, 2, 2, 2, 2, 2, 2, 2, 2, 2, 2, 2, 2, 2, 2, 2, 2, 2, 4 ),
 ( 0.000000000000000000, 1.000000000000000000 ),
 ( 0.000000000000000000, 0.0001405801908045570898, 0.0002108702862068356212, 0.0002811603816091141797, 0.0003514504770113927382, 0.0004217405724136712424, 0.0004920306678159497467, 0.0005271757155170891072, 0.0005623207632182283594, 0.0005974658109193676115, 0.0006326108586205069721, 0.0007029009540227854763, 0.0007731910494250639806, 0.0008434811448273424848, 0.0009137712402296209891, 0.0009489162879307602412, 0.0009840613356318994934, 0.001019206383333038854, 0.001054351431034178214, 0.001124641526436456719 ),
 .UNSPECIFIED. ) ;
#128 = ORIENTED_EDGE ( 'NONE', *, *, #252, .T. ) ;
#129 = VERTEX_POINT ( 'NONE', #2709 ) ;
#130 = EDGE_CURVE ( 'NONE', #165, #685, #2477, .T. ) ;
#131 = CYLINDRICAL_SURFACE ( 'NONE', #1689, 1.520000000000000018 ) ;
#132 = CARTESIAN_POINT ( 'NONE',  ( -5.951975906950265127, -9.999999999999996447, 13.51895425234900294 ) ) ;
#133 = EDGE_CURVE ( 'NONE', #2798, #2839, #2977, .T. ) ;
#134 = CARTESIAN_POINT ( 'NONE',  ( -2.302500000000001101, 6.500000000000000000, 21.78079077038578859 ) ) ;
#135 = MECHANICAL_DESIGN_GEOMETRIC_PRESENTATION_REPRESENTATION (  '', ( #1337 ), #1570 ) ;
#136 = DIRECTION ( 'NONE',  ( 0.000000000000000000, 0.000000000000000000, 1.000000000000000000 ) ) ;
#137 = CARTESIAN_POINT ( 'NONE',  ( -4.263551786395701724E-15, -7.275000000000005684, 0.000000000000000000 ) ) ;
#138 = LINE ( 'NONE', #174, #2672 ) ;
#139 = FACE_OUTER_BOUND ( 'NONE', #1625, .T. ) ;
#140 = LINE ( 'NONE', #1785, #671 ) ;
#141 = ORIENTED_EDGE ( 'NONE', *, *, #2498, .T. ) ;
#142 = CARTESIAN_POINT ( 'NONE',  ( -10.48000000000000043, 7.275000000000000355, -1.350000000000001199 ) ) ;
#143 = VECTOR ( 'NONE', #1385, 1000.000000000000000 ) ;
#144 = EDGE_LOOP ( 'NONE', ( #2925, #2194, #2976, #778 ) ) ;
#145 = FACE_OUTER_BOUND ( 'NONE', #1033, .T. ) ;
#146 = CARTESIAN_POINT ( 'NONE',  ( -5.927294620332254738, 10.00000000000000888, 13.58471166188663126 ) ) ;
#147 = DIRECTION ( 'NONE',  ( 1.000000000000000000, 0.000000000000000000, 0.000000000000000000 ) ) ;
#148 = ORIENTED_EDGE ( 'NONE', *, *, #2712, .F. ) ;
#149 = EDGE_LOOP ( 'NONE', ( #184, #2444, #723, #1451, #1227, #292 ) ) ;
#150 = CARTESIAN_POINT ( 'NONE',  ( -9.662877127178726155, 0.000000000000000000, 31.00000000000000000 ) ) ;
#151 = EDGE_CURVE ( 'NONE', #735, #293, #1073, .T. ) ;
#152 = CARTESIAN_POINT ( 'NONE',  ( -6.017664329235902443, -10.00000000000004263, 13.39511867735894413 ) ) ;
#153 = APPLICATION_PROTOCOL_DEFINITION ( 'draft international standard', 'automotive_design', 1998, #543 ) ;
#154 = CARTESIAN_POINT ( 'NONE',  ( -5.880440891758267341, 10.00000000000000000, 13.93403540994300016 ) ) ;
#155 = CARTESIAN_POINT ( 'NONE',  ( -9.000000000000001776, 7.165314165309703220, -1.350000000000002309 ) ) ;
#156 = EDGE_CURVE ( 'NONE', #1821, #2241, #2244, .T. ) ;
#157 = CARTESIAN_POINT ( 'NONE',  ( -10.48000000000000043, 7.125000000000000888, -1.350000000000001421 ) ) ;
#158 = AXIS2_PLACEMENT_3D ( 'NONE', #77, #136, #2012 ) ;
#159 = EDGE_LOOP ( 'NONE', ( #514, #764, #906, #229, #1939 ) ) ;
#160 = CARTESIAN_POINT ( 'NONE',  ( -6.049825735201549648, -10.00000000000000000, 13.34667108866850249 ) ) ;
#161 = ORIENTED_EDGE ( 'NONE', *, *, #3039, .F. ) ;
#162 = DIRECTION ( 'NONE',  ( 0.000000000000000000, 0.000000000000000000, 1.000000000000000000 ) ) ;
#163 = CARTESIAN_POINT ( 'NONE',  ( 6.858022075225177566E-16, -5.599999999999999645, 2.850000000000000089 ) ) ;
#164 = EDGE_CURVE ( 'NONE', #1964, #2513, #1049, .T. ) ;
#165 = VERTEX_POINT ( 'NONE', #565 ) ;
#166 = VERTEX_POINT ( 'NONE', #2637 ) ;
#167 = CARTESIAN_POINT ( 'NONE',  ( -2.302500000000001101, 6.500000000000000000, 21.78079077038578859 ) ) ;
#168 = VECTOR ( 'NONE', #996, 1000.000000000000114 ) ;
#169 = CARTESIAN_POINT ( 'NONE',  ( -6.233277374490978850, -10.00000000000001243, 13.13398073875770677 ) ) ;
#170 = UNCERTAINTY_MEASURE_WITH_UNIT (LENGTH_MEASURE( 1.000000000000000082E-05 ), #1591, 'distance_accuracy_value', 'NONE');
#171 = APPLICATION_CONTEXT ( 'automotive_design' ) ;
#172 =( LENGTH_UNIT ( ) NAMED_UNIT ( * ) SI_UNIT ( .MILLI., .METRE. ) );
#173 = CARTESIAN_POINT ( 'NONE',  ( -5.880863058653017283, 10.00000000000000000, 13.91172104349734084 ) ) ;
#174 = CARTESIAN_POINT ( 'NONE',  ( 9.198987737608760540, 0.000000000000000000, 30.89999999999999858 ) ) ;
#175 = CARTESIAN_POINT ( 'NONE',  ( 0.000000000000000000, 9.800000000000000711, 5.000000000000000000 ) ) ;
#176 = CARTESIAN_POINT ( 'NONE',  ( -6.986666666666661030, 3.781666666666666288, -4.843333333333334600 ) ) ;
#177 = ORIENTED_EDGE ( 'NONE', *, *, #452, .F. ) ;
#178 = CARTESIAN_POINT ( 'NONE',  ( -6.215308431489044771, 9.999999999999996447, 13.15319443477328143 ) ) ;
#179 = AXIS2_PLACEMENT_3D ( 'NONE', #728, #1676, #277 ) ;
#180 = DIRECTION ( 'NONE',  ( 0.000000000000000000, -1.000000000000000000, 0.000000000000000000 ) ) ;
#181 = LINE ( 'NONE', #652, #2777 ) ;
#182 = ORIENTED_EDGE ( 'NONE', *, *, #2087, .T. ) ;
#183 = AXIS2_PLACEMENT_3D ( 'NONE', #1226, #2847, #1764 ) ;
#184 = ORIENTED_EDGE ( 'NONE', *, *, #2346, .F. ) ;
#185 = CARTESIAN_POINT ( 'NONE',  ( -1.014999999999999902, 5.599999999999999645, 2.850000000000000089 ) ) ;
#186 = VECTOR ( 'NONE', #1113, 1000.000000000000000 ) ;
#187 = ADVANCED_FACE ( 'NONE', ( #287 ), #994, .F. ) ;
#188 = CARTESIAN_POINT ( 'NONE',  ( -5.887344316716856873, -10.00000000000001954, 13.79071191463366119 ) ) ;
#189 = DIRECTION ( 'NONE',  ( 0.000000000000000000, 0.000000000000000000, 1.000000000000000000 ) ) ;
#190 = CARTESIAN_POINT ( 'NONE',  ( -10.37999999999999723, 10.00000000000000000, 30.89999999999999858 ) ) ;
#191 = CARTESIAN_POINT ( 'NONE',  ( -5.920974303553542484, -10.00000000000000000, 13.60573511777909950 ) ) ;
#192 = ORIENTED_EDGE ( 'NONE', *, *, #271, .T. ) ;
#193 = CARTESIAN_POINT ( 'NONE',  ( -6.238652192077209335, 10.00000000000000178, 13.12823773703656016 ) ) ;
#194 = PLANE ( 'NONE',  #968 ) ;
#195 =( BOUNDED_CURVE ( )  B_SPLINE_CURVE ( 3, ( #516, #2129, #116, #2441 ),
 .UNSPECIFIED., .F., .F. ) 
 B_SPLINE_CURVE_WITH_KNOTS ( ( 4, 4 ),
 ( 5.497787143782141506, 6.283185307179585344 ),
 .UNSPECIFIED. ) 
 CURVE ( )  GEOMETRIC_REPRESENTATION_ITEM ( )  RATIONAL_B_SPLINE_CURVE ( ( 1.000000000000000000, 0.9492530216741915661, 0.9492530216741915661, 1.000000000000000000 ) ) 
 REPRESENTATION_ITEM ( '' )  );
#196 = VECTOR ( 'NONE', #2774, 999.9999999999998863 ) ;
#197 = VERTEX_POINT ( 'NONE', #2147 ) ;
#198 = ORIENTED_EDGE ( 'NONE', *, *, #1727, .T. ) ;
#199 = CARTESIAN_POINT ( 'NONE',  ( -9.000000000000001776, -7.125000000000000000, -1.550000000000000044 ) ) ;
#200 = ADVANCED_FACE ( 'NONE', ( #1023 ), #1460, .F. ) ;
#201 = CARTESIAN_POINT ( 'NONE',  ( -5.779964062570852157, -9.799999999999990052, 13.41348964778618580 ) ) ;
#202 = LINE ( 'NONE', #2789, #352 ) ;
#203 =( NAMED_UNIT ( * ) SI_UNIT ( $, .STERADIAN. ) SOLID_ANGLE_UNIT ( ) );
#204 = AXIS2_PLACEMENT_3D ( 'NONE', #1502, #2889, #2440 ) ;
#205 = ADVANCED_FACE ( 'NONE', ( #2884 ), #914, .F. ) ;
#206 = CARTESIAN_POINT ( 'NONE',  ( -10.48000000000000043, -2.180557360701290026, 30.90000000000000213 ) ) ;
#207 = LINE ( 'NONE', #703, #1685 ) ;
#208 = EDGE_CURVE ( 'NONE', #1565, #1454, #2664, .T. ) ;
#209 = EDGE_LOOP ( 'NONE', ( #285, #882, #980, #1737 ) ) ;
#210 = CARTESIAN_POINT ( 'NONE',  ( -6.196447948291506691, 10.00000000000000355, 13.17344965875567553 ) ) ;
#211 = DIRECTION ( 'NONE',  ( 0.000000000000000000, 0.000000000000000000, 1.000000000000000000 ) ) ;
#212 = PRODUCT_DEFINITION_SHAPE ( 'NONE', 'NONE',  #488 ) ;
#213 = ORIENTED_EDGE ( 'NONE', *, *, #2295, .T. ) ;
#214 = EDGE_LOOP ( 'NONE', ( #2462, #338, #1826, #418 ) ) ;
#215 = CARTESIAN_POINT ( 'NONE',  ( -9.000000000000001776, 0.000000000000000000, -1.350000000000001199 ) ) ;
#216 = CARTESIAN_POINT ( 'NONE',  ( -5.762179311276639737, -9.799999999999993605, 13.45443671318842682 ) ) ;
#217 = DIRECTION ( 'NONE',  ( 1.000000000000000000, 0.000000000000000000, 0.000000000000000000 ) ) ;
#218 = VECTOR ( 'NONE', #3009, 1000.000000000000000 ) ;
#219 = ADVANCED_FACE ( 'NONE', ( #2869 ), #2625, .F. ) ;
#220 = DIRECTION ( 'NONE',  ( 1.000000000000000000, 0.000000000000000000, 0.000000000000000000 ) ) ;
#221 = EDGE_CURVE ( 'NONE', #1707, #937, #759, .T. ) ;
#222 = CONICAL_SURFACE ( 'NONE', #1928, 1.299999999999997380, 0.7853981633974580490 ) ;
#223 = AXIS2_PLACEMENT_3D ( 'NONE', #1471, #783, #2435 ) ;
#224 = CARTESIAN_POINT ( 'NONE',  ( -3.822500000000001119, 6.500000000000000000, 30.80000000000001137 ) ) ;
#225 = EDGE_CURVE ( 'NONE', #1726, #1969, #753, .T. ) ;
#226 = VERTEX_POINT ( 'NONE', #969 ) ;
#227 = CARTESIAN_POINT ( 'NONE',  ( -6.154715192407468116, 10.00000000000000000, 13.21916235346158430 ) ) ;
#228 = DIRECTION ( 'NONE',  ( -0.000000000000000000, -0.000000000000000000, 1.000000000000000000 ) ) ;
#229 = ORIENTED_EDGE ( 'NONE', *, *, #1661, .F. ) ;
#230 = VERTEX_POINT ( 'NONE', #1244 ) ;
#231 = VECTOR ( 'NONE', #983, 1000.000000000000000 ) ;
#232 = FACE_OUTER_BOUND ( 'NONE', #159, .T. ) ;
#233 = VECTOR ( 'NONE', #816, 1000.000000000000114 ) ;
#234 = EDGE_CURVE ( 'NONE', #1417, #2656, #2651, .T. ) ;
#235 = CIRCLE ( 'NONE', #2928, 1.520000000000000018 ) ;
#236 = DIRECTION ( 'NONE',  ( 1.000000000000000000, 0.000000000000000000, 0.000000000000000000 ) ) ;
#237 = CYLINDRICAL_SURFACE ( 'NONE', #2775, 0.1500000000000008271 ) ;
#238 = CARTESIAN_POINT ( 'NONE',  ( -6.119265286268992909, 9.800000000000004263, 12.96310850597351205 ) ) ;
#239 = ORIENTED_EDGE ( 'NONE', *, *, #941, .F. ) ;
#240 = CARTESIAN_POINT ( 'NONE',  ( -6.211734800767844789, 9.999999999999998224, 13.15702220506970654 ) ) ;
#241 = AXIS2_PLACEMENT_3D ( 'NONE', #1894, #976, #1908 ) ;
#242 = CARTESIAN_POINT ( 'NONE',  ( -6.084743665671078716, -3.666666666671436481, 13.00000000000000178 ) ) ;
#243 = ORIENTED_EDGE ( 'NONE', *, *, #964, .T. ) ;
#244 = CARTESIAN_POINT ( 'NONE',  ( -5.684085120156640691, -9.799999999999997158, 13.82530079102787646 ) ) ;
#245 = EDGE_CURVE ( 'NONE', #3044, #1893, #2840, .T. ) ;
#246 = CARTESIAN_POINT ( 'NONE',  ( -10.28000000000000114, -7.075000000000000178, -1.550000000000000044 ) ) ;
#247 = CIRCLE ( 'NONE', #388, 1.499999999999999556 ) ;
#248 = CARTESIAN_POINT ( 'NONE',  ( 7.698987737608761428, 10.00000000000000000, 4.800000000000001599 ) ) ;
#249 = PLANE ( 'NONE',  #814 ) ;
#250 = CARTESIAN_POINT ( 'NONE',  ( -5.779964062570853045, 9.800000000000006040, 13.41348964778619646 ) ) ;
#251 = EDGE_LOOP ( 'NONE', ( #484, #2799, #1583, #294 ) ) ;
#252 = EDGE_CURVE ( 'NONE', #166, #165, #2380, .T. ) ;
#253 = FACE_OUTER_BOUND ( 'NONE', #45, .T. ) ;
#254 = DIRECTION ( 'NONE',  ( -1.000000000000000000, 0.000000000000000000, 0.000000000000000000 ) ) ;
#255 = ORIENTED_EDGE ( 'NONE', *, *, #1455, .T. ) ;
#256 = ADVANCED_FACE ( 'NONE', ( #828 ), #131, .F. ) ;
#257 = CARTESIAN_POINT ( 'NONE',  ( -5.720629499836124232, -9.800000000000000711, 13.57965542662847369 ) ) ;
#258 = ORIENTED_EDGE ( 'NONE', *, *, #886, .T. ) ;
#259 = CARTESIAN_POINT ( 'NONE',  ( 5.697499999999999787, -6.500000000000000000, 30.80000000000001492 ) ) ;
#260 = AXIS2_PLACEMENT_3D ( 'NONE', #2472, #1513, #655 ) ;
#261 = AXIS2_PLACEMENT_3D ( 'NONE', #2443, #1522, #336 ) ;
#262 = DIRECTION ( 'NONE',  ( -0.000000000000000000, 0.000000000000000000, 1.000000000000000000 ) ) ;
#263 = DIRECTION ( 'NONE',  ( -1.000000000000000000, 0.000000000000000000, 0.000000000000000000 ) ) ;
#264 = CARTESIAN_POINT ( 'NONE',  ( -6.063019255754798387, 9.800000000000006040, 13.02322904717182617 ) ) ;
#265 = VECTOR ( 'NONE', #295, 1000.000000000000000 ) ;
#266 = EDGE_LOOP ( 'NONE', ( #99, #634 ) ) ;
#267 = EDGE_CURVE ( 'NONE', #2410, #1962, #2514, .T. ) ;
#268 = DIRECTION ( 'NONE',  ( 0.7071067811865475727, 0.7071067811865475727, 0.000000000000000000 ) ) ;
#269 = CARTESIAN_POINT ( 'NONE',  ( -10.32999999999999829, 7.275000000000000355, 0.000000000000000000 ) ) ;
#270 = EDGE_LOOP ( 'NONE', ( #2930, #2, #148, #1709 ) ) ;
#271 = EDGE_CURVE ( 'NONE', #2577, #1230, #1795, .T. ) ;
#272 = LINE ( 'NONE', #2867, #615 ) ;
#273 = VERTEX_POINT ( 'NONE', #150 ) ;
#274 = CARTESIAN_POINT ( 'NONE',  ( 9.198987737608760540, 8.500000000000000000, 30.89999999999999858 ) ) ;
#275 = VECTOR ( 'NONE', #1704, 1000.000000000000114 ) ;
#276 = DIRECTION ( 'NONE',  ( 0.000000000000000000, -0.000000000000000000, -1.000000000000000000 ) ) ;
#277 = DIRECTION ( 'NONE',  ( -1.000000000000000000, 0.000000000000000000, 0.000000000000000000 ) ) ;
#278 = VECTOR ( 'NONE', #2257, 1000.000000000000000 ) ;
#279 = CARTESIAN_POINT ( 'NONE',  ( 7.698987737608761428, 8.500000000000000000, 26.07999999999999829 ) ) ;
#280 = ORIENTED_EDGE ( 'NONE', *, *, #392, .F. ) ;
#281 =( NAMED_UNIT ( * ) PLANE_ANGLE_UNIT ( ) SI_UNIT ( $, .RADIAN. ) );
#282 = DIRECTION ( 'NONE',  ( 0.000000000000000000, 1.000000000000000000, 0.000000000000000000 ) ) ;
#283 = EDGE_LOOP ( 'NONE', ( #1099, #2329, #1117, #564 ) ) ;
#284 = CARTESIAN_POINT ( 'NONE',  ( -5.879999999999998117, -10.00000000000000000, 5.000000000000000000 ) ) ;
#285 = ORIENTED_EDGE ( 'NONE', *, *, #2800, .T. ) ;
#286 = EDGE_CURVE ( 'NONE', #2103, #230, #1996, .T. ) ;
#287 = FACE_OUTER_BOUND ( 'NONE', #1629, .T. ) ;
#288 = DIRECTION ( 'NONE',  ( -0.000000000000000000, -0.000000000000000000, -1.000000000000000000 ) ) ;
#289 = EDGE_CURVE ( 'NONE', #1821, #226, #1578, .T. ) ;
#290 = CARTESIAN_POINT ( 'NONE',  ( -10.48000000000000043, 9.899999999999996803, 0.000000000000000000 ) ) ;
#291 = CARTESIAN_POINT ( 'NONE',  ( -6.046561217566671864, 9.800000000000006040, 13.04093793315254679 ) ) ;
#292 = ORIENTED_EDGE ( 'NONE', *, *, #2597, .T. ) ;
#293 = VERTEX_POINT ( 'NONE', #810 ) ;
#294 = ORIENTED_EDGE ( 'NONE', *, *, #2190, .F. ) ;
#295 = DIRECTION ( 'NONE',  ( 0.000000000000000000, 0.000000000000000000, 1.000000000000000000 ) ) ;
#296 = ORIENTED_EDGE ( 'NONE', *, *, #1842, .T. ) ;
#297 = CARTESIAN_POINT ( 'NONE',  ( -5.880000000000001670, -10.00000000000000000, 14.02489685437724454 ) ) ;
#298 = STYLED_ITEM ( 'NONE', ( #2297 ), #1070 ) ;
#299 = EDGE_CURVE ( 'NONE', #1581, #2577, #108, .T. ) ;
#300 = DIRECTION ( 'NONE',  ( 0.5773502691896323924, -0.5773502691896224004, 0.5773502691896224004 ) ) ;
#301 = FACE_OUTER_BOUND ( 'NONE', #2221, .T. ) ;
#302 = DIRECTION ( 'NONE',  ( 1.000000000000000000, 0.000000000000000000, 0.000000000000000000 ) ) ;
#303 = EDGE_LOOP ( 'NONE', ( #2106, #951, #2003, #296, #2401, #354 ) ) ;
#304 = EDGE_CURVE ( 'NONE', #101, #1142, #883, .T. ) ;
#305 = FACE_OUTER_BOUND ( 'NONE', #2008, .T. ) ;
#306 = VECTOR ( 'NONE', #105, 1000.000000000000000 ) ;
#307 = CIRCLE ( 'NONE', #1403, 3.773774619196395896 ) ;
#308 = EDGE_LOOP ( 'NONE', ( #2907, #2418, #2556, #1525, #1693 ) ) ;
#309 = ORIENTED_EDGE ( 'NONE', *, *, #2619, .F. ) ;
#310 = DIRECTION ( 'NONE',  ( -1.000000000000000000, 0.000000000000000000, 0.000000000000000000 ) ) ;
#311 = ORIENTED_EDGE ( 'NONE', *, *, #2360, .T. ) ;
#312 = DIRECTION ( 'NONE',  ( 0.000000000000000000, 0.000000000000000000, 1.000000000000000000 ) ) ;
#313 = EDGE_CURVE ( 'NONE', #735, #2839, #2318, .T. ) ;
#314 = FACE_OUTER_BOUND ( 'NONE', #2754, .T. ) ;
#315 = DIRECTION ( 'NONE',  ( 1.000000000000000000, 0.000000000000000000, 0.000000000000000000 ) ) ;
#316 = AXIS2_PLACEMENT_3D ( 'NONE', #1648, #1889, #1247 ) ;
#317 = DIRECTION ( 'NONE',  ( 0.000000000000000000, 1.000000000000000000, 0.000000000000000000 ) ) ;
#318 = CIRCLE ( 'NONE', #2585, 1.520000000000000462 ) ;
#319 = ORIENTED_EDGE ( 'NONE', *, *, #809, .F. ) ;
#320 = FACE_OUTER_BOUND ( 'NONE', #1129, .T. ) ;
#321 = ORIENTED_EDGE ( 'NONE', *, *, #1398, .T. ) ;
#322 = CLOSED_SHELL ( 'NONE', ( #643, #2810, #2693, #1473, #548, #1090, #743, #517, #1678, #1716, #765, #2422, #750, #394, #1, #1293, #33, #1228, #219, #2271, #2830, #3022, #2634, #2212, #2919, #767, #2394, #2497, #2758, #1938, #2878, #2039, #187, #55, #639, #461, #1832, #1990, #376, #1429, #1198, #1857, #256, #363, #1106, #975, #69, #537, #2110, #205, #439, #710, #1640, #425, #2503, #1902, #1696, #2870, #3043, #2085, #1039, #2824, #1232, #524, #987, #2719, #2379, #200, #704, #1088, #1353, #2550, #748, #1799, #794, #1993, #1923, #1667, #413, #1361, #551, #2022, #90, #1797, #2428, #1499, #2220, #763, #1854, #73, #2395, #325, #915, #1252 ) ) ;
#323 = ORIENTED_EDGE ( 'NONE', *, *, #2057, .F. ) ;
#324 = CARTESIAN_POINT ( 'NONE',  ( 7.698987737608761428, -8.500000000000000000, 5.000000000000000000 ) ) ;
#325 = ADVANCED_FACE ( 'NONE', ( #1532 ), #1572, .T. ) ;
#326 = DIRECTION ( 'NONE',  ( 1.000000000000000000, 0.000000000000000000, 0.000000000000000000 ) ) ;
#327 = EDGE_LOOP ( 'NONE', ( #1311, #2610, #791, #2636 ) ) ;
#328 = ORIENTED_EDGE ( 'NONE', *, *, #729, .T. ) ;
#329 = CARTESIAN_POINT ( 'NONE',  ( -5.884075693282586172, -10.00000000000000178, 13.83443441496901904 ) ) ;
#330 = CARTESIAN_POINT ( 'NONE',  ( -10.40755959750961424, -7.259572436846347898, -1.365427563153652546 ) ) ;
#331 = CARTESIAN_POINT ( 'NONE',  ( -9.150000000000000355, -7.125000000000000000, 0.000000000000000000 ) ) ;
#332 = CYLINDRICAL_SURFACE ( 'NONE', #2454, 1.014999999999999902 ) ;
#333 = CARTESIAN_POINT ( 'NONE',  ( -10.48000000000000043, -2.007504789401328704, 29.29999999999999361 ) ) ;
#334 = AXIS2_PLACEMENT_3D ( 'NONE', #2325, #701, #236 ) ;
#335 = CARTESIAN_POINT ( 'NONE',  ( -10.48000000000000043, -9.900000000000000355, 30.90000000000000213 ) ) ;
#336 = DIRECTION ( 'NONE',  ( -1.000000000000000000, 0.000000000000000000, 0.000000000000000000 ) ) ;
#337 = VERTEX_POINT ( 'NONE', #366 ) ;
#338 = ORIENTED_EDGE ( 'NONE', *, *, #2573, .T. ) ;
#339 = DIRECTION ( 'NONE',  ( -4.144036261306415750E-16, -0.7071067811865475727, -0.7071067811865475727 ) ) ;
#340 = AXIS2_PLACEMENT_3D ( 'NONE', #511, #40, #1450 ) ;
#341 = CARTESIAN_POINT ( 'NONE',  ( -10.27999999999999403, -2.007504789401328704, 29.50000000000000000 ) ) ;
#342 = LINE ( 'NONE', #613, #306 ) ;
#343 = ORIENTED_EDGE ( 'NONE', *, *, #1348, .F. ) ;
#344 = VERTEX_POINT ( 'NONE', #2932 ) ;
#345 = CARTESIAN_POINT ( 'NONE',  ( -6.119265286268988469, -9.800000000000000711, 12.96310850597352449 ) ) ;
#346 = CARTESIAN_POINT ( 'NONE',  ( -10.48000000000000043, -7.124999999999999112, 0.000000000000000000 ) ) ;
#347 = DIRECTION ( 'NONE',  ( 0.000000000000000000, 1.000000000000000000, -0.000000000000000000 ) ) ;
#348 = CARTESIAN_POINT ( 'NONE',  ( -5.679999999999999716, -9.799999999999997158, 31.00000000000000000 ) ) ;
#349 = CARTESIAN_POINT ( 'NONE',  ( 7.698987737608761428, -10.00000000000000000, 4.800000000000001599 ) ) ;
#350 = DIRECTION ( 'NONE',  ( -1.000000000000000000, 0.000000000000000000, 0.000000000000000000 ) ) ;
#351 = FACE_OUTER_BOUND ( 'NONE', #2182, .T. ) ;
#352 = VECTOR ( 'NONE', #689, 1000.000000000000000 ) ;
#353 = EDGE_CURVE ( 'NONE', #2061, #960, #1118, .T. ) ;
#354 = ORIENTED_EDGE ( 'NONE', *, *, #386, .T. ) ;
#355 = FACE_OUTER_BOUND ( 'NONE', #2984, .T. ) ;
#356 = ORIENTED_EDGE ( 'NONE', *, *, #521, .F. ) ;
#357 = AXIS2_PLACEMENT_3D ( 'NONE', #190, #1636, #870 ) ;
#358 = LINE ( 'NONE', #2509, #818 ) ;
#359 = CARTESIAN_POINT ( 'NONE',  ( -5.947455513884030154, 10.00000000000000178, 13.52981943047866942 ) ) ;
#360 = CARTESIAN_POINT ( 'NONE',  ( -5.880000000000001670, -10.00000000000000000, 14.02489685437724454 ) ) ;
#361 = CIRCLE ( 'NONE', #1302, 1.215000000000004299 ) ;
#362 = ORIENTED_EDGE ( 'NONE', *, *, #2161, .F. ) ;
#363 = ADVANCED_FACE ( 'NONE', ( #2756 ), #845, .F. ) ;
#364 = VECTOR ( 'NONE', #2897, 999.9999999999998863 ) ;
#365 = ORIENTED_EDGE ( 'NONE', *, *, #164, .F. ) ;
#366 = CARTESIAN_POINT ( 'NONE',  ( -0.5825000000000092326, -6.500000000000000000, 31.00000000000000000 ) ) ;
#367 = CYLINDRICAL_SURFACE ( 'NONE', #1067, 1.499999999999999556 ) ;
#368 = DIRECTION ( 'NONE',  ( 0.000000000000000000, 0.000000000000000000, -1.000000000000000000 ) ) ;
#369 = CARTESIAN_POINT ( 'NONE',  ( 0.000000000000000000, 5.599999999999999645, 2.850000000000000089 ) ) ;
#370 = FACE_OUTER_BOUND ( 'NONE', #1546, .T. ) ;
#371 = CARTESIAN_POINT ( 'NONE',  ( 7.698987737608761428, 8.500000000000000000, 0.1000000000000028644 ) ) ;
#372 = CARTESIAN_POINT ( 'NONE',  ( 0.000000000000000000, 7.275000000000000355, -1.350000000000001199 ) ) ;
#373 = CARTESIAN_POINT ( 'NONE',  ( -6.084743665671078716, 3.266666666666659058, 13.00000000000000178 ) ) ;
#374 = CIRCLE ( 'NONE', #923, 1.719999999999992424 ) ;
#375 = ORIENTED_EDGE ( 'NONE', *, *, #1508, .T. ) ;
#376 = ADVANCED_FACE ( 'NONE', ( #1589 ), #1778, .T. ) ;
#377 = CARTESIAN_POINT ( 'NONE',  ( -6.239661223705857296, -10.00000000000000178, 13.12715946605834816 ) ) ;
#378 = ORIENTED_EDGE ( 'NONE', *, *, #2116, .F. ) ;
#379 = CARTESIAN_POINT ( 'NONE',  ( -9.000000000000001776, -7.124999999999999112, -1.350000000000001199 ) ) ;
#380 = DIRECTION ( 'NONE',  ( 0.000000000000000000, 0.7071067811865536790, 0.7071067811865414665 ) ) ;
#381 = CARTESIAN_POINT ( 'NONE',  ( -5.680000000000000604, -9.800000000000052225, 14.02489685437724809 ) ) ;
#382 = VERTEX_POINT ( 'NONE', #110 ) ;
#383 = ORIENTED_EDGE ( 'NONE', *, *, #2133, .T. ) ;
#384 = CARTESIAN_POINT ( 'NONE',  ( -10.46457243684634975, -7.202559597509614164, -1.365427563153652324 ) ) ;
#385 = CARTESIAN_POINT ( 'NONE',  ( -5.908944360575069332, -10.00000000000000000, 13.65208749815310973 ) ) ;
#386 = EDGE_CURVE ( 'NONE', #1177, #1707, #1552, .T. ) ;
#387 = LINE ( 'NONE', #621, #1655 ) ;
#388 = AXIS2_PLACEMENT_3D ( 'NONE', #2193, #78, #1029 ) ;
#389 = CARTESIAN_POINT ( 'NONE',  ( -10.48000000000000043, -10.00000000000000000, 5.000000000000000000 ) ) ;
#390 = LINE ( 'NONE', #1558, #2109 ) ;
#391 = FACE_OUTER_BOUND ( 'NONE', #1094, .T. ) ;
#392 = EDGE_CURVE ( 'NONE', #2386, #2978, #1038, .T. ) ;
#393 = CARTESIAN_POINT ( 'NONE',  ( 4.177499999999999325, -6.500000000000000000, 30.80000000000001492 ) ) ;
#394 = ADVANCED_FACE ( 'NONE', ( #2452 ), #1291, .F. ) ;
#395 = EDGE_LOOP ( 'NONE', ( #2595, #2219 ) ) ;
#396 = PRODUCT_RELATED_PRODUCT_CATEGORY ( 'part', '', ( #2460 ) ) ;
#397 = CARTESIAN_POINT ( 'NONE',  ( -6.233196622720036828, -10.00000000000000000, 13.13406764902087076 ) ) ;
#398 = VECTOR ( 'NONE', #1614, 1000.000000000000227 ) ;
#399 = ORIENTED_EDGE ( 'NONE', *, *, #133, .F. ) ;
#400 = DIRECTION ( 'NONE',  ( 0.000000000000000000, 1.000000000000000000, -0.000000000000000000 ) ) ;
#401 = CARTESIAN_POINT ( 'NONE',  ( -6.071294490427262325, 10.00000000000000000, 13.31894981375785747 ) ) ;
#402 = FACE_BOUND ( 'NONE', #2716, .T. ) ;
#403 = ORIENTED_EDGE ( 'NONE', *, *, #2175, .T. ) ;
#404 = ORIENTED_EDGE ( 'NONE', *, *, #1072, .T. ) ;
#405 = CARTESIAN_POINT ( 'NONE',  ( -6.084743665671080493, -9.800000000000109068, 13.00000000000000178 ) ) ;
#406 = CARTESIAN_POINT ( 'NONE',  ( -5.961535836120768650, -9.999999999999985789, 13.49740144019513011 ) ) ;
#407 = CARTESIAN_POINT ( 'NONE',  ( 0.000000000000000000, 9.799999999999997158, 26.07999999999999829 ) ) ;
#408 = CARTESIAN_POINT ( 'NONE',  ( -6.013548542235909622, 10.00000000000000000, 13.40175306864760252 ) ) ;
#409 = CARTESIAN_POINT ( 'NONE',  ( -2.302500000000001101, 6.500000000000000000, 30.80000000000001137 ) ) ;
#410 = LINE ( 'NONE', #3036, #856 ) ;
#411 = AXIS2_PLACEMENT_3D ( 'NONE', #389, #1028, #63 ) ;
#412 = CARTESIAN_POINT ( 'NONE',  ( -5.951030648606449702, -9.999999999999998224, 13.52056433353303433 ) ) ;
#413 = ADVANCED_FACE ( 'NONE', ( #3032 ), #911, .T. ) ;
#414 = ORIENTED_EDGE ( 'NONE', *, *, #934, .T. ) ;
#415 = CARTESIAN_POINT ( 'NONE',  ( -10.32999999999999829, -7.274999999999999467, -1.350000000000001199 ) ) ;
#416 = DIRECTION ( 'NONE',  ( 0.7071067811865472397, 0.000000000000000000, 0.7071067811865479058 ) ) ;
#417 = DIRECTION ( 'NONE',  ( 1.000000000000000000, 0.000000000000000000, 0.000000000000000000 ) ) ;
#418 = ORIENTED_EDGE ( 'NONE', *, *, #299, .T. ) ;
#419 = VERTEX_POINT ( 'NONE', #185 ) ;
#420 = DIRECTION ( 'NONE',  ( 1.000000000000000000, 0.000000000000000000, 0.000000000000000000 ) ) ;
#421 = VECTOR ( 'NONE', #1309, 1000.000000000000000 ) ;
#422 = CARTESIAN_POINT ( 'NONE',  ( -6.193314704434449425, -9.999999999999996447, 13.17681859018379065 ) ) ;
#423 = DIRECTION ( 'NONE',  ( 0.000000000000000000, 0.000000000000000000, 1.000000000000000000 ) ) ;
#424 = CYLINDRICAL_SURFACE ( 'NONE', #1215, 3.237499999999999822 ) ;
#425 = ADVANCED_FACE ( 'NONE', ( #1148 ), #898, .T. ) ;
#426 = CARTESIAN_POINT ( 'NONE',  ( -10.48000000000000043, -10.00000000000000000, 0.000000000000000000 ) ) ;
#427 = CARTESIAN_POINT ( 'NONE',  ( -6.184956515665886556, -10.00000000000000000, 13.18586564445752884 ) ) ;
#428 = ORIENTED_EDGE ( 'NONE', *, *, #858, .F. ) ;
#429 = CARTESIAN_POINT ( 'NONE',  ( -6.132795786003094385, 10.00000000000000178, 13.24406611624668173 ) ) ;
#430 = VECTOR ( 'NONE', #2019, 1000.000000000000000 ) ;
#431 = VECTOR ( 'NONE', #1559, 1000.000000000000114 ) ;
#432 = CARTESIAN_POINT ( 'NONE',  ( -5.784850455776626710, -3.666666666671436481, 13.34891724144051572 ) ) ;
#433 = ORIENTED_EDGE ( 'NONE', *, *, #436, .F. ) ;
#434 = ORIENTED_EDGE ( 'NONE', *, *, #3037, .F. ) ;
#435 = DIRECTION ( 'NONE',  ( 0.000000000000000000, 0.000000000000000000, -1.000000000000000000 ) ) ;
#436 = EDGE_CURVE ( 'NONE', #909, #1243, #1390, .T. ) ;
#437 = VECTOR ( 'NONE', #1492, 1000.000000000000000 ) ;
#438 = CARTESIAN_POINT ( 'NONE',  ( -5.682714476908545365, -9.800000000000004263, 13.85149362179024735 ) ) ;
#439 = ADVANCED_FACE ( 'NONE', ( #1860 ), #1618, .T. ) ;
#440 = CARTESIAN_POINT ( 'NONE',  ( 9.198987737608760540, -8.500000000000000000, 0.1000000000000028644 ) ) ;
#441 = CARTESIAN_POINT ( 'NONE',  ( 0.000000000000000000, 0.000000000000000000, 0.000000000000000000 ) ) ;
#442 = FACE_OUTER_BOUND ( 'NONE', #1612, .T. ) ;
#443 = CARTESIAN_POINT ( 'NONE',  ( -9.150000000000002132, 7.275000000000000355, -1.350000000000001199 ) ) ;
#444 = VERTEX_POINT ( 'NONE', #1845 ) ;
#445 = CARTESIAN_POINT ( 'NONE',  ( 4.177499999999999325, -6.500000000000000000, 21.78079077038578859 ) ) ;
#446 = CARTESIAN_POINT ( 'NONE',  ( -5.680000000000000604, 3.666666666666667851, 14.02489685437724809 ) ) ;
#447 = EDGE_LOOP ( 'NONE', ( #1161, #1199, #1943, #1284, #1769 ) ) ;
#448 = ORIENTED_EDGE ( 'NONE', *, *, #1398, .F. ) ;
#449 = CARTESIAN_POINT ( 'NONE',  ( -6.151410338189037930, 9.866666672517961700, 13.02632728781351013 ) ) ;
#450 = EDGE_CURVE ( 'NONE', #2213, #1866, #22, .T. ) ;
#451 = CARTESIAN_POINT ( 'NONE',  ( -10.48000000000000043, -7.124999999999999112, 0.000000000000000000 ) ) ;
#452 = EDGE_CURVE ( 'NONE', #2564, #2446, #1162, .T. ) ;
#453 = FACE_OUTER_BOUND ( 'NONE', #5, .T. ) ;
#454 = PLANE ( 'NONE',  #661 ) ;
#455 = CIRCLE ( 'NONE', #1281, 1.299999999999997380 ) ;
#456 = CARTESIAN_POINT ( 'NONE',  ( -1.215000000000003633, -5.599999999999999645, 0.000000000000000000 ) ) ;
#457 = DIRECTION ( 'NONE',  ( 0.000000000000000000, -0.000000000000000000, -1.000000000000000000 ) ) ;
#458 = ORIENTED_EDGE ( 'NONE', *, *, #2133, .F. ) ;
#459 = CARTESIAN_POINT ( 'NONE',  ( -6.184860972427586923, 10.00000000000000000, 13.18599188456553506 ) ) ;
#460 = CARTESIAN_POINT ( 'NONE',  ( -5.936262876467393923, -3.666666666671436481, 13.15867404042361777 ) ) ;
#461 = ADVANCED_FACE ( 'NONE', ( #2322 ), #2544, .T. ) ;
#462 = ORIENTED_EDGE ( 'NONE', *, *, #2588, .F. ) ;
#463 = ORIENTED_EDGE ( 'NONE', *, *, #985, .T. ) ;
#464 = DIRECTION ( 'NONE',  ( 1.000000000000000000, 0.000000000000000000, 0.000000000000000000 ) ) ;
#465 = FACE_OUTER_BOUND ( 'NONE', #2007, .T. ) ;
#466 = CIRCLE ( 'NONE', #2171, 1.399999999999996803 ) ;
#467 = DIRECTION ( 'NONE',  ( -0.000000000000000000, -0.000000000000000000, 1.000000000000000000 ) ) ;
#468 = CARTESIAN_POINT ( 'NONE',  ( -6.185362531113534956, 10.00000000000000178, 13.18542327458860086 ) ) ;
#469 = ORIENTED_EDGE ( 'NONE', *, *, #208, .F. ) ;
#470 = CARTESIAN_POINT ( 'NONE',  ( 1.014999999999999902, 5.599999999999999645, 2.850000000000000089 ) ) ;
#471 = CARTESIAN_POINT ( 'NONE',  ( -6.010503271069237208, 11.00000000000000178, 13.07933702021180977 ) ) ;
#472 = EDGE_CURVE ( 'NONE', #627, #1893, #202, .T. ) ;
#473 = EDGE_LOOP ( 'NONE', ( #1037, #1002 ) ) ;
#474 = AXIS2_PLACEMENT_3D ( 'NONE', #1817, #851, #2299 ) ;
#475 = DIRECTION ( 'NONE',  ( -0.000000000000000000, 0.000000000000000000, 1.000000000000000000 ) ) ;
#476 = AXIS2_PLACEMENT_3D ( 'NONE', #719, #2319, #1653 ) ;
#477 = CIRCLE ( 'NONE', #1897, 1.520000000000000462 ) ;
#478 = CARTESIAN_POINT ( 'NONE',  ( -5.679999999999999716, -9.799999999999997158, 26.07999999999999829 ) ) ;
#479 = EDGE_CURVE ( 'NONE', #419, #344, #929, .T. ) ;
#480 = CONICAL_SURFACE ( 'NONE', #1891, 1.399999999999996803, 0.7853981633974503884 ) ;
#481 = CARTESIAN_POINT ( 'NONE',  ( -9.043933982822016659, 7.231066017177982808, -1.393933982822018747 ) ) ;
#482 = CARTESIAN_POINT ( 'NONE',  ( 7.698987737608761428, -10.00000000000000000, 5.000000000000000000 ) ) ;
#483 = CARTESIAN_POINT ( 'NONE',  ( -5.682714476908524937, 9.800000000000002487, 13.85149362179039834 ) ) ;
#484 = ORIENTED_EDGE ( 'NONE', *, *, #245, .T. ) ;
#485 = EDGE_CURVE ( 'NONE', #937, #1805, #2582, .T. ) ;
#486 = SURFACE_STYLE_FILL_AREA ( #1427 ) ;
#487 = CARTESIAN_POINT ( 'NONE',  ( -10.48000000000000043, -10.00000000000000000, 0.000000000000000000 ) ) ;
#488 = PRODUCT_DEFINITION ( '未知', '', #2853, #3005 ) ;
#489 = ORIENTED_EDGE ( 'NONE', *, *, #840, .T. ) ;
#490 = AXIS2_PLACEMENT_3D ( 'NONE', #259, #2352, #2337 ) ;
#491 = DIRECTION ( 'NONE',  ( -1.000000000000000000, 0.000000000000000000, 0.000000000000000000 ) ) ;
#492 = ORIENTED_EDGE ( 'NONE', *, *, #886, .F. ) ;
#493 = CARTESIAN_POINT ( 'NONE',  ( 5.697499999999999787, 6.500000000000000000, 26.07999999999999829 ) ) ;
#494 = FACE_OUTER_BOUND ( 'NONE', #308, .T. ) ;
#495 = CIRCLE ( 'NONE', #2205, 1.014999999999999902 ) ;
#496 = DIRECTION ( 'NONE',  ( 0.7071067811865467956, 8.659560562354922997E-17, -0.7071067811865483499 ) ) ;
#497 = CARTESIAN_POINT ( 'NONE',  ( -5.996258491840180227, 9.800000000000006040, 13.09619314164793380 ) ) ;
#498 = ORIENTED_EDGE ( 'NONE', *, *, #1580, .F. ) ;
#499 = CARTESIAN_POINT ( 'NONE',  ( -6.284743665671078006, 10.00000000000000000, 5.000000000000000000 ) ) ;
#500 = DIRECTION ( 'NONE',  ( 0.000000000000000000, 0.000000000000000000, 1.000000000000000000 ) ) ;
#501 = EDGE_CURVE ( 'NONE', #2169, #2001, #2080, .T. ) ;
#502 = VERTEX_POINT ( 'NONE', #246 ) ;
#503 = DIRECTION ( 'NONE',  ( 0.000000000000000000, 0.000000000000000000, 1.000000000000000000 ) ) ;
#504 = VECTOR ( 'NONE', #1815, 1000.000000000000000 ) ;
#505 = VERTEX_POINT ( 'NONE', #1847 ) ;
#506 = DIRECTION ( 'NONE',  ( 1.000000000000000000, 0.000000000000000000, -0.000000000000000000 ) ) ;
#507 = AXIS2_PLACEMENT_3D ( 'NONE', #2009, #1347, #2681 ) ;
#508 = AXIS2_PLACEMENT_3D ( 'NONE', #1397, #2301, #1864 ) ;
#509 = CARTESIAN_POINT ( 'NONE',  ( -10.48000000000000043, -2.345119469696127279, 30.90000000000000213 ) ) ;
#510 = CARTESIAN_POINT ( 'NONE',  ( 5.697499999999999787, -6.500000000000000000, 30.80000000000001492 ) ) ;
#511 = CARTESIAN_POINT ( 'NONE',  ( 9.198987737608760540, 0.000000000000000000, -20.47367503971650393 ) ) ;
#512 = AXIS2_PLACEMENT_3D ( 'NONE', #2336, #475, #913 ) ;
#513 = AXIS2_PLACEMENT_3D ( 'NONE', #2611, #1728, #981 ) ;
#514 = ORIENTED_EDGE ( 'NONE', *, *, #1630, .F. ) ;
#515 = LINE ( 'NONE', #1878, #1712 ) ;
#516 = CARTESIAN_POINT ( 'NONE',  ( -9.043933982822018436, -7.231066017177982808, -1.393933982822018525 ) ) ;
#517 = ADVANCED_FACE ( 'NONE', ( #465 ), #2123, .F. ) ;
#518 = ORIENTED_EDGE ( 'NONE', *, *, #583, .F. ) ;
#519 = DIRECTION ( 'NONE',  ( 0.7071067811865475727, -0.7071067811865475727, 0.000000000000000000 ) ) ;
#520 = VERTEX_POINT ( 'NONE', #2814 ) ;
#521 = EDGE_CURVE ( 'NONE', #2485, #444, #1968, .T. ) ;
#522 = CARTESIAN_POINT ( 'NONE',  ( -5.897457256391082758, -9.999999999999998224, 13.71218430737494565 ) ) ;
#523 = AXIS2_PLACEMENT_3D ( 'NONE', #2014, #887, #2067 ) ;
#524 = ADVANCED_FACE ( 'NONE', ( #1634 ), #2560, .T. ) ;
#525 = DIRECTION ( 'NONE',  ( 1.000000000000000000, 0.000000000000000000, 0.000000000000000000 ) ) ;
#526 = CARTESIAN_POINT ( 'NONE',  ( -13.43665174637512294, 0.000000000000000000, 29.50000000000000000 ) ) ;
#527 = CARTESIAN_POINT ( 'NONE',  ( -0.7825000000000010836, 6.500000000000000000, 21.78079077038578859 ) ) ;
#528 = ORIENTED_EDGE ( 'NONE', *, *, #1409, .F. ) ;
#529 = CARTESIAN_POINT ( 'NONE',  ( -10.37999999999999723, 2.213200166698168658, 31.00000000000000000 ) ) ;
#530 = LINE ( 'NONE', #1279, #2875 ) ;
#531 = VERTEX_POINT ( 'NONE', #955 ) ;
#532 = AXIS2_PLACEMENT_3D ( 'NONE', #1438, #746, #1680 ) ;
#533 = DIRECTION ( 'NONE',  ( 0.000000000000000000, 0.000000000000000000, 1.000000000000000000 ) ) ;
#534 = EDGE_LOOP ( 'NONE', ( #1211, #653, #2821, #3031 ) ) ;
#535 = EDGE_CURVE ( 'NONE', #752, #1933, #79, .T. ) ;
#536 = CARTESIAN_POINT ( 'NONE',  ( -5.880740325389787415, -9.999999999999998224, 13.91642484485522679 ) ) ;
#537 = ADVANCED_FACE ( 'NONE', ( #453 ), #2445, .F. ) ;
#538 = EDGE_CURVE ( 'NONE', #1953, #1444, #2064, .T. ) ;
#539 = AXIS2_PLACEMENT_3D ( 'NONE', #2017, #2920, #852 ) ;
#540 = CARTESIAN_POINT ( 'NONE',  ( -10.43606601717798199, -7.231066017177980143, -1.393933982822019413 ) ) ;
#541 = DIRECTION ( 'NONE',  ( -1.000000000000000000, 0.000000000000000000, -0.000000000000000000 ) ) ;
#542 = CARTESIAN_POINT ( 'NONE',  ( 3.237499999999999822, 3.964794012239555549E-16, 5.000000000000000000 ) ) ;
#543 = APPLICATION_CONTEXT ( 'automotive_design' ) ;
#544 = ORIENTED_EDGE ( 'NONE', *, *, #1170, .F. ) ;
#545 = DIRECTION ( 'NONE',  ( -0.7071067811865414665, 0.000000000000000000, 0.7071067811865536790 ) ) ;
#546 = ORIENTED_EDGE ( 'NONE', *, *, #2414, .T. ) ;
#547 = VERTEX_POINT ( 'NONE', #1420 ) ;
#548 = ADVANCED_FACE ( 'NONE', ( #1886 ), #889, .F. ) ;
#549 = CARTESIAN_POINT ( 'NONE',  ( 3.977500000000007141, -6.500000000000000000, 31.00000000000000000 ) ) ;
#550 = EDGE_LOOP ( 'NONE', ( #1268, #2198, #1346, #974 ) ) ;
#551 = ADVANCED_FACE ( 'NONE', ( #916 ), #2827, .T. ) ;
#552 = DIRECTION ( 'NONE',  ( 0.000000000000000000, 0.000000000000000000, 1.000000000000000000 ) ) ;
#553 = CARTESIAN_POINT ( 'NONE',  ( -9.199999999999999289, -7.275000000000000355, -1.550000000000000044 ) ) ;
#554 = DIRECTION ( 'NONE',  ( 1.000000000000000000, 0.000000000000000000, 0.000000000000000000 ) ) ;
#555 = CARTESIAN_POINT ( 'NONE',  ( 9.198987737608760540, -8.500000000000000000, 4.800000000000002487 ) ) ;
#556 = EDGE_LOOP ( 'NONE', ( #1238, #862 ) ) ;
#557 = CARTESIAN_POINT ( 'NONE',  ( -10.48000000000000043, 2.007504789401327816, 29.50000000000000000 ) ) ;
#558 = CIRCLE ( 'NONE', #13, 1.215000000000004299 ) ;
#559 = CIRCLE ( 'NONE', #2223, 3.237499999999999822 ) ;
#560 = EDGE_LOOP ( 'NONE', ( #2037, #2794, #2607, #1793 ) ) ;
#561 = EDGE_LOOP ( 'NONE', ( #383, #2434, #875, #2647 ) ) ;
#562 = DIRECTION ( 'NONE',  ( 0.000000000000000000, 0.000000000000000000, 1.000000000000000000 ) ) ;
#563 = DIRECTION ( 'NONE',  ( 1.000000000000000000, 0.000000000000000000, 0.000000000000000000 ) ) ;
#564 = ORIENTED_EDGE ( 'NONE', *, *, #485, .F. ) ;
#565 = CARTESIAN_POINT ( 'NONE',  ( 9.098987737608757342, 8.500000000000000000, 31.00000000000000000 ) ) ;
#566 = LINE ( 'NONE', #2652, #1370 ) ;
#567 = CARTESIAN_POINT ( 'NONE',  ( 0.000000000000000000, 7.275000000000000355, -1.550000000000000044 ) ) ;
#568 = AXIS2_PLACEMENT_3D ( 'NONE', #11, #2125, #263 ) ;
#569 = CARTESIAN_POINT ( 'NONE',  ( 9.198987737608760540, 0.000000000000000000, 4.800000000000002487 ) ) ;
#570 = VECTOR ( 'NONE', #1375, 1000.000000000000000 ) ;
#571 = EDGE_LOOP ( 'NONE', ( #2042, #2960, #803, #2809, #670 ) ) ;
#572 = CARTESIAN_POINT ( 'NONE',  ( -3.822500000000001119, -6.500000000000000000, 30.80000000000001137 ) ) ;
#573 = ORIENTED_EDGE ( 'NONE', *, *, #1254, .F. ) ;
#574 = VERTEX_POINT ( 'NONE', #712 ) ;
#575 = DIRECTION ( 'NONE',  ( 0.000000000000000000, 0.000000000000000000, -1.000000000000000000 ) ) ;
#576 = CARTESIAN_POINT ( 'NONE',  ( -5.680000000000000604, 9.799999999999963407, 13.91624144049130329 ) ) ;
#577 = DIRECTION ( 'NONE',  ( -1.000000000000000000, 0.000000000000000000, 0.000000000000000000 ) ) ;
#578 = ORIENTED_EDGE ( 'NONE', *, *, #2149, .F. ) ;
#579 = ORIENTED_EDGE ( 'NONE', *, *, #37, .F. ) ;
#580 = CARTESIAN_POINT ( 'NONE',  ( 8.998987737608759474, 0.000000000000000000, 26.07999999999999829 ) ) ;
#581 = CARTESIAN_POINT ( 'NONE',  ( 8.998987737608759474, -8.500000000000000000, 26.07999999999999829 ) ) ;
#582 = CARTESIAN_POINT ( 'NONE',  ( 7.698987737608761428, 8.500000000000000000, 30.89999999999999858 ) ) ;
#583 = EDGE_CURVE ( 'NONE', #827, #2471, #1646, .T. ) ;
#584 = DIRECTION ( 'NONE',  ( -0.7071067811865475727, 0.000000000000000000, 0.7071067811865475727 ) ) ;
#585 = CARTESIAN_POINT ( 'NONE',  ( -3.822500000000001119, 6.500000000000000000, 30.80000000000001137 ) ) ;
#586 = AXIS2_PLACEMENT_3D ( 'NONE', #2802, #9, #1863 ) ;
#587 = DIRECTION ( 'NONE',  ( 0.000000000000000000, -1.000000000000000000, 0.000000000000000000 ) ) ;
#588 = DIRECTION ( 'NONE',  ( 0.000000000000000000, -0.000000000000000000, -1.000000000000000000 ) ) ;
#589 = EDGE_CURVE ( 'NONE', #1937, #1387, #1514, .T. ) ;
#590 = ORIENTED_EDGE ( 'NONE', *, *, #691, .T. ) ;
#591 = CARTESIAN_POINT ( 'NONE',  ( -6.256714120341159813, -10.00000000000000000, 13.10893606821411517 ) ) ;
#592 = ORIENTED_EDGE ( 'NONE', *, *, #809, .T. ) ;
#593 = CARTESIAN_POINT ( 'NONE',  ( -4.056495777114051293, 7.771752111442975952, 7.028247888557026535 ) ) ;
#594 = VECTOR ( 'NONE', #2767, 1000.000000000000000 ) ;
#595 = CARTESIAN_POINT ( 'NONE',  ( -6.145992855122159426, 10.00000000000000355, 13.22880297277504802 ) ) ;
#596 = DIRECTION ( 'NONE',  ( 0.000000000000000000, 0.000000000000000000, -1.000000000000000000 ) ) ;
#597 = VERTEX_POINT ( 'NONE', #1166 ) ;
#598 = ORIENTED_EDGE ( 'NONE', *, *, #1533, .T. ) ;
#599 = FACE_OUTER_BOUND ( 'NONE', #2949, .T. ) ;
#600 = VECTOR ( 'NONE', #1394, 1000.000000000000000 ) ;
#601 = DIRECTION ( 'NONE',  ( 0.000000000000000000, 0.000000000000000000, 1.000000000000000000 ) ) ;
#602 = CARTESIAN_POINT ( 'NONE',  ( -6.284743665671078006, -10.00000000000000000, 4.800000000000001599 ) ) ;
#603 = DIRECTION ( 'NONE',  ( 0.000000000000000000, 1.000000000000000000, 0.000000000000000000 ) ) ;
#604 = FACE_OUTER_BOUND ( 'NONE', #2618, .T. ) ;
#605 = DIRECTION ( 'NONE',  ( -0.5773502691896290617, 0.5773502691896290617, 0.5773502691896190697 ) ) ;
#606 = CARTESIAN_POINT ( 'NONE',  ( 9.198987737608760540, -8.500000000000000000, 26.27999999999999758 ) ) ;
#607 = ORIENTED_EDGE ( 'NONE', *, *, #1619, .F. ) ;
#608 =( BOUNDED_CURVE ( )  B_SPLINE_CURVE ( 3, ( #379, #823, #2660, #2908 ),
 .UNSPECIFIED., .F., .F. ) 
 B_SPLINE_CURVE_WITH_KNOTS ( ( 4, 4 ),
 ( -6.217248937900876626E-15, 0.7853981633974519427 ),
 .UNSPECIFIED. ) 
 CURVE ( )  GEOMETRIC_REPRESENTATION_ITEM ( )  RATIONAL_B_SPLINE_CURVE ( ( 1.000000000000000000, 0.9492530216741897897, 0.9492530216741897897, 1.000000000000000000 ) ) 
 REPRESENTATION_ITEM ( '' )  );
#609 = CARTESIAN_POINT ( 'NONE',  ( -6.119249215784620333, -10.00000000000000178, 13.25963442771183232 ) ) ;
#610 = ORIENTED_EDGE ( 'NONE', *, *, #2057, .T. ) ;
#611 = VECTOR ( 'NONE', #2327, 1000.000000000000000 ) ;
#612 = CARTESIAN_POINT ( 'NONE',  ( -6.010503271069237208, 9.799999999999963407, 13.07933702021180977 ) ) ;
#613 = CARTESIAN_POINT ( 'NONE',  ( -10.48000000000000043, 10.00000000000000000, 4.800000000000001599 ) ) ;
#614 = EDGE_CURVE ( 'NONE', #2823, #1172, #2098, .T. ) ;
#615 = VECTOR ( 'NONE', #1216, 1000.000000000000000 ) ;
#616 = VECTOR ( 'NONE', #1312, 1000.000000000000114 ) ;
#617 = ORIENTED_EDGE ( 'NONE', *, *, #353, .T. ) ;
#618 = CARTESIAN_POINT ( 'NONE',  ( -9.150000000000000355, -7.125000000000000000, -1.550000000000000044 ) ) ;
#619 = CARTESIAN_POINT ( 'NONE',  ( -6.175307363473566902, -9.799999999999995381, 12.90321907687120095 ) ) ;
#620 = EDGE_CURVE ( 'NONE', #382, #793, #2310, .T. ) ;
#621 = CARTESIAN_POINT ( 'NONE',  ( 7.698987737608761428, 10.00000000000000000, 4.800000000000001599 ) ) ;
#622 = FACE_OUTER_BOUND ( 'NONE', #2784, .T. ) ;
#623 = CARTESIAN_POINT ( 'NONE',  ( -5.880048068996361899, 10.00000000000000355, 13.97940914584151173 ) ) ;
#624 = CARTESIAN_POINT ( 'NONE',  ( 9.198987737608760540, 8.500000000000000000, 4.800000000000002487 ) ) ;
#625 = CARTESIAN_POINT ( 'NONE',  ( -9.000000000000001776, -7.124999999999999112, -1.350000000000001199 ) ) ;
#626 = VECTOR ( 'NONE', #1132, 1000.000000000000000 ) ;
#627 = VERTEX_POINT ( 'NONE', #440 ) ;
#628 = AXIS2_PLACEMENT_3D ( 'NONE', #1789, #339, #1738 ) ;
#629 = DIRECTION ( 'NONE',  ( -0.7071067811865467956, 0.000000000000000000, -0.7071067811865483499 ) ) ;
#630 = ORIENTED_EDGE ( 'NONE', *, *, #1395, .F. ) ;
#631 = DIRECTION ( 'NONE',  ( 0.000000000000000000, 0.000000000000000000, 1.000000000000000000 ) ) ;
#632 = CARTESIAN_POINT ( 'NONE',  ( -6.017664329238317400, 10.00000000000000711, 13.39511867735490824 ) ) ;
#633 = CARTESIAN_POINT ( 'NONE',  ( -5.680000000000000604, -9.799999999999995381, 13.91624144049130329 ) ) ;
#634 = ORIENTED_EDGE ( 'NONE', *, *, #535, .F. ) ;
#635 = VERTEX_POINT ( 'NONE', #1979 ) ;
#636 = CARTESIAN_POINT ( 'NONE',  ( -6.284743665671078006, -10.00000000000000000, 13.07898230392524219 ) ) ;
#637 = B_SPLINE_CURVE_WITH_KNOTS ( 'NONE', 3,
 ( #360, #2947, #879, #1739 ),
 .UNSPECIFIED., .F., .F.,
 ( 4, 4 ),
 ( 0.000000000000000000, 1.000000000000000000 ),
 .UNSPECIFIED. ) ;
#638 = CARTESIAN_POINT ( 'NONE',  ( -6.209267282818496270, -10.00000000000002132, 13.15965357340719066 ) ) ;
#639 = ADVANCED_FACE ( 'NONE', ( #124 ), #2023, .F. ) ;
#640 = FILL_AREA_STYLE ('',( #2099 ) ) ;
#641 = CARTESIAN_POINT ( 'NONE',  ( -5.951282948356014124, 10.00000000000000000, 13.52008660252537275 ) ) ;
#642 = DIRECTION ( 'NONE',  ( 0.000000000000000000, 0.000000000000000000, 1.000000000000000000 ) ) ;
#643 = ADVANCED_FACE ( 'NONE', ( #2713 ), #1666, .F. ) ;
#644 = LINE ( 'NONE', #2314, #1045 ) ;
#645 = AXIS2_PLACEMENT_3D ( 'NONE', #676, #1607, #2547 ) ;
#646 = ORIENTED_EDGE ( 'NONE', *, *, #2167, .T. ) ;
#647 = CARTESIAN_POINT ( 'NONE',  ( -6.240446093931454108, -10.00000000000000000, 13.12632074227872359 ) ) ;
#648 = CIRCLE ( 'NONE', #1020, 1.520000000000000018 ) ;
#649 = ORIENTED_EDGE ( 'NONE', *, *, #1883, .T. ) ;
#650 = DIRECTION ( 'NONE',  ( -0.000000000000000000, -0.000000000000000000, -1.000000000000000000 ) ) ;
#651 = CARTESIAN_POINT ( 'NONE',  ( -5.679999999999999716, 9.800000000000004263, 14.02489685437724809 ) ) ;
#652 = CARTESIAN_POINT ( 'NONE',  ( -7.319999999999978968, -11.44000000000001194, 27.71999999999998465 ) ) ;
#653 = ORIENTED_EDGE ( 'NONE', *, *, #985, .F. ) ;
#654 = ORIENTED_EDGE ( 'NONE', *, *, #1168, .F. ) ;
#655 = DIRECTION ( 'NONE',  ( 1.000000000000000000, 0.000000000000000000, 0.000000000000000000 ) ) ;
#656 = CARTESIAN_POINT ( 'NONE',  ( -5.899686877113810013, -9.999999999999996447, 13.69776942477211179 ) ) ;
#657 = EDGE_CURVE ( 'NONE', #88, #2001, #2927, .T. ) ;
#658 = CARTESIAN_POINT ( 'NONE',  ( -6.076279618017657036, 10.00000000000000000, 13.31271608602155965 ) ) ;
#659 = DIRECTION ( 'NONE',  ( 1.000000000000000000, 0.000000000000000000, 0.000000000000000000 ) ) ;
#660 = DIRECTION ( 'NONE',  ( 0.000000000000000000, -0.7071067811865474617, 0.7071067811865474617 ) ) ;
#661 = AXIS2_PLACEMENT_3D ( 'NONE', #407, #917, #1152 ) ;
#662 = EDGE_CURVE ( 'NONE', #1866, #1079, #2820, .T. ) ;
#663 = CARTESIAN_POINT ( 'NONE',  ( -10.48000000000000043, -7.075000000000000178, -1.550000000000000044 ) ) ;
#664 = AXIS2_PLACEMENT_3D ( 'NONE', #900, #1622, #2596 ) ;
#665 = ORIENTED_EDGE ( 'NONE', *, *, #304, .F. ) ;
#666 = CARTESIAN_POINT ( 'NONE',  ( -6.145108243879829679, 9.999999999999998224, 13.23000144103099984 ) ) ;
#667 = CARTESIAN_POINT ( 'NONE',  ( -10.43606601717798021, 7.231066017177982808, -1.393933982822018525 ) ) ;
#668 = FACE_OUTER_BOUND ( 'NONE', #2321, .T. ) ;
#669 = EDGE_CURVE ( 'NONE', #2658, #2119, #2005, .T. ) ;
#670 = ORIENTED_EDGE ( 'NONE', *, *, #313, .F. ) ;
#671 = VECTOR ( 'NONE', #2726, 1000.000000000000000 ) ;
#672 = ORIENTED_EDGE ( 'NONE', *, *, #2167, .F. ) ;
#673 = DIRECTION ( 'NONE',  ( 0.000000000000000000, -1.000000000000000000, 0.000000000000000000 ) ) ;
#674 = AXIS2_PLACEMENT_3D ( 'NONE', #1021, #519, #2635 ) ;
#675 = CARTESIAN_POINT ( 'NONE',  ( -6.084743665671078716, -9.799999999999997158, 13.00000000000000178 ) ) ;
#676 = CARTESIAN_POINT ( 'NONE',  ( -2.302500000000001101, 6.500000000000000000, 31.00000000000000000 ) ) ;
#677 = SURFACE_STYLE_USAGE ( .BOTH. , #2533 ) ;
#678 = CARTESIAN_POINT ( 'NONE',  ( 7.698987737608761428, 10.00000000000000000, 0.000000000000000000 ) ) ;
#679 = CARTESIAN_POINT ( 'NONE',  ( -9.000000000000001776, 7.125000000000000000, 0.000000000000000000 ) ) ;
#680 = ORIENTED_EDGE ( 'NONE', *, *, #2643, .T. ) ;
#681 = EDGE_CURVE ( 'NONE', #937, #1962, #1585, .T. ) ;
#682 = DIRECTION ( 'NONE',  ( -1.000000000000000000, 0.000000000000000000, 0.000000000000000000 ) ) ;
#683 = CARTESIAN_POINT ( 'NONE',  ( -6.084743665671078716, 3.666666666666667851, 13.00000000000000178 ) ) ;
#684 = ORIENTED_EDGE ( 'NONE', *, *, #1563, .F. ) ;
#685 = VERTEX_POINT ( 'NONE', #2946 ) ;
#686 = DIRECTION ( 'NONE',  ( -1.000000000000000000, 0.000000000000000000, 0.000000000000000000 ) ) ;
#687 = CIRCLE ( 'NONE', #1459, 1.520000000000000018 ) ;
#688 = DIRECTION ( 'NONE',  ( 1.000000000000000000, -5.860552283705427907E-16, 0.000000000000000000 ) ) ;
#689 = DIRECTION ( 'NONE',  ( 0.000000000000000000, 1.000000000000000000, 0.000000000000000000 ) ) ;
#690 = CARTESIAN_POINT ( 'NONE',  ( -9.043933982822016659, 7.231066017177982808, -1.393933982822018747 ) ) ;
#691 = EDGE_CURVE ( 'NONE', #1019, #2412, #1548, .T. ) ;
#692 = CARTESIAN_POINT ( 'NONE',  ( -10.38000000000000078, -9.949999999999997513, 30.94999999999999929 ) ) ;
#693 = ORIENTED_EDGE ( 'NONE', *, *, #2854, .T. ) ;
#694 = DIRECTION ( 'NONE',  ( -0.000000000000000000, -0.000000000000000000, 1.000000000000000000 ) ) ;
#695 = EDGE_CURVE ( 'NONE', #1330, #735, #2335, .T. ) ;
#696 = CARTESIAN_POINT ( 'NONE',  ( -10.48000000000000043, 2.065590501101479681, 30.83262862291524087 ) ) ;
#697 = EDGE_LOOP ( 'NONE', ( #1616, #1224, #1786, #1682 ) ) ;
#698 = AXIS2_PLACEMENT_3D ( 'NONE', #499, #268, #1212 ) ;
#699 = EDGE_LOOP ( 'NONE', ( #1091, #1987, #43, #1402 ) ) ;
#700 = CARTESIAN_POINT ( 'NONE',  ( -2.302500000000001101, 6.500000000000000000, 26.07999999999999829 ) ) ;
#701 = DIRECTION ( 'NONE',  ( 0.000000000000000000, 0.000000000000000000, 1.000000000000000000 ) ) ;
#702 = DIRECTION ( 'NONE',  ( 0.000000000000000000, 0.000000000000000000, 1.000000000000000000 ) ) ;
#703 = CARTESIAN_POINT ( 'NONE',  ( -0.7825000000000010836, 6.500000000000000000, 30.80000000000001137 ) ) ;
#704 = ADVANCED_FACE ( 'NONE', ( #1567 ), #127, .T. ) ;
#705 = ORIENTED_EDGE ( 'NONE', *, *, #2165, .F. ) ;
#706 = CARTESIAN_POINT ( 'NONE',  ( -6.284743646600483125, 10.00000000000000000, 13.07898230392523153 ) ) ;
#707 =( GEOMETRIC_REPRESENTATION_CONTEXT ( 3 ) GLOBAL_UNCERTAINTY_ASSIGNED_CONTEXT ( ( #2079 ) ) GLOBAL_UNIT_ASSIGNED_CONTEXT ( ( #172, #1350, #2065 ) ) REPRESENTATION_CONTEXT ( 'NONE', 'WORKASPACE' ) );
#708 = CARTESIAN_POINT ( 'NONE',  ( -6.010503271069237208, -3.666666666671436481, 13.07933702021180977 ) ) ;
#709 = EDGE_LOOP ( 'NONE', ( #1341, #822, #1116, #926, #2390, #1362 ) ) ;
#710 = ADVANCED_FACE ( 'NONE', ( #1917 ), #717, .T. ) ;
#711 = CARTESIAN_POINT ( 'NONE',  ( -5.698179652220932034, -9.800000000000002487, 13.69041221460062374 ) ) ;
#712 = CARTESIAN_POINT ( 'NONE',  ( 9.098987737608757342, -8.500000000000000000, 0.000000000000000000 ) ) ;
#713 = VECTOR ( 'NONE', #1980, 1000.000000000000114 ) ;
#714 = EDGE_CURVE ( 'NONE', #88, #1177, #455, .T. ) ;
#715 = DIRECTION ( 'NONE',  ( 1.000000000000000000, 0.000000000000000000, 0.000000000000000000 ) ) ;
#716 = PLANE ( 'NONE',  #1005 ) ;
#717 = PLANE ( 'NONE',  #340 ) ;
#718 = ORIENTED_EDGE ( 'NONE', *, *, #2583, .T. ) ;
#719 = CARTESIAN_POINT ( 'NONE',  ( -10.32999999999999829, -7.124999999999999112, 0.000000000000000000 ) ) ;
#720 = ORIENTED_EDGE ( 'NONE', *, *, #2923, .F. ) ;
#721 = CIRCLE ( 'NONE', #869, 1.719999999999991980 ) ;
#722 = CARTESIAN_POINT ( 'NONE',  ( -5.799327871516902100, -9.799999999999991829, 13.37394332964852772 ) ) ;
#723 = ORIENTED_EDGE ( 'NONE', *, *, #1508, .F. ) ;
#724 = CONICAL_SURFACE ( 'NONE', #1497, 1.215000000000004299, 0.7853981633974471688 ) ;
#725 = AXIS2_PLACEMENT_3D ( 'NONE', #2199, #1547, #1966 ) ;
#726 = DIRECTION ( 'NONE',  ( 0.000000000000000000, -1.000000000000000000, 0.000000000000000000 ) ) ;
#727 = LINE ( 'NONE', #756, #1835 ) ;
#728 = CARTESIAN_POINT ( 'NONE',  ( 0.000000000000000000, 5.599999999999999645, 0.000000000000000000 ) ) ;
#729 = EDGE_CURVE ( 'NONE', #2071, #1937, #758, .T. ) ;
#730 = CARTESIAN_POINT ( 'NONE',  ( -5.684085120156686877, 9.800000000000009592, 13.82530079102725473 ) ) ;
#731 = B_SPLINE_CURVE_WITH_KNOTS ( 'NONE', 3,
 ( #529, #761, #2671, #1031 ),
 .UNSPECIFIED., .F., .F.,
 ( 4, 4 ),
 ( 0.000000000000000000, 0.0001451397698198233328 ),
 .UNSPECIFIED. ) ;
#732 = ORIENTED_EDGE ( 'NONE', *, *, #1488, .T. ) ;
#733 = LINE ( 'NONE', #1225, #1948 ) ;
#734 = DIRECTION ( 'NONE',  ( -0.000000000000000000, -0.000000000000000000, 1.000000000000000000 ) ) ;
#735 = VERTEX_POINT ( 'NONE', #667 ) ;
#736 = AXIS2_PLACEMENT_3D ( 'NONE', #3019, #2311, #726 ) ;
#737 = CARTESIAN_POINT ( 'NONE',  ( 0.000000000000000000, 5.599999999999999645, 0.000000000000000000 ) ) ;
#738 = EDGE_LOOP ( 'NONE', ( #2494, #680 ) ) ;
#739 = CARTESIAN_POINT ( 'NONE',  ( 9.098987737608757342, 8.500000000000000000, 0.000000000000000000 ) ) ;
#740 = LINE ( 'NONE', #1675, #2720 ) ;
#741 = VECTOR ( 'NONE', #2936, 1000.000000000000000 ) ;
#742 = FACE_BOUND ( 'NONE', #738, .T. ) ;
#743 = ADVANCED_FACE ( 'NONE', ( #1537 ), #115, .F. ) ;
#744 = CARTESIAN_POINT ( 'NONE',  ( -5.762179311276638849, 9.800000000000004263, 13.45443671318842505 ) ) ;
#745 = EDGE_LOOP ( 'NONE', ( #492, #2303, #2095, #1480 ) ) ;
#746 = DIRECTION ( 'NONE',  ( -0.000000000000000000, -0.000000000000000000, -1.000000000000000000 ) ) ;
#747 = FACE_OUTER_BOUND ( 'NONE', #327, .T. ) ;
#748 = ADVANCED_FACE ( 'NONE', ( #370 ), #2901, .T. ) ;
#749 = ORIENTED_EDGE ( 'NONE', *, *, #2885, .T. ) ;
#750 = ADVANCED_FACE ( 'NONE', ( #815 ), #332, .F. ) ;
#751 = CARTESIAN_POINT ( 'NONE',  ( -2.302500000000001101, -6.500000000000000000, 31.00000000000000000 ) ) ;
#752 = VERTEX_POINT ( 'NONE', #1719 ) ;
#753 = LINE ( 'NONE', #2405, #1303 ) ;
#754 = VECTOR ( 'NONE', #1180, 1000.000000000000000 ) ;
#755 = AXIS2_PLACEMENT_3D ( 'NONE', #1721, #2688, #1323 ) ;
#756 = CARTESIAN_POINT ( 'NONE',  ( -9.000000000000001776, 7.125000000000000000, -1.550000000000000044 ) ) ;
#757 = DIRECTION ( 'NONE',  ( 1.000000000000000000, 0.000000000000000000, 0.000000000000000000 ) ) ;
#758 = LINE ( 'NONE', #527, #594 ) ;
#759 = CIRCLE ( 'NONE', #223, 1.299999999999997380 ) ;
#760 = VERTEX_POINT ( 'NONE', #2667 ) ;
#761 = CARTESIAN_POINT ( 'NONE',  ( -10.41334572858961671, 2.202395457281315583, 30.96665427141038052 ) ) ;
#762 = CARTESIAN_POINT ( 'NONE',  ( 5.697499999999999787, -6.500000000000000000, 26.07999999999999829 ) ) ;
#763 = ADVANCED_FACE ( 'NONE', ( #1319 ), #1961, .F. ) ;
#764 = ORIENTED_EDGE ( 'NONE', *, *, #353, .F. ) ;
#765 = ADVANCED_FACE ( 'NONE', ( #1747 ), #2848, .F. ) ;
#766 = CARTESIAN_POINT ( 'NONE',  ( 7.698987737608761428, 10.00000000000000000, 26.27999999999999758 ) ) ;
#767 = ADVANCED_FACE ( 'NONE', ( #64 ), #2248, .F. ) ;
#768 = EDGE_LOOP ( 'NONE', ( #3038, #2334, #309, #749, #1740 ) ) ;
#769 = CIRCLE ( 'NONE', #2489, 1.499999999999999556 ) ;
#770 = DIRECTION ( 'NONE',  ( 0.000000000000000000, 0.000000000000000000, 1.000000000000000000 ) ) ;
#771 = CONICAL_SURFACE ( 'NONE', #179, 1.215000000000004299, 0.7853981633974471688 ) ;
#772 = DIRECTION ( 'NONE',  ( -1.000000000000000000, 0.000000000000000000, 0.000000000000000000 ) ) ;
#773 = CARTESIAN_POINT ( 'NONE',  ( -10.48000000000000043, -2.007504789401328704, 29.29999999999999361 ) ) ;
#774 = DIRECTION ( 'NONE',  ( -0.000000000000000000, -0.000000000000000000, -1.000000000000000000 ) ) ;
#775 = ORIENTED_EDGE ( 'NONE', *, *, #1314, .T. ) ;
#776 = EDGE_CURVE ( 'NONE', #1805, #1723, #2684, .T. ) ;
#777 = CARTESIAN_POINT ( 'NONE',  ( -9.150000000000002132, 7.275000000000000355, 0.000000000000000000 ) ) ;
#778 = ORIENTED_EDGE ( 'NONE', *, *, #1407, .F. ) ;
#779 = ORIENTED_EDGE ( 'NONE', *, *, #1935, .F. ) ;
#780 = AXIS2_PLACEMENT_3D ( 'NONE', #922, #1400, #2806 ) ;
#781 = FACE_OUTER_BOUND ( 'NONE', #804, .T. ) ;
#782 = ORIENTED_EDGE ( 'NONE', *, *, #2402, .T. ) ;
#783 = DIRECTION ( 'NONE',  ( 0.000000000000000000, 0.000000000000000000, -1.000000000000000000 ) ) ;
#784 = FACE_OUTER_BOUND ( 'NONE', #550, .T. ) ;
#785 = DIRECTION ( 'NONE',  ( 0.000000000000000000, 0.000000000000000000, 1.000000000000000000 ) ) ;
#786 = CARTESIAN_POINT ( 'NONE',  ( 0.000000000000000000, 5.599999999999999645, 0.000000000000000000 ) ) ;
#787 = CARTESIAN_POINT ( 'NONE',  ( 0.000000000000000000, 0.000000000000000000, 5.000000000000000000 ) ) ;
#788 = EDGE_CURVE ( 'NONE', #2564, #1289, #1519, .T. ) ;
#789 = DIRECTION ( 'NONE',  ( 0.000000000000000000, -1.000000000000000000, 0.000000000000000000 ) ) ;
#790 = ORIENTED_EDGE ( 'NONE', *, *, #1254, .T. ) ;
#791 = ORIENTED_EDGE ( 'NONE', *, *, #934, .F. ) ;
#792 = CARTESIAN_POINT ( 'NONE',  ( -5.879999999999995453, 10.00000000000000000, 14.02489685437724809 ) ) ;
#793 = VERTEX_POINT ( 'NONE', #2229 ) ;
#794 = ADVANCED_FACE ( 'NONE', ( #2208 ), #1013, .F. ) ;
#795 = DIRECTION ( 'NONE',  ( 0.000000000000000000, 1.000000000000000000, -0.000000000000000000 ) ) ;
#796 = DIRECTION ( 'NONE',  ( 1.000000000000000000, 0.000000000000000000, 0.000000000000000000 ) ) ;
#797 = DIRECTION ( 'NONE',  ( -0.7071067811865467956, 0.000000000000000000, -0.7071067811865483499 ) ) ;
#798 = DIRECTION ( 'NONE',  ( 0.000000000000000000, 1.000000000000000000, 0.000000000000000000 ) ) ;
#799 = EDGE_CURVE ( 'NONE', #2061, #2746, #1043, .T. ) ;
#800 = ORIENTED_EDGE ( 'NONE', *, *, #2190, .T. ) ;
#801 = CARTESIAN_POINT ( 'NONE',  ( -6.084743665671078716, -3.266666666666695473, 13.00000000000000178 ) ) ;
#802 = VECTOR ( 'NONE', #2609, 1000.000000000000000 ) ;
#803 = ORIENTED_EDGE ( 'NONE', *, *, #2655, .F. ) ;
#804 = EDGE_LOOP ( 'NONE', ( #1926, #2691, #843, #255 ) ) ;
#805 = PLANE ( 'NONE',  #628 ) ;
#806 = DIRECTION ( 'NONE',  ( -0.7071067811865536790, 8.659560562355009279E-17, 0.7071067811865413555 ) ) ;
#807 = VERTEX_POINT ( 'NONE', #1932 ) ;
#808 = ORIENTED_EDGE ( 'NONE', *, *, #2712, .T. ) ;
#809 = EDGE_CURVE ( 'NONE', #344, #197, #495, .T. ) ;
#810 = CARTESIAN_POINT ( 'NONE',  ( -10.28000000000000114, 7.075000000000001066, -1.550000000000000044 ) ) ;
#811 = EDGE_CURVE ( 'NONE', #1598, #505, #897, .T. ) ;
#812 = DIRECTION ( 'NONE',  ( -0.000000000000000000, -0.000000000000000000, 1.000000000000000000 ) ) ;
#813 = CARTESIAN_POINT ( 'NONE',  ( -1.215000000000004299, 5.599999999999999645, 0.000000000000000000 ) ) ;
#814 = AXIS2_PLACEMENT_3D ( 'NONE', #1691, #2613, #1222 ) ;
#815 = FACE_OUTER_BOUND ( 'NONE', #697, .T. ) ;
#816 = DIRECTION ( 'NONE',  ( -0.7071067811865536790, 8.659560562355009279E-17, 0.7071067811865413555 ) ) ;
#817 = DIRECTION ( 'NONE',  ( 0.000000000000000000, 0.7071067811865475727, -0.7071067811865475727 ) ) ;
#818 = VECTOR ( 'NONE', #2711, 1000.000000000000000 ) ;
#819 = LINE ( 'NONE', #393, #1443 ) ;
#820 = ORIENTED_EDGE ( 'NONE', *, *, #2687, .F. ) ;
#821 = CARTESIAN_POINT ( 'NONE',  ( 7.698987737608761428, 8.500000000000000000, 31.00000000000000000 ) ) ;
#822 = ORIENTED_EDGE ( 'NONE', *, *, #286, .T. ) ;
#823 = CARTESIAN_POINT ( 'NONE',  ( -8.999999999999998224, -7.165314165309702332, -1.350000000000000311 ) ) ;
#824 = DIRECTION ( 'NONE',  ( 1.000000000000000000, 0.000000000000000000, 0.000000000000000000 ) ) ;
#825 = CARTESIAN_POINT ( 'NONE',  ( -5.699429496954159902, -9.799999999999995381, 13.56522123683442338 ) ) ;
#826 = ORIENTED_EDGE ( 'NONE', *, *, #2898, .F. ) ;
#827 = VERTEX_POINT ( 'NONE', #542 ) ;
#828 = FACE_OUTER_BOUND ( 'NONE', #1051, .T. ) ;
#829 = CARTESIAN_POINT ( 'NONE',  ( -5.679999999999999716, -10.00000000000000000, 26.07999999999999829 ) ) ;
#830 = DIRECTION ( 'NONE',  ( 0.000000000000000000, 0.000000000000000000, 1.000000000000000000 ) ) ;
#831 = DIRECTION ( 'NONE',  ( -0.000000000000000000, -0.000000000000000000, 1.000000000000000000 ) ) ;
#832 = DIRECTION ( 'NONE',  ( 0.000000000000000000, 0.000000000000000000, -1.000000000000000000 ) ) ;
#833 = PLANE ( 'NONE',  #2189 ) ;
#834 = EDGE_CURVE ( 'NONE', #1628, #1388, #1947, .T. ) ;
#835 = DIRECTION ( 'NONE',  ( 0.000000000000000000, -0.000000000000000000, -1.000000000000000000 ) ) ;
#836 = ORIENTED_EDGE ( 'NONE', *, *, #538, .F. ) ;
#837 = CARTESIAN_POINT ( 'NONE',  ( -6.197506911117730333, -9.999999999999996447, 13.17230712020173300 ) ) ;
#838 = VERTEX_POINT ( 'NONE', #2178 ) ;
#839 = CARTESIAN_POINT ( 'NONE',  ( 9.198987737608760540, 0.000000000000000000, 26.27999999999999758 ) ) ;
#840 = EDGE_CURVE ( 'NONE', #838, #505, #2654, .T. ) ;
#841 = CARTESIAN_POINT ( 'NONE',  ( -10.48000000000000043, 7.165314165309704997, -1.350000000000002753 ) ) ;
#842 = CARTESIAN_POINT ( 'NONE',  ( 7.698987737608761428, 10.00000000000000000, 30.89999999999999858 ) ) ;
#843 = ORIENTED_EDGE ( 'NONE', *, *, #2346, .T. ) ;
#844 = ORIENTED_EDGE ( 'NONE', *, *, #2687, .T. ) ;
#845 = CYLINDRICAL_SURFACE ( 'NONE', #260, 1.520000000000000462 ) ;
#846 = CARTESIAN_POINT ( 'NONE',  ( -5.947455513884034595, -9.999999999999994671, 13.52981943047867297 ) ) ;
#847 = CIRCLE ( 'NONE', #158, 1.014999999999999902 ) ;
#848 = DIRECTION ( 'NONE',  ( 0.7071067811865594521, 0.000000000000000000, 0.7071067811865355823 ) ) ;
#849 = CARTESIAN_POINT ( 'NONE',  ( -10.48000000000000043, 7.125000000000000000, -1.350000000000001199 ) ) ;
#850 = CARTESIAN_POINT ( 'NONE',  ( -5.880087421498691569, 10.00000000000000000, 13.97010201732399004 ) ) ;
#851 = DIRECTION ( 'NONE',  ( 0.000000000000000000, -0.000000000000000000, -1.000000000000000000 ) ) ;
#852 = DIRECTION ( 'NONE',  ( 1.000000000000000000, 0.000000000000000000, 0.000000000000000000 ) ) ;
#853 = ORIENTED_EDGE ( 'NONE', *, *, #662, .T. ) ;
#854 = LINE ( 'NONE', #1770, #1804 ) ;
#855 = ORIENTED_EDGE ( 'NONE', *, *, #267, .T. ) ;
#856 = VECTOR ( 'NONE', #660, 1000.000000000000114 ) ;
#857 = CARTESIAN_POINT ( 'NONE',  ( -10.48000000000000043, 7.125000000000000000, 0.000000000000000000 ) ) ;
#858 = EDGE_CURVE ( 'NONE', #933, #2001, #247, .T. ) ;
#859 = CARTESIAN_POINT ( 'NONE',  ( -5.982440126845659734, 10.00000000000000000, 13.45548764055484092 ) ) ;
#860 = CARTESIAN_POINT ( 'NONE',  ( -6.084743665671080493, -9.800000000000109068, 13.00000000000000178 ) ) ;
#861 = ORIENTED_EDGE ( 'NONE', *, *, #1630, .T. ) ;
#862 = ORIENTED_EDGE ( 'NONE', *, *, #1103, .T. ) ;
#863 = CARTESIAN_POINT ( 'NONE',  ( 7.698987737608761428, -10.00000000000000000, 26.27999999999999758 ) ) ;
#864 = EDGE_CURVE ( 'NONE', #83, #1417, #390, .T. ) ;
#865 = CARTESIAN_POINT ( 'NONE',  ( 7.698987737608761428, 8.500000000000000000, -20.47367503971650393 ) ) ;
#866 = SURFACE_STYLE_FILL_AREA ( #640 ) ;
#867 = CARTESIAN_POINT ( 'NONE',  ( -5.921177444872838258, 9.999999999999998224, 13.60484870224123810 ) ) ;
#868 = DIRECTION ( 'NONE',  ( -1.000000000000000000, 0.000000000000000000, 0.000000000000000000 ) ) ;
#869 = AXIS2_PLACEMENT_3D ( 'NONE', #2050, #2083, #1085 ) ;
#870 = DIRECTION ( 'NONE',  ( 0.7071067811865475727, 0.000000000000000000, 0.7071067811865475727 ) ) ;
#871 = EDGE_CURVE ( 'NONE', #2680, #2213, #2376, .T. ) ;
#872 = EDGE_LOOP ( 'NONE', ( #1700, #433, #1141, #2593, #2143 ) ) ;
#873 = VECTOR ( 'NONE', #300, 1000.000000000000114 ) ;
#874 = DIRECTION ( 'NONE',  ( -0.000000000000000000, 0.000000000000000000, 1.000000000000000000 ) ) ;
#875 = ORIENTED_EDGE ( 'NONE', *, *, #245, .F. ) ;
#876 = DIRECTION ( 'NONE',  ( -1.000000000000000000, 0.000000000000000000, 0.000000000000000000 ) ) ;
#877 = EDGE_CURVE ( 'NONE', #760, #197, #1626, .T. ) ;
#878 = CARTESIAN_POINT ( 'NONE',  ( -5.784850455776626710, 9.799999999999963407, 13.34891724144051572 ) ) ;
#879 = CARTESIAN_POINT ( 'NONE',  ( -5.746666666666666146, -9.866666666666665364, 14.02489685437724454 ) ) ;
#880 = ORIENTED_EDGE ( 'NONE', *, *, #450, .T. ) ;
#881 = CONICAL_SURFACE ( 'NONE', #2835, 1.520000000000000018, 0.7853981633974570498 ) ;
#882 = ORIENTED_EDGE ( 'NONE', *, *, #1701, .F. ) ;
#883 = LINE ( 'NONE', #2279, #2905 ) ;
#884 = CARTESIAN_POINT ( 'NONE',  ( -5.966542884944939118, -9.999999999999992895, 13.48678571793768022 ) ) ;
#885 = CARTESIAN_POINT ( 'NONE',  ( -6.057146404903757109, 10.00000000000000000, 13.33810318118099048 ) ) ;
#886 = EDGE_CURVE ( 'NONE', #752, #597, #1584, .T. ) ;
#887 = DIRECTION ( 'NONE',  ( -0.000000000000000000, -0.000000000000000000, 1.000000000000000000 ) ) ;
#888 = CARTESIAN_POINT ( 'NONE',  ( -5.679999999999999716, -3.266666666666662611, 14.02489685437724809 ) ) ;
#889 = CONICAL_SURFACE ( 'NONE', #334, 1.520000000000000462, 0.7853981633974651544 ) ;
#890 = CARTESIAN_POINT ( 'NONE',  ( -6.211884001069242878, -10.00000000000000355, 13.15685968020754260 ) ) ;
#891 = EDGE_LOOP ( 'NONE', ( #128, #1146, #528, #1050 ) ) ;
#892 = CARTESIAN_POINT ( 'NONE',  ( -6.217764014269654638, 10.00000000000000178, 13.15056559766772004 ) ) ;
#893 = CARTESIAN_POINT ( 'NONE',  ( -5.879995022613185185, 9.999999999999992895, 13.97800042187743585 ) ) ;
#894 = LINE ( 'NONE', #2059, #2340 ) ;
#895 = ORIENTED_EDGE ( 'NONE', *, *, #1942, .F. ) ;
#896 = ORIENTED_EDGE ( 'NONE', *, *, #289, .T. ) ;
#897 = CIRCLE ( 'NONE', #2605, 1.300000000000000711 ) ;
#898 = CYLINDRICAL_SURFACE ( 'NONE', #3017, 1.499999999999999556 ) ;
#899 = CARTESIAN_POINT ( 'NONE',  ( -5.976996304070238963, -9.999999999999989342, 13.46582634032453463 ) ) ;
#900 = CARTESIAN_POINT ( 'NONE',  ( 5.697499999999999787, -6.500000000000000000, 21.78079077038578859 ) ) ;
#901 = LINE ( 'NONE', #930, #600 ) ;
#902 = DIRECTION ( 'NONE',  ( -1.000000000000000000, 0.000000000000000000, 0.000000000000000000 ) ) ;
#903 = DIRECTION ( 'NONE',  ( -1.000000000000000000, 0.000000000000000000, 0.000000000000000000 ) ) ;
#904 = ORIENTED_EDGE ( 'NONE', *, *, #788, .T. ) ;
#905 = AXIS2_PLACEMENT_3D ( 'NONE', #1364, #927, #1135 ) ;
#906 = ORIENTED_EDGE ( 'NONE', *, *, #2381, .F. ) ;
#907 = CARTESIAN_POINT ( 'NONE',  ( -6.207596173651173999, 9.999999999999998224, 13.16146083844127013 ) ) ;
#908 = CARTESIAN_POINT ( 'NONE',  ( -5.699429496954160790, 11.00000000000000178, 13.56522123683442871 ) ) ;
#909 = VERTEX_POINT ( 'NONE', #2782 ) ;
#910 = EDGE_LOOP ( 'NONE', ( #1273, #999 ) ) ;
#911 = PLANE ( 'NONE',  #905 ) ;
#912 = AXIS2_PLACEMENT_3D ( 'NONE', #2041, #1756, #1810 ) ;
#913 = DIRECTION ( 'NONE',  ( 1.000000000000000000, 0.000000000000000000, 0.000000000000000000 ) ) ;
#914 = CONICAL_SURFACE ( 'NONE', #2092, 1.520000000000000018, 0.7853981633974570498 ) ;
#915 = ADVANCED_FACE ( 'NONE', ( #1822 ), #1157, .T. ) ;
#916 = FACE_OUTER_BOUND ( 'NONE', #2233, .T. ) ;
#917 = DIRECTION ( 'NONE',  ( 0.000000000000000000, 0.7071067811865414665, -0.7071067811865536790 ) ) ;
#918 = CARTESIAN_POINT ( 'NONE',  ( 4.177499999999999325, -6.500000000000000000, 26.07999999999999829 ) ) ;
#919 = EDGE_CURVE ( 'NONE', #531, #1032, #2091, .T. ) ;
#920 = DIRECTION ( 'NONE',  ( -0.000000000000000000, -0.7071067811865475727, -0.7071067811865475727 ) ) ;
#921 = EDGE_LOOP ( 'NONE', ( #1751, #2451, #2948, #630 ) ) ;
#922 = CARTESIAN_POINT ( 'NONE',  ( 13.57750000000000057, -10.00000000000000000, 0.1000000000000028644 ) ) ;
#923 = AXIS2_PLACEMENT_3D ( 'NONE', #1576, #2283, #659 ) ;
#924 = DIRECTION ( 'NONE',  ( 0.000000000000000000, 0.000000000000000000, 1.000000000000000000 ) ) ;
#925 = ORIENTED_EDGE ( 'NONE', *, *, #1529, .T. ) ;
#926 = ORIENTED_EDGE ( 'NONE', *, *, #695, .T. ) ;
#927 = DIRECTION ( 'NONE',  ( -0.7071067811865475727, 0.000000000000000000, 0.7071067811865475727 ) ) ;
#928 = CARTESIAN_POINT ( 'NONE',  ( -5.736689404414343052, -9.800000000000004263, 13.52385908235202905 ) ) ;
#929 = LINE ( 'NONE', #3047, #2469 ) ;
#930 = CARTESIAN_POINT ( 'NONE',  ( 9.198987737608760540, -8.500000000000000000, 26.07999999999999829 ) ) ;
#931 = COLOUR_RGB ( '',0.8980392156862745390, 0.9176470588235293713, 0.9294117647058823817 ) ;
#932 = CARTESIAN_POINT ( 'NONE',  ( -5.680000000000000604, -9.800000000000052225, 14.02489685437724809 ) ) ;
#933 = VERTEX_POINT ( 'NONE', #1839 ) ;
#934 = EDGE_CURVE ( 'NONE', #1962, #2513, #2750, .T. ) ;
#935 = CARTESIAN_POINT ( 'NONE',  ( -3.418076999004428629, -7.133333333333301773, 7.666666666666699825 ) ) ;
#936 = CARTESIAN_POINT ( 'NONE',  ( 5.697499999999999787, 6.500000000000000000, 30.80000000000001492 ) ) ;
#937 = VERTEX_POINT ( 'NONE', #1638 ) ;
#938 = VECTOR ( 'NONE', #2347, 1000.000000000000000 ) ;
#939 = ORIENTED_EDGE ( 'NONE', *, *, #729, .F. ) ;
#940 = EDGE_CURVE ( 'NONE', #2728, #597, #2515, .T. ) ;
#941 = EDGE_CURVE ( 'NONE', #2966, #41, #2104, .T. ) ;
#942 = CARTESIAN_POINT ( 'NONE',  ( 5.697499999999999787, -6.500000000000000000, 31.00000000000000000 ) ) ;
#943 = DIRECTION ( 'NONE',  ( 0.000000000000000000, 0.000000000000000000, 1.000000000000000000 ) ) ;
#944 = CARTESIAN_POINT ( 'NONE',  ( -9.000000000000001776, 7.125000000000000000, -1.350000000000001199 ) ) ;
#945 = CARTESIAN_POINT ( 'NONE',  ( 7.698987737608761428, -8.500000000000000000, 26.07999999999999829 ) ) ;
#946 = CARTESIAN_POINT ( 'NONE',  ( -6.209267282818502487, 10.00000000000000355, 13.15965357340717823 ) ) ;
#947 = ORIENTED_EDGE ( 'NONE', *, *, #2911, .T. ) ;
#948 =( LENGTH_UNIT ( ) NAMED_UNIT ( * ) SI_UNIT ( .MILLI., .METRE. ) );
#949 = MECHANICAL_DESIGN_GEOMETRIC_PRESENTATION_REPRESENTATION (  '', ( #298 ), #707 ) ;
#950 = CARTESIAN_POINT ( 'NONE',  ( -5.680000000000000604, -11.00000000000000000, 14.02489685437724809 ) ) ;
#951 = ORIENTED_EDGE ( 'NONE', *, *, #485, .T. ) ;
#952 = CARTESIAN_POINT ( 'NONE',  ( 7.698987737608761428, -10.00000000000000000, 26.27999999999999758 ) ) ;
#953 = EDGE_LOOP ( 'NONE', ( #2890, #1253, #2183, #2020 ) ) ;
#954 = EDGE_CURVE ( 'NONE', #2659, #1425, #2526, .T. ) ;
#955 = CARTESIAN_POINT ( 'NONE',  ( 7.217500000000000249, -6.500000000000000000, 26.07999999999999829 ) ) ;
#956 = AXIS2_PLACEMENT_3D ( 'NONE', #58, #86, #2895 ) ;
#957 = LINE ( 'NONE', #1448, #2328 ) ;
#958 = CARTESIAN_POINT ( 'NONE',  ( -5.679999999999999716, 9.800000000000004263, 31.00000000000000000 ) ) ;
#959 = CARTESIAN_POINT ( 'NONE',  ( -6.095245739895482018, 9.800000000000006040, 12.98877708129766440 ) ) ;
#960 = VERTEX_POINT ( 'NONE', #415 ) ;
#961 = DIRECTION ( 'NONE',  ( 1.000000000000000000, 0.000000000000000000, 0.000000000000000000 ) ) ;
#962 = DIRECTION ( 'NONE',  ( 0.000000000000000000, -0.000000000000000000, -1.000000000000000000 ) ) ;
#963 = ORIENTED_EDGE ( 'NONE', *, *, #1220, .F. ) ;
#964 = EDGE_CURVE ( 'NONE', #1893, #2577, #1413, .T. ) ;
#965 = VECTOR ( 'NONE', #1352, 1000.000000000000000 ) ;
#966 = PLANE ( 'NONE',  #2818 ) ;
#967 = ORIENTED_EDGE ( 'NONE', *, *, #1529, .F. ) ;
#968 = AXIS2_PLACEMENT_3D ( 'NONE', #1841, #211, #2093 ) ;
#969 = CARTESIAN_POINT ( 'NONE',  ( -6.084743665671080493, -9.800000000000109068, 13.00000000000000178 ) ) ;
#970 = FACE_OUTER_BOUND ( 'NONE', #561, .T. ) ;
#971 = EDGE_CURVE ( 'NONE', #101, #1880, #648, .T. ) ;
#972 = FACE_BOUND ( 'NONE', #2320, .T. ) ;
#973 = CARTESIAN_POINT ( 'NONE',  ( -6.233277374490982403, 10.00000000000000355, 13.13398073875769789 ) ) ;
#974 = ORIENTED_EDGE ( 'NONE', *, *, #2360, .F. ) ;
#975 = ADVANCED_FACE ( 'NONE', ( #2997 ), #1358, .F. ) ;
#976 = DIRECTION ( 'NONE',  ( 0.000000000000000000, 0.000000000000000000, 1.000000000000000000 ) ) ;
#977 = CARTESIAN_POINT ( 'NONE',  ( -6.084743665671078716, -9.799999999999997158, 5.000000000000000888 ) ) ;
#978 = ORIENTED_EDGE ( 'NONE', *, *, #1409, .T. ) ;
#979 = CARTESIAN_POINT ( 'NONE',  ( -13.43665174637512294, 0.000000000000000000, 29.50000000000000000 ) ) ;
#980 = ORIENTED_EDGE ( 'NONE', *, *, #614, .F. ) ;
#981 = DIRECTION ( 'NONE',  ( 1.000000000000000000, 0.000000000000000000, 0.000000000000000000 ) ) ;
#982 = DIRECTION ( 'NONE',  ( 1.000000000000000000, 0.000000000000000000, 0.000000000000000000 ) ) ;
#983 = DIRECTION ( 'NONE',  ( 0.000000000000000000, 0.000000000000000000, 1.000000000000000000 ) ) ;
#984 = CARTESIAN_POINT ( 'NONE',  ( -5.679984403136384863, 9.800000000000011369, 13.92859799241770169 ) ) ;
#985 = EDGE_CURVE ( 'NONE', #2260, #1142, #2114, .T. ) ;
#986 = ORIENTED_EDGE ( 'NONE', *, *, #2655, .T. ) ;
#987 = ADVANCED_FACE ( 'NONE', ( #2140 ), #2645, .F. ) ;
#988 = CARTESIAN_POINT ( 'NONE',  ( -2.302500000000001101, -6.500000000000000000, 30.80000000000001137 ) ) ;
#989 = FACE_OUTER_BOUND ( 'NONE', #921, .T. ) ;
#990 = EDGE_LOOP ( 'NONE', ( #3001, #2967, #2179, #2941 ) ) ;
#991 = AXIS2_PLACEMENT_3D ( 'NONE', #441, #702, #1635 ) ;
#992 = DIRECTION ( 'NONE',  ( 1.000000000000000000, 0.000000000000000000, 0.000000000000000000 ) ) ;
#993 = ORIENTED_EDGE ( 'NONE', *, *, #1875, .F. ) ;
#994 = PLANE ( 'NONE',  #2866 ) ;
#995 = AXIS2_PLACEMENT_3D ( 'NONE', #1233, #1903, #1422 ) ;
#996 = DIRECTION ( 'NONE',  ( -0.7071067811865474617, 0.000000000000000000, 0.7071067811865474617 ) ) ;
#997 = CARTESIAN_POINT ( 'NONE',  ( -10.27999999999999403, -1.675534177783068124, 29.50000000000000000 ) ) ;
#998 = DIRECTION ( 'NONE',  ( 0.000000000000000000, 0.000000000000000000, -1.000000000000000000 ) ) ;
#999 = ORIENTED_EDGE ( 'NONE', *, *, #971, .T. ) ;
#1000 = DIRECTION ( 'NONE',  ( -0.000000000000000000, 0.000000000000000000, 1.000000000000000000 ) ) ;
#1001 = ORIENTED_EDGE ( 'NONE', *, *, #313, .T. ) ;
#1002 = ORIENTED_EDGE ( 'NONE', *, *, #2715, .T. ) ;
#1003 = CARTESIAN_POINT ( 'NONE',  ( 7.698987737608761428, 9.899999999999996803, 0.000000000000000000 ) ) ;
#1004 = ORIENTED_EDGE ( 'NONE', *, *, #2016, .F. ) ;
#1005 = AXIS2_PLACEMENT_3D ( 'NONE', #2455, #2666, #2653 ) ;
#1006 = CARTESIAN_POINT ( 'NONE',  ( -5.879996872143460784, -10.00000000000000000, 13.99542650812390931 ) ) ;
#1007 = CIRCLE ( 'NONE', #2676, 1.520000000000000462 ) ;
#1008 = EDGE_CURVE ( 'NONE', #2880, #1726, #2591, .T. ) ;
#1009 = MANIFOLD_SOLID_BREP ( '倒角7', #322 ) ;
#1010 = AXIS2_PLACEMENT_3D ( 'NONE', #1984, #2447, #162 ) ;
#1011 = CARTESIAN_POINT ( 'NONE',  ( -10.37031416530970418, -7.275000000000000355, -1.350000000000001421 ) ) ;
#1012 = LINE ( 'NONE', #2900, #2026 ) ;
#1013 = PLANE ( 'NONE',  #42 ) ;
#1014 = CYLINDRICAL_SURFACE ( 'NONE', #1265, 3.237499999999999822 ) ;
#1015 =( BOUNDED_CURVE ( )  B_SPLINE_CURVE ( 3, ( #1294, #1011, #330, #540 ),
 .UNSPECIFIED., .F., .F. ) 
 B_SPLINE_CURVE_WITH_KNOTS ( ( 4, 4 ),
 ( 3.141592653589792672, 3.926990816987250277 ),
 .UNSPECIFIED. ) 
 CURVE ( )  GEOMETRIC_REPRESENTATION_ITEM ( )  RATIONAL_B_SPLINE_CURVE ( ( 1.000000000000000000, 0.9492530216741899007, 0.9492530216741899007, 1.000000000000000000 ) ) 
 REPRESENTATION_ITEM ( '' )  );
#1016 = LINE ( 'NONE', #2504, #1643 ) ;
#1017 = EDGE_CURVE ( 'NONE', #197, #344, #1862, .T. ) ;
#1018 = ORIENTED_EDGE ( 'NONE', *, *, #1059, .T. ) ;
#1019 = VERTEX_POINT ( 'NONE', #777 ) ;
#1020 = AXIS2_PLACEMENT_3D ( 'NONE', #1186, #2117, #876 ) ;
#1021 = CARTESIAN_POINT ( 'NONE',  ( -10.48000000000000043, 9.899999999999996803, 5.000000000000000000 ) ) ;
#1022 = ORIENTED_EDGE ( 'NONE', *, *, #1631, .F. ) ;
#1023 = FACE_OUTER_BOUND ( 'NONE', #2837, .T. ) ;
#1024 = VECTOR ( 'NONE', #2364, 1000.000000000000000 ) ;
#1025 = EDGE_CURVE ( 'NONE', #933, #166, #515, .T. ) ;
#1026 = AXIS2_PLACEMENT_3D ( 'NONE', #2289, #1130, #2644 ) ;
#1027 = LINE ( 'NONE', #2478, #2832 ) ;
#1028 = DIRECTION ( 'NONE',  ( 1.000000000000000000, 0.000000000000000000, 0.000000000000000000 ) ) ;
#1029 = DIRECTION ( 'NONE',  ( -1.000000000000000000, 0.000000000000000000, 0.000000000000000000 ) ) ;
#1030 = ORIENTED_EDGE ( 'NONE', *, *, #1395, .T. ) ;
#1031 = CARTESIAN_POINT ( 'NONE',  ( -10.48000000000000043, 2.180557360701283365, 30.89999999999999858 ) ) ;
#1032 = VERTEX_POINT ( 'NONE', #2861 ) ;
#1033 = EDGE_LOOP ( 'NONE', ( #1239, #967, #820, #2781 ) ) ;
#1034 = LINE ( 'NONE', #593, #1218 ) ;
#1035 = FACE_OUTER_BOUND ( 'NONE', #1503, .T. ) ;
#1036 = ORIENTED_EDGE ( 'NONE', *, *, #2517, .F. ) ;
#1037 = ORIENTED_EDGE ( 'NONE', *, *, #2174, .T. ) ;
#1038 = LINE ( 'NONE', #1971, #2368 ) ;
#1039 = ADVANCED_FACE ( 'NONE', ( #253 ), #1652, .F. ) ;
#1040 = AXIS2_PLACEMENT_3D ( 'NONE', #2222, #435, #3003 ) ;
#1041 = DIRECTION ( 'NONE',  ( 1.000000000000000000, 0.000000000000000000, 0.000000000000000000 ) ) ;
#1042 = PLANE ( 'NONE',  #2980 ) ;
#1043 = LINE ( 'NONE', #137, #2159 ) ;
#1044 = CARTESIAN_POINT ( 'NONE',  ( 4.177499999999999325, 6.500000000000000000, 21.78079077038578859 ) ) ;
#1045 = VECTOR ( 'NONE', #1139, 1000.000000000000000 ) ;
#1046 = FACE_BOUND ( 'NONE', #1257, .T. ) ;
#1047 = DIRECTION ( 'NONE',  ( 1.000000000000000000, 2.664535259100376091E-15, 0.000000000000000000 ) ) ;
#1048 = AXIS2_PLACEMENT_3D ( 'NONE', #2391, #2200, #992 ) ;
#1049 = CIRCLE ( 'NONE', #513, 1.499999999999999556 ) ;
#1050 = ORIENTED_EDGE ( 'NONE', *, *, #2606, .F. ) ;
#1051 = EDGE_LOOP ( 'NONE', ( #2931, #779, #328, #2201 ) ) ;
#1052 = PLANE ( 'NONE',  #1010 ) ;
#1053 = CARTESIAN_POINT ( 'NONE',  ( -5.976996304070237187, 10.00000000000000355, 13.46582634032453818 ) ) ;
#1054 = CYLINDRICAL_SURFACE ( 'NONE', #1973, 1.014999999999999902 ) ;
#1055 = EDGE_LOOP ( 'NONE', ( #2427, #3011, #1843, #672 ) ) ;
#1056 = ORIENTED_EDGE ( 'NONE', *, *, #1374, .T. ) ;
#1057 = CARTESIAN_POINT ( 'NONE',  ( -10.48000000000000043, -7.124999999999999112, -1.350000000000001421 ) ) ;
#1058 = CARTESIAN_POINT ( 'NONE',  ( -6.071176865003462098, -9.800000000000002487, 13.01450018315351720 ) ) ;
#1059 = EDGE_CURVE ( 'NONE', #1230, #1098, #2351, .T. ) ;
#1060 = CARTESIAN_POINT ( 'NONE',  ( -5.679999999999999716, -9.799999999999997158, 31.00000000000000000 ) ) ;
#1061 = DIRECTION ( 'NONE',  ( 1.000000000000000000, 0.000000000000000000, 0.000000000000000000 ) ) ;
#1062 = AXIS2_PLACEMENT_3D ( 'NONE', #2266, #642, #2956 ) ;
#1063 = DIRECTION ( 'NONE',  ( 1.000000000000000000, 0.000000000000000000, 0.000000000000000000 ) ) ;
#1064 = DIRECTION ( 'NONE',  ( -0.000000000000000000, -0.000000000000000000, -1.000000000000000000 ) ) ;
#1065 = DIRECTION ( 'NONE',  ( 0.7071067811865536790, 0.000000000000000000, 0.7071067811865414665 ) ) ;
#1066 = EDGE_CURVE ( 'NONE', #65, #41, #1200, .T. ) ;
#1067 = AXIS2_PLACEMENT_3D ( 'NONE', #865, #2757, #1590 ) ;
#1068 = CARTESIAN_POINT ( 'NONE',  ( 1.215000000000004299, 5.599999999999999645, 0.000000000000000000 ) ) ;
#1069 = B_SPLINE_SURFACE_WITH_KNOTS ( 'NONE', 5, 3, ( 
 ( #950, #1615, #446, #4 ),
 ( #1856, #2073, #1868, #2118 ),
 ( #1602, #2822, #3013, #2797 ),
 ( #1627, #2807, #3028, #908 ),
 ( #1386, #432, #2579, #2105 ),
 ( #2566, #460, #2999, #1824 ),
 ( #1401, #708, #2768, #471 ),
 ( #2348, #242, #683, #2555 ) ),
 .UNSPECIFIED., .F., .F., .F.,
 ( 6, 2, 6 ),
 ( 4, 4 ),
 ( 0.000000000000000000, 0.5000000000000000000, 1.000000000000000000 ),
 ( -0.001000000000000000021, 0.02100000000000000130 ),
 .UNSPECIFIED. ) ;
#1070 = ADVANCED_BREP_SHAPE_REPRESENTATION ( 'GT96专用风扇手柄固定块', ( #1009, #991 ), #1776 ) ;
#1071 = ORIENTED_EDGE ( 'NONE', *, *, #252, .F. ) ;
#1072 = EDGE_CURVE ( 'NONE', #197, #1133, #733, .T. ) ;
#1073 = LINE ( 'NONE', #176, #1840 ) ;
#1074 = ORIENTED_EDGE ( 'NONE', *, *, #156, .F. ) ;
#1075 = DIRECTION ( 'NONE',  ( -1.000000000000000000, 0.000000000000000000, 0.000000000000000000 ) ) ;
#1076 = CARTESIAN_POINT ( 'NONE',  ( -5.699429496954160790, 9.799999999999963407, 13.56522123683442871 ) ) ;
#1077 = DIRECTION ( 'NONE',  ( -1.000000000000000000, 0.000000000000000000, 0.000000000000000000 ) ) ;
#1078 = EDGE_LOOP ( 'NONE', ( #2860, #2269, #1412, #378 ) ) ;
#1079 = VERTEX_POINT ( 'NONE', #1934 ) ;
#1080 = CARTESIAN_POINT ( 'NONE',  ( -10.32999999999999829, 7.275000000000000355, -1.350000000000001199 ) ) ;
#1081 = CARTESIAN_POINT ( 'NONE',  ( -6.241283751393458701, -10.00000000000000178, 13.12542589786623815 ) ) ;
#1082 = FACE_OUTER_BOUND ( 'NONE', #2306, .T. ) ;
#1083 = DIRECTION ( 'NONE',  ( -0.000000000000000000, 0.000000000000000000, 1.000000000000000000 ) ) ;
#1084 = CARTESIAN_POINT ( 'NONE',  ( -6.098169513824970522, 10.00000000000000000, 13.28517576263113043 ) ) ;
#1085 = DIRECTION ( 'NONE',  ( 1.000000000000000000, 0.000000000000000000, 0.000000000000000000 ) ) ;
#1086 = AXIS2_PLACEMENT_3D ( 'NONE', #1561, #1750, #67 ) ;
#1087 = CARTESIAN_POINT ( 'NONE',  ( -6.084743665671078716, -9.800000000000000711, 5.000000000000000000 ) ) ;
#1088 = ADVANCED_FACE ( 'NONE', ( #2603 ), #2154, .T. ) ;
#1089 = CARTESIAN_POINT ( 'NONE',  ( -10.37999999999999723, 10.00000000000000000, 0.1000000000000028644 ) ) ;
#1090 = ADVANCED_FACE ( 'NONE', ( #305 ), #3041, .F. ) ;
#1091 = ORIENTED_EDGE ( 'NONE', *, *, #1621, .F. ) ;
#1092 = CARTESIAN_POINT ( 'NONE',  ( -6.207862229302943291, -10.00000000000000355, 13.16117281515466431 ) ) ;
#1093 = EDGE_CURVE ( 'NONE', #2656, #1983, #731, .T. ) ;
#1094 = EDGE_LOOP ( 'NONE', ( #518, #2849, #109, #2834 ) ) ;
#1095 = CARTESIAN_POINT ( 'NONE',  ( -6.084743665671078716, 9.800000000000009592, 13.00000000000000178 ) ) ;
#1096 = CARTESIAN_POINT ( 'NONE',  ( -5.961535836120769538, 10.00000000000000355, 13.49740144019513011 ) ) ;
#1097 = CARTESIAN_POINT ( 'NONE',  ( -5.680000000000000604, -9.799999999999995381, 13.80758602660535672 ) ) ;
#1098 = VERTEX_POINT ( 'NONE', #3 ) ;
#1099 = ORIENTED_EDGE ( 'NONE', *, *, #681, .T. ) ;
#1100 = CARTESIAN_POINT ( 'NONE',  ( -6.218076841754441197, -9.933333331683643408, 13.05265503107672487 ) ) ;
#1101 = CARTESIAN_POINT ( 'NONE',  ( -10.40736000926904126, 1.900520658362012449, 29.37263999073095633 ) ) ;
#1102 = PRODUCT_CONTEXT ( 'NONE', #543, 'mechanical' ) ;
#1103 = EDGE_CURVE ( 'NONE', #1444, #1953, #1331, .T. ) ;
#1104 = CARTESIAN_POINT ( 'NONE',  ( -5.896542570277012452, 9.999999999999998224, 13.71243116146089136 ) ) ;
#1105 = CARTESIAN_POINT ( 'NONE',  ( -10.48000000000000043, -2.180557360701290026, 30.90000000000000213 ) ) ;
#1106 = ADVANCED_FACE ( 'NONE', ( #320 ), #2195, .F. ) ;
#1107 = DIRECTION ( 'NONE',  ( -1.000000000000000000, 0.000000000000000000, 0.000000000000000000 ) ) ;
#1108 = ORIENTED_EDGE ( 'NONE', *, *, #2116, .T. ) ;
#1109 = LINE ( 'NONE', #1564, #2436 ) ;
#1110 = ORIENTED_EDGE ( 'NONE', *, *, #589, .F. ) ;
#1111 = CIRCLE ( 'NONE', #512, 1.399999999999996803 ) ;
#1112 = AXIS2_PLACEMENT_3D ( 'NONE', #1579, #1154, #1107 ) ;
#1113 = DIRECTION ( 'NONE',  ( -0.000000000000000000, 0.000000000000000000, 1.000000000000000000 ) ) ;
#1114 = CARTESIAN_POINT ( 'NONE',  ( -6.100307478192580568, 10.00000000000000355, 13.28230452232372549 ) ) ;
#1115 = PLANE ( 'NONE',  #2620 ) ;
#1116 = ORIENTED_EDGE ( 'NONE', *, *, #50, .F. ) ;
#1117 = ORIENTED_EDGE ( 'NONE', *, *, #2245, .T. ) ;
#1118 = LINE ( 'NONE', #1813, #1441 ) ;
#1119 = CARTESIAN_POINT ( 'NONE',  ( -5.895897267173256573, -10.00000000000001243, 13.72081931074880146 ) ) ;
#1120 = DIRECTION ( 'NONE',  ( 1.000000000000000000, 0.000000000000000000, 0.000000000000000000 ) ) ;
#1121 = CARTESIAN_POINT ( 'NONE',  ( -5.879999999999995453, 10.00000000000000000, 14.02489685437724809 ) ) ;
#1122 = CARTESIAN_POINT ( 'NONE',  ( -9.000000000000001776, 7.125000000000000000, -1.350000000000001199 ) ) ;
#1123 = EDGE_CURVE ( 'NONE', #502, #293, #1951, .T. ) ;
#1124 = AXIS2_PLACEMENT_3D ( 'NONE', #1831, #3007, #902 ) ;
#1125 = CARTESIAN_POINT ( 'NONE',  ( 6.858022075225177566E-16, -5.599999999999999645, 0.000000000000000000 ) ) ;
#1126 = AXIS2_PLACEMENT_3D ( 'NONE', #1920, #962, #1998 ) ;
#1127 = AXIS2_PLACEMENT_3D ( 'NONE', #324, #575, #1075 ) ;
#1128 = LINE ( 'NONE', #663, #430 ) ;
#1129 = EDGE_LOOP ( 'NONE', ( #1378, #1036, #1906, #2805 ) ) ;
#1130 = DIRECTION ( 'NONE',  ( -0.000000000000000000, -0.000000000000000000, 1.000000000000000000 ) ) ;
#1131 = CARTESIAN_POINT ( 'NONE',  ( -6.084743665671078716, 9.800000000000009592, 13.00000000000000178 ) ) ;
#1132 = DIRECTION ( 'NONE',  ( 0.000000000000000000, 1.000000000000000000, 0.000000000000000000 ) ) ;
#1133 = VERTEX_POINT ( 'NONE', #1068 ) ;
#1134 = ORIENTED_EDGE ( 'NONE', *, *, #1298, .T. ) ;
#1135 = DIRECTION ( 'NONE',  ( 0.000000000000000000, 1.000000000000000000, -0.000000000000000000 ) ) ;
#1136 = CARTESIAN_POINT ( 'NONE',  ( -5.879995022613176303, -9.999999999999975131, 13.97800042187787994 ) ) ;
#1137 = CARTESIAN_POINT ( 'NONE',  ( 5.697499999999999787, -6.500000000000000000, 30.80000000000001492 ) ) ;
#1138 = CARTESIAN_POINT ( 'NONE',  ( 6.858022075225177566E-16, -5.599999999999999645, 0.000000000000000000 ) ) ;
#1139 = DIRECTION ( 'NONE',  ( 0.5773502691896262862, 0.5773502691896253980, -0.5773502691896257311 ) ) ;
#1140 = AXIS2_PLACEMENT_3D ( 'NONE', #493, #3035, #2572 ) ;
#1141 = ORIENTED_EDGE ( 'NONE', *, *, #2943, .F. ) ;
#1142 = VERTEX_POINT ( 'NONE', #572 ) ;
#1143 = CARTESIAN_POINT ( 'NONE',  ( 7.217500000000000249, -6.500000000000000000, 21.78079077038578859 ) ) ;
#1144 = CARTESIAN_POINT ( 'NONE',  ( -10.48000000000000043, 2.180557360701283365, 30.89999999999999858 ) ) ;
#1145 = ORIENTED_EDGE ( 'NONE', *, *, #234, .F. ) ;
#1146 = ORIENTED_EDGE ( 'NONE', *, *, #2468, .F. ) ;
#1147 = AXIS2_PLACEMENT_3D ( 'NONE', #2916, #831, #1063 ) ;
#1148 = FACE_OUTER_BOUND ( 'NONE', #990, .T. ) ;
#1149 = CARTESIAN_POINT ( 'NONE',  ( -5.690922140506958549, -9.800000000000002487, 13.74504192149434978 ) ) ;
#1150 = EDGE_CURVE ( 'NONE', #1384, #1388, #1016, .T. ) ;
#1151 = CARTESIAN_POINT ( 'NONE',  ( 7.698987737608761428, 10.00000000000000000, 26.07999999999999829 ) ) ;
#1152 = DIRECTION ( 'NONE',  ( -1.000000000000000000, 0.000000000000000000, 0.000000000000000000 ) ) ;
#1153 = DIRECTION ( 'NONE',  ( 1.000000000000000000, 0.000000000000000000, 0.000000000000000000 ) ) ;
#1154 = DIRECTION ( 'NONE',  ( -0.000000000000000000, 0.000000000000000000, -1.000000000000000000 ) ) ;
#1155 = ORIENTED_EDGE ( 'NONE', *, *, #834, .T. ) ;
#1156 = AXIS2_PLACEMENT_3D ( 'NONE', #618, #2531, #420 ) ;
#1157 = PLANE ( 'NONE',  #780 ) ;
#1158 = FACE_OUTER_BOUND ( 'NONE', #1078, .T. ) ;
#1159 = ORIENTED_EDGE ( 'NONE', *, *, #95, .T. ) ;
#1160 = CIRCLE ( 'NONE', #508, 1.499999999999999556 ) ;
#1161 = ORIENTED_EDGE ( 'NONE', *, *, #2983, .F. ) ;
#1162 = LINE ( 'NONE', #2786, #1683 ) ;
#1163 = VECTOR ( 'NONE', #1457, 1000.000000000000000 ) ;
#1164 = CARTESIAN_POINT ( 'NONE',  ( -5.827190523710480186, -9.799999999999993605, 13.32355383818416961 ) ) ;
#1165 = AXIS2_PLACEMENT_3D ( 'NONE', #1305, #874, #2729 ) ;
#1166 = CARTESIAN_POINT ( 'NONE',  ( 1.015000000000000568, -5.599999999999999645, 0.2000000000000048683 ) ) ;
#1167 = LINE ( 'NONE', #2971, #2902 ) ;
#1168 = EDGE_CURVE ( 'NONE', #1866, #226, #21, .T. ) ;
#1169 = CARTESIAN_POINT ( 'NONE',  ( 7.698987737608761428, -10.00000000000000000, 0.1000000000000028644 ) ) ;
#1170 = EDGE_CURVE ( 'NONE', #2656, #273, #307, .T. ) ;
#1171 = CIRCLE ( 'NONE', #2873, 3.573774619196393942 ) ;
#1172 = VERTEX_POINT ( 'NONE', #1089 ) ;
#1173 = CARTESIAN_POINT ( 'NONE',  ( -6.221850460735778299, 9.999999999999996447, 13.14619517510106839 ) ) ;
#1174 = AXIS2_PLACEMENT_3D ( 'NONE', #2632, #832, #254 ) ;
#1175 = DIRECTION ( 'NONE',  ( 0.000000000000000000, -1.000000000000000000, 0.000000000000000000 ) ) ;
#1176 = ORIENTED_EDGE ( 'NONE', *, *, #662, .F. ) ;
#1177 = VERTEX_POINT ( 'NONE', #1301 ) ;
#1178 = B_SPLINE_CURVE_WITH_KNOTS ( 'NONE', 3,
 ( #932, #888, #1834, #2052 ),
 .UNSPECIFIED., .F., .F.,
 ( 4, 4 ),
 ( 0.009999999999974142420, 0.9900000000000132028 ),
 .UNSPECIFIED. ) ;
#1179 = CARTESIAN_POINT ( 'NONE',  ( -5.688184254622801639, -9.800000000000007816, 13.77211850810010141 ) ) ;
#1180 = DIRECTION ( 'NONE',  ( -1.000000000000000000, 0.000000000000000000, 0.000000000000000000 ) ) ;
#1181 = AXIS2_PLACEMENT_3D ( 'NONE', #2578, #650, #682 ) ;
#1182 = CARTESIAN_POINT ( 'NONE',  ( 5.697499999999999787, 6.500000000000000000, 30.80000000000001492 ) ) ;
#1183 = CARTESIAN_POINT ( 'NONE',  ( -6.161635283447112421, 10.00000000000000355, 13.21135620159160950 ) ) ;
#1184 = EDGE_CURVE ( 'NONE', #1425, #2152, #819, .T. ) ;
#1185 = EDGE_LOOP ( 'NONE', ( #978, #1710, #1918, #365 ) ) ;
#1186 = CARTESIAN_POINT ( 'NONE',  ( -2.302500000000001101, -6.500000000000000000, 26.07999999999999829 ) ) ;
#1187 = CARTESIAN_POINT ( 'NONE',  ( 5.697499999999999787, 6.500000000000000000, 31.00000000000000000 ) ) ;
#1188 = B_SPLINE_CURVE_WITH_KNOTS ( 'NONE', 1,
 ( #792, #2377 ),
 .UNSPECIFIED., .F., .F.,
 ( 2, 2 ),
 ( 0.000000000000000000, 1.000000000000000000 ),
 .UNSPECIFIED. ) ;
#1189 = EDGE_CURVE ( 'NONE', #83, #2169, #1504, .T. ) ;
#1190 = ORIENTED_EDGE ( 'NONE', *, *, #3025, .T. ) ;
#1191 = VECTOR ( 'NONE', #2565, 1000.000000000000000 ) ;
#1192 = CARTESIAN_POINT ( 'NONE',  ( -5.806094835283118094, -9.800000000000004263, 13.36109592237519017 ) ) ;
#1193 = VERTEX_POINT ( 'NONE', #606 ) ;
#1194 = CARTESIAN_POINT ( 'NONE',  ( 6.858022075225177566E-16, -5.599999999999999645, 2.850000000000000089 ) ) ;
#1195 = LINE ( 'NONE', #38, #1416 ) ;
#1196 = LINE ( 'NONE', #3051, #275 ) ;
#1197 = CARTESIAN_POINT ( 'NONE',  ( -5.698179652220969338, 9.800000000000002487, 13.69041221460041768 ) ) ;
#1198 = ADVANCED_FACE ( 'NONE', ( #2000 ), #2958, .T. ) ;
#1199 = ORIENTED_EDGE ( 'NONE', *, *, #82, .T. ) ;
#1200 = LINE ( 'NONE', #2128, #2638 ) ;
#1201 = CARTESIAN_POINT ( 'NONE',  ( -10.48000000000000043, 10.00000000000000000, 30.89999999999999858 ) ) ;
#1202 = ORIENTED_EDGE ( 'NONE', *, *, #2482, .T. ) ;
#1203 = CARTESIAN_POINT ( 'NONE',  ( 7.217500000000000249, 6.500000000000000000, 26.07999999999999829 ) ) ;
#1204 = ORIENTED_EDGE ( 'NONE', *, *, #2554, .F. ) ;
#1205 = EDGE_CURVE ( 'NONE', #2513, #1969, #1282, .T. ) ;
#1206 = CARTESIAN_POINT ( 'NONE',  ( -2.302500000000001101, 6.500000000000000000, 30.80000000000001137 ) ) ;
#1207 = CONICAL_SURFACE ( 'NONE', #1048, 1.520000000000000462, 0.7853981633974651544 ) ;
#1208 = DIRECTION ( 'NONE',  ( -0.000000000000000000, 0.000000000000000000, 1.000000000000000000 ) ) ;
#1209 = CARTESIAN_POINT ( 'NONE',  ( -9.150000000000002132, 7.275000000000000355, -1.350000000000001199 ) ) ;
#1210 = CARTESIAN_POINT ( 'NONE',  ( -6.087267145635514964, 9.800000000000006040, 12.99730219868117587 ) ) ;
#1211 = ORIENTED_EDGE ( 'NONE', *, *, #2285, .F. ) ;
#1212 = DIRECTION ( 'NONE',  ( -0.000000000000000000, 0.000000000000000000, 1.000000000000000000 ) ) ;
#1213 = CARTESIAN_POINT ( 'NONE',  ( 9.098987737608757342, 0.000000000000000000, 31.00000000000000000 ) ) ;
#1214 = ORIENTED_EDGE ( 'NONE', *, *, #1714, .T. ) ;
#1215 = AXIS2_PLACEMENT_3D ( 'NONE', #1366, #2032, #868 ) ;
#1216 = DIRECTION ( 'NONE',  ( 1.000000000000000000, -5.860552283705427907E-16, -0.000000000000000000 ) ) ;
#1217 = ORIENTED_EDGE ( 'NONE', *, *, #2911, .F. ) ;
#1218 = VECTOR ( 'NONE', #2273, 999.9999999999998863 ) ;
#1219 = CARTESIAN_POINT ( 'NONE',  ( -5.888682743071261605, -10.00000000000000000, 13.77864888916322705 ) ) ;
#1220 = EDGE_CURVE ( 'NONE', #3010, #2152, #1972, .T. ) ;
#1221 = LINE ( 'NONE', #2586, #2549 ) ;
#1222 = DIRECTION ( 'NONE',  ( 0.000000000000000000, 0.000000000000000000, -1.000000000000000000 ) ) ;
#1223 = CARTESIAN_POINT ( 'NONE',  ( -6.305329970759644631, 9.999999999999996447, 13.05698276059302287 ) ) ;
#1224 = ORIENTED_EDGE ( 'NONE', *, *, #877, .T. ) ;
#1225 = CARTESIAN_POINT ( 'NONE',  ( 1.215000000000004299, 5.599999999999999645, 0.000000000000000000 ) ) ;
#1226 = CARTESIAN_POINT ( 'NONE',  ( 6.858022075225177566E-16, -5.599999999999999645, 0.000000000000000000 ) ) ;
#1227 = ORIENTED_EDGE ( 'NONE', *, *, #208, .T. ) ;
#1228 = ADVANCED_FACE ( 'NONE', ( #351 ), #2232, .F. ) ;
#1229 = CARTESIAN_POINT ( 'NONE',  ( -10.48000000000000043, 10.00000000000000000, 0.1000000000000028644 ) ) ;
#1230 = VERTEX_POINT ( 'NONE', #1767 ) ;
#1231 = CARTESIAN_POINT ( 'NONE',  ( -5.880242565103940500, -10.00000000000000000, 13.95167683774039702 ) ) ;
#1232 = ADVANCED_FACE ( 'NONE', ( #1541 ), #2891, .T. ) ;
#1233 = CARTESIAN_POINT ( 'NONE',  ( 7.698987737608761428, 8.500000000000000000, 0.000000000000000000 ) ) ;
#1234 = LINE ( 'NONE', #2355, #1495 ) ;
#1235 = CARTESIAN_POINT ( 'NONE',  ( -6.217267328398753179, 10.00000000000000000, 13.15109291047738438 ) ) ;
#1236 = ORIENTED_EDGE ( 'NONE', *, *, #2990, .T. ) ;
#1237 = DIRECTION ( 'NONE',  ( 0.000000000000000000, -1.000000000000000000, 0.000000000000000000 ) ) ;
#1238 = ORIENTED_EDGE ( 'NONE', *, *, #538, .T. ) ;
#1239 = ORIENTED_EDGE ( 'NONE', *, *, #2885, .F. ) ;
#1240 = VECTOR ( 'NONE', #797, 999.9999999999998863 ) ;
#1241 = EDGE_CURVE ( 'NONE', #1686, #70, #140, .T. ) ;
#1242 = LINE ( 'NONE', #1955, #2662 ) ;
#1243 = VERTEX_POINT ( 'NONE', #625 ) ;
#1244 = CARTESIAN_POINT ( 'NONE',  ( -10.48000000000000043, -7.124999999999999112, -1.350000000000001421 ) ) ;
#1245 = AXIS2_PLACEMENT_3D ( 'NONE', #1125, #1594, #1624 ) ;
#1246 = DIRECTION ( 'NONE',  ( -0.000000000000000000, -0.000000000000000000, 1.000000000000000000 ) ) ;
#1247 = DIRECTION ( 'NONE',  ( -1.000000000000000000, 0.000000000000000000, 0.000000000000000000 ) ) ;
#1248 = EDGE_CURVE ( 'NONE', #1289, #444, #2657, .T. ) ;
#1249 = DIRECTION ( 'NONE',  ( -1.000000000000000000, 0.000000000000000000, 0.000000000000000000 ) ) ;
#1250 = FACE_OUTER_BOUND ( 'NONE', #144, .T. ) ;
#1251 = DIRECTION ( 'NONE',  ( 1.000000000000000000, 0.000000000000000000, 0.000000000000000000 ) ) ;
#1252 = ADVANCED_FACE ( 'NONE', ( #2425 ), #2562, .F. ) ;
#1253 = ORIENTED_EDGE ( 'NONE', *, *, #1421, .T. ) ;
#1254 = EDGE_CURVE ( 'NONE', #1937, #793, #207, .T. ) ;
#1255 = ORIENTED_EDGE ( 'NONE', *, *, #501, .T. ) ;
#1256 = FACE_OUTER_BOUND ( 'NONE', #209, .T. ) ;
#1257 = EDGE_LOOP ( 'NONE', ( #2413, #2470 ) ) ;
#1258 = CIRCLE ( 'NONE', #1411, 1.499999999999999556 ) ;
#1259 = CARTESIAN_POINT ( 'NONE',  ( -5.892396106063822359, -10.00000000000000000, 13.74687709523259649 ) ) ;
#1260 = VECTOR ( 'NONE', #2937, 1000.000000000000000 ) ;
#1261 = AXIS2_PLACEMENT_3D ( 'NONE', #1994, #812, #796 ) ;
#1262 = CARTESIAN_POINT ( 'NONE',  ( -4.022499999999992859, -6.500000000000000000, 31.00000000000000000 ) ) ;
#1263 = CARTESIAN_POINT ( 'NONE',  ( -10.44667932701494628, -2.191515575865000454, 30.93332067298505450 ) ) ;
#1264 = DIRECTION ( 'NONE',  ( 1.000000000000000000, 0.000000000000000000, 0.000000000000000000 ) ) ;
#1265 = AXIS2_PLACEMENT_3D ( 'NONE', #787, #1749, #2458 ) ;
#1266 = EDGE_LOOP ( 'NONE', ( #2864, #844, #2035 ) ) ;
#1267 = CARTESIAN_POINT ( 'NONE',  ( -10.28000000000000114, 0.000000000000000000, -1.550000000000000044 ) ) ;
#1268 = ORIENTED_EDGE ( 'NONE', *, *, #1103, .F. ) ;
#1269 = ORIENTED_EDGE ( 'NONE', *, *, #2569, .F. ) ;
#1270 = CARTESIAN_POINT ( 'NONE',  ( 9.198987737608760540, 8.500000000000000000, 0.1000000000000028644 ) ) ;
#1271 = FACE_OUTER_BOUND ( 'NONE', #699, .T. ) ;
#1272 = EDGE_CURVE ( 'NONE', #827, #2689, #1882, .T. ) ;
#1273 = ORIENTED_EDGE ( 'NONE', *, *, #2898, .T. ) ;
#1274 = EDGE_LOOP ( 'NONE', ( #2025, #3030, #654, #853 ) ) ;
#1275 = DIRECTION ( 'NONE',  ( 1.000000000000000000, 0.000000000000000000, 0.000000000000000000 ) ) ;
#1276 = LINE ( 'NONE', #346, #2877 ) ;
#1277 = DIRECTION ( 'NONE',  ( 0.000000000000000000, 0.000000000000000000, 1.000000000000000000 ) ) ;
#1278 = DIRECTION ( 'NONE',  ( 0.7071067811865461294, -0.000000000000000000, 0.7071067811865490160 ) ) ;
#1279 = CARTESIAN_POINT ( 'NONE',  ( 13.57750000000000057, -10.00000000000000000, 4.800000000000001599 ) ) ;
#1280 = FACE_OUTER_BOUND ( 'NONE', #35, .T. ) ;
#1281 = AXIS2_PLACEMENT_3D ( 'NONE', #279, #998, #2857 ) ;
#1282 = LINE ( 'NONE', #2211, #713 ) ;
#1283 = EDGE_LOOP ( 'NONE', ( #1551, #1004, #458, #684 ) ) ;
#1284 = ORIENTED_EDGE ( 'NONE', *, *, #1248, .F. ) ;
#1285 = DIRECTION ( 'NONE',  ( 1.000000000000000000, 0.000000000000000000, 0.000000000000000000 ) ) ;
#1286 = CARTESIAN_POINT ( 'NONE',  ( -5.914412744797093779, 9.999999999999994671, 13.62946228475355959 ) ) ;
#1287 = FACE_OUTER_BOUND ( 'NONE', #745, .T. ) ;
#1288 = EDGE_CURVE ( 'NONE', #2103, #502, #644, .T. ) ;
#1289 = VERTEX_POINT ( 'NONE', #2762 ) ;
#1290 = ORIENTED_EDGE ( 'NONE', *, *, #2066, .T. ) ;
#1291 = CYLINDRICAL_SURFACE ( 'NONE', #1040, 1.014999999999999902 ) ;
#1292 = CARTESIAN_POINT ( 'NONE',  ( -6.111264851431680079, -9.799999999999993605, 12.97165800068848540 ) ) ;
#1293 = ADVANCED_FACE ( 'NONE', ( #1368, #2804 ), #2068, .F. ) ;
#1294 = CARTESIAN_POINT ( 'NONE',  ( -10.32999999999999829, -7.274999999999999467, -1.350000000000001199 ) ) ;
#1295 = DIRECTION ( 'NONE',  ( -0.000000000000000000, -0.000000000000000000, 1.000000000000000000 ) ) ;
#1296 = CARTESIAN_POINT ( 'NONE',  ( -10.48000000000000043, 2.007504789401329148, 29.29999999999999361 ) ) ;
#1297 = FACE_OUTER_BOUND ( 'NONE', #891, .T. ) ;
#1298 = EDGE_CURVE ( 'NONE', #2169, #685, #410, .T. ) ;
#1299 = AXIS2_PLACEMENT_3D ( 'NONE', #1930, #2135, #525 ) ;
#1300 = CARTESIAN_POINT ( 'NONE',  ( -6.084743665671078716, 9.800000000000000711, 5.000000000000000000 ) ) ;
#1301 = CARTESIAN_POINT ( 'NONE',  ( 8.998987737608759474, 8.500000000000000000, 26.07999999999999829 ) ) ;
#1302 = AXIS2_PLACEMENT_3D ( 'NONE', #2581, #2825, #1392 ) ;
#1303 = VECTOR ( 'NONE', #1275, 1000.000000000000000 ) ;
#1304 = ORIENTED_EDGE ( 'NONE', *, *, #1241, .T. ) ;
#1305 = CARTESIAN_POINT ( 'NONE',  ( 7.698987737608761428, 8.500000000000000000, 31.00000000000000000 ) ) ;
#1306 = ORIENTED_EDGE ( 'NONE', *, *, #304, .T. ) ;
#1307 = PLANE ( 'NONE',  #2342 ) ;
#1308 = CARTESIAN_POINT ( 'NONE',  ( -5.895897267173282330, 9.999999999999996447, 13.72081931074863270 ) ) ;
#1309 = DIRECTION ( 'NONE',  ( 0.000000000000000000, 1.000000000000000000, 0.000000000000000000 ) ) ;
#1310 = ORIENTED_EDGE ( 'NONE', *, *, #811, .T. ) ;
#1311 = ORIENTED_EDGE ( 'NONE', *, *, #3029, .F. ) ;
#1312 = DIRECTION ( 'NONE',  ( -0.7071067811865474617, 0.000000000000000000, 0.7071067811865474617 ) ) ;
#1313 = CARTESIAN_POINT ( 'NONE',  ( -6.185362531113541174, -9.999999999999991118, 13.18542327458859731 ) ) ;
#1314 = EDGE_CURVE ( 'NONE', #1723, #1079, #1178, .T. ) ;
#1315 = EDGE_CURVE ( 'NONE', #838, #3026, #1160, .T. ) ;
#1316 = FACE_OUTER_BOUND ( 'NONE', #214, .T. ) ;
#1317 = CARTESIAN_POINT ( 'NONE',  ( -10.48000000000000043, -2.180557360701290026, 30.90000000000000213 ) ) ;
#1318 = CIRCLE ( 'NONE', #23, 3.237499999999999822 ) ;
#1319 = FACE_OUTER_BOUND ( 'NONE', #251, .T. ) ;
#1320 = CARTESIAN_POINT ( 'NONE',  ( -10.42999999999999794, 9.899999999999996803, 30.94999999999999929 ) ) ;
#1321 = EDGE_CURVE ( 'NONE', #909, #1356, #1819, .T. ) ;
#1322 = FACE_OUTER_BOUND ( 'NONE', #534, .T. ) ;
#1323 = DIRECTION ( 'NONE',  ( 1.000000000000000000, 0.000000000000000000, 0.000000000000000000 ) ) ;
#1324 = ORIENTED_EDGE ( 'NONE', *, *, #2087, .F. ) ;
#1325 = DIRECTION ( 'NONE',  ( -1.000000000000000000, 0.000000000000000000, 0.000000000000000000 ) ) ;
#1326 = EDGE_LOOP ( 'NONE', ( #546, #607, #239, #1269 ) ) ;
#1327 = CARTESIAN_POINT ( 'NONE',  ( -10.48000000000000043, -9.900000000000000355, 30.90000000000000213 ) ) ;
#1328 = CARTESIAN_POINT ( 'NONE',  ( -10.48000000000000043, 7.125000000000000888, -1.350000000000001421 ) ) ;
#1329 = DIRECTION ( 'NONE',  ( -1.000000000000000000, 0.000000000000000000, -0.000000000000000000 ) ) ;
#1330 = VERTEX_POINT ( 'NONE', #157 ) ;
#1331 = CIRCLE ( 'NONE', #1086, 1.520000000000000462 ) ;
#1332 = ORIENTED_EDGE ( 'NONE', *, *, #2670, .T. ) ;
#1333 = CARTESIAN_POINT ( 'NONE',  ( -10.43606601717798199, -7.231066017177980143, -1.393933982822019413 ) ) ;
#1334 = CARTESIAN_POINT ( 'NONE',  ( -6.265301067382283762, -10.00000000000000178, 13.09975970642417842 ) ) ;
#1335 = DIRECTION ( 'NONE',  ( -0.000000000000000000, -0.7071067811865474617, 0.7071067811865474617 ) ) ;
#1336 = DIRECTION ( 'NONE',  ( -1.000000000000000000, 0.000000000000000000, 0.000000000000000000 ) ) ;
#1337 = STYLED_ITEM ( 'NONE', ( #2399 ), #1009 ) ;
#1338 = CARTESIAN_POINT ( 'NONE',  ( -9.072440402490386191, 7.259572436846348786, -1.365427563153652546 ) ) ;
#1339 = ORIENTED_EDGE ( 'NONE', *, *, #788, .F. ) ;
#1340 = CARTESIAN_POINT ( 'NONE',  ( -6.218248438089267083, -9.999999999999998224, 13.15004739350337992 ) ) ;
#1341 = ORIENTED_EDGE ( 'NONE', *, *, #1288, .F. ) ;
#1342 = LINE ( 'NONE', #839, #278 ) ;
#1343 = CARTESIAN_POINT ( 'NONE',  ( -10.46457243684634975, 7.202559597509615941, -1.365427563153653434 ) ) ;
#1344 = CARTESIAN_POINT ( 'NONE',  ( -10.48000000000000043, 9.899999999999996803, 30.89999999999999858 ) ) ;
#1345 = ORIENTED_EDGE ( 'NONE', *, *, #1597, .F. ) ;
#1346 = ORIENTED_EDGE ( 'NONE', *, *, #1597, .T. ) ;
#1347 = DIRECTION ( 'NONE',  ( -0.5773502691896090777, -0.5773502691896391648, 0.5773502691896290617 ) ) ;
#1348 = EDGE_CURVE ( 'NONE', #2966, #1821, #1354, .T. ) ;
#1349 = CARTESIAN_POINT ( 'NONE',  ( -5.934718885504147501, -10.00000000000003553, 13.56258265134950314 ) ) ;
#1350 =( NAMED_UNIT ( * ) PLANE_ANGLE_UNIT ( ) SI_UNIT ( $, .RADIAN. ) );
#1351 = CARTESIAN_POINT ( 'NONE',  ( -6.030941051820683185, 10.00000000000000000, 13.37530309192831801 ) ) ;
#1352 = DIRECTION ( 'NONE',  ( -0.000000000000000000, -0.000000000000000000, -1.000000000000000000 ) ) ;
#1353 = ADVANCED_FACE ( 'NONE', ( #2034 ), #3024, .F. ) ;
#1354 = LINE ( 'NONE', #2551, #611 ) ;
#1355 = CARTESIAN_POINT ( 'NONE',  ( -6.156058444216889747, -10.00000000000000178, 13.21765506625043685 ) ) ;
#1356 = VERTEX_POINT ( 'NONE', #679 ) ;
#1357 = AXIS2_PLACEMENT_3D ( 'NONE', #979, #2838, #326 ) ;
#1358 = CYLINDRICAL_SURFACE ( 'NONE', #1026, 1.520000000000000018 ) ;
#1359 = CARTESIAN_POINT ( 'NONE',  ( -13.43665174637512294, 0.000000000000000000, 30.79999999999999361 ) ) ;
#1360 = DIRECTION ( 'NONE',  ( 0.000000000000000000, -1.000000000000000000, 0.000000000000000000 ) ) ;
#1361 = ADVANCED_FACE ( 'NONE', ( #1610 ), #2975, .T. ) ;
#1362 = ORIENTED_EDGE ( 'NONE', *, *, #1123, .F. ) ;
#1363 = ORIENTED_EDGE ( 'NONE', *, *, #2324, .T. ) ;
#1364 = CARTESIAN_POINT ( 'NONE',  ( -10.37999999999999723, 0.000000000000000000, 31.00000000000000000 ) ) ;
#1365 = CARTESIAN_POINT ( 'NONE',  ( -6.161635283447107980, -9.999999999999992895, 13.21135620159160950 ) ) ;
#1366 = CARTESIAN_POINT ( 'NONE',  ( 0.000000000000000000, 0.000000000000000000, 5.000000000000000000 ) ) ;
#1367 = CIRCLE ( 'NONE', #1741, 1.499999999999999556 ) ;
#1368 = FACE_OUTER_BOUND ( 'NONE', #2755, .T. ) ;
#1369 = VECTOR ( 'NONE', #282, 1000.000000000000000 ) ;
#1370 = VECTOR ( 'NONE', #2206, 1000.000000000000000 ) ;
#1371 = DIRECTION ( 'NONE',  ( -1.000000000000000000, 0.000000000000000000, 0.000000000000000000 ) ) ;
#1372 = ORIENTED_EDGE ( 'NONE', *, *, #271, .F. ) ;
#1373 = CARTESIAN_POINT ( 'NONE',  ( -6.236071139835163812, 9.999999999999998224, 13.13099595054957547 ) ) ;
#1374 = EDGE_CURVE ( 'NONE', #2798, #1454, #2406, .T. ) ;
#1375 = DIRECTION ( 'NONE',  ( -0.000000000000000000, -1.000000000000000000, -0.000000000000000000 ) ) ;
#1376 = B_SPLINE_SURFACE_WITH_KNOTS ( 'NONE', 1, 3, ( 
 ( #2264, #2951, #2280, #1334, #1796, #1081, #169, #2029, #638, #422, #1313, #1365, #2989, #2970, #2740, #2772, #1516, #2243, #152, #1573, #2453, #2516, #899, #884, #406, #132, #846, #1349, #1553, #2721, #385, #656, #1119, #2296, #188, #1534, #2046, #1814, #1136, #1779 ),
 ( #619, #2063, #1828, #345, #1292, #2224, #111, #1058, #2933, #2474, #1871, #1846, #2108, #2077, #2570, #1431, #2309, #3046, #2097, #1164, #2559, #1192, #722, #2545, #201, #1632, #216, #2131, #928, #257, #3018, #2121, #711, #1149, #1179, #244, #438, #1645, #1861, #1405 ) ),
 .UNSPECIFIED., .F., .F., .F.,
 ( 2, 2 ),
 ( 4, 2, 2, 2, 2, 2, 2, 2, 2, 2, 2, 2, 2, 2, 2, 2, 2, 2, 2, 4 ),
 ( 0.000000000000000000, 1.000000000000000000 ),
 ( 0.000000000000000000, 7.029009540227815190E-05, 0.0001054351431034172278, 0.0001405801908045563038, 0.0001757252385056953933, 0.0002108702862068344557, 0.0002811603816091126076, 0.0003514504770113907866, 0.0004217405724136689114, 0.0004920306678159470362, 0.0005271757155170860715, 0.0005623207632182252152, 0.0005974658109193643589, 0.0006326108586205033942, 0.0007029009540227815732, 0.0007731910494250596438, 0.0008434811448273378228, 0.0009137712402296160018, 0.0009840613356318940724, 0.001124641526436450430 ),
 .UNSPECIFIED. ) ;
#1377 = ORIENTED_EDGE ( 'NONE', *, *, #2381, .T. ) ;
#1378 = ORIENTED_EDGE ( 'NONE', *, *, #954, .F. ) ;
#1379 = DIRECTION ( 'NONE',  ( 0.000000000000000000, 0.000000000000000000, -1.000000000000000000 ) ) ;
#1380 = DIRECTION ( 'NONE',  ( 0.000000000000000000, 0.000000000000000000, -1.000000000000000000 ) ) ;
#1381 = DIRECTION ( 'NONE',  ( 0.000000000000000000, 0.000000000000000000, -1.000000000000000000 ) ) ;
#1382 = DIRECTION ( 'NONE',  ( 0.000000000000000000, 0.000000000000000000, 1.000000000000000000 ) ) ;
#1383 = CARTESIAN_POINT ( 'NONE',  ( 7.698987737608761428, -9.899999999999996803, 0.000000000000000000 ) ) ;
#1384 = VERTEX_POINT ( 'NONE', #1383 ) ;
#1385 = DIRECTION ( 'NONE',  ( 0.000000000000000000, 0.000000000000000000, -1.000000000000000000 ) ) ;
#1386 = CARTESIAN_POINT ( 'NONE',  ( -5.784850455776626710, -11.00000000000000000, 13.34891724144051572 ) ) ;
#1387 = VERTEX_POINT ( 'NONE', #224 ) ;
#1388 = VERTEX_POINT ( 'NONE', #1169 ) ;
#1389 = AXIS2_PLACEMENT_3D ( 'NONE', #569, #1278, #317 ) ;
#1390 = LINE ( 'NONE', #199, #2084 ) ;
#1391 = EDGE_CURVE ( 'NONE', #2845, #1726, #1851, .T. ) ;
#1392 = DIRECTION ( 'NONE',  ( -1.000000000000000000, 0.000000000000000000, 0.000000000000000000 ) ) ;
#1393 = DIRECTION ( 'NONE',  ( -0.000000000000000000, -0.000000000000000000, -1.000000000000000000 ) ) ;
#1394 = DIRECTION ( 'NONE',  ( 0.000000000000000000, -0.000000000000000000, -1.000000000000000000 ) ) ;
#1395 = EDGE_CURVE ( 'NONE', #2674, #2717, #2862, .T. ) ;
#1396 = DIRECTION ( 'NONE',  ( 0.000000000000000000, 0.000000000000000000, 1.000000000000000000 ) ) ;
#1397 = CARTESIAN_POINT ( 'NONE',  ( 7.698987737608761428, -8.500000000000000000, 4.800000000000001599 ) ) ;
#1398 = EDGE_CURVE ( 'NONE', #2823, #1757, #2536, .T. ) ;
#1399 = EDGE_LOOP ( 'NONE', ( #610, #2735, #1733, #1812 ) ) ;
#1400 = DIRECTION ( 'NONE',  ( -0.000000000000000000, -0.7071067811865475727, -0.7071067811865475727 ) ) ;
#1401 = CARTESIAN_POINT ( 'NONE',  ( -6.010503271069237208, -11.00000000000000000, 13.07933702021180977 ) ) ;
#1402 = ORIENTED_EDGE ( 'NONE', *, *, #2344, .F. ) ;
#1403 = AXIS2_PLACEMENT_3D ( 'NONE', #2459, #588, #1047 ) ;
#1404 = EDGE_LOOP ( 'NONE', ( #2487, #1306, #2132, #498 ) ) ;
#1405 = CARTESIAN_POINT ( 'NONE',  ( -5.680000000000000604, -9.799999999999998934, 14.02489685437724454 ) ) ;
#1406 = DIRECTION ( 'NONE',  ( 1.000000000000000000, 0.000000000000000000, 0.000000000000000000 ) ) ;
#1407 = EDGE_CURVE ( 'NONE', #2689, #2962, #957, .T. ) ;
#1408 = DIRECTION ( 'NONE',  ( -1.000000000000000000, 0.000000000000000000, 0.000000000000000000 ) ) ;
#1409 = EDGE_CURVE ( 'NONE', #1964, #547, #10, .T. ) ;
#1410 = CARTESIAN_POINT ( 'NONE',  ( -5.849188311904181425, 9.800000000000007816, 13.28722487687947051 ) ) ;
#1411 = AXIS2_PLACEMENT_3D ( 'NONE', #2534, #3021, #1336 ) ;
#1412 = ORIENTED_EDGE ( 'NONE', *, *, #1150, .F. ) ;
#1413 = LINE ( 'NONE', #1600, #938 ) ;
#1414 = AXIS2_PLACEMENT_3D ( 'NONE', #1520, #500, #2617 ) ;
#1415 = LINE ( 'NONE', #2783, #626 ) ;
#1416 = VECTOR ( 'NONE', #276, 1000.000000000000000 ) ;
#1417 = VERTEX_POINT ( 'NONE', #2871 ) ;
#1418 = CYLINDRICAL_SURFACE ( 'NONE', #2090, 0.1500000000000008271 ) ;
#1419 = AXIS2_PLACEMENT_3D ( 'NONE', #1820, #2486, #1325 ) ;
#1420 = CARTESIAN_POINT ( 'NONE',  ( 9.098987737608757342, -8.500000000000000000, 31.00000000000000000 ) ) ;
#1421 = EDGE_CURVE ( 'NONE', #1019, #2798, #2829, .T. ) ;
#1422 = DIRECTION ( 'NONE',  ( 1.000000000000000000, 0.000000000000000000, 0.000000000000000000 ) ) ;
#1423 = FACE_OUTER_BOUND ( 'NONE', #2373, .T. ) ;
#1424 = CARTESIAN_POINT ( 'NONE',  ( -6.013178428640304496, 9.800000000000007816, 13.07733241508901578 ) ) ;
#1425 = VERTEX_POINT ( 'NONE', #2112 ) ;
#1426 = AXIS2_PLACEMENT_3D ( 'NONE', #1206, #2134, #217 ) ;
#1427 = FILL_AREA_STYLE ('',( #1465 ) ) ;
#1428 = DIRECTION ( 'NONE',  ( 1.000000000000000000, 0.000000000000000000, 0.000000000000000000 ) ) ;
#1429 = ADVANCED_FACE ( 'NONE', ( #494 ), #237, .T. ) ;
#1430 = ORIENTED_EDGE ( 'NONE', *, *, #871, .F. ) ;
#1431 = CARTESIAN_POINT ( 'NONE',  ( -5.912429154059464231, -9.800000000000006040, 13.19740634640455568 ) ) ;
#1432 = ORIENTED_EDGE ( 'NONE', *, *, #1205, .T. ) ;
#1433 = CARTESIAN_POINT ( 'NONE',  ( 3.237499999999999822, 3.964794012239555549E-16, 5.000000000000000000 ) ) ;
#1434 = CARTESIAN_POINT ( 'NONE',  ( 4.177499999999999325, 6.500000000000000000, 26.07999999999999829 ) ) ;
#1435 = CARTESIAN_POINT ( 'NONE',  ( -1.014999999999999236, -5.599999999999999645, 0.2000000000000048683 ) ) ;
#1436 = CARTESIAN_POINT ( 'NONE',  ( -5.688184254622751013, 9.800000000000002487, 13.77211850810071958 ) ) ;
#1437 = ORIENTED_EDGE ( 'NONE', *, *, #2120, .F. ) ;
#1438 = CARTESIAN_POINT ( 'NONE',  ( 0.000000000000000000, 5.599999999999999645, 0.2000000000000048683 ) ) ;
#1439 = DIRECTION ( 'NONE',  ( 0.000000000000000000, 0.7071067811865474617, 0.7071067811865474617 ) ) ;
#1440 = EDGE_LOOP ( 'NONE', ( #362, #861, #2400, #2168, #375, #2316 ) ) ;
#1441 = VECTOR ( 'NONE', #89, 1000.000000000000000 ) ;
#1442 = CARTESIAN_POINT ( 'NONE',  ( -6.084743665671078716, 9.800000000000000711, 13.00000000000000178 ) ) ;
#1443 = VECTOR ( 'NONE', #1735, 1000.000000000000114 ) ;
#1444 = VERTEX_POINT ( 'NONE', #1434 ) ;
#1445 = CARTESIAN_POINT ( 'NONE',  ( -5.883431481203545310, -10.00000000000000000, 13.84517380904170913 ) ) ;
#1446 = CIRCLE ( 'NONE', #1542, 1.719999999999991980 ) ;
#1447 = VECTOR ( 'NONE', #1371, 1000.000000000000000 ) ;
#1448 = CARTESIAN_POINT ( 'NONE',  ( -3.237499999999999822, 0.000000000000000000, 5.000000000000000000 ) ) ;
#1449 = PLANE ( 'NONE',  #1456 ) ;
#1450 = DIRECTION ( 'NONE',  ( 0.000000000000000000, 0.000000000000000000, -1.000000000000000000 ) ) ;
#1451 = ORIENTED_EDGE ( 'NONE', *, *, #1644, .F. ) ;
#1452 = DIRECTION ( 'NONE',  ( 0.000000000000000000, -1.000000000000000000, 0.000000000000000000 ) ) ;
#1453 = LINE ( 'NONE', #2388, #1800 ) ;
#1454 = VERTEX_POINT ( 'NONE', #481 ) ;
#1455 = EDGE_CURVE ( 'NONE', #1562, #1356, #727, .T. ) ;
#1456 = AXIS2_PLACEMENT_3D ( 'NONE', #2383, #39, #541 ) ;
#1457 = DIRECTION ( 'NONE',  ( -1.000000000000000000, 0.000000000000000000, 0.000000000000000000 ) ) ;
#1458 = EDGE_LOOP ( 'NONE', ( #2506, #1236, #2043, #592 ) ) ;
#1459 = AXIS2_PLACEMENT_3D ( 'NONE', #700, #2801, #2350 ) ;
#1460 = PLANE ( 'NONE',  #1543 ) ;
#1461 = DIRECTION ( 'NONE',  ( -0.000000000000000000, -0.000000000000000000, -1.000000000000000000 ) ) ;
#1462 = DIRECTION ( 'NONE',  ( 0.000000000000000000, 0.000000000000000000, 1.000000000000000000 ) ) ;
#1463 = CARTESIAN_POINT ( 'NONE',  ( -5.962448759096504958, 9.800000000000006040, 13.13530527983277274 ) ) ;
#1464 = ORIENTED_EDGE ( 'NONE', *, *, #2990, .F. ) ;
#1465 = FILL_AREA_STYLE_COLOUR ( '', #931 ) ;
#1466 = LINE ( 'NONE', #1201, #1369 ) ;
#1467 = ORIENTED_EDGE ( 'NONE', *, *, #2153, .F. ) ;
#1468 = CARTESIAN_POINT ( 'NONE',  ( 7.698987737608761428, 8.500000000000000000, 26.07999999999999829 ) ) ;
#1469 = ORIENTED_EDGE ( 'NONE', *, *, #1093, .F. ) ;
#1470 = EDGE_CURVE ( 'NONE', #2689, #827, #559, .T. ) ;
#1471 = CARTESIAN_POINT ( 'NONE',  ( 7.698987737608761428, -8.500000000000000000, 26.07999999999999829 ) ) ;
#1472 = FACE_OUTER_BOUND ( 'NONE', #2450, .T. ) ;
#1473 = ADVANCED_FACE ( 'NONE', ( #2148 ), #2473, .F. ) ;
#1474 = FACE_BOUND ( 'NONE', #910, .T. ) ;
#1475 = CARTESIAN_POINT ( 'NONE',  ( 7.698987737608761428, -10.00000000000000000, 0.1000000000000028644 ) ) ;
#1476 = ORIENTED_EDGE ( 'NONE', *, *, #3049, .F. ) ;
#1477 = EDGE_LOOP ( 'NONE', ( #2361, #2737, #1487, #1511 ) ) ;
#1478 = ORIENTED_EDGE ( 'NONE', *, *, #1189, .F. ) ;
#1479 = CARTESIAN_POINT ( 'NONE',  ( 8.998987737608759474, -8.500000000000000000, 26.07999999999999829 ) ) ;
#1480 = ORIENTED_EDGE ( 'NONE', *, *, #940, .T. ) ;
#1481 = CARTESIAN_POINT ( 'NONE',  ( -10.37999999999999723, 2.345119469696127279, 31.00000000000000000 ) ) ;
#1482 = AXIS2_PLACEMENT_3D ( 'NONE', #942, #6, #464 ) ;
#1483 = VECTOR ( 'NONE', #2365, 1000.000000000000000 ) ;
#1484 = CYLINDRICAL_SURFACE ( 'NONE', #1261, 3.573774619196393942 ) ;
#1485 = DIRECTION ( 'NONE',  ( 1.000000000000000000, 0.000000000000000000, 0.000000000000000000 ) ) ;
#1486 = DIRECTION ( 'NONE',  ( -0.7071067811865489050, 0.000000000000000000, 0.7071067811865460184 ) ) ;
#1487 = ORIENTED_EDGE ( 'NONE', *, *, #1025, .F. ) ;
#1488 = EDGE_CURVE ( 'NONE', #1098, #65, #25, .T. ) ;
#1489 = DIRECTION ( 'NONE',  ( -0.000000000000000000, -0.000000000000000000, 1.000000000000000000 ) ) ;
#1490 = EDGE_LOOP ( 'NONE', ( #880, #1811, #993, #2986 ) ) ;
#1491 = ORIENTED_EDGE ( 'NONE', *, *, #1563, .T. ) ;
#1492 = DIRECTION ( 'NONE',  ( 0.000000000000000000, 0.000000000000000000, -1.000000000000000000 ) ) ;
#1493 = LINE ( 'NONE', #1442, #2535 ) ;
#1494 = ORIENTED_EDGE ( 'NONE', *, *, #1916, .F. ) ;
#1495 = VECTOR ( 'NONE', #496, 999.9999999999998863 ) ;
#1496 = DIRECTION ( 'NONE',  ( 1.000000000000000000, 0.000000000000000000, 0.000000000000000000 ) ) ;
#1497 = AXIS2_PLACEMENT_3D ( 'NONE', #16, #1064, #2372 ) ;
#1498 = AXIS2_PLACEMENT_3D ( 'NONE', #2899, #2246, #1041 ) ;
#1499 = ADVANCED_FACE ( 'NONE', ( #970 ), #2088, .T. ) ;
#1500 = CARTESIAN_POINT ( 'NONE',  ( 7.698987737608761428, 8.500000000000000000, -20.47367503971650393 ) ) ;
#1501 = LINE ( 'NONE', #2421, #1698 ) ;
#1502 = CARTESIAN_POINT ( 'NONE',  ( 0.000000000000000000, 5.599999999999999645, 2.850000000000000089 ) ) ;
#1503 = EDGE_LOOP ( 'NONE', ( #1523, #428, #579, #2552 ) ) ;
#1504 = LINE ( 'NONE', #118, #54 ) ;
#1505 = ORIENTED_EDGE ( 'NONE', *, *, #225, .F. ) ;
#1506 = ORIENTED_EDGE ( 'NONE', *, *, #2643, .F. ) ;
#1507 = CARTESIAN_POINT ( 'NONE',  ( -0.7825000000000010836, -6.500000000000000000, 26.07999999999999829 ) ) ;
#1508 = EDGE_CURVE ( 'NONE', #2288, #520, #740, .T. ) ;
#1509 = CARTESIAN_POINT ( 'NONE',  ( -10.48000000000000043, -10.00000000000000000, -1.350000000000001421 ) ) ;
#1510 = CARTESIAN_POINT ( 'NONE',  ( -9.199999999999999289, -7.075000000000001066, -1.550000000000000044 ) ) ;
#1511 = ORIENTED_EDGE ( 'NONE', *, *, #858, .T. ) ;
#1512 = ORIENTED_EDGE ( 'NONE', *, *, #2650, .F. ) ;
#1513 = DIRECTION ( 'NONE',  ( -0.000000000000000000, -0.000000000000000000, 1.000000000000000000 ) ) ;
#1514 = CIRCLE ( 'NONE', #1426, 1.520000000000000018 ) ;
#1515 = EDGE_CURVE ( 'NONE', #129, #3044, #466, .T. ) ;
#1516 = CARTESIAN_POINT ( 'NONE',  ( -6.057273386294895090, -10.00000000000000711, 13.33759715225819242 ) ) ;
#1517 = CARTESIAN_POINT ( 'NONE',  ( -9.150000000000000355, -7.275000000000000355, -1.550000000000000044 ) ) ;
#1518 = DIRECTION ( 'NONE',  ( 1.000000000000000000, 0.000000000000000000, -0.000000000000000000 ) ) ;
#1519 = LINE ( 'NONE', #1296, #3006 ) ;
#1520 = CARTESIAN_POINT ( 'NONE',  ( 7.698987737608761428, -8.500000000000000000, 0.000000000000000000 ) ) ;
#1521 = CARTESIAN_POINT ( 'NONE',  ( 1.213333333333296293, 2.906666666666708476, 19.18666666666683085 ) ) ;
#1522 = DIRECTION ( 'NONE',  ( 0.000000000000000000, -0.000000000000000000, -1.000000000000000000 ) ) ;
#1523 = ORIENTED_EDGE ( 'NONE', *, *, #657, .T. ) ;
#1524 = CARTESIAN_POINT ( 'NONE',  ( -5.905162829137230673, -9.999999999999998224, 13.66960413277656272 ) ) ;
#1525 = ORIENTED_EDGE ( 'NONE', *, *, #1455, .F. ) ;
#1526 = LINE ( 'NONE', #2038, #437 ) ;
#1527 = DIRECTION ( 'NONE',  ( -1.000000000000000000, 0.000000000000000000, 0.000000000000000000 ) ) ;
#1528 = LINE ( 'NONE', #2467, #3023 ) ;
#1529 = EDGE_CURVE ( 'NONE', #70, #2668, #1703, .T. ) ;
#1530 = ORIENTED_EDGE ( 'NONE', *, *, #1470, .F. ) ;
#1531 = ORIENTED_EDGE ( 'NONE', *, *, #289, .F. ) ;
#1532 = FACE_OUTER_BOUND ( 'NONE', #1266, .T. ) ;
#1533 = EDGE_CURVE ( 'NONE', #838, #627, #1195, .T. ) ;
#1534 = CARTESIAN_POINT ( 'NONE',  ( -5.883741819029165043, -9.999999999999998224, 13.83745134604976990 ) ) ;
#1535 = DIRECTION ( 'NONE',  ( 1.000000000000000000, 0.000000000000000000, 0.000000000000000000 ) ) ;
#1536 = DIRECTION ( 'NONE',  ( 0.000000000000000000, 0.000000000000000000, 1.000000000000000000 ) ) ;
#1537 = FACE_OUTER_BOUND ( 'NONE', #1404, .T. ) ;
#1538 = DIRECTION ( 'NONE',  ( 0.000000000000000000, 0.000000000000000000, -1.000000000000000000 ) ) ;
#1539 = VECTOR ( 'NONE', #1489, 1000.000000000000000 ) ;
#1540 = LINE ( 'NONE', #2483, #2741 ) ;
#1541 = FACE_OUTER_BOUND ( 'NONE', #283, .T. ) ;
#1542 = AXIS2_PLACEMENT_3D ( 'NONE', #751, #1924, #563 ) ;
#1543 = AXIS2_PLACEMENT_3D ( 'NONE', #1715, #1927, #1913 ) ;
#1544 = ORIENTED_EDGE ( 'NONE', *, *, #2146, .F. ) ;
#1545 = CARTESIAN_POINT ( 'NONE',  ( -6.218198966924155080, -9.999999999999998224, 13.15010098042293407 ) ) ;
#1546 = EDGE_LOOP ( 'NONE', ( #192, #1670, #2235, #1720 ) ) ;
#1547 = DIRECTION ( 'NONE',  ( 0.000000000000000000, 0.7071067811865475727, -0.7071067811865475727 ) ) ;
#1548 = LINE ( 'NONE', #2466, #1673 ) ;
#1549 = FACE_OUTER_BOUND ( 'NONE', #1185, .T. ) ;
#1550 = EDGE_LOOP ( 'NONE', ( #2074, #14, #1531, #343 ) ) ;
#1551 = ORIENTED_EDGE ( 'NONE', *, *, #614, .T. ) ;
#1552 = LINE ( 'NONE', #580, #2218 ) ;
#1553 = CARTESIAN_POINT ( 'NONE',  ( -5.927294620332277830, -10.00000000000001243, 13.58471166188654244 ) ) ;
#1554 = CIRCLE ( 'NONE', #1650, 1.215000000000004299 ) ;
#1555 = DIRECTION ( 'NONE',  ( 0.000000000000000000, -0.7071067811865474617, 0.7071067811865474617 ) ) ;
#1556 = LINE ( 'NONE', #849, #2277 ) ;
#1557 = CONICAL_SURFACE ( 'NONE', #183, 1.215000000000004299, 0.7853981633974471688 ) ;
#1558 = CARTESIAN_POINT ( 'NONE',  ( -10.37999999999999723, 10.00000000000000000, 30.89999999999999858 ) ) ;
#1559 = DIRECTION ( 'NONE',  ( -0.7071067811865474617, -2.444938169268631928E-14, -0.7071067811865474617 ) ) ;
#1560 = AXIS2_PLACEMENT_3D ( 'NONE', #2731, #631, #1285 ) ;
#1561 = CARTESIAN_POINT ( 'NONE',  ( 5.697499999999999787, 6.500000000000000000, 26.07999999999999829 ) ) ;
#1562 = VERTEX_POINT ( 'NONE', #944 ) ;
#1563 = EDGE_CURVE ( 'NONE', #2823, #129, #1221, .T. ) ;
#1564 = CARTESIAN_POINT ( 'NONE',  ( -9.862877127178728998, 0.000000000000000000, 29.50000000000000000 ) ) ;
#1565 = VERTEX_POINT ( 'NONE', #1873 ) ;
#1566 = CARTESIAN_POINT ( 'NONE',  ( -10.32999999999999829, 7.275000000000000355, 0.000000000000000000 ) ) ;
#1567 = FACE_OUTER_BOUND ( 'NONE', #3015, .T. ) ;
#1568 = CARTESIAN_POINT ( 'NONE',  ( -5.880000000000001670, -10.00000000000000000, 14.02489685437724454 ) ) ;
#1569 = ORIENTED_EDGE ( 'NONE', *, *, #2650, .T. ) ;
#1570 =( GEOMETRIC_REPRESENTATION_CONTEXT ( 3 ) GLOBAL_UNCERTAINTY_ASSIGNED_CONTEXT ( ( #2759 ) ) GLOBAL_UNIT_ASSIGNED_CONTEXT ( ( #948, #281, #2370 ) ) REPRESENTATION_CONTEXT ( 'NONE', 'WORKASPACE' ) );
#1571 = ORIENTED_EDGE ( 'NONE', *, *, #1631, .T. ) ;
#1572 = PLANE ( 'NONE',  #507 ) ;
#1573 = CARTESIAN_POINT ( 'NONE',  ( -5.999574989127995472, -9.999999999999991118, 13.42499324942434669 ) ) ;
#1574 = EDGE_CURVE ( 'NONE', #2659, #531, #27, .T. ) ;
#1575 = CARTESIAN_POINT ( 'NONE',  ( -5.969134354786127972, 9.999999999999998224, 13.48092821291246146 ) ) ;
#1576 = CARTESIAN_POINT ( 'NONE',  ( 5.697499999999999787, 6.500000000000000000, 31.00000000000000000 ) ) ;
#1577 = VECTOR ( 'NONE', #302, 1000.000000000000000 ) ;
#1578 = B_SPLINE_CURVE_WITH_KNOTS ( 'NONE', 3,
 ( #636, #1100, #2044, #405 ),
 .UNSPECIFIED., .F., .F.,
 ( 4, 4 ),
 ( 0.000000000000000000, 1.000000000000000000 ),
 .UNSPECIFIED. ) ;
#1579 = CARTESIAN_POINT ( 'NONE',  ( 0.000000000000000000, 0.000000000000000000, 5.000000000000000000 ) ) ;
#1580 = EDGE_CURVE ( 'NONE', #1880, #2260, #2855, .T. ) ;
#1581 = VERTEX_POINT ( 'NONE', #248 ) ;
#1582 = CARTESIAN_POINT ( 'NONE',  ( -6.000461362047701641, -9.999999999999996447, 13.42156841300476522 ) ) ;
#1583 = ORIENTED_EDGE ( 'NONE', *, *, #2763, .F. ) ;
#1584 = LINE ( 'NONE', #2056, #143 ) ;
#1585 = LINE ( 'NONE', #2216, #1766 ) ;
#1586 = CARTESIAN_POINT ( 'NONE',  ( -0.7825000000000010836, -6.500000000000000000, 30.80000000000001137 ) ) ;
#1587 = ORIENTED_EDGE ( 'NONE', *, *, #1220, .T. ) ;
#1588 = ORIENTED_EDGE ( 'NONE', *, *, #1883, .F. ) ;
#1589 = FACE_OUTER_BOUND ( 'NONE', #872, .T. ) ;
#1590 = DIRECTION ( 'NONE',  ( -1.000000000000000000, 0.000000000000000000, 0.000000000000000000 ) ) ;
#1591 =( LENGTH_UNIT ( ) NAMED_UNIT ( * ) SI_UNIT ( .MILLI., .METRE. ) );
#1592 = CARTESIAN_POINT ( 'NONE',  ( -6.090044885705979461, 10.00000000000000178, 13.29522784484592002 ) ) ;
#1593 = DIRECTION ( 'NONE',  ( 0.7071067811865474617, 0.000000000000000000, 0.7071067811865474617 ) ) ;
#1594 = DIRECTION ( 'NONE',  ( 0.000000000000000000, 0.000000000000000000, 1.000000000000000000 ) ) ;
#1595 = VECTOR ( 'NONE', #2286, 1000.000000000000114 ) ;
#1596 = CARTESIAN_POINT ( 'NONE',  ( -5.942253935977801937, -10.00000000000000000, 13.54240946256025246 ) ) ;
#1597 = EDGE_CURVE ( 'NONE', #1672, #2386, #477, .T. ) ;
#1598 = VERTEX_POINT ( 'NONE', #2124 ) ;
#1599 = CIRCLE ( 'NONE', #2033, 3.237499999999999822 ) ;
#1600 = CARTESIAN_POINT ( 'NONE',  ( 9.198987737608760540, 8.500000000000000000, 5.000000000000000888 ) ) ;
#1601 = CARTESIAN_POINT ( 'NONE',  ( -6.257295195754748462, 10.00000000000000355, 13.10831501195384696 ) ) ;
#1602 = CARTESIAN_POINT ( 'NONE',  ( -5.680000000000000604, -11.00000000000000000, 13.80758602660535672 ) ) ;
#1603 = ORIENTED_EDGE ( 'NONE', *, *, #1574, .F. ) ;
#1604 = ORIENTED_EDGE ( 'NONE', *, *, #2161, .T. ) ;
#1605 = DIRECTION ( 'NONE',  ( 0.000000000000000000, -0.000000000000000000, -1.000000000000000000 ) ) ;
#1606 = DIRECTION ( 'NONE',  ( 0.7071067811865536790, -0.7071067811865414665, 0.000000000000000000 ) ) ;
#1607 = DIRECTION ( 'NONE',  ( 0.000000000000000000, -0.000000000000000000, -1.000000000000000000 ) ) ;
#1608 = CARTESIAN_POINT ( 'NONE',  ( -10.48000000000000043, -2.123266454099136169, 30.86599516272995913 ) ) ;
#1609 = CONICAL_SURFACE ( 'NONE', #2240, 1.520000000000000018, 0.7853981633974570498 ) ;
#1610 = FACE_OUTER_BOUND ( 'NONE', #2424, .T. ) ;
#1611 = AXIS2_PLACEMENT_3D ( 'NONE', #1060, #1975, #1959 ) ;
#1612 = EDGE_LOOP ( 'NONE', ( #1758, #782, #1512, #573 ) ) ;
#1613 = EDGE_CURVE ( 'NONE', #1736, #1805, #2011, .T. ) ;
#1614 = DIRECTION ( 'NONE',  ( 0.5773502691896190697, 0.5773502691896290617, 0.5773502691896290617 ) ) ;
#1615 = CARTESIAN_POINT ( 'NONE',  ( -5.680000000000000604, -3.666666666671436481, 14.02489685437724809 ) ) ;
#1616 = ORIENTED_EDGE ( 'NONE', *, *, #2974, .T. ) ;
#1617 = VERTEX_POINT ( 'NONE', #1262 ) ;
#1618 = PLANE ( 'NONE',  #98 ) ;
#1619 = EDGE_CURVE ( 'NONE', #41, #1598, #1717, .T. ) ;
#1620 = CARTESIAN_POINT ( 'NONE',  ( 7.698987737608761428, -9.899999999999996803, 31.00000000000000000 ) ) ;
#1621 = EDGE_CURVE ( 'NONE', #1672, #3045, #2952, .T. ) ;
#1622 = DIRECTION ( 'NONE',  ( -0.000000000000000000, -0.000000000000000000, 1.000000000000000000 ) ) ;
#1623 = CARTESIAN_POINT ( 'NONE',  ( 0.000000000000000000, 0.000000000000000000, 0.000000000000000000 ) ) ;
#1624 = DIRECTION ( 'NONE',  ( -1.000000000000000000, 0.000000000000000000, 0.000000000000000000 ) ) ;
#1625 = EDGE_LOOP ( 'NONE', ( #1108, #1290, #1912, #1377, #3014, #59, #2187, #2785, #590, #986, #448, #1491, #2363, #800 ) ) ;
#1626 = LINE ( 'NONE', #470, #2892 ) ;
#1627 = CARTESIAN_POINT ( 'NONE',  ( -5.699429496954160790, -11.00000000000000000, 13.56522123683442871 ) ) ;
#1628 = VERTEX_POINT ( 'NONE', #1945 ) ;
#1629 = EDGE_LOOP ( 'NONE', ( #2357, #1159, #1859, #947 ) ) ;
#1630 = EDGE_CURVE ( 'NONE', #960, #2103, #1015, .T. ) ;
#1631 = EDGE_CURVE ( 'NONE', #1032, #3010, #1027, .T. ) ;
#1632 = CARTESIAN_POINT ( 'NONE',  ( -5.767902168963662923, -9.799999999999995381, 13.44068293869200836 ) ) ;
#1633 = EDGE_CURVE ( 'NONE', #2485, #273, #566, .T. ) ;
#1634 = FACE_OUTER_BOUND ( 'NONE', #2392, .T. ) ;
#1635 = DIRECTION ( 'NONE',  ( 1.000000000000000000, 0.000000000000000000, 0.000000000000000000 ) ) ;
#1636 = DIRECTION ( 'NONE',  ( -0.5773502691896258421, 0.5773502691896258421, 0.5773502691896258421 ) ) ;
#1637 = EDGE_LOOP ( 'NONE', ( #2903, #122, #2624, #1656 ) ) ;
#1638 = CARTESIAN_POINT ( 'NONE',  ( 7.698987737608761428, -9.799999999999997158, 26.07999999999999829 ) ) ;
#1639 = CARTESIAN_POINT ( 'NONE',  ( 9.198987737608760540, -8.500000000000000000, 4.800000000000002487 ) ) ;
#1640 = ADVANCED_FACE ( 'NONE', ( #1316 ), #1761, .T. ) ;
#1641 = ORIENTED_EDGE ( 'NONE', *, *, #2339, .F. ) ;
#1642 = CIRCLE ( 'NONE', #956, 1.399999999999996803 ) ;
#1643 = VECTOR ( 'NONE', #97, 1000.000000000000114 ) ;
#1644 = EDGE_CURVE ( 'NONE', #1565, #2288, #2407, .T. ) ;
#1645 = CARTESIAN_POINT ( 'NONE',  ( -5.679984403136349336, -9.799999999999997158, 13.92859799241801788 ) ) ;
#1646 = LINE ( 'NONE', #1433, #1024 ) ;
#1647 = CARTESIAN_POINT ( 'NONE',  ( 9.198987737608760540, -8.500000000000000000, 30.89999999999999858 ) ) ;
#1648 = CARTESIAN_POINT ( 'NONE',  ( -9.150000000000002132, 7.125000000000000000, 0.000000000000000000 ) ) ;
#1649 = CARTESIAN_POINT ( 'NONE',  ( -6.193314704434446760, 10.00000000000000000, 13.17681859018379598 ) ) ;
#1650 = AXIS2_PLACEMENT_3D ( 'NONE', #1138, #189, #2561 ) ;
#1651 = ORIENTED_EDGE ( 'NONE', *, *, #2699, .T. ) ;
#1652 = PLANE ( 'NONE',  #2745 ) ;
#1653 = DIRECTION ( 'NONE',  ( -1.000000000000000000, 0.000000000000000000, 0.000000000000000000 ) ) ;
#1654 = EDGE_CURVE ( 'NONE', #1686, #1628, #1730, .T. ) ;
#1655 = VECTOR ( 'NONE', #1555, 1000.000000000000114 ) ;
#1656 = ORIENTED_EDGE ( 'NONE', *, *, #657, .F. ) ;
#1657 = PLANE ( 'NONE',  #2476 ) ;
#1658 = VECTOR ( 'NONE', #1065, 1000.000000000000000 ) ;
#1659 = ORIENTED_EDGE ( 'NONE', *, *, #68, .F. ) ;
#1660 = DIRECTION ( 'NONE',  ( 1.000000000000000000, 0.000000000000000000, 0.000000000000000000 ) ) ;
#1661 = EDGE_CURVE ( 'NONE', #230, #1954, #1276, .T. ) ;
#1662 = CARTESIAN_POINT ( 'NONE',  ( 0.000000000000000000, 0.000000000000000000, 5.000000000000000000 ) ) ;
#1663 = LINE ( 'NONE', #2831, #2385 ) ;
#1664 = CARTESIAN_POINT ( 'NONE',  ( -6.071176865003468315, 9.800000000000006040, 13.01450018315349944 ) ) ;
#1665 = ORIENTED_EDGE ( 'NONE', *, *, #1818, .T. ) ;
#1666 = CONICAL_SURFACE ( 'NONE', #3000, 3.573774619196393942, 0.7853981633974396193 ) ;
#1667 = ADVANCED_FACE ( 'NONE', ( #1082 ), #2639, .F. ) ;
#1668 = DIRECTION ( 'NONE',  ( 0.7071067811865467956, 8.659560562354922997E-17, -0.7071067811865483499 ) ) ;
#1669 = DIRECTION ( 'NONE',  ( -1.000000000000000000, 0.000000000000000000, 0.000000000000000000 ) ) ;
#1670 = ORIENTED_EDGE ( 'NONE', *, *, #2175, .F. ) ;
#1671 = CARTESIAN_POINT ( 'NONE',  ( -9.000000000000001776, 0.000000000000000000, -1.550000000000000044 ) ) ;
#1672 = VERTEX_POINT ( 'NONE', #91 ) ;
#1673 = VECTOR ( 'NONE', #1527, 1000.000000000000000 ) ;
#1674 = DIRECTION ( 'NONE',  ( 0.7071067811865474617, 0.000000000000000000, 0.7071067811865474617 ) ) ;
#1675 = CARTESIAN_POINT ( 'NONE',  ( -11.42500000000000071, -4.849999999999997868, -3.775000000000001243 ) ) ;
#1676 = DIRECTION ( 'NONE',  ( -0.000000000000000000, -0.000000000000000000, -1.000000000000000000 ) ) ;
#1677 = CARTESIAN_POINT ( 'NONE',  ( -5.767902168963667364, 9.800000000000006040, 13.44068293869199415 ) ) ;
#1678 = ADVANCED_FACE ( 'NONE', ( #784 ), #2665, .F. ) ;
#1679 = ORIENTED_EDGE ( 'NONE', *, *, #776, .F. ) ;
#1680 = DIRECTION ( 'NONE',  ( -1.000000000000000000, 0.000000000000000000, 0.000000000000000000 ) ) ;
#1681 = CARTESIAN_POINT ( 'NONE',  ( -5.879999999999998117, -10.00000000000000000, 26.27999999999999758 ) ) ;
#1682 = ORIENTED_EDGE ( 'NONE', *, *, #479, .F. ) ;
#1683 = VECTOR ( 'NONE', #2308, 1000.000000000000000 ) ;
#1684 = CARTESIAN_POINT ( 'NONE',  ( -10.32999999999999829, -7.274999999999999467, 0.000000000000000000 ) ) ;
#1685 = VECTOR ( 'NONE', #2086, 1000.000000000000114 ) ;
#1686 = VERTEX_POINT ( 'NONE', #2914 ) ;
#1687 = CARTESIAN_POINT ( 'NONE',  ( -5.889846475057227693, -10.00000000000000178, 13.76784530098806414 ) ) ;
#1688 = CIRCLE ( 'NONE', #1482, 1.719999999999992424 ) ;
#1689 = AXIS2_PLACEMENT_3D ( 'NONE', #167, #2242, #2262 ) ;
#1690 = DIRECTION ( 'NONE',  ( -0.000000000000000000, -0.000000000000000000, -1.000000000000000000 ) ) ;
#1691 = CARTESIAN_POINT ( 'NONE',  ( -6.084743665671078716, 0.000000000000000000, 13.00000000000000178 ) ) ;
#1692 = CARTESIAN_POINT ( 'NONE',  ( -5.827190523710837233, 9.800000000000004263, 13.32355383818358874 ) ) ;
#1693 = ORIENTED_EDGE ( 'NONE', *, *, #2597, .F. ) ;
#1694 = CARTESIAN_POINT ( 'NONE',  ( -2.302500000000001101, -6.500000000000000000, 30.80000000000001137 ) ) ;
#1695 = LINE ( 'NONE', #1044, #2493 ) ;
#1696 = ADVANCED_FACE ( 'NONE', ( #1472 ), #1484, .F. ) ;
#1697 = EDGE_LOOP ( 'NONE', ( #2697, #258, #1332, #434 ) ) ;
#1698 = VECTOR ( 'NONE', #1485, 1000.000000000000000 ) ;
#1699 = DIRECTION ( 'NONE',  ( -0.000000000000000000, 0.000000000000000000, 1.000000000000000000 ) ) ;
#1700 = ORIENTED_EDGE ( 'NONE', *, *, #1792, .F. ) ;
#1701 = EDGE_CURVE ( 'NONE', #1172, #83, #2682, .T. ) ;
#1702 = CARTESIAN_POINT ( 'NONE',  ( -5.880059069781138348, -10.00000000000000000, 13.97309649367030637 ) ) ;
#1703 = LINE ( 'NONE', #509, #2576 ) ;
#1704 = DIRECTION ( 'NONE',  ( 0.7071067811865474617, 0.000000000000000000, 0.7071067811865474617 ) ) ;
#1705 = DIRECTION ( 'NONE',  ( 0.000000000000000000, 0.000000000000000000, 1.000000000000000000 ) ) ;
#1706 = AXIS2_PLACEMENT_3D ( 'NONE', #988, #1919, #1251 ) ;
#1707 = VERTEX_POINT ( 'NONE', #581 ) ;
#1708 = CARTESIAN_POINT ( 'NONE',  ( 8.998987737608759474, 0.000000000000000000, 26.07999999999999829 ) ) ;
#1709 = ORIENTED_EDGE ( 'NONE', *, *, #112, .F. ) ;
#1710 = ORIENTED_EDGE ( 'NONE', *, *, #1952, .F. ) ;
#1711 = CARTESIAN_POINT ( 'NONE',  ( -10.48000000000000043, -10.00000000000000000, 30.89999999999999858 ) ) ;
#1712 = VECTOR ( 'NONE', #1000, 1000.000000000000000 ) ;
#1713 = ORIENTED_EDGE ( 'NONE', *, *, #2813, .T. ) ;
#1714 = EDGE_CURVE ( 'NONE', #635, #2746, #2420, .T. ) ;
#1715 = CARTESIAN_POINT ( 'NONE',  ( -5.879999999999995453, 10.00000000000000000, 5.000000000000000000 ) ) ;
#1716 = ADVANCED_FACE ( 'NONE', ( #314 ), #113, .F. ) ;
#1717 = LINE ( 'NONE', #2437, #125 ) ;
#1718 = DIRECTION ( 'NONE',  ( -1.000000000000000000, 0.000000000000000000, 0.000000000000000000 ) ) ;
#1719 = CARTESIAN_POINT ( 'NONE',  ( 1.015000000000000568, -5.599999999999999645, 2.850000000000000089 ) ) ;
#1720 = ORIENTED_EDGE ( 'NONE', *, *, #2295, .F. ) ;
#1721 = CARTESIAN_POINT ( 'NONE',  ( 5.697499999999999787, -6.500000000000000000, 31.00000000000000000 ) ) ;
#1722 = ORIENTED_EDGE ( 'NONE', *, *, #2204, .T. ) ;
#1723 = VERTEX_POINT ( 'NONE', #2722 ) ;
#1724 = FACE_OUTER_BOUND ( 'NONE', #2894, .T. ) ;
#1725 = LINE ( 'NONE', #284, #265 ) ;
#1726 = VERTEX_POINT ( 'NONE', #1780 ) ;
#1727 = EDGE_CURVE ( 'NONE', #1581, #1098, #387, .T. ) ;
#1728 = DIRECTION ( 'NONE',  ( 0.000000000000000000, 0.000000000000000000, -1.000000000000000000 ) ) ;
#1729 = VECTOR ( 'NONE', #2648, 1000.000000000000000 ) ;
#1730 = LINE ( 'NONE', #2176, #873 ) ;
#1731 = DIRECTION ( 'NONE',  ( -0.000000000000000000, -0.000000000000000000, 1.000000000000000000 ) ) ;
#1732 = CARTESIAN_POINT ( 'NONE',  ( 0.000000000000000000, 5.599999999999999645, 0.2000000000000048683 ) ) ;
#1733 = ORIENTED_EDGE ( 'NONE', *, *, #681, .F. ) ;
#1734 = EDGE_CURVE ( 'NONE', #2239, #2823, #1526, .T. ) ;
#1735 = DIRECTION ( 'NONE',  ( -0.7071067811865594521, 8.659560562355078304E-17, 0.7071067811865355823 ) ) ;
#1736 = VERTEX_POINT ( 'NONE', #2979 ) ;
#1737 = ORIENTED_EDGE ( 'NONE', *, *, #1734, .F. ) ;
#1738 = DIRECTION ( 'NONE',  ( -1.000000000000000000, 5.860552283705427907E-16, 0.000000000000000000 ) ) ;
#1739 = CARTESIAN_POINT ( 'NONE',  ( -5.680000000000000604, -9.800000000000052225, 14.02489685437724809 ) ) ;
#1740 = ORIENTED_EDGE ( 'NONE', *, *, #2251, .F. ) ;
#1741 = AXIS2_PLACEMENT_3D ( 'NONE', #371, #1382, #2776 ) ;
#1742 = ORIENTED_EDGE ( 'NONE', *, *, #1619, .T. ) ;
#1743 = CARTESIAN_POINT ( 'NONE',  ( 7.698987737608761428, 8.500000000000000000, 4.800000000000002487 ) ) ;
#1744 = VECTOR ( 'NONE', #1745, 1000.000000000000000 ) ;
#1745 = DIRECTION ( 'NONE',  ( 0.000000000000000000, -1.000000000000000000, 0.000000000000000000 ) ) ;
#1746 = CARTESIAN_POINT ( 'NONE',  ( -2.302500000000001101, -6.500000000000000000, 26.07999999999999829 ) ) ;
#1747 = FACE_OUTER_BOUND ( 'NONE', #57, .T. ) ;
#1748 = CYLINDRICAL_SURFACE ( 'NONE', #1126, 1.499999999999999556 ) ;
#1749 = DIRECTION ( 'NONE',  ( -0.000000000000000000, -0.000000000000000000, -1.000000000000000000 ) ) ;
#1750 = DIRECTION ( 'NONE',  ( -0.000000000000000000, -0.000000000000000000, 1.000000000000000000 ) ) ;
#1751 = ORIENTED_EDGE ( 'NONE', *, *, #2747, .F. ) ;
#1752 = DIRECTION ( 'NONE',  ( -1.000000000000000000, 0.000000000000000000, 0.000000000000000000 ) ) ;
#1753 = ORIENTED_EDGE ( 'NONE', *, *, #1580, .T. ) ;
#1754 = FACE_OUTER_BOUND ( 'NONE', #1440, .T. ) ;
#1755 = CARTESIAN_POINT ( 'NONE',  ( -5.680000000000000604, 9.799999999999963407, 13.80758602660535672 ) ) ;
#1756 = DIRECTION ( 'NONE',  ( 0.000000000000000000, -0.000000000000000000, -1.000000000000000000 ) ) ;
#1757 = VERTEX_POINT ( 'NONE', #857 ) ;
#1758 = ORIENTED_EDGE ( 'NONE', *, *, #1836, .F. ) ;
#1759 = CARTESIAN_POINT ( 'NONE',  ( -10.43606601717798021, 7.231066017177982808, -1.393933982822018525 ) ) ;
#1760 = LINE ( 'NONE', #2010, #2792 ) ;
#1761 = CYLINDRICAL_SURFACE ( 'NONE', #2389, 1.499999999999999556 ) ;
#1762 = CARTESIAN_POINT ( 'NONE',  ( -10.41334572858962026, -2.202395457281320024, 30.96665427141038052 ) ) ;
#1763 = DIRECTION ( 'NONE',  ( 0.000000000000000000, 0.000000000000000000, -1.000000000000000000 ) ) ;
#1764 = DIRECTION ( 'NONE',  ( -1.000000000000000000, 0.000000000000000000, 0.000000000000000000 ) ) ;
#1765 = FACE_BOUND ( 'NONE', #473, .T. ) ;
#1766 = VECTOR ( 'NONE', #2998, 1000.000000000000000 ) ;
#1767 = CARTESIAN_POINT ( 'NONE',  ( 8.998987737608764803, 8.500000000000000000, 5.000000000000000000 ) ) ;
#1768 = EDGE_CURVE ( 'NONE', #2839, #2412, #103, .T. ) ;
#1769 = ORIENTED_EDGE ( 'NONE', *, *, #1916, .T. ) ;
#1770 = CARTESIAN_POINT ( 'NONE',  ( -1.215000000000003633, -5.599999999999999645, 0.000000000000000000 ) ) ;
#1771 = ORIENTED_EDGE ( 'NONE', *, *, #2153, .T. ) ;
#1772 = CARTESIAN_POINT ( 'NONE',  ( -2.302500000000001101, -6.500000000000000000, 30.80000000000001137 ) ) ;
#1773 = CARTESIAN_POINT ( 'NONE',  ( -5.879999999999996341, 10.00000000000000178, 14.02489685437724809 ) ) ;
#1774 = CARTESIAN_POINT ( 'NONE',  ( 8.998987737608763027, 8.500000000000000000, 5.000000000000000000 ) ) ;
#1775 = ORIENTED_EDGE ( 'NONE', *, *, #1072, .F. ) ;
#1776 =( GEOMETRIC_REPRESENTATION_CONTEXT ( 3 ) GLOBAL_UNCERTAINTY_ASSIGNED_CONTEXT ( ( #170 ) ) GLOBAL_UNIT_ASSIGNED_CONTEXT ( ( #1591, #2790, #203 ) ) REPRESENTATION_CONTEXT ( 'NONE', 'WORKASPACE' ) );
#1777 = ORIENTED_EDGE ( 'NONE', *, *, #2954, .T. ) ;
#1778 = CYLINDRICAL_SURFACE ( 'NONE', #1156, 0.1500000000000008271 ) ;
#1779 = CARTESIAN_POINT ( 'NONE',  ( -5.880000000000001670, -10.00000000000000178, 14.02489685437724454 ) ) ;
#1780 = CARTESIAN_POINT ( 'NONE',  ( -10.38000000000000078, -9.899999999999996803, 31.00000000000000000 ) ) ;
#1781 = DIRECTION ( 'NONE',  ( 0.000000000000000000, -0.000000000000000000, -1.000000000000000000 ) ) ;
#1782 = CARTESIAN_POINT ( 'NONE',  ( -5.881083084917524850, 10.00000000000000000, 13.90255575339585370 ) ) ;
#1783 = CARTESIAN_POINT ( 'NONE',  ( -10.27999999999999403, 1.675534177783068124, 29.50000000000000000 ) ) ;
#1784 = EDGE_CURVE ( 'NONE', #1193, #933, #1342, .T. ) ;
#1785 = CARTESIAN_POINT ( 'NONE',  ( -10.48000000000000043, -9.900000000000000355, 5.000000000000000000 ) ) ;
#1786 = ORIENTED_EDGE ( 'NONE', *, *, #1017, .T. ) ;
#1787 = CARTESIAN_POINT ( 'NONE',  ( -6.245613137503595702, -9.999999999999998224, 13.12079905577390626 ) ) ;
#1788 = EDGE_LOOP ( 'NONE', ( #1587, #2543 ) ) ;
#1789 = CARTESIAN_POINT ( 'NONE',  ( -4.263551786395701724E-15, -7.275000000000005684, -1.350000000000001199 ) ) ;
#1790 = CARTESIAN_POINT ( 'NONE',  ( -5.993729546399370278, 10.00000000000000355, 13.43507114512167178 ) ) ;
#1791 = FACE_OUTER_BOUND ( 'NONE', #1877, .T. ) ;
#1792 = EDGE_CURVE ( 'NONE', #1243, #520, #608, .T. ) ;
#1793 = ORIENTED_EDGE ( 'NONE', *, *, #2066, .F. ) ;
#1794 = ORIENTED_EDGE ( 'NONE', *, *, #799, .F. ) ;
#1795 = LINE ( 'NONE', #2738, #2779 ) ;
#1796 = CARTESIAN_POINT ( 'NONE',  ( -6.257295195754741357, -9.999999999999994671, 13.10831501195384874 ) ) ;
#1797 = ADVANCED_FACE ( 'NONE', ( #2963 ), #2236, .T. ) ;
#1798 = AXIS2_PLACEMENT_3D ( 'NONE', #510, #1915, #1904 ) ;
#1799 = ADVANCED_FACE ( 'NONE', ( #2488 ), #2677, .T. ) ;
#1800 = VECTOR ( 'NONE', #94, 1000.000000000000000 ) ;
#1801 = CARTESIAN_POINT ( 'NONE',  ( -5.880010810410115418, 9.999999999999998224, 13.99739460868508978 ) ) ;
#1802 = DIRECTION ( 'NONE',  ( 0.000000000000000000, 0.000000000000000000, 1.000000000000000000 ) ) ;
#1803 = VECTOR ( 'NONE', #2341, 1000.000000000000000 ) ;
#1804 = VECTOR ( 'NONE', #629, 999.9999999999998863 ) ;
#1805 = VERTEX_POINT ( 'NONE', #2926 ) ;
#1806 = CARTESIAN_POINT ( 'NONE',  ( -6.200261058264447733, -9.999999999999998224, 13.16934230600429423 ) ) ;
#1807 = EDGE_LOOP ( 'NONE', ( #1204, #836, #311, #2633 ) ) ;
#1808 = DIRECTION ( 'NONE',  ( 0.000000000000000000, 0.000000000000000000, -1.000000000000000000 ) ) ;
#1809 = CARTESIAN_POINT ( 'NONE',  ( -5.880020295262175622, 10.00000000000000711, 13.93109745424332502 ) ) ;
#1810 = DIRECTION ( 'NONE',  ( 1.000000000000000000, 0.000000000000000000, 0.000000000000000000 ) ) ;
#1811 = ORIENTED_EDGE ( 'NONE', *, *, #2069, .F. ) ;
#1812 = ORIENTED_EDGE ( 'NONE', *, *, #221, .F. ) ;
#1813 = CARTESIAN_POINT ( 'NONE',  ( -10.32999999999999829, -7.274999999999999467, -1.350000000000001421 ) ) ;
#1814 = CARTESIAN_POINT ( 'NONE',  ( -5.880020295262147201, -9.999999999999998224, 13.93109745424359147 ) ) ;
#1815 = DIRECTION ( 'NONE',  ( 0.000000000000000000, 0.000000000000000000, -1.000000000000000000 ) ) ;
#1816 = CARTESIAN_POINT ( 'NONE',  ( -6.069699921857213631, 10.00000000000000178, 13.32129115328858227 ) ) ;
#1817 = CARTESIAN_POINT ( 'NONE',  ( -2.302500000000001101, 6.500000000000000000, 31.00000000000000000 ) ) ;
#1818 = EDGE_CURVE ( 'NONE', #2845, #70, #2021, .T. ) ;
#1819 = LINE ( 'NONE', #2268, #218 ) ;
#1820 = CARTESIAN_POINT ( 'NONE',  ( 0.000000000000000000, -9.899999999999996803, 31.00000000000000000 ) ) ;
#1821 = VERTEX_POINT ( 'NONE', #2465 ) ;
#1822 = FACE_OUTER_BOUND ( 'NONE', #560, .T. ) ;
#1823 = CARTESIAN_POINT ( 'NONE',  ( -5.908944360575171473, 10.00000000000000711, 13.65208749815262479 ) ) ;
#1824 = CARTESIAN_POINT ( 'NONE',  ( -5.936262876467393923, 11.00000000000000178, 13.15867404042361777 ) ) ;
#1825 = ORIENTED_EDGE ( 'NONE', *, *, #1248, .T. ) ;
#1826 = ORIENTED_EDGE ( 'NONE', *, *, #2583, .F. ) ;
#1827 = CARTESIAN_POINT ( 'NONE',  ( -6.084743665671078716, 9.800000000000009592, 13.00000000000000178 ) ) ;
#1828 = CARTESIAN_POINT ( 'NONE',  ( -6.143287382262750285, -9.799999999999975842, 12.93743714691033020 ) ) ;
#1829 = CARTESIAN_POINT ( 'NONE',  ( -8.813333333333332575, 11.56666666666666465, 1.666666666666666963 ) ) ;
#1830 = APPLICATION_PROTOCOL_DEFINITION ( 'draft international standard', 'automotive_design', 1998, #171 ) ;
#1831 = CARTESIAN_POINT ( 'NONE',  ( 6.858022075225177566E-16, -5.599999999999999645, 0.2000000000000048683 ) ) ;
#1832 = ADVANCED_FACE ( 'NONE', ( #1754 ), #805, .T. ) ;
#1833 = AXIS2_PLACEMENT_3D ( 'NONE', #215, #2771, #673 ) ;
#1834 = CARTESIAN_POINT ( 'NONE',  ( -5.679999999999999716, 3.266666666666673713, 14.02489685437724809 ) ) ;
#1835 = VECTOR ( 'NONE', #1208, 1000.000000000000000 ) ;
#1836 = EDGE_CURVE ( 'NONE', #1387, #1937, #2142, .T. ) ;
#1837 = ORIENTED_EDGE ( 'NONE', *, *, #1887, .F. ) ;
#1838 = AXIS2_PLACEMENT_3D ( 'NONE', #2491, #596, #2695 ) ;
#1839 = CARTESIAN_POINT ( 'NONE',  ( 9.198987737608760540, 8.500000000000000000, 26.27999999999999758 ) ) ;
#1840 = VECTOR ( 'NONE', #2961, 1000.000000000000114 ) ;
#1841 = CARTESIAN_POINT ( 'NONE',  ( 0.000000000000000000, 5.599999999999999645, 2.850000000000000089 ) ) ;
#1842 = EDGE_CURVE ( 'NONE', #1736, #88, #358, .T. ) ;
#1843 = ORIENTED_EDGE ( 'NONE', *, *, #1727, .F. ) ;
#1844 = ORIENTED_EDGE ( 'NONE', *, *, #776, .T. ) ;
#1845 = CARTESIAN_POINT ( 'NONE',  ( -10.48000000000000043, 2.007504789401327816, 30.79999999999999361 ) ) ;
#1846 = CARTESIAN_POINT ( 'NONE',  ( -6.013178428640310713, -9.799999999999995381, 13.07733241508900690 ) ) ;
#1847 = CARTESIAN_POINT ( 'NONE',  ( 8.998987737608763027, -8.500000000000000000, 5.000000000000000000 ) ) ;
#1848 = DIRECTION ( 'NONE',  ( 0.7071067811865536790, 0.000000000000000000, 0.7071067811865413555 ) ) ;
#1849 = LINE ( 'NONE', #678, #965 ) ;
#1850 = AXIS2_PLACEMENT_3D ( 'NONE', #945, #1462, #757 ) ;
#1851 = LINE ( 'NONE', #692, #1595 ) ;
#1852 = AXIS2_PLACEMENT_3D ( 'NONE', #134, #1246, #2499 ) ;
#1853 = ORIENTED_EDGE ( 'NONE', *, *, #1661, .T. ) ;
#1854 = ADVANCED_FACE ( 'NONE', ( #145 ), #1307, .T. ) ;
#1855 = CARTESIAN_POINT ( 'NONE',  ( -6.229471993062586144, 10.00000000000000000, 13.13804857421641614 ) ) ;
#1856 = CARTESIAN_POINT ( 'NONE',  ( -5.680000000000000604, -11.00000000000000000, 13.91624144049130329 ) ) ;
#1857 = ADVANCED_FACE ( 'NONE', ( #1724 ), #1052, .F. ) ;
#1858 = EDGE_LOOP ( 'NONE', ( #356, #2567, #544, #2139, #1641 ) ) ;
#1859 = ORIENTED_EDGE ( 'NONE', *, *, #1123, .T. ) ;
#1860 = FACE_OUTER_BOUND ( 'NONE', #2769, .T. ) ;
#1861 = CARTESIAN_POINT ( 'NONE',  ( -5.680002775036945728, -9.799999999999981171, 13.97802266565788543 ) ) ;
#1862 = CIRCLE ( 'NONE', #532, 1.014999999999999902 ) ;
#1863 = DIRECTION ( 'NONE',  ( 1.000000000000000000, 0.000000000000000000, 0.000000000000000000 ) ) ;
#1864 = DIRECTION ( 'NONE',  ( -1.000000000000000000, 0.000000000000000000, 0.000000000000000000 ) ) ;
#1865 = VECTOR ( 'NONE', #1963, 1000.000000000000000 ) ;
#1866 = VERTEX_POINT ( 'NONE', #1095 ) ;
#1867 = CARTESIAN_POINT ( 'NONE',  ( -6.190198943642709395, 10.00000000000000000, 13.18020359781834827 ) ) ;
#1868 = CARTESIAN_POINT ( 'NONE',  ( -5.680000000000000604, 3.666666666666667851, 13.91624144049130329 ) ) ;
#1869 = VERTEX_POINT ( 'NONE', #2692 ) ;
#1870 = ORIENTED_EDGE ( 'NONE', *, *, #2402, .F. ) ;
#1871 = CARTESIAN_POINT ( 'NONE',  ( -6.038254643049968173, -9.799999999999991829, 13.04992532744811484 ) ) ;
#1872 = DIRECTION ( 'NONE',  ( -0.000000000000000000, 0.7071067811865475727, 0.7071067811865475727 ) ) ;
#1873 = CARTESIAN_POINT ( 'NONE',  ( -9.199999999999999289, 7.075000000000001066, -1.550000000000000044 ) ) ;
#1874 = CARTESIAN_POINT ( 'NONE',  ( 7.698987737608761428, 10.00000000000000000, 0.1000000000000028644 ) ) ;
#1875 = EDGE_CURVE ( 'NONE', #807, #65, #1034, .T. ) ;
#1876 = CARTESIAN_POINT ( 'NONE',  ( -6.038254643049968173, 9.800000000000004263, 13.04992532744812195 ) ) ;
#1877 = EDGE_LOOP ( 'NONE', ( #2278, #1989, #2663, #2580, #3002, #2642, #2349, #2107, #2944 ) ) ;
#1878 = CARTESIAN_POINT ( 'NONE',  ( 9.198987737608760540, 8.500000000000000000, 31.00000000000000000 ) ) ;
#1879 = FACE_OUTER_BOUND ( 'NONE', #1274, .T. ) ;
#1880 = VERTEX_POINT ( 'NONE', #1507 ) ;
#1881 = VECTOR ( 'NONE', #2144, 1000.000000000000114 ) ;
#1882 = CIRCLE ( 'NONE', #2417, 3.237499999999999822 ) ;
#1883 = EDGE_CURVE ( 'NONE', #2202, #2680, #123, .T. ) ;
#1884 = CARTESIAN_POINT ( 'NONE',  ( -4.263551786395701724E-15, -7.275000000000005684, -1.550000000000000044 ) ) ;
#1885 = ORIENTED_EDGE ( 'NONE', *, *, #2778, .T. ) ;
#1886 = FACE_OUTER_BOUND ( 'NONE', #1898, .T. ) ;
#1887 = EDGE_CURVE ( 'NONE', #1142, #2260, #235, .T. ) ;
#1888 = CARTESIAN_POINT ( 'NONE',  ( -9.150000000000002132, 7.125000000000000000, -1.550000000000000044 ) ) ;
#1889 = DIRECTION ( 'NONE',  ( 0.000000000000000000, 0.000000000000000000, 1.000000000000000000 ) ) ;
#1890 = CARTESIAN_POINT ( 'NONE',  ( -5.799327871516902100, 9.800000000000006040, 13.37394332964853660 ) ) ;
#1891 = AXIS2_PLACEMENT_3D ( 'NONE', #821, #2036, #1752 ) ;
#1892 = CIRCLE ( 'NONE', #568, 1.499999999999999556 ) ;
#1893 = VERTEX_POINT ( 'NONE', #1270 ) ;
#1894 = CARTESIAN_POINT ( 'NONE',  ( -13.43665174637512294, 0.000000000000000000, 30.79999999999999361 ) ) ;
#1895 = VECTOR ( 'NONE', #1439, 1000.000000000000114 ) ;
#1896 = DIRECTION ( 'NONE',  ( -0.7071067811865475727, 0.000000000000000000, -0.7071067811865475727 ) ) ;
#1897 = AXIS2_PLACEMENT_3D ( 'NONE', #1182, #2815, #715 ) ;
#1898 = EDGE_LOOP ( 'NONE', ( #2630, #2557, #963, #1022 ) ) ;
#1899 = CARTESIAN_POINT ( 'NONE',  ( 9.198987737608760540, -8.500000000000000000, 30.89999999999999858 ) ) ;
#1900 = ORIENTED_EDGE ( 'NONE', *, *, #1241, .F. ) ;
#1901 = DIRECTION ( 'NONE',  ( 0.000000000000000000, -1.000000000000000000, 0.000000000000000000 ) ) ;
#1902 = ADVANCED_FACE ( 'NONE', ( #3004 ), #367, .T. ) ;
#1903 = DIRECTION ( 'NONE',  ( 0.000000000000000000, 0.000000000000000000, 1.000000000000000000 ) ) ;
#1904 = DIRECTION ( 'NONE',  ( 1.000000000000000000, 0.000000000000000000, 0.000000000000000000 ) ) ;
#1905 = CARTESIAN_POINT ( 'NONE',  ( -5.680002775036959051, 9.799999999999998934, 13.97802266565739870 ) ) ;
#1906 = ORIENTED_EDGE ( 'NONE', *, *, #919, .T. ) ;
#1907 = AXIS2_PLACEMENT_3D ( 'NONE', #1194, #943, #1406 ) ;
#1908 = DIRECTION ( 'NONE',  ( 1.000000000000000000, 0.000000000000000000, 0.000000000000000000 ) ) ;
#1909 = CARTESIAN_POINT ( 'NONE',  ( -6.284743665671078006, 10.00000000000000000, 5.000000000000000888 ) ) ;
#1910 = ORIENTED_EDGE ( 'NONE', *, *, #452, .T. ) ;
#1911 = LINE ( 'NONE', #2291, #2284 ) ;
#1912 = ORIENTED_EDGE ( 'NONE', *, *, #2324, .F. ) ;
#1913 = DIRECTION ( 'NONE',  ( 0.000000000000000000, 0.000000000000000000, -1.000000000000000000 ) ) ;
#1914 = CARTESIAN_POINT ( 'NONE',  ( 5.697499999999999787, -6.500000000000000000, 26.07999999999999829 ) ) ;
#1915 = DIRECTION ( 'NONE',  ( 0.000000000000000000, 0.000000000000000000, 1.000000000000000000 ) ) ;
#1916 = EDGE_CURVE ( 'NONE', #1289, #2658, #2727, .T. ) ;
#1917 = FACE_OUTER_BOUND ( 'NONE', #84, .T. ) ;
#1918 = ORIENTED_EDGE ( 'NONE', *, *, #1205, .F. ) ;
#1919 = DIRECTION ( 'NONE',  ( 0.000000000000000000, 0.000000000000000000, 1.000000000000000000 ) ) ;
#1920 = CARTESIAN_POINT ( 'NONE',  ( 7.698987737608761428, -8.500000000000000000, 5.000000000000000000 ) ) ;
#1921 = EDGE_CURVE ( 'NONE', #2845, #1628, #1760, .T. ) ;
#1922 = ORIENTED_EDGE ( 'NONE', *, *, #620, .T. ) ;
#1923 = ADVANCED_FACE ( 'NONE', ( #599 ), #1376, .T. ) ;
#1924 = DIRECTION ( 'NONE',  ( 0.000000000000000000, -0.000000000000000000, -1.000000000000000000 ) ) ;
#1925 = VECTOR ( 'NONE', #288, 1000.000000000000000 ) ;
#1926 = ORIENTED_EDGE ( 'NONE', *, *, #1321, .F. ) ;
#1927 = DIRECTION ( 'NONE',  ( -0.7071067811865475727, -0.7071067811865475727, -0.000000000000000000 ) ) ;
#1928 = AXIS2_PLACEMENT_3D ( 'NONE', #1468, #2433, #2170 ) ;
#1929 = VECTOR ( 'NONE', #1674, 1000.000000000000114 ) ;
#1930 = CARTESIAN_POINT ( 'NONE',  ( 5.697499999999999787, 6.500000000000000000, 30.80000000000001492 ) ) ;
#1931 = CARTESIAN_POINT ( 'NONE',  ( -10.34062789378443092, -1.789755152401986349, 29.43937210621556133 ) ) ;
#1932 = CARTESIAN_POINT ( 'NONE',  ( -6.284743665671078006, 10.00000000000000000, 4.800000000000001599 ) ) ;
#1933 = VERTEX_POINT ( 'NONE', #3033 ) ;
#1934 = CARTESIAN_POINT ( 'NONE',  ( -5.679999999999999716, 9.800000000000004263, 14.02489685437724809 ) ) ;
#1935 = EDGE_CURVE ( 'NONE', #2071, #74, #687, .T. ) ;
#1936 = CIRCLE ( 'NONE', #2338, 0.1500000000000008271 ) ;
#1937 = VERTEX_POINT ( 'NONE', #2811 ) ;
#1938 = ADVANCED_FACE ( 'NONE', ( #2787 ), #1657, .T. ) ;
#1939 = ORIENTED_EDGE ( 'NONE', *, *, #286, .F. ) ;
#1940 = VECTOR ( 'NONE', #1175, 1000.000000000000000 ) ;
#1941 = PLANE ( 'NONE',  #674 ) ;
#1942 = EDGE_CURVE ( 'NONE', #2152, #3010, #1688, .T. ) ;
#1943 = ORIENTED_EDGE ( 'NONE', *, *, #521, .T. ) ;
#1944 = CARTESIAN_POINT ( 'NONE',  ( -5.882314045819730275, -10.00000000000000178, 13.86746183328616233 ) ) ;
#1945 = CARTESIAN_POINT ( 'NONE',  ( -10.37999999999999901, -10.00000000000000000, 0.1000000000000028644 ) ) ;
#1946 = FACE_OUTER_BOUND ( 'NONE', #266, .T. ) ;
#1947 = LINE ( 'NONE', #1475, #1577 ) ;
#1948 = VECTOR ( 'NONE', #1668, 999.9999999999998863 ) ;
#1949 = ORIENTED_EDGE ( 'NONE', *, *, #2778, .F. ) ;
#1950 = EDGE_CURVE ( 'NONE', #1133, #2896, #361, .T. ) ;
#1951 = LINE ( 'NONE', #1267, #1865 ) ;
#1952 = EDGE_CURVE ( 'NONE', #1969, #547, #1111, .T. ) ;
#1953 = VERTEX_POINT ( 'NONE', #1203 ) ;
#1954 = VERTEX_POINT ( 'NONE', #451 ) ;
#1955 = CARTESIAN_POINT ( 'NONE',  ( -10.48000000000000043, -9.899999999999996803, 0.000000000000000000 ) ) ;
#1956 = VECTOR ( 'NONE', #694, 1000.000000000000000 ) ;
#1957 = ORIENTED_EDGE ( 'NONE', *, *, #864, .F. ) ;
#1958 = CARTESIAN_POINT ( 'NONE',  ( -5.999999999999999112, 10.27499999999999858, 1.649999999999998579 ) ) ;
#1959 = DIRECTION ( 'NONE',  ( 0.000000000000000000, 0.000000000000000000, -1.000000000000000000 ) ) ;
#1960 = CARTESIAN_POINT ( 'NONE',  ( -10.38000000000000078, -2.213200166698173099, 31.00000000000000000 ) ) ;
#1961 = PLANE ( 'NONE',  #2315 ) ;
#1962 = VERTEX_POINT ( 'NONE', #952 ) ;
#1963 = DIRECTION ( 'NONE',  ( 0.000000000000000000, 1.000000000000000000, 0.000000000000000000 ) ) ;
#1964 = VERTEX_POINT ( 'NONE', #1899 ) ;
#1965 = ORIENTED_EDGE ( 'NONE', *, *, #1168, .T. ) ;
#1966 = DIRECTION ( 'NONE',  ( 1.000000000000000000, 0.000000000000000000, 0.000000000000000000 ) ) ;
#1967 = LINE ( 'NONE', #2909, #2828 ) ;
#1968 = CIRCLE ( 'NONE', #586, 3.573774619196393942 ) ;
#1969 = VERTEX_POINT ( 'NONE', #1620 ) ;
#1970 = EDGE_LOOP ( 'NONE', ( #462, #2115, #1469, #1145 ) ) ;
#1971 = CARTESIAN_POINT ( 'NONE',  ( 7.217500000000000249, 6.500000000000000000, 30.80000000000001492 ) ) ;
#1972 = CIRCLE ( 'NONE', #755, 1.719999999999992424 ) ;
#1973 = AXIS2_PLACEMENT_3D ( 'NONE', #163, #2006, #577 ) ;
#1974 = VECTOR ( 'NONE', #1901, 1000.000000000000000 ) ;
#1975 = DIRECTION ( 'NONE',  ( -0.7071067811865552333, 0.7071067811865398012, 0.000000000000000000 ) ) ;
#1976 = CARTESIAN_POINT ( 'NONE',  ( 6.858022075225177566E-16, -5.599999999999999645, 2.850000000000000089 ) ) ;
#1977 = DIRECTION ( 'NONE',  ( 1.000000000000000000, -5.860552283705427907E-16, 0.000000000000000000 ) ) ;
#1978 = DIRECTION ( 'NONE',  ( 0.000000000000000000, 1.000000000000000000, -0.000000000000000000 ) ) ;
#1979 = CARTESIAN_POINT ( 'NONE',  ( -9.150000000000000355, -7.275000000000000355, -1.350000000000001199 ) ) ;
#1980 = DIRECTION ( 'NONE',  ( 0.000000000000000000, 0.7071067811865474617, 0.7071067811865474617 ) ) ;
#1981 = ORIENTED_EDGE ( 'NONE', *, *, #1701, .T. ) ;
#1982 = CARTESIAN_POINT ( 'NONE',  ( -6.162017681385519197, -10.00000000000000178, 13.21103589569037773 ) ) ;
#1983 = VERTEX_POINT ( 'NONE', #18 ) ;
#1984 = CARTESIAN_POINT ( 'NONE',  ( -5.679999999999999716, -10.00000000000000000, 31.00000000000000000 ) ) ;
#1985 = CARTESIAN_POINT ( 'NONE',  ( -5.951975906950267792, 10.00000000000000000, 13.51895425234898873 ) ) ;
#1986 = CARTESIAN_POINT ( 'NONE',  ( -6.284743646600483125, 10.00000000000000000, 13.07898230392523153 ) ) ;
#1987 = ORIENTED_EDGE ( 'NONE', *, *, #2332, .F. ) ;
#1988 = CIRCLE ( 'NONE', #316, 0.1500000000000008271 ) ;
#1989 = ORIENTED_EDGE ( 'NONE', *, *, #2251, .T. ) ;
#1990 = ADVANCED_FACE ( 'NONE', ( #232 ), #1418, .T. ) ;
#1991 = CARTESIAN_POINT ( 'NONE',  ( -10.48000000000000220, -7.165314165309702332, -1.350000000000001865 ) ) ;
#1992 = CARTESIAN_POINT ( 'NONE',  ( -10.27999999999999403, 1.675534177783068124, 29.50000000000000000 ) ) ;
#1993 = ADVANCED_FACE ( 'NONE', ( #2362 ), #966, .T. ) ;
#1994 = CARTESIAN_POINT ( 'NONE',  ( -13.43665174637512294, 0.000000000000000000, 29.50000000000000000 ) ) ;
#1995 = CARTESIAN_POINT ( 'NONE',  ( -10.38000000000000078, -2.213200166698173099, 31.00000000000000000 ) ) ;
#1996 =( BOUNDED_CURVE ( )  B_SPLINE_CURVE ( 3, ( #1333, #384, #1991, #1057 ),
 .UNSPECIFIED., .F., .F. ) 
 B_SPLINE_CURVE_WITH_KNOTS ( ( 4, 4 ),
 ( 2.356194490192353275, 3.141592653589793116 ),
 .UNSPECIFIED. ) 
 CURVE ( )  GEOMETRIC_REPRESENTATION_ITEM ( )  RATIONAL_B_SPLINE_CURVE ( ( 1.000000000000000000, 0.9492530216741921212, 0.9492530216741921212, 1.000000000000000000 ) ) 
 REPRESENTATION_ITEM ( '' )  );
#1997 = DIRECTION ( 'NONE',  ( -1.000000000000000000, 0.000000000000000000, 0.000000000000000000 ) ) ;
#1998 = DIRECTION ( 'NONE',  ( -1.000000000000000000, 0.000000000000000000, 0.000000000000000000 ) ) ;
#1999 = LINE ( 'NONE', #2918, #1658 ) ;
#2000 = FACE_OUTER_BOUND ( 'NONE', #571, .T. ) ;
#2001 = VERTEX_POINT ( 'NONE', #766 ) ;
#2002 = CARTESIAN_POINT ( 'NONE',  ( -6.241744162968494436, -9.999999999999998224, 13.12493357966384266 ) ) ;
#2003 = ORIENTED_EDGE ( 'NONE', *, *, #1613, .F. ) ;
#2004 = DIRECTION ( 'NONE',  ( 0.000000000000000000, 0.000000000000000000, -1.000000000000000000 ) ) ;
#2005 = LINE ( 'NONE', #341, #2753 ) ;
#2006 = DIRECTION ( 'NONE',  ( 0.000000000000000000, 0.000000000000000000, -1.000000000000000000 ) ) ;
#2007 = EDGE_LOOP ( 'NONE', ( #1603, #2523, #1713, #2590 ) ) ;
#2008 = EDGE_LOOP ( 'NONE', ( #1837, #2922, #56, #1476 ) ) ;
#2009 = CARTESIAN_POINT ( 'NONE',  ( -10.48000000000000043, -9.900000000000000355, 30.90000000000000213 ) ) ;
#2010 = CARTESIAN_POINT ( 'NONE',  ( -10.37999999999999901, -10.00000000000000000, 5.000000000000000000 ) ) ;
#2011 = LINE ( 'NONE', #829, #1744 ) ;
#2012 = DIRECTION ( 'NONE',  ( 1.000000000000000000, 0.000000000000000000, 0.000000000000000000 ) ) ;
#2013 = CARTESIAN_POINT ( 'NONE',  ( -5.942381795790751653, 9.999999999999998224, 13.54195491990203237 ) ) ;
#2014 = CARTESIAN_POINT ( 'NONE',  ( -2.302500000000001101, 6.500000000000000000, 26.07999999999999829 ) ) ;
#2015 = PLANE ( 'NONE',  #2991 ) ;
#2016 = EDGE_CURVE ( 'NONE', #2770, #1172, #2186, .T. ) ;
#2017 = CARTESIAN_POINT ( 'NONE',  ( 5.697499999999999787, -6.500000000000000000, 21.78079077038578859 ) ) ;
#2018 = ORIENTED_EDGE ( 'NONE', *, *, #50, .T. ) ;
#2019 = DIRECTION ( 'NONE',  ( -1.000000000000000000, 5.860552283705427907E-16, 0.000000000000000000 ) ) ;
#2020 = ORIENTED_EDGE ( 'NONE', *, *, #1768, .T. ) ;
#2021 = LINE ( 'NONE', #1327, #2432 ) ;
#2022 = ADVANCED_FACE ( 'NONE', ( #1256 ), #1941, .F. ) ;
#2023 = PLANE ( 'NONE',  #2598 ) ;
#2024 = CARTESIAN_POINT ( 'NONE',  ( -5.936262876467393923, -9.799999999999995381, 13.15867404042361244 ) ) ;
#2025 = ORIENTED_EDGE ( 'NONE', *, *, #1314, .F. ) ;
#2026 = VECTOR ( 'NONE', #1731, 1000.000000000000000 ) ;
#2027 = EDGE_LOOP ( 'NONE', ( #1870, #1110, #790, #2197 ) ) ;
#2028 = DIRECTION ( 'NONE',  ( -1.000000000000000000, 0.000000000000000000, 0.000000000000000000 ) ) ;
#2029 = CARTESIAN_POINT ( 'NONE',  ( -6.217267328398758508, -10.00000000000000533, 13.15109291047740392 ) ) ;
#2030 = CARTESIAN_POINT ( 'NONE',  ( -1.014999999999999236, -5.599999999999999645, 2.850000000000000089 ) ) ;
#2031 = CARTESIAN_POINT ( 'NONE',  ( -5.882933128316411242, 10.00000000000000000, 13.84459554481249377 ) ) ;
#2032 = DIRECTION ( 'NONE',  ( -0.000000000000000000, -0.000000000000000000, -1.000000000000000000 ) ) ;
#2033 = AXIS2_PLACEMENT_3D ( 'NONE', #2238, #2678, #147 ) ;
#2034 = FACE_OUTER_BOUND ( 'NONE', #1055, .T. ) ;
#2035 = ORIENTED_EDGE ( 'NONE', *, *, #1818, .F. ) ;
#2036 = DIRECTION ( 'NONE',  ( 0.000000000000000000, 0.000000000000000000, -1.000000000000000000 ) ) ;
#2037 = ORIENTED_EDGE ( 'NONE', *, *, #1150, .T. ) ;
#2038 = CARTESIAN_POINT ( 'NONE',  ( -10.48000000000000043, 9.899999999999996803, 5.000000000000000000 ) ) ;
#2039 = ADVANCED_FACE ( 'NONE', ( #781 ), #44, .T. ) ;
#2040 = CARTESIAN_POINT ( 'NONE',  ( -6.115326436657348985, 10.00000000000000000, 13.26427899699747393 ) ) ;
#2041 = CARTESIAN_POINT ( 'NONE',  ( -13.43665174637512294, 0.000000000000000000, 31.00000000000000000 ) ) ;
#2042 = ORIENTED_EDGE ( 'NONE', *, *, #695, .F. ) ;
#2043 = ORIENTED_EDGE ( 'NONE', *, *, #479, .T. ) ;
#2044 = CARTESIAN_POINT ( 'NONE',  ( -6.151441710838090771, -9.866666668479844304, 13.02629257647984851 ) ) ;
#2045 = EDGE_CURVE ( 'NONE', #337, #1617, #1446, .T. ) ;
#2046 = CARTESIAN_POINT ( 'NONE',  ( -5.882508548142323157, -10.00000000000001421, 13.86086247291535400 ) ) ;
#2047 = AXIS2_PLACEMENT_3D ( 'NONE', #1746, #1295, #2247 ) ;
#2048 = CIRCLE ( 'NONE', #2298, 1.719999999999992424 ) ;
#2049 = CARTESIAN_POINT ( 'NONE',  ( -5.880285764327402021, 10.00000000000000533, 13.94571160470833604 ) ) ;
#2050 = CARTESIAN_POINT ( 'NONE',  ( -2.302500000000001101, -6.500000000000000000, 31.00000000000000000 ) ) ;
#2051 = VECTOR ( 'NONE', #2887, 1000.000000000000000 ) ;
#2052 = CARTESIAN_POINT ( 'NONE',  ( -5.679999999999999716, 9.800000000000004263, 14.02489685437724809 ) ) ;
#2053 = VECTOR ( 'NONE', #605, 1000.000000000000227 ) ;
#2054 = CARTESIAN_POINT ( 'NONE',  ( -5.927888864038982852, -10.00000000000000178, 13.58294407752325839 ) ) ;
#2055 = ORIENTED_EDGE ( 'NONE', *, *, #2517, .T. ) ;
#2056 = CARTESIAN_POINT ( 'NONE',  ( 1.015000000000000568, -5.599999999999999645, 2.850000000000000089 ) ) ;
#2057 = EDGE_CURVE ( 'NONE', #1707, #1193, #72, .T. ) ;
#2058 = CARTESIAN_POINT ( 'NONE',  ( -5.899686877113886396, 9.999999999999996447, 13.69776942477173520 ) ) ;
#2059 = CARTESIAN_POINT ( 'NONE',  ( 7.217500000000000249, 6.500000000000000000, 21.78079077038578859 ) ) ;
#2060 = ORIENTED_EDGE ( 'NONE', *, *, #2854, .F. ) ;
#2061 = VERTEX_POINT ( 'NONE', #1684 ) ;
#2062 = CARTESIAN_POINT ( 'NONE',  ( -6.284743646600483125, 10.00000000000000000, 13.07898230392523153 ) ) ;
#2063 = CARTESIAN_POINT ( 'NONE',  ( -6.159295792849110107, -9.800000000000000711, 12.92032984667609874 ) ) ;
#2064 = CIRCLE ( 'NONE', #1140, 1.520000000000000462 ) ;
#2065 =( NAMED_UNIT ( * ) SI_UNIT ( $, .STERADIAN. ) SOLID_ANGLE_UNIT ( ) );
#2066 = EDGE_CURVE ( 'NONE', #1384, #1686, #1242, .T. ) ;
#2067 = DIRECTION ( 'NONE',  ( -1.000000000000000000, 0.000000000000000000, 0.000000000000000000 ) ) ;
#2068 = PLANE ( 'NONE',  #1112 ) ;
#2069 = EDGE_CURVE ( 'NONE', #65, #1866, #1493, .T. ) ;
#2070 = ORIENTED_EDGE ( 'NONE', *, *, #669, .T. ) ;
#2071 = VERTEX_POINT ( 'NONE', #2403 ) ;
#2072 = DIRECTION ( 'NONE',  ( -0.000000000000000000, 0.000000000000000000, 1.000000000000000000 ) ) ;
#2073 = CARTESIAN_POINT ( 'NONE',  ( -5.680000000000000604, -3.666666666671436481, 13.91624144049130329 ) ) ;
#2074 = ORIENTED_EDGE ( 'NONE', *, *, #941, .T. ) ;
#2075 = ORIENTED_EDGE ( 'NONE', *, *, #1066, .F. ) ;
#2076 = CARTESIAN_POINT ( 'NONE',  ( 9.198987737608760540, 0.000000000000000000, -20.47367503971650393 ) ) ;
#2077 = CARTESIAN_POINT ( 'NONE',  ( -5.962448759096495188, -9.800000000000004263, 13.13530527983278873 ) ) ;
#2078 = AXIS2_PLACEMENT_3D ( 'NONE', #1137, #423, #1120 ) ;
#2079 = UNCERTAINTY_MEASURE_WITH_UNIT (LENGTH_MEASURE( 1.000000000000000082E-05 ), #172, 'distance_accuracy_value', 'NONE');
#2080 = LINE ( 'NONE', #1151, #2858 ) ;
#2081 = AXIS2_PLACEMENT_3D ( 'NONE', #369, #1277, #2915 ) ;
#2082 = CARTESIAN_POINT ( 'NONE',  ( 7.698987737608761428, -10.00000000000000000, 4.800000000000001599 ) ) ;
#2083 = DIRECTION ( 'NONE',  ( 0.000000000000000000, -0.000000000000000000, -1.000000000000000000 ) ) ;
#2084 = VECTOR ( 'NONE', #3016, 1000.000000000000000 ) ;
#2085 = ADVANCED_FACE ( 'NONE', ( #1035 ), #222, .T. ) ;
#2086 = DIRECTION ( 'NONE',  ( 0.7071067811865536790, 0.000000000000000000, 0.7071067811865413555 ) ) ;
#2087 = EDGE_CURVE ( 'NONE', #2119, #1869, #2416, .T. ) ;
#2088 = CONICAL_SURFACE ( 'NONE', #995, 1.399999999999996803, 0.7853981633974503884 ) ;
#2089 = ORIENTED_EDGE ( 'NONE', *, *, #2859, .T. ) ;
#2090 = AXIS2_PLACEMENT_3D ( 'NONE', #2594, #1380, #491 ) ;
#2091 = LINE ( 'NONE', #1143, #1956 ) ;
#2092 = AXIS2_PLACEMENT_3D ( 'NONE', #2852, #552, #1496 ) ;
#2093 = DIRECTION ( 'NONE',  ( 1.000000000000000000, 0.000000000000000000, -0.000000000000000000 ) ) ;
#2094 = EDGE_LOOP ( 'NONE', ( #1530, #2254 ) ) ;
#2095 = ORIENTED_EDGE ( 'NONE', *, *, #3037, .T. ) ;
#2096 = CARTESIAN_POINT ( 'NONE',  ( 7.698987737608761428, -8.500000000000000000, 5.000000000000000000 ) ) ;
#2097 = CARTESIAN_POINT ( 'NONE',  ( -5.849188311901236226, -9.800000000000022027, 13.28722487688437681 ) ) ;
#2098 = LINE ( 'NONE', #1829, #196 ) ;
#2099 = FILL_AREA_STYLE_COLOUR ( '', #2812 ) ;
#2100 = AXIS2_PLACEMENT_3D ( 'NONE', #1976, #830, #315 ) ;
#2101 = CIRCLE ( 'NONE', #1798, 1.520000000000000462 ) ;
#2102 = CARTESIAN_POINT ( 'NONE',  ( 0.000000000000000000, 0.000000000000000000, 5.000000000000000000 ) ) ;
#2103 = VERTEX_POINT ( 'NONE', #2850 ) ;
#2104 = LINE ( 'NONE', #935, #398 ) ;
#2105 = CARTESIAN_POINT ( 'NONE',  ( -5.784850455776626710, 11.00000000000000178, 13.34891724144051572 ) ) ;
#2106 = ORIENTED_EDGE ( 'NONE', *, *, #221, .T. ) ;
#2107 = ORIENTED_EDGE ( 'NONE', *, *, #2165, .T. ) ;
#2108 = CARTESIAN_POINT ( 'NONE',  ( -5.996258491840174898, -9.800000000000000711, 13.09619314164793913 ) ) ;
#2109 = VECTOR ( 'NONE', #1335, 1000.000000000000114 ) ;
#2110 = ADVANCED_FACE ( 'NONE', ( #1271 ), #1207, .F. ) ;
#2111 = CARTESIAN_POINT ( 'NONE',  ( 0.000000000000000000, 9.899999999999996803, 31.00000000000000000 ) ) ;
#2112 = CARTESIAN_POINT ( 'NONE',  ( 4.177499999999999325, -6.500000000000000000, 30.80000000000001492 ) ) ;
#2113 = CARTESIAN_POINT ( 'NONE',  ( -5.720629499836143772, 9.800000000000000711, 13.57965542662837244 ) ) ;
#2114 = CIRCLE ( 'NONE', #2886, 1.520000000000000018 ) ;
#2115 = ORIENTED_EDGE ( 'NONE', *, *, #2475, .F. ) ;
#2116 = EDGE_CURVE ( 'NONE', #574, #1384, #1642, .T. ) ;
#2117 = DIRECTION ( 'NONE',  ( -0.000000000000000000, -0.000000000000000000, 1.000000000000000000 ) ) ;
#2118 = CARTESIAN_POINT ( 'NONE',  ( -5.680000000000000604, 11.00000000000000178, 13.91624144049130329 ) ) ;
#2119 = VERTEX_POINT ( 'NONE', #34 ) ;
#2120 = EDGE_CURVE ( 'NONE', #2241, #2410, #1725, .T. ) ;
#2121 = CARTESIAN_POINT ( 'NONE',  ( -5.702689429451861081, -9.799999999999997158, 13.66289278762146964 ) ) ;
#2122 = ORIENTED_EDGE ( 'NONE', *, *, #2940, .T. ) ;
#2123 = CYLINDRICAL_SURFACE ( 'NONE', #664, 1.520000000000000462 ) ;
#2124 = CARTESIAN_POINT ( 'NONE',  ( 7.698987737608761428, -9.800000000000000711, 5.000000000000000000 ) ) ;
#2125 = DIRECTION ( 'NONE',  ( 0.000000000000000000, 0.000000000000000000, 1.000000000000000000 ) ) ;
#2126 = CARTESIAN_POINT ( 'NONE',  ( -5.786260859638219678, 9.800000000000006040, 13.40014290494165294 ) ) ;
#2127 = EDGE_LOOP ( 'NONE', ( #1569, #1922 ) ) ;
#2128 = CARTESIAN_POINT ( 'NONE',  ( -6.084743665671078716, 0.000000000000000000, 5.000000000000000000 ) ) ;
#2129 = CARTESIAN_POINT ( 'NONE',  ( -9.072440402490387967, -7.259572436846349675, -1.365427563153651658 ) ) ;
#2130 = ORIENTED_EDGE ( 'NONE', *, *, #2800, .F. ) ;
#2131 = CARTESIAN_POINT ( 'NONE',  ( -5.746057701439214682, -9.800000000000023803, 13.49590806761486483 ) ) ;
#2132 = ORIENTED_EDGE ( 'NONE', *, *, #1887, .T. ) ;
#2133 = EDGE_CURVE ( 'NONE', #129, #2770, #2622, .T. ) ;
#2134 = DIRECTION ( 'NONE',  ( 0.000000000000000000, 0.000000000000000000, 1.000000000000000000 ) ) ;
#2135 = DIRECTION ( 'NONE',  ( 0.000000000000000000, 0.000000000000000000, 1.000000000000000000 ) ) ;
#2136 = DIRECTION ( 'NONE',  ( 1.000000000000000000, 0.000000000000000000, 0.000000000000000000 ) ) ;
#2137 = CARTESIAN_POINT ( 'NONE',  ( -5.690922140506915916, 9.799999999999998934, 13.74504192149455228 ) ) ;
#2138 = CIRCLE ( 'NONE', #523, 1.520000000000000018 ) ;
#2139 = ORIENTED_EDGE ( 'NONE', *, *, #1093, .T. ) ;
#2140 = FACE_OUTER_BOUND ( 'NONE', #768, .T. ) ;
#2141 = CARTESIAN_POINT ( 'NONE',  ( -10.48000000000000043, -2.007504789401328704, 30.79999999999999361 ) ) ;
#2142 = CIRCLE ( 'NONE', #1560, 1.520000000000000018 ) ;
#2143 = ORIENTED_EDGE ( 'NONE', *, *, #2439, .F. ) ;
#2144 = DIRECTION ( 'NONE',  ( 0.000000000000000000, 0.7071067811865474617, 0.7071067811865474617 ) ) ;
#2145 = EDGE_LOOP ( 'NONE', ( #808, #1030 ) ) ;
#2146 = EDGE_CURVE ( 'NONE', #2896, #1133, #558, .T. ) ;
#2147 = CARTESIAN_POINT ( 'NONE',  ( 1.014999999999999902, 5.599999999999999645, 0.2000000000000048683 ) ) ;
#2148 = FACE_OUTER_BOUND ( 'NONE', #2710, .T. ) ;
#2149 = EDGE_CURVE ( 'NONE', #2513, #2845, #2157, .T. ) ;
#2150 = LINE ( 'NONE', #958, #231 ) ;
#2151 = CARTESIAN_POINT ( 'NONE',  ( -5.746057701439221788, 9.800000000000007816, 13.49590806761483286 ) ) ;
#2152 = VERTEX_POINT ( 'NONE', #549 ) ;
#2153 = EDGE_CURVE ( 'NONE', #2680, #1079, #1188, .T. ) ;
#2154 = PLANE ( 'NONE',  #698 ) ;
#2155 = LINE ( 'NONE', #977, #1260 ) ;
#2156 = ORIENTED_EDGE ( 'NONE', *, *, #1059, .F. ) ;
#2157 = LINE ( 'NONE', #1711, #1729 ) ;
#2158 = ORIENTED_EDGE ( 'NONE', *, *, #2344, .T. ) ;
#2159 = VECTOR ( 'NONE', #1977, 1000.000000000000000 ) ;
#2160 = CARTESIAN_POINT ( 'NONE',  ( -5.885535106214917711, -10.00000000000000000, 13.81376486292271544 ) ) ;
#2161 = EDGE_CURVE ( 'NONE', #960, #635, #272, .T. ) ;
#2162 = DIRECTION ( 'NONE',  ( 1.000000000000000000, 0.000000000000000000, 0.000000000000000000 ) ) ;
#2163 = FACE_OUTER_BOUND ( 'NONE', #1399, .T. ) ;
#2164 = CARTESIAN_POINT ( 'NONE',  ( -6.241283751393454260, 10.00000000000000000, 13.12542589786623992 ) ) ;
#2165 = EDGE_CURVE ( 'NONE', #685, #1417, #1911, .T. ) ;
#2166 = ORIENTED_EDGE ( 'NONE', *, *, #1315, .F. ) ;
#2167 = EDGE_CURVE ( 'NONE', #807, #1581, #342, .T. ) ;
#2168 = ORIENTED_EDGE ( 'NONE', *, *, #95, .F. ) ;
#2169 = VERTEX_POINT ( 'NONE', #842 ) ;
#2170 = DIRECTION ( 'NONE',  ( 1.000000000000000000, 0.000000000000000000, 0.000000000000000000 ) ) ;
#2171 = AXIS2_PLACEMENT_3D ( 'NONE', #2612, #1690, #48 ) ;
#2172 = EDGE_LOOP ( 'NONE', ( #1665, #1900, #80, #2906 ) ) ;
#2173 = CARTESIAN_POINT ( 'NONE',  ( 0.000000000000000000, 0.000000000000000000, -1.550000000000000044 ) ) ;
#2174 = EDGE_CURVE ( 'NONE', #2962, #2471, #1599, .T. ) ;
#2175 = EDGE_CURVE ( 'NONE', #505, #1230, #2734, .T. ) ;
#2176 = CARTESIAN_POINT ( 'NONE',  ( -2.394166666666480481, -17.98583333333338174, 8.085833333333383166 ) ) ;
#2177 = CARTESIAN_POINT ( 'NONE',  ( 7.417499999999991545, 6.500000000000000000, 31.00000000000000000 ) ) ;
#2178 = CARTESIAN_POINT ( 'NONE',  ( 9.198987737608760540, -8.500000000000000000, 4.800000000000002487 ) ) ;
#2179 = ORIENTED_EDGE ( 'NONE', *, *, #1533, .F. ) ;
#2180 = DIRECTION ( 'NONE',  ( 1.000000000000000000, 0.000000000000000000, 0.000000000000000000 ) ) ;
#2181 = VECTOR ( 'NONE', #2816, 1000.000000000000000 ) ;
#2182 = EDGE_LOOP ( 'NONE', ( #718, #2345, #1981, #2868, #1255, #29, #649, #2749, #1202, #646 ) ) ;
#2183 = ORIENTED_EDGE ( 'NONE', *, *, #133, .T. ) ;
#2184 = VECTOR ( 'NONE', #1538, 1000.000000000000000 ) ;
#2185 = VECTOR ( 'NONE', #2227, 1000.000000000000000 ) ;
#2186 = LINE ( 'NONE', #1229, #1163 ) ;
#2187 = ORIENTED_EDGE ( 'NONE', *, *, #1321, .T. ) ;
#2188 = CARTESIAN_POINT ( 'NONE',  ( -5.886577446134007019, -10.00000000000000355, 13.80089503610840751 ) ) ;
#2189 = AXIS2_PLACEMENT_3D ( 'NONE', #117, #96, #350 ) ;
#2190 = EDGE_CURVE ( 'NONE', #3044, #574, #2714, .T. ) ;
#2191 = CARTESIAN_POINT ( 'NONE',  ( 4.177499999999999325, 6.500000000000000000, 30.80000000000001492 ) ) ;
#2192 = DIRECTION ( 'NONE',  ( 1.000000000000000000, 0.000000000000000000, 0.000000000000000000 ) ) ;
#2193 = CARTESIAN_POINT ( 'NONE',  ( 7.698987737608761428, 8.500000000000000000, 26.27999999999999758 ) ) ;
#2194 = ORIENTED_EDGE ( 'NONE', *, *, #583, .T. ) ;
#2195 = CYLINDRICAL_SURFACE ( 'NONE', #539, 1.520000000000000462 ) ;
#2196 = EDGE_CURVE ( 'NONE', #2001, #2202, #1528, .T. ) ;
#2197 = ORIENTED_EDGE ( 'NONE', *, *, #620, .F. ) ;
#2198 = ORIENTED_EDGE ( 'NONE', *, *, #2554, .T. ) ;
#2199 = CARTESIAN_POINT ( 'NONE',  ( -10.48000000000000043, 10.00000000000000000, 0.1000000000000028644 ) ) ;
#2200 = DIRECTION ( 'NONE',  ( 0.000000000000000000, 0.000000000000000000, 1.000000000000000000 ) ) ;
#2201 = ORIENTED_EDGE ( 'NONE', *, *, #589, .T. ) ;
#2202 = VERTEX_POINT ( 'NONE', #2259 ) ;
#2203 = DIRECTION ( 'NONE',  ( 0.000000000000000000, -1.000000000000000000, 0.000000000000000000 ) ) ;
#2204 = EDGE_CURVE ( 'NONE', #2241, #1723, #637, .T. ) ;
#2205 = AXIS2_PLACEMENT_3D ( 'NONE', #1732, #774, #1249 ) ;
#2206 = DIRECTION ( 'NONE',  ( 0.7071067811865414665, 0.000000000000000000, 0.7071067811865536790 ) ) ;
#2207 = CARTESIAN_POINT ( 'NONE',  ( -13.43665174637512294, 0.000000000000000000, 29.50000000000000000 ) ) ;
#2208 = FACE_OUTER_BOUND ( 'NONE', #1326, .T. ) ;
#2209 = PLANE ( 'NONE',  #2985 ) ;
#2210 = PLANE ( 'NONE',  #1419 ) ;
#2211 = CARTESIAN_POINT ( 'NONE',  ( 7.698987737608761428, -10.00000000000000000, 30.89999999999999858 ) ) ;
#2212 = ADVANCED_FACE ( 'NONE', ( #1287 ), #1054, .F. ) ;
#2213 = VERTEX_POINT ( 'NONE', #1986 ) ;
#2214 = EDGE_LOOP ( 'NONE', ( #32, #1155, #2089, #2876, #2529, #2912, #2882, #855, #414, #17 ) ) ;
#2215 = DIRECTION ( 'NONE',  ( -0.7071067811865536790, 0.7071067811865414665, 2.468903072891184155E-14 ) ) ;
#2216 = CARTESIAN_POINT ( 'NONE',  ( 7.698987737608761428, -9.799999999999997158, 26.07999999999999829 ) ) ;
#2217 = LINE ( 'NONE', #1639, #1940 ) ;
#2218 = VECTOR ( 'NONE', #2203, 1000.000000000000000 ) ;
#2219 = ORIENTED_EDGE ( 'NONE', *, *, #2608, .T. ) ;
#2220 = ADVANCED_FACE ( 'NONE', ( #1549 ), #106, .T. ) ;
#2221 = EDGE_LOOP ( 'NONE', ( #1775, #319, #1777, #2563 ) ) ;
#2222 = CARTESIAN_POINT ( 'NONE',  ( 6.858022075225177566E-16, -5.599999999999999645, 2.850000000000000089 ) ) ;
#2223 = AXIS2_PLACEMENT_3D ( 'NONE', #1662, #2599, #2354 ) ;
#2224 = CARTESIAN_POINT ( 'NONE',  ( -6.095245739895481130, -9.799999999999998934, 12.98877708129766440 ) ) ;
#2225 = CIRCLE ( 'NONE', #912, 3.773774619196395896 ) ;
#2226 = AXIS2_PLACEMENT_3D ( 'NONE', #1743, #2718, #2028 ) ;
#2227 = DIRECTION ( 'NONE',  ( 0.000000000000000000, -1.000000000000000000, 0.000000000000000000 ) ) ;
#2228 = DIRECTION ( 'NONE',  ( 0.000000000000000000, 0.000000000000000000, -1.000000000000000000 ) ) ;
#2229 = CARTESIAN_POINT ( 'NONE',  ( -0.5825000000000092326, 6.500000000000000000, 31.00000000000000000 ) ) ;
#2230 = CARTESIAN_POINT ( 'NONE',  ( -9.862877127178728998, 0.000000000000000000, 30.79999999999999361 ) ) ;
#2231 = FACE_BOUND ( 'NONE', #2145, .T. ) ;
#2232 = PLANE ( 'NONE',  #102 ) ;
#2233 = EDGE_LOOP ( 'NONE', ( #2276, #705, #2508, #1478 ) ) ;
#2234 = CARTESIAN_POINT ( 'NONE',  ( -6.177021976689321292, -10.00000000000000355, 13.19451530117230931 ) ) ;
#2235 = ORIENTED_EDGE ( 'NONE', *, *, #840, .F. ) ;
#2236 = PLANE ( 'NONE',  #725 ) ;
#2237 = CARTESIAN_POINT ( 'NONE',  ( -5.936262876467393923, 9.799999999999963407, 13.15867404042361777 ) ) ;
#2238 = CARTESIAN_POINT ( 'NONE',  ( 0.000000000000000000, 0.000000000000000000, 0.000000000000000000 ) ) ;
#2239 = VERTEX_POINT ( 'NONE', #1344 ) ;
#2240 = AXIS2_PLACEMENT_3D ( 'NONE', #409, #1802, #1153 ) ;
#2241 = VERTEX_POINT ( 'NONE', #1568 ) ;
#2242 = DIRECTION ( 'NONE',  ( -0.000000000000000000, -0.000000000000000000, 1.000000000000000000 ) ) ;
#2243 = CARTESIAN_POINT ( 'NONE',  ( -6.030460227883244428, -10.00000000000001066, 13.37568045972326658 ) ) ;
#2244 = B_SPLINE_CURVE_WITH_KNOTS ( 'NONE', 3,
 ( #2924, #2764, #591, #1787, #2002, #2507, #377, #647, #397, #2942, #2995, #1545, #1340, #890, #1092, #1806, #837, #427, #2234, #1982, #1355, #2287, #609, #2270, #160, #1582, #2524, #412, #1596, #2054, #191, #2690, #1524, #2463, #522, #20, #1259, #1687, #1219, #2188, #2160, #329, #1445, #1944, #2419, #60, #536, #75, #46, #1231, #2393, #1702, #1006, #297 ),
 .UNSPECIFIED., .F., .F.,
 ( 4, 1, 1, 1, 2, 2, 1, 2, 2, 2, 2, 2, 2, 2, 2, 2, 2, 2, 2, 2, 2, 2, 2, 2, 2, 1, 1, 2, 2, 4 ),
 ( 0.000000000000000000, 0.03125000000003877454, 0.04687500000005732914, 0.05468750000006393497, 0.05859375000006532969, 0.06250000000006672440, 0.07812500000007124856, 0.08593750000007255307, 0.09375000000007387146, 0.1093750000000733164, 0.1250000000000727474, 0.1562500000000701383, 0.1875000000000675293, 0.2500000000000642264, 0.3750000000000576206, 0.5000000000000509592, 0.5625000000000459632, 0.6250000000000409672, 0.6875000000000358602, 0.7187500000000309752, 0.7500000000000259792, 0.7812500000000209832, 0.8125000000000159872, 0.8437500000000111022, 0.8750000000000061062, 0.9062500000000011102, 0.9218749999999986677, 0.9296874999999973355, 0.9374999999999960032, 1.000000000000000000 ),
 .UNSPECIFIED. ) ;
#2245 = EDGE_CURVE ( 'NONE', #2410, #1805, #181, .T. ) ;
#2246 = DIRECTION ( 'NONE',  ( -0.000000000000000000, -0.000000000000000000, 1.000000000000000000 ) ) ;
#2247 = DIRECTION ( 'NONE',  ( -1.000000000000000000, 0.000000000000000000, 0.000000000000000000 ) ) ;
#2248 = CYLINDRICAL_SURFACE ( 'NONE', #204, 1.014999999999999902 ) ;
#2249 = LINE ( 'NONE', #1320, #2732 ) ;
#2250 = CARTESIAN_POINT ( 'NONE',  ( -2.302500000000001101, -6.500000000000000000, 30.80000000000001137 ) ) ;
#2251 = EDGE_CURVE ( 'NONE', #273, #2880, #2225, .T. ) ;
#2252 = DIRECTION ( 'NONE',  ( 1.000000000000000000, 0.000000000000000000, 0.000000000000000000 ) ) ;
#2253 = AXIS2_PLACEMENT_3D ( 'NONE', #2387, #2411, #15 ) ;
#2254 = ORIENTED_EDGE ( 'NONE', *, *, #1272, .F. ) ;
#2255 = CARTESIAN_POINT ( 'NONE',  ( -3.822500000000001119, -6.500000000000000000, 26.07999999999999829 ) ) ;
#2256 = ORIENTED_EDGE ( 'NONE', *, *, #2414, .F. ) ;
#2257 = DIRECTION ( 'NONE',  ( 0.000000000000000000, 1.000000000000000000, 0.000000000000000000 ) ) ;
#2258 = CARTESIAN_POINT ( 'NONE',  ( -10.43606601717798021, 7.231066017177982808, -1.393933982822018525 ) ) ;
#2259 = CARTESIAN_POINT ( 'NONE',  ( -5.879999999999995453, 10.00000000000000000, 26.27999999999999758 ) ) ;
#2260 = VERTEX_POINT ( 'NONE', #1586 ) ;
#2261 = ORIENTED_EDGE ( 'NONE', *, *, #669, .F. ) ;
#2262 = DIRECTION ( 'NONE',  ( 1.000000000000000000, 0.000000000000000000, 0.000000000000000000 ) ) ;
#2263 = VECTOR ( 'NONE', #1486, 1000.000000000000114 ) ;
#2264 = CARTESIAN_POINT ( 'NONE',  ( -6.321341541384089879, -9.999999999999998224, 13.03987199078816772 ) ) ;
#2265 = CARTESIAN_POINT ( 'NONE',  ( -5.879999250052028614, 10.00000000000000000, 14.01783092086448157 ) ) ;
#2266 = CARTESIAN_POINT ( 'NONE',  ( -10.32999999999999829, 7.125000000000000000, 0.000000000000000000 ) ) ;
#2267 = EDGE_CURVE ( 'NONE', #1723, #226, #100, .T. ) ;
#2268 = CARTESIAN_POINT ( 'NONE',  ( -9.000000000000001776, 0.000000000000000000, 0.000000000000000000 ) ) ;
#2269 = ORIENTED_EDGE ( 'NONE', *, *, #2623, .F. ) ;
#2270 = CARTESIAN_POINT ( 'NONE',  ( -6.075658467767087068, -9.999999999999998224, 13.31242847569991028 ) ) ;
#2271 = ADVANCED_FACE ( 'NONE', ( #1791, #2752, #2511, #402, #2275 ), #1115, .T. ) ;
#2272 = ORIENTED_EDGE ( 'NONE', *, *, #1574, .T. ) ;
#2273 = DIRECTION ( 'NONE',  ( 0.5773502691896257311, -0.5773502691896257311, 0.5773502691896257311 ) ) ;
#2274 = CARTESIAN_POINT ( 'NONE',  ( -6.057273386294460771, 10.00000000000000355, 13.33759715225888165 ) ) ;
#2275 = FACE_BOUND ( 'NONE', #2127, .T. ) ;
#2276 = ORIENTED_EDGE ( 'NONE', *, *, #864, .T. ) ;
#2277 = VECTOR ( 'NONE', #1781, 1000.000000000000000 ) ;
#2278 = ORIENTED_EDGE ( 'NONE', *, *, #1170, .T. ) ;
#2279 = CARTESIAN_POINT ( 'NONE',  ( -3.822500000000001119, -6.500000000000000000, 21.78079077038578859 ) ) ;
#2280 = CARTESIAN_POINT ( 'NONE',  ( -6.289318353767711756, -9.999999999999971578, 13.07409348775993507 ) ) ;
#2281 = LINE ( 'NONE', #2030, #504 ) ;
#2282 = CARTESIAN_POINT ( 'NONE',  ( -6.037029771314375459, 10.00000000000000000, 13.36635954717510799 ) ) ;
#2283 = DIRECTION ( 'NONE',  ( 0.000000000000000000, -0.000000000000000000, -1.000000000000000000 ) ) ;
#2284 = VECTOR ( 'NONE', #1329, 1000.000000000000000 ) ;
#2285 = EDGE_CURVE ( 'NONE', #1142, #1617, #1967, .T. ) ;
#2286 = DIRECTION ( 'NONE',  ( -1.237535375155871691E-14, 0.7071067811865474617, 0.7071067811865474617 ) ) ;
#2287 = CARTESIAN_POINT ( 'NONE',  ( -6.132814791733364856, -10.00000000000000178, 13.24385510302272273 ) ) ;
#2288 = VERTEX_POINT ( 'NONE', #1510 ) ;
#2289 = CARTESIAN_POINT ( 'NONE',  ( -2.302500000000001101, -6.500000000000000000, 21.78079077038578859 ) ) ;
#2290 = CARTESIAN_POINT ( 'NONE',  ( -5.887344316716809800, 10.00000000000000000, 13.79071191463421009 ) ) ;
#2291 = CARTESIAN_POINT ( 'NONE',  ( -10.48000000000000043, 9.899999999999996803, 31.00000000000000000 ) ) ;
#2292 = ORIENTED_EDGE ( 'NONE', *, *, #151, .F. ) ;
#2293 = ORIENTED_EDGE ( 'NONE', *, *, #2588, .T. ) ;
#2294 = DIRECTION ( 'NONE',  ( 1.000000000000000000, 0.000000000000000000, 0.000000000000000000 ) ) ;
#2295 = EDGE_CURVE ( 'NONE', #2577, #838, #2217, .T. ) ;
#2296 = CARTESIAN_POINT ( 'NONE',  ( -5.889721481343861420, -10.00000000000000533, 13.76730648538875101 ) ) ;
#2297 = PRESENTATION_STYLE_ASSIGNMENT (( #677 ) ) ;
#2298 = AXIS2_PLACEMENT_3D ( 'NONE', #1187, #2541, #2331 ) ;
#2299 = DIRECTION ( 'NONE',  ( 1.000000000000000000, 0.000000000000000000, 0.000000000000000000 ) ) ;
#2300 = VECTOR ( 'NONE', #601, 1000.000000000000000 ) ;
#2301 = DIRECTION ( 'NONE',  ( 0.000000000000000000, 0.000000000000000000, -1.000000000000000000 ) ) ;
#2302 = CARTESIAN_POINT ( 'NONE',  ( 7.698987737608761428, 9.799999999999997158, 26.07999999999999829 ) ) ;
#2303 = ORIENTED_EDGE ( 'NONE', *, *, #535, .T. ) ;
#2304 = CARTESIAN_POINT ( 'NONE',  ( -6.201641764174240734, 10.00000000000000000, 13.16785337253855737 ) ) ;
#2305 = CARTESIAN_POINT ( 'NONE',  ( 7.217500000000000249, 6.500000000000000000, 30.80000000000001492 ) ) ;
#2306 = EDGE_LOOP ( 'NONE', ( #2568, #1437, #1722, #1679 ) ) ;
#2307 = ORIENTED_EDGE ( 'NONE', *, *, #37, .T. ) ;
#2308 = DIRECTION ( 'NONE',  ( -0.000000000000000000, -0.000000000000000000, 1.000000000000000000 ) ) ;
#2309 = CARTESIAN_POINT ( 'NONE',  ( -5.896142040140362361, -9.800000000000000711, 13.21904712456403530 ) ) ;
#2310 = CIRCLE ( 'NONE', #645, 1.719999999999991980 ) ;
#2311 = DIRECTION ( 'NONE',  ( -0.7071067811865475727, 0.000000000000000000, 0.7071067811865475727 ) ) ;
#2312 = CARTESIAN_POINT ( 'NONE',  ( 3.977500000000007141, 6.500000000000000000, 31.00000000000000000 ) ) ;
#2313 = CARTESIAN_POINT ( 'NONE',  ( 1.215000000000004965, -5.599999999999999645, 0.000000000000000000 ) ) ;
#2314 = CARTESIAN_POINT ( 'NONE',  ( -11.38833333333333364, -8.183333333333330017, -0.4416666666666683172 ) ) ;
#2315 = AXIS2_PLACEMENT_3D ( 'NONE', #2423, #584, #798 ) ;
#2316 = ORIENTED_EDGE ( 'NONE', *, *, #2439, .T. ) ;
#2317 = CARTESIAN_POINT ( 'NONE',  ( -6.165145277410215563, 10.00000000000000533, 13.20754758673260909 ) ) ;
#2318 =( BOUNDED_CURVE ( )  B_SPLINE_CURVE ( 3, ( #1759, #2950, #2987, #1080 ),
 .UNSPECIFIED., .F., .F. ) 
 B_SPLINE_CURVE_WITH_KNOTS ( ( 4, 4 ),
 ( 2.356194490192349278, 3.141592653589793116 ),
 .UNSPECIFIED. ) 
 CURVE ( )  GEOMETRIC_REPRESENTATION_ITEM ( )  RATIONAL_B_SPLINE_CURVE ( ( 1.000000000000000000, 0.9492530216741916771, 0.9492530216741916771, 1.000000000000000000 ) ) 
 REPRESENTATION_ITEM ( '' )  );
#2319 = DIRECTION ( 'NONE',  ( 0.000000000000000000, 0.000000000000000000, 1.000000000000000000 ) ) ;
#2320 = EDGE_LOOP ( 'NONE', ( #2055, #2272 ) ) ;
#2321 = EDGE_LOOP ( 'NONE', ( #2429, #1464 ) ) ;
#2322 = FACE_OUTER_BOUND ( 'NONE', #149, .T. ) ;
#2323 = DIRECTION ( 'NONE',  ( -5.860552283705427907E-16, -1.000000000000000000, 0.000000000000000000 ) ) ;
#2324 = EDGE_CURVE ( 'NONE', #1954, #1686, #3042, .T. ) ;
#2325 = CARTESIAN_POINT ( 'NONE',  ( 5.697499999999999787, -6.500000000000000000, 30.80000000000001492 ) ) ;
#2326 = FACE_OUTER_BOUND ( 'NONE', #2615, .T. ) ;
#2327 = DIRECTION ( 'NONE',  ( 0.000000000000000000, 0.000000000000000000, 1.000000000000000000 ) ) ;
#2328 = VECTOR ( 'NONE', #1461, 1000.000000000000000 ) ;
#2329 = ORIENTED_EDGE ( 'NONE', *, *, #267, .F. ) ;
#2330 = CARTESIAN_POINT ( 'NONE',  ( -6.121629457732559842, 9.999999999999998224, 13.25697613160877353 ) ) ;
#2331 = DIRECTION ( 'NONE',  ( 1.000000000000000000, 0.000000000000000000, 0.000000000000000000 ) ) ;
#2332 = EDGE_CURVE ( 'NONE', #2386, #1672, #1007, .T. ) ;
#2333 = ORIENTED_EDGE ( 'NONE', *, *, #2475, .T. ) ;
#2334 = ORIENTED_EDGE ( 'NONE', *, *, #2940, .F. ) ;
#2335 =( BOUNDED_CURVE ( )  B_SPLINE_CURVE ( 3, ( #1328, #841, #1343, #2258 ),
 .UNSPECIFIED., .F., .F. ) 
 B_SPLINE_CURVE_WITH_KNOTS ( ( 4, 4 ),
 ( 3.141592653589798889, 3.926990816987244060 ),
 .UNSPECIFIED. ) 
 CURVE ( )  GEOMETRIC_REPRESENTATION_ITEM ( )  RATIONAL_B_SPLINE_CURVE ( ( 1.000000000000000000, 0.9492530216741915661, 0.9492530216741915661, 1.000000000000000000 ) ) 
 REPRESENTATION_ITEM ( '' )  );
#2336 = CARTESIAN_POINT ( 'NONE',  ( 7.698987737608761428, -8.500000000000000000, 31.00000000000000000 ) ) ;
#2337 = DIRECTION ( 'NONE',  ( 1.000000000000000000, 0.000000000000000000, 0.000000000000000000 ) ) ;
#2338 = AXIS2_PLACEMENT_3D ( 'NONE', #331, #2935, #1718 ) ;
#2339 = EDGE_CURVE ( 'NONE', #444, #1983, #2575, .T. ) ;
#2340 = VECTOR ( 'NONE', #228, 1000.000000000000000 ) ;
#2341 = DIRECTION ( 'NONE',  ( -0.000000000000000000, -0.000000000000000000, 1.000000000000000000 ) ) ;
#2342 = AXIS2_PLACEMENT_3D ( 'NONE', #2675, #85, #400 ) ;
#2343 = CARTESIAN_POINT ( 'NONE',  ( -5.945567119933262035, 9.800000000000006040, 13.15555085256619527 ) ) ;
#2344 = EDGE_CURVE ( 'NONE', #3045, #2978, #2048, .T. ) ;
#2345 = ORIENTED_EDGE ( 'NONE', *, *, #2016, .T. ) ;
#2346 = EDGE_CURVE ( 'NONE', #1243, #1562, #1415, .T. ) ;
#2347 = DIRECTION ( 'NONE',  ( -0.000000000000000000, 0.000000000000000000, 1.000000000000000000 ) ) ;
#2348 = CARTESIAN_POINT ( 'NONE',  ( -6.084743665671078716, -11.00000000000000000, 13.00000000000000178 ) ) ;
#2349 = ORIENTED_EDGE ( 'NONE', *, *, #130, .T. ) ;
#2350 = DIRECTION ( 'NONE',  ( -1.000000000000000000, 0.000000000000000000, 0.000000000000000000 ) ) ;
#2351 = CIRCLE ( 'NONE', #2253, 1.300000000000002487 ) ;
#2352 = DIRECTION ( 'NONE',  ( 0.000000000000000000, 0.000000000000000000, 1.000000000000000000 ) ) ;
#2353 = VECTOR ( 'NONE', #380, 1000.000000000000000 ) ;
#2354 = DIRECTION ( 'NONE',  ( 1.000000000000000000, 0.000000000000000000, 0.000000000000000000 ) ) ;
#2355 = CARTESIAN_POINT ( 'NONE',  ( 1.215000000000004965, -5.599999999999999645, 0.000000000000000000 ) ) ;
#2356 = CARTESIAN_POINT ( 'NONE',  ( -6.321341541384084550, 10.00000000000000178, 13.03987199078817483 ) ) ;
#2357 = ORIENTED_EDGE ( 'NONE', *, *, #1644, .T. ) ;
#2358 = SURFACE_SIDE_STYLE ('',( #486 ) ) ;
#2359 = CARTESIAN_POINT ( 'NONE',  ( -10.48000000000000043, 2.123266454099131728, 30.86599516272995913 ) ) ;
#2360 = EDGE_CURVE ( 'NONE', #1953, #2386, #894, .T. ) ;
#2361 = ORIENTED_EDGE ( 'NONE', *, *, #501, .F. ) ;
#2362 = FACE_OUTER_BOUND ( 'NONE', #1550, .T. ) ;
#2363 = ORIENTED_EDGE ( 'NONE', *, *, #1515, .T. ) ;
#2364 = DIRECTION ( 'NONE',  ( -0.000000000000000000, -0.000000000000000000, -1.000000000000000000 ) ) ;
#2365 = DIRECTION ( 'NONE',  ( -0.000000000000000000, -1.000000000000000000, -0.000000000000000000 ) ) ;
#2366 = CYLINDRICAL_SURFACE ( 'NONE', #2788, 3.573774619196393942 ) ;
#2367 = CARTESIAN_POINT ( 'NONE',  ( -5.806094835282753941, 9.800000000000006040, 13.36109592237578170 ) ) ;
#2368 = VECTOR ( 'NONE', #2913, 1000.000000000000114 ) ;
#2369 = ORIENTED_EDGE ( 'NONE', *, *, #1613, .T. ) ;
#2370 =( NAMED_UNIT ( * ) SI_UNIT ( $, .STERADIAN. ) SOLID_ANGLE_UNIT ( ) );
#2371 = AXIS2_PLACEMENT_3D ( 'NONE', #175, #920, #903 ) ;
#2372 = DIRECTION ( 'NONE',  ( -1.000000000000000000, 0.000000000000000000, 0.000000000000000000 ) ) ;
#2373 = EDGE_LOOP ( 'NONE', ( #182, #71, #2070 ) ) ;
#2374 = VECTOR ( 'NONE', #1360, 1000.000000000000000 ) ;
#2375 = VECTOR ( 'NONE', #2698, 1000.000000000000000 ) ;
#2376 = B_SPLINE_CURVE_WITH_KNOTS ( 'NONE', 3,
 ( #1121, #2265, #2955, #2993, #1801, #623, #850, #2049, #154, #173, #1782, #2031, #2501, #1104, #2972, #867, #2742, #2013, #641, #1575, #2760, #2519, #408, #1351, #2282, #2724, #885, #1816, #658, #1592, #1084, #2766, #2330, #429, #3040, #666, #227, #2317, #3027, #459, #1867, #210, #2304, #907, #240, #178, #892, #1173, #1855, #2796, #1373, #193, #3012, #2553, #706 ),
 .UNSPECIFIED., .F., .F.,
 ( 4, 2, 2, 2, 2, 2, 2, 2, 2, 2, 2, 2, 2, 2, 2, 2, 1, 2, 2, 1, 2, 2, 1, 2, 2, 1, 1, 2, 2, 4 ),
 ( 0.000000000000000000, 0.01562499999999839018, 0.03124999999999678035, 0.06249999999999808487, 0.09374999999999938938, 0.1250000000000006939, 0.2500000000000059952, 0.3750000000000113243, 0.4375000000000136557, 0.5000000000000159872, 0.5625000000000183187, 0.6250000000000206501, 0.6562500000000218714, 0.6875000000000230926, 0.7187500000000243139, 0.7500000000000255351, 0.7812500000000267564, 0.7968750000000262013, 0.8125000000000257572, 0.8437500000000206501, 0.8593750000000206501, 0.8750000000000207612, 0.8906250000000207612, 0.8984375000000225375, 0.9062500000000243139, 0.9218750000000239808, 0.9296875000000230926, 0.9335937500000226485, 0.9375000000000220934, 1.000000000000000000 ),
 .UNSPECIFIED. ) ;
#2377 = CARTESIAN_POINT ( 'NONE',  ( -5.679999999999999716, 9.800000000000004263, 14.02489685437724809 ) ) ;
#2378 = ORIENTED_EDGE ( 'NONE', *, *, #1784, .T. ) ;
#2379 = ADVANCED_FACE ( 'NONE', ( #1879 ), #1069, .T. ) ;
#2380 = LINE ( 'NONE', #274, #616 ) ;
#2381 = EDGE_CURVE ( 'NONE', #1954, #2061, #2736, .T. ) ;
#2382 = DIRECTION ( 'NONE',  ( 0.000000000000000000, 1.000000000000000000, 0.000000000000000000 ) ) ;
#2383 = CARTESIAN_POINT ( 'NONE',  ( 0.000000000000000000, 0.000000000000000000, 26.07999999999999829 ) ) ;
#2384 = CARTESIAN_POINT ( 'NONE',  ( -6.159295792849125206, 9.800000000000002487, 12.92032984667606321 ) ) ;
#2385 = VECTOR ( 'NONE', #2600, 1000.000000000000114 ) ;
#2386 = VERTEX_POINT ( 'NONE', #2305 ) ;
#2387 = CARTESIAN_POINT ( 'NONE',  ( 7.698987737608761428, 8.500000000000000000, 5.000000000000000000 ) ) ;
#2388 = CARTESIAN_POINT ( 'NONE',  ( 9.098987737608757342, 0.000000000000000000, 31.00000000000000000 ) ) ;
#2389 = AXIS2_PLACEMENT_3D ( 'NONE', #1500, #368, #2702 ) ;
#2390 = ORIENTED_EDGE ( 'NONE', *, *, #151, .T. ) ;
#2391 = CARTESIAN_POINT ( 'NONE',  ( 5.697499999999999787, 6.500000000000000000, 30.80000000000001492 ) ) ;
#2392 = EDGE_LOOP ( 'NONE', ( #2060, #2261, #1494, #1339 ) ) ;
#2393 = CARTESIAN_POINT ( 'NONE',  ( -5.880202533304518475, -10.00000000000000000, 13.95600810068469144 ) ) ;
#2394 = ADVANCED_FACE ( 'NONE', ( #668 ), #194, .F. ) ;
#2395 = ADVANCED_FACE ( 'NONE', ( #1158 ), #24, .T. ) ;
#2396 = CARTESIAN_POINT ( 'NONE',  ( 0.000000000000000000, 9.800000000000000711, 5.000000000000000000 ) ) ;
#2397 = CARTESIAN_POINT ( 'NONE',  ( -6.143287382262744956, 9.800000000000007816, 12.93743714691034086 ) ) ;
#2398 = ORIENTED_EDGE ( 'NONE', *, *, #299, .F. ) ;
#2399 = PRESENTATION_STYLE_ASSIGNMENT (( #2846 ) ) ;
#2400 = ORIENTED_EDGE ( 'NONE', *, *, #1288, .T. ) ;
#2401 = ORIENTED_EDGE ( 'NONE', *, *, #714, .T. ) ;
#2402 = EDGE_CURVE ( 'NONE', #1387, #382, #2685, .T. ) ;
#2403 = CARTESIAN_POINT ( 'NONE',  ( -0.7825000000000010836, 6.500000000000000000, 26.07999999999999829 ) ) ;
#2404 = ORIENTED_EDGE ( 'NONE', *, *, #472, .T. ) ;
#2405 = CARTESIAN_POINT ( 'NONE',  ( 7.698987737608759652, -9.899999999999996803, 31.00000000000000000 ) ) ;
#2406 =( BOUNDED_CURVE ( )  B_SPLINE_CURVE ( 3, ( #443, #2574, #1338, #2744 ),
 .UNSPECIFIED., .F., .F. ) 
 B_SPLINE_CURVE_WITH_KNOTS ( ( 4, 4 ),
 ( 0.000000000000000000, 0.7853981633974607135 ),
 .UNSPECIFIED. ) 
 CURVE ( )  GEOMETRIC_REPRESENTATION_ITEM ( )  RATIONAL_B_SPLINE_CURVE ( ( 1.000000000000000000, 0.9492530216741894566, 0.9492530216741894566, 1.000000000000000000 ) ) 
 REPRESENTATION_ITEM ( '' )  );
#2407 = LINE ( 'NONE', #553, #2185 ) ;
#2408 = FACE_OUTER_BOUND ( 'NONE', #303, .T. ) ;
#2409 = CARTESIAN_POINT ( 'NONE',  ( 0.000000000000000000, -9.800000000000000711, 5.000000000000000000 ) ) ;
#2410 = VERTEX_POINT ( 'NONE', #1681 ) ;
#2411 = DIRECTION ( 'NONE',  ( 0.000000000000000000, 0.000000000000000000, 1.000000000000000000 ) ) ;
#2412 = VERTEX_POINT ( 'NONE', #269 ) ;
#2413 = ORIENTED_EDGE ( 'NONE', *, *, #2146, .T. ) ;
#2414 = EDGE_CURVE ( 'NONE', #3026, #1598, #2457, .T. ) ;
#2415 = DIRECTION ( 'NONE',  ( -1.000000000000000000, 0.000000000000000000, 0.000000000000000000 ) ) ;
#2416 = CIRCLE ( 'NONE', #1357, 3.573774619196393942 ) ;
#2417 = AXIS2_PLACEMENT_3D ( 'NONE', #2102, #2793, #2780 ) ;
#2418 = ORIENTED_EDGE ( 'NONE', *, *, #1421, .F. ) ;
#2419 = CARTESIAN_POINT ( 'NONE',  ( -5.881769925381292730, -10.00000000000000000, 13.88119614267414903 ) ) ;
#2420 = LINE ( 'NONE', #1517, #2300 ) ;
#2421 = CARTESIAN_POINT ( 'NONE',  ( -9.000000000000001776, 7.075000000000001066, -1.550000000000000044 ) ) ;
#2422 = ADVANCED_FACE ( 'NONE', ( #2917 ), #724, .F. ) ;
#2423 = CARTESIAN_POINT ( 'NONE',  ( 9.198987737608760540, 0.000000000000000000, 0.1000000000000028644 ) ) ;
#2424 = EDGE_LOOP ( 'NONE', ( #2130, #2293, #1957 ) ) ;
#2425 = FACE_OUTER_BOUND ( 'NONE', #2172, .T. ) ;
#2426 = CIRCLE ( 'NONE', #1062, 0.1500000000000008271 ) ;
#2427 = ORIENTED_EDGE ( 'NONE', *, *, #1875, .T. ) ;
#2428 = ADVANCED_FACE ( 'NONE', ( #1297 ), #2209, .F. ) ;
#2429 = ORIENTED_EDGE ( 'NONE', *, *, #2974, .F. ) ;
#2430 = DIRECTION ( 'NONE',  ( 1.000000000000000000, 0.000000000000000000, 0.000000000000000000 ) ) ;
#2431 = CONICAL_SURFACE ( 'NONE', #1174, 1.300000000000000711, 0.7853981633974492782 ) ;
#2432 = VECTOR ( 'NONE', #2215, 1000.000000000000000 ) ;
#2433 = DIRECTION ( 'NONE',  ( 0.000000000000000000, 0.000000000000000000, 1.000000000000000000 ) ) ;
#2434 = ORIENTED_EDGE ( 'NONE', *, *, #2573, .F. ) ;
#2435 = DIRECTION ( 'NONE',  ( -1.000000000000000000, 0.000000000000000000, 0.000000000000000000 ) ) ;
#2436 = VECTOR ( 'NONE', #2748, 1000.000000000000000 ) ;
#2437 = CARTESIAN_POINT ( 'NONE',  ( 0.000000000000000000, -9.800000000000000711, 5.000000000000000000 ) ) ;
#2438 = FACE_OUTER_BOUND ( 'NONE', #953, .T. ) ;
#2439 = EDGE_CURVE ( 'NONE', #520, #635, #195, .T. ) ;
#2440 = DIRECTION ( 'NONE',  ( -1.000000000000000000, 0.000000000000000000, 0.000000000000000000 ) ) ;
#2441 = CARTESIAN_POINT ( 'NONE',  ( -9.150000000000000355, -7.275000000000000355, -1.350000000000001199 ) ) ;
#2442 = DIRECTION ( 'NONE',  ( 1.000000000000000000, 0.000000000000000000, 0.000000000000000000 ) ) ;
#2443 = CARTESIAN_POINT ( 'NONE',  ( -10.32999999999999829, 7.125000000000000000, -1.550000000000000044 ) ) ;
#2444 = ORIENTED_EDGE ( 'NONE', *, *, #1792, .T. ) ;
#2445 = CONICAL_SURFACE ( 'NONE', #490, 1.520000000000000462, 0.7853981633974651544 ) ;
#2446 = VERTEX_POINT ( 'NONE', #2141 ) ;
#2447 = DIRECTION ( 'NONE',  ( -1.000000000000000000, 0.000000000000000000, 0.000000000000000000 ) ) ;
#2448 = CARTESIAN_POINT ( 'NONE',  ( -5.889721481343825005, 9.999999999999992895, 13.76730648538892154 ) ) ;
#2449 = DIRECTION ( 'NONE',  ( -0.000000000000000000, 0.000000000000000000, 1.000000000000000000 ) ) ;
#2450 = EDGE_LOOP ( 'NONE', ( #2673, #1324, #693, #1910, #2122 ) ) ;
#2451 = ORIENTED_EDGE ( 'NONE', *, *, #940, .F. ) ;
#2452 = FACE_OUTER_BOUND ( 'NONE', #1697, .T. ) ;
#2453 = CARTESIAN_POINT ( 'NONE',  ( -5.993729546399070962, -10.00000000000000533, 13.43507114512216738 ) ) ;
#2454 = AXIS2_PLACEMENT_3D ( 'NONE', #2874, #1763, #2480 ) ;
#2455 = CARTESIAN_POINT ( 'NONE',  ( -13.43665174637512294, 0.000000000000000000, 29.50000000000000000 ) ) ;
#2456 = DIRECTION ( 'NONE',  ( -0.000000000000000000, -0.000000000000000000, -1.000000000000000000 ) ) ;
#2457 = LINE ( 'NONE', #349, #1895 ) ;
#2458 = DIRECTION ( 'NONE',  ( -1.000000000000000000, 0.000000000000000000, 0.000000000000000000 ) ) ;
#2459 = CARTESIAN_POINT ( 'NONE',  ( -13.43665174637512294, 0.000000000000000000, 31.00000000000000000 ) ) ;
#2460 = PRODUCT ( 'GT96专用风扇手柄固定块', 'GT96专用风扇手柄固定块', '', ( #1102 ) ) ;
#2461 = CIRCLE ( 'NONE', #2081, 1.014999999999999902 ) ;
#2462 = ORIENTED_EDGE ( 'NONE', *, *, #964, .F. ) ;
#2463 = CARTESIAN_POINT ( 'NONE',  ( -5.899280929058952516, -9.999999999999998224, 13.70134451001507614 ) ) ;
#2464 = ORIENTED_EDGE ( 'NONE', *, *, #2606, .T. ) ;
#2465 = CARTESIAN_POINT ( 'NONE',  ( -6.284743665671078006, -10.00000000000000000, 13.07898230392524219 ) ) ;
#2466 = CARTESIAN_POINT ( 'NONE',  ( -0.000000000000000000, 7.275000000000000355, -0.000000000000000000 ) ) ;
#2467 = CARTESIAN_POINT ( 'NONE',  ( -5.679999999999999716, 10.00000000000000000, 26.27999999999999758 ) ) ;
#2468 = EDGE_CURVE ( 'NONE', #547, #165, #1453, .T. ) ;
#2469 = VECTOR ( 'NONE', #1381, 1000.000000000000000 ) ;
#2470 = ORIENTED_EDGE ( 'NONE', *, *, #1950, .T. ) ;
#2471 = VERTEX_POINT ( 'NONE', #31 ) ;
#2472 = CARTESIAN_POINT ( 'NONE',  ( 5.697499999999999787, 6.500000000000000000, 21.78079077038578859 ) ) ;
#2473 = CONICAL_SURFACE ( 'NONE', #1299, 1.520000000000000462, 0.7853981633974651544 ) ;
#2474 = CARTESIAN_POINT ( 'NONE',  ( -6.046561217566670088, -9.799999999999995381, 13.04093793315253791 ) ) ;
#2475 = EDGE_CURVE ( 'NONE', #1983, #2239, #1466, .T. ) ;
#2476 = AXIS2_PLACEMENT_3D ( 'NONE', #1884, #2323, #688 ) ;
#2477 = CIRCLE ( 'NONE', #1165, 1.399999999999996803 ) ;
#2478 = CARTESIAN_POINT ( 'NONE',  ( 7.217500000000000249, -6.500000000000000000, 30.80000000000001492 ) ) ;
#2479 = DIRECTION ( 'NONE',  ( 0.000000000000000000, 0.000000000000000000, 1.000000000000000000 ) ) ;
#2480 = DIRECTION ( 'NONE',  ( -1.000000000000000000, 0.000000000000000000, 0.000000000000000000 ) ) ;
#2481 = CARTESIAN_POINT ( 'NONE',  ( -9.015427563153652457, 7.202559597509615053, -1.365427563153652768 ) ) ;
#2482 = EDGE_CURVE ( 'NONE', #2213, #807, #2836, .T. ) ;
#2483 = CARTESIAN_POINT ( 'NONE',  ( -10.48000000000000043, -10.00000000000000000, -1.350000000000001421 ) ) ;
#2484 = DIRECTION ( 'NONE',  ( 0.000000000000000000, -0.7071067811865414665, -0.7071067811865536790 ) ) ;
#2485 = VERTEX_POINT ( 'NONE', #2230 ) ;
#2486 = DIRECTION ( 'NONE',  ( 0.000000000000000000, -0.7071067811865475727, 0.7071067811865475727 ) ) ;
#2487 = ORIENTED_EDGE ( 'NONE', *, *, #971, .F. ) ;
#2488 = FACE_OUTER_BOUND ( 'NONE', #2530, .T. ) ;
#2489 = AXIS2_PLACEMENT_3D ( 'NONE', #582, #2228, #2192 ) ;
#2490 = CARTESIAN_POINT ( 'NONE',  ( -5.882508548142302729, 9.999999999999998224, 13.86086247291548368 ) ) ;
#2491 = CARTESIAN_POINT ( 'NONE',  ( 7.698987737608761428, -8.500000000000000000, 31.00000000000000000 ) ) ;
#2492 = ORIENTED_EDGE ( 'NONE', *, *, #2619, .T. ) ;
#2493 = VECTOR ( 'NONE', #734, 1000.000000000000000 ) ;
#2494 = ORIENTED_EDGE ( 'NONE', *, *, #1935, .T. ) ;
#2495 = DIRECTION ( 'NONE',  ( -0.7071067811865460184, 0.000000000000000000, 0.7071067811865490160 ) ) ;
#2496 = DIRECTION ( 'NONE',  ( 0.000000000000000000, 0.000000000000000000, -1.000000000000000000 ) ) ;
#2497 = ADVANCED_FACE ( 'NONE', ( #989 ), #1557, .F. ) ;
#2498 = EDGE_CURVE ( 'NONE', #226, #41, #2155, .T. ) ;
#2499 = DIRECTION ( 'NONE',  ( 1.000000000000000000, 0.000000000000000000, 0.000000000000000000 ) ) ;
#2500 = PLANE ( 'NONE',  #411 ) ;
#2501 = CARTESIAN_POINT ( 'NONE',  ( -5.885700010843994079, 10.00000000000000000, 13.80229123475999664 ) ) ;
#2502 = DIRECTION ( 'NONE',  ( 0.000000000000000000, -1.000000000000000000, 0.000000000000000000 ) ) ;
#2503 = ADVANCED_FACE ( 'NONE', ( #747 ), #1748, .T. ) ;
#2504 = CARTESIAN_POINT ( 'NONE',  ( 7.698987737608761428, -9.899999999999996803, 0.000000000000000000 ) ) ;
#2505 = VECTOR ( 'NONE', #2072, 1000.000000000000000 ) ;
#2506 = ORIENTED_EDGE ( 'NONE', *, *, #877, .F. ) ;
#2507 = CARTESIAN_POINT ( 'NONE',  ( -6.240446356071377210, -10.00000000000000000, 13.12632045349740295 ) ) ;
#2508 = ORIENTED_EDGE ( 'NONE', *, *, #1298, .F. ) ;
#2509 = CARTESIAN_POINT ( 'NONE',  ( 7.698987737608761428, 9.799999999999997158, 26.07999999999999829 ) ) ;
#2510 = CARTESIAN_POINT ( 'NONE',  ( -6.030460227883668978, 10.00000000000000000, 13.37568045972255604 ) ) ;
#2511 = FACE_BOUND ( 'NONE', #1788, .T. ) ;
#2512 = ORIENTED_EDGE ( 'NONE', *, *, #1066, .T. ) ;
#2513 = VERTEX_POINT ( 'NONE', #2863 ) ;
#2514 = LINE ( 'NONE', #863, #2375 ) ;
#2515 = CIRCLE ( 'NONE', #1181, 1.014999999999999902 ) ;
#2516 = CARTESIAN_POINT ( 'NONE',  ( -5.982440126845963491, -10.00000000000001243, 13.45548764055435065 ) ) ;
#2517 = EDGE_CURVE ( 'NONE', #531, #2659, #318, .T. ) ;
#2518 = SHAPE_DEFINITION_REPRESENTATION ( #212, #1070 ) ;
#2519 = CARTESIAN_POINT ( 'NONE',  ( -6.000882996281965198, 9.999999999999998224, 13.42239193440069300 ) ) ;
#2520 = CARTESIAN_POINT ( 'NONE',  ( -5.879999999999995453, 10.00000000000000000, 14.02489685437724809 ) ) ;
#2521 = DIRECTION ( 'NONE',  ( 0.7071067811865414665, 0.7071067811865536790, 0.000000000000000000 ) ) ;
#2522 =( BOUNDED_CURVE ( )  B_SPLINE_CURVE ( 3, ( #997, #1931, #2872, #773 ),
 .UNSPECIFIED., .F., .F. ) 
 B_SPLINE_CURVE_WITH_KNOTS ( ( 4, 4 ),
 ( 0.4879788384299257320, 0.5964782386679854387 ),
 .UNSPECIFIED. ) 
 CURVE ( )  GEOMETRIC_REPRESENTATION_ITEM ( )  RATIONAL_B_SPLINE_CURVE ( ( 1.000000000000000000, 0.9990192305838793141, 0.9990192305838793141, 1.000000000000000000 ) ) 
 REPRESENTATION_ITEM ( '' )  );
#2523 = ORIENTED_EDGE ( 'NONE', *, *, #954, .T. ) ;
#2524 = CARTESIAN_POINT ( 'NONE',  ( -5.978564657500324842, -10.00000000000000000, 13.46039355609068267 ) ) ;
#2525 = ORIENTED_EDGE ( 'NONE', *, *, #1836, .T. ) ;
#2526 = LINE ( 'NONE', #445, #1191 ) ;
#2527 = DIRECTION ( 'NONE',  ( 0.000000000000000000, -1.000000000000000000, 0.000000000000000000 ) ) ;
#2528 = CARTESIAN_POINT ( 'NONE',  ( 0.000000000000000000, 0.000000000000000000, 31.00000000000000000 ) ) ;
#2529 = ORIENTED_EDGE ( 'NONE', *, *, #1348, .T. ) ;
#2530 = EDGE_LOOP ( 'NONE', ( #489, #2826, #2256, #2166 ) ) ;
#2531 = DIRECTION ( 'NONE',  ( 0.000000000000000000, 0.000000000000000000, 1.000000000000000000 ) ) ;
#2532 = CARTESIAN_POINT ( 'NONE',  ( -10.48000000000000043, 2.007504789401327816, 29.29999999999999361 ) ) ;
#2533 = SURFACE_SIDE_STYLE ('',( #866 ) ) ;
#2534 = CARTESIAN_POINT ( 'NONE',  ( 7.698987737608761428, -8.500000000000000000, 0.1000000000000028644 ) ) ;
#2535 = VECTOR ( 'NONE', #533, 1000.000000000000000 ) ;
#2536 = LINE ( 'NONE', #426, #1483 ) ;
#2537 = CARTESIAN_POINT ( 'NONE',  ( -3.822500000000001119, 6.500000000000000000, 26.07999999999999829 ) ) ;
#2538 = ORIENTED_EDGE ( 'NONE', *, *, #2699, .F. ) ;
#2539 = CARTESIAN_POINT ( 'NONE',  ( 7.698987737608761428, -10.00000000000000000, 31.00000000000000000 ) ) ;
#2540 = CARTESIAN_POINT ( 'NONE',  ( -6.265301067382287314, 10.00000000000000000, 13.09975970642416421 ) ) ;
#2541 = DIRECTION ( 'NONE',  ( 0.000000000000000000, -0.000000000000000000, -1.000000000000000000 ) ) ;
#2542 = ORIENTED_EDGE ( 'NONE', *, *, #1391, .F. ) ;
#2543 = ORIENTED_EDGE ( 'NONE', *, *, #1942, .T. ) ;
#2544 = PLANE ( 'NONE',  #1833 ) ;
#2545 = CARTESIAN_POINT ( 'NONE',  ( -5.786260859638216125, -9.799999999999993605, 13.40014290494166183 ) ) ;
#2546 = CIRCLE ( 'NONE', #474, 1.719999999999991980 ) ;
#2547 = DIRECTION ( 'NONE',  ( 1.000000000000000000, 0.000000000000000000, 0.000000000000000000 ) ) ;
#2548 = CARTESIAN_POINT ( 'NONE',  ( -10.48000000000000043, -2.065590501101513876, 30.83262862291518758 ) ) ;
#2549 = VECTOR ( 'NONE', #982, 1000.000000000000000 ) ;
#2550 = ADVANCED_FACE ( 'NONE', ( #604 ), #2431, .T. ) ;
#2551 = CARTESIAN_POINT ( 'NONE',  ( -6.284743665671078006, -10.00000000000000000, 13.00000000000000178 ) ) ;
#2552 = ORIENTED_EDGE ( 'NONE', *, *, #714, .F. ) ;
#2553 = CARTESIAN_POINT ( 'NONE',  ( -6.259749470450876707, 9.999999999999998224, 13.10569236917613090 ) ) ;
#2554 = EDGE_CURVE ( 'NONE', #1444, #1672, #1695, .T. ) ;
#2555 = CARTESIAN_POINT ( 'NONE',  ( -6.084743665671078716, 11.00000000000000178, 13.00000000000000178 ) ) ;
#2556 = ORIENTED_EDGE ( 'NONE', *, *, #2795, .F. ) ;
#2557 = ORIENTED_EDGE ( 'NONE', *, *, #1184, .T. ) ;
#2558 = CARTESIAN_POINT ( 'NONE',  ( -6.218077005430969528, 9.933333339759890634, 13.05265478706200888 ) ) ;
#2559 = CARTESIAN_POINT ( 'NONE',  ( -5.820026115704425962, -9.800000000000000711, 13.33590178238397073 ) ) ;
#2560 = PLANE ( 'NONE',  #736 ) ;
#2561 = DIRECTION ( 'NONE',  ( -1.000000000000000000, 0.000000000000000000, 0.000000000000000000 ) ) ;
#2562 = PLANE ( 'NONE',  #2969 ) ;
#2563 = ORIENTED_EDGE ( 'NONE', *, *, #1950, .F. ) ;
#2564 = VERTEX_POINT ( 'NONE', #333 ) ;
#2565 = DIRECTION ( 'NONE',  ( -0.000000000000000000, -0.000000000000000000, 1.000000000000000000 ) ) ;
#2566 = CARTESIAN_POINT ( 'NONE',  ( -5.936262876467393923, -11.00000000000000000, 13.15867404042361777 ) ) ;
#2567 = ORIENTED_EDGE ( 'NONE', *, *, #1633, .T. ) ;
#2568 = ORIENTED_EDGE ( 'NONE', *, *, #2245, .F. ) ;
#2569 = EDGE_CURVE ( 'NONE', #3026, #2966, #530, .T. ) ;
#2570 = CARTESIAN_POINT ( 'NONE',  ( -5.945567119933246936, -9.799999999999998934, 13.15555085256621126 ) ) ;
#2571 = PRESENTATION_LAYER_ASSIGNMENT (  '', '', ( #298 ) ) ;
#2572 = DIRECTION ( 'NONE',  ( -1.000000000000000000, 0.000000000000000000, 0.000000000000000000 ) ) ;
#2573 = EDGE_CURVE ( 'NONE', #1893, #2770, #1367, .T. ) ;
#2574 = CARTESIAN_POINT ( 'NONE',  ( -9.109685834690296247, 7.275000000000000355, -1.350000000000001199 ) ) ;
#2575 = B_SPLINE_CURVE_WITH_KNOTS ( 'NONE', 3,
 ( #2592, #696, #2359, #1144 ),
 .UNSPECIFIED., .F., .F.,
 ( 4, 4 ),
 ( 4.336808689942017736E-19, 0.0001998562255759113221 ),
 .UNSPECIFIED. ) ;
#2576 = VECTOR ( 'NONE', #2382, 1000.000000000000000 ) ;
#2577 = VERTEX_POINT ( 'NONE', #624 ) ;
#2578 = CARTESIAN_POINT ( 'NONE',  ( 6.858022075225177566E-16, -5.599999999999999645, 0.2000000000000048683 ) ) ;
#2579 = CARTESIAN_POINT ( 'NONE',  ( -5.784850455776626710, 3.666666666666667851, 13.34891724144051572 ) ) ;
#2580 = ORIENTED_EDGE ( 'NONE', *, *, #225, .T. ) ;
#2581 = CARTESIAN_POINT ( 'NONE',  ( 0.000000000000000000, 5.599999999999999645, 0.000000000000000000 ) ) ;
#2582 = LINE ( 'NONE', #478, #754 ) ;
#2583 = EDGE_CURVE ( 'NONE', #1581, #2770, #1849, .T. ) ;
#2584 = CIRCLE ( 'NONE', #2100, 1.014999999999999902 ) ;
#2585 = AXIS2_PLACEMENT_3D ( 'NONE', #762, #2705, #2604 ) ;
#2586 = CARTESIAN_POINT ( 'NONE',  ( 7.698987737608752546, 9.899999999999996803, 0.000000000000000000 ) ) ;
#2587 = CARTESIAN_POINT ( 'NONE',  ( -10.37999999999999901, -10.00000000000000000, 30.89999999999999858 ) ) ;
#2588 = EDGE_CURVE ( 'NONE', #2239, #1417, #2249, .T. ) ;
#2589 = CARTESIAN_POINT ( 'NONE',  ( -6.289318353767715308, 10.00000000000000711, 13.07409348775992264 ) ) ;
#2590 = ORIENTED_EDGE ( 'NONE', *, *, #919, .F. ) ;
#2591 = LINE ( 'NONE', #53, #2803 ) ;
#2592 = CARTESIAN_POINT ( 'NONE',  ( -10.48000000000000043, 2.007504789401327816, 30.79999999999999361 ) ) ;
#2593 = ORIENTED_EDGE ( 'NONE', *, *, #1714, .F. ) ;
#2594 = CARTESIAN_POINT ( 'NONE',  ( -10.32999999999999829, -7.124999999999999112, 5.000000000000000000 ) ) ;
#2595 = ORIENTED_EDGE ( 'NONE', *, *, #2045, .T. ) ;
#2596 = DIRECTION ( 'NONE',  ( 1.000000000000000000, 0.000000000000000000, 0.000000000000000000 ) ) ;
#2597 = EDGE_CURVE ( 'NONE', #1454, #1562, #2808, .T. ) ;
#2598 = AXIS2_PLACEMENT_3D ( 'NONE', #1509, #416, #180 ) ;
#2599 = DIRECTION ( 'NONE',  ( 0.000000000000000000, 0.000000000000000000, 1.000000000000000000 ) ) ;
#2600 = DIRECTION ( 'NONE',  ( 0.7071067811865474617, 0.7071067811865474617, 0.000000000000000000 ) ) ;
#2601 = CARTESIAN_POINT ( 'NONE',  ( -5.864525804363278638, 9.800000000000006040, 13.26395243308466654 ) ) ;
#2602 = ORIENTED_EDGE ( 'NONE', *, *, #1184, .F. ) ;
#2603 = FACE_OUTER_BOUND ( 'NONE', #1490, .T. ) ;
#2604 = DIRECTION ( 'NONE',  ( -1.000000000000000000, 0.000000000000000000, 0.000000000000000000 ) ) ;
#2605 = AXIS2_PLACEMENT_3D ( 'NONE', #93, #1705, #2641 ) ;
#2606 = EDGE_CURVE ( 'NONE', #166, #1964, #138, .T. ) ;
#2607 = ORIENTED_EDGE ( 'NONE', *, *, #1654, .F. ) ;
#2608 = EDGE_CURVE ( 'NONE', #1617, #337, #721, .T. ) ;
#2609 = DIRECTION ( 'NONE',  ( 0.7071067811865536790, 0.000000000000000000, 0.7071067811865414665 ) ) ;
#2610 = ORIENTED_EDGE ( 'NONE', *, *, #164, .T. ) ;
#2611 = CARTESIAN_POINT ( 'NONE',  ( 7.698987737608761428, -8.500000000000000000, 30.89999999999999858 ) ) ;
#2612 = CARTESIAN_POINT ( 'NONE',  ( 7.698987737608761428, 8.500000000000000000, 0.000000000000000000 ) ) ;
#2613 = DIRECTION ( 'NONE',  ( 1.000000000000000000, 0.000000000000000000, 0.000000000000000000 ) ) ;
#2614 = CARTESIAN_POINT ( 'NONE',  ( -5.912429154059446468, 9.800000000000006040, 13.19740634640457522 ) ) ;
#2615 = EDGE_LOOP ( 'NONE', ( #1965, #141, #2075, #120 ) ) ;
#2616 = VECTOR ( 'NONE', #772, 1000.000000000000000 ) ;
#2617 = DIRECTION ( 'NONE',  ( 1.000000000000000000, 0.000000000000000000, 0.000000000000000000 ) ) ;
#2618 = EDGE_LOOP ( 'NONE', ( #198, #2156, #1372, #2398 ) ) ;
#2619 = EDGE_CURVE ( 'NONE', #2668, #2446, #61, .T. ) ;
#2620 = AXIS2_PLACEMENT_3D ( 'NONE', #2528, #2449, #417 ) ;
#2621 = AXIS2_PLACEMENT_3D ( 'NONE', #36, #795, #770 ) ;
#2622 = LINE ( 'NONE', #1003, #1881 ) ;
#2623 = EDGE_CURVE ( 'NONE', #1388, #627, #1258, .T. ) ;
#2624 = ORIENTED_EDGE ( 'NONE', *, *, #2196, .F. ) ;
#2625 = PLANE ( 'NONE',  #2621 ) ;
#2626 = CARTESIAN_POINT ( 'NONE',  ( -0.7825000000000010836, -6.500000000000000000, 21.78079077038578859 ) ) ;
#2627 = FACE_OUTER_BOUND ( 'NONE', #447, .T. ) ;
#2628 = CARTESIAN_POINT ( 'NONE',  ( -5.680000000000000604, 9.800000000000006040, 14.02489685437724809 ) ) ;
#2629 = AXIS2_PLACEMENT_3D ( 'NONE', #567, #347, #1536 ) ;
#2630 = ORIENTED_EDGE ( 'NONE', *, *, #2813, .F. ) ;
#2631 = DIRECTION ( 'NONE',  ( 0.000000000000000000, -1.000000000000000000, 0.000000000000000000 ) ) ;
#2632 = CARTESIAN_POINT ( 'NONE',  ( 7.698987737608761428, 8.500000000000000000, 5.000000000000000888 ) ) ;
#2633 = ORIENTED_EDGE ( 'NONE', *, *, #2332, .T. ) ;
#2634 = ADVANCED_FACE ( 'NONE', ( #391 ), #424, .F. ) ;
#2635 = DIRECTION ( 'NONE',  ( 0.000000000000000000, 0.000000000000000000, -1.000000000000000000 ) ) ;
#2636 = ORIENTED_EDGE ( 'NONE', *, *, #2773, .T. ) ;
#2637 = CARTESIAN_POINT ( 'NONE',  ( 9.198987737608760540, 8.500000000000000000, 30.89999999999999858 ) ) ;
#2638 = VECTOR ( 'NONE', #2631, 1000.000000000000000 ) ;
#2639 = PLANE ( 'NONE',  #1611 ) ;
#2640 = CARTESIAN_POINT ( 'NONE',  ( -9.150000000000000355, -7.275000000000000355, 0.000000000000000000 ) ) ;
#2641 = DIRECTION ( 'NONE',  ( -1.000000000000000000, 0.000000000000000000, 0.000000000000000000 ) ) ;
#2642 = ORIENTED_EDGE ( 'NONE', *, *, #2468, .T. ) ;
#2643 = EDGE_CURVE ( 'NONE', #74, #2071, #2138, .T. ) ;
#2644 = DIRECTION ( 'NONE',  ( 1.000000000000000000, 0.000000000000000000, 0.000000000000000000 ) ) ;
#2645 = CONICAL_SURFACE ( 'NONE', #241, 3.573774619196393942, 0.7853981633974396193 ) ;
#2646 = ORIENTED_EDGE ( 'NONE', *, *, #386, .F. ) ;
#2647 = ORIENTED_EDGE ( 'NONE', *, *, #1515, .F. ) ;
#2648 = DIRECTION ( 'NONE',  ( -1.000000000000000000, 0.000000000000000000, 0.000000000000000000 ) ) ;
#2649 = ORIENTED_EDGE ( 'NONE', *, *, #1784, .F. ) ;
#2650 = EDGE_CURVE ( 'NONE', #793, #382, #2546, .T. ) ;
#2651 = LINE ( 'NONE', #1481, #1974 ) ;
#2652 = CARTESIAN_POINT ( 'NONE',  ( -9.862877127178728998, 0.000000000000000000, 30.79999999999999361 ) ) ;
#2653 = DIRECTION ( 'NONE',  ( 1.000000000000000000, 0.000000000000000000, 0.000000000000000000 ) ) ;
#2654 = LINE ( 'NONE', #555, #2263 ) ;
#2655 = EDGE_CURVE ( 'NONE', #2412, #1757, #2426, .T. ) ;
#2656 = VERTEX_POINT ( 'NONE', #2725 ) ;
#2657 = LINE ( 'NONE', #557, #1539 ) ;
#2658 = VERTEX_POINT ( 'NONE', #1783 ) ;
#2659 = VERTEX_POINT ( 'NONE', #918 ) ;
#2660 = CARTESIAN_POINT ( 'NONE',  ( -9.015427563153652457, -7.202559597509614164, -1.365427563153650992 ) ) ;
#2661 = DIRECTION ( 'NONE',  ( 1.000000000000000000, 0.000000000000000000, 0.000000000000000000 ) ) ;
#2662 = VECTOR ( 'NONE', #2415, 1000.000000000000000 ) ;
#2663 = ORIENTED_EDGE ( 'NONE', *, *, #1008, .T. ) ;
#2664 = LINE ( 'NONE', #1958, #364 ) ;
#2665 = CYLINDRICAL_SURFACE ( 'NONE', #1498, 1.520000000000000462 ) ;
#2666 = DIRECTION ( 'NONE',  ( -0.000000000000000000, 0.000000000000000000, 1.000000000000000000 ) ) ;
#2667 = CARTESIAN_POINT ( 'NONE',  ( 1.014999999999999902, 5.599999999999999645, 2.850000000000000089 ) ) ;
#2668 = VERTEX_POINT ( 'NONE', #1105 ) ;
#2669 = B_SPLINE_CURVE_WITH_KNOTS ( 'NONE', 3,
 ( #1317, #1263, #1762, #1995 ),
 .UNSPECIFIED., .F., .F.,
 ( 4, 4 ),
 ( 0.000000000000000000, 0.0001451397698198185623 ),
 .UNSPECIFIED. ) ;
#2670 = EDGE_CURVE ( 'NONE', #597, #2728, #2921, .T. ) ;
#2671 = CARTESIAN_POINT ( 'NONE',  ( -10.44667932701494628, 2.191515575864996013, 30.93332067298505095 ) ) ;
#2672 = VECTOR ( 'NONE', #2502, 1000.000000000000000 ) ;
#2673 = ORIENTED_EDGE ( 'NONE', *, *, #82, .F. ) ;
#2674 = VERTEX_POINT ( 'NONE', #2313 ) ;
#2675 = CARTESIAN_POINT ( 'NONE',  ( -10.38000000000000078, 0.000000000000000000, 31.00000000000000000 ) ) ;
#2676 = AXIS2_PLACEMENT_3D ( 'NONE', #936, #924, #1428 ) ;
#2677 = CONICAL_SURFACE ( 'NONE', #1127, 1.300000000000000711, 0.7853981633974492782 ) ;
#2678 = DIRECTION ( 'NONE',  ( 0.000000000000000000, 0.000000000000000000, 1.000000000000000000 ) ) ;
#2679 = ORIENTED_EDGE ( 'NONE', *, *, #2204, .F. ) ;
#2680 = VERTEX_POINT ( 'NONE', #2520 ) ;
#2681 = DIRECTION ( 'NONE',  ( 0.000000000000000000, -0.7071067811865413555, -0.7071067811865536790 ) ) ;
#2682 = LINE ( 'NONE', #2934, #2051 ) ;
#2683 = PLANE ( 'NONE',  #2629 ) ;
#2684 = LINE ( 'NONE', #348, #741 ) ;
#2685 = LINE ( 'NONE', #585, #233 ) ;
#2686 = LINE ( 'NONE', #1521, #2053 ) ;
#2687 = EDGE_CURVE ( 'NONE', #1726, #70, #2743, .T. ) ;
#2688 = DIRECTION ( 'NONE',  ( 0.000000000000000000, -0.000000000000000000, -1.000000000000000000 ) ) ;
#2689 = VERTEX_POINT ( 'NONE', #2973 ) ;
#2690 = CARTESIAN_POINT ( 'NONE',  ( -5.910161606841581872, -10.00000000000000000, 13.64691731330458424 ) ) ;
#2691 = ORIENTED_EDGE ( 'NONE', *, *, #436, .T. ) ;
#2692 = CARTESIAN_POINT ( 'NONE',  ( -9.862877127178728998, 0.000000000000000000, 29.50000000000000000 ) ) ;
#2693 = ADVANCED_FACE ( 'NONE', ( #442 ), #1609, .F. ) ;
#2694 = CARTESIAN_POINT ( 'NONE',  ( -5.883741819029201459, 10.00000000000000355, 13.83745134604922100 ) ) ;
#2695 = DIRECTION ( 'NONE',  ( -1.000000000000000000, 0.000000000000000000, 0.000000000000000000 ) ) ;
#2696 = ORIENTED_EDGE ( 'NONE', *, *, #2267, .F. ) ;
#2697 = ORIENTED_EDGE ( 'NONE', *, *, #2883, .T. ) ;
#2698 = DIRECTION ( 'NONE',  ( 1.000000000000000000, 0.000000000000000000, 0.000000000000000000 ) ) ;
#2699 = EDGE_CURVE ( 'NONE', #2978, #3045, #374, .T. ) ;
#2700 = CARTESIAN_POINT ( 'NONE',  ( -10.34062789378443092, 1.789755152401986349, 29.43937210621556133 ) ) ;
#2701 = AXIS2_PLACEMENT_3D ( 'NONE', #786, #2456, #1997 ) ;
#2702 = DIRECTION ( 'NONE',  ( -1.000000000000000000, 0.000000000000000000, 0.000000000000000000 ) ) ;
#2703 = LINE ( 'NONE', #2888, #1240 ) ;
#2704 = DIRECTION ( 'NONE',  ( 0.000000000000000000, 0.7071067811865475727, -0.7071067811865475727 ) ) ;
#2705 = DIRECTION ( 'NONE',  ( -0.000000000000000000, -0.000000000000000000, 1.000000000000000000 ) ) ;
#2706 = DIRECTION ( 'NONE',  ( 1.000000000000000000, -0.000000000000000000, 0.000000000000000000 ) ) ;
#2707 = CARTESIAN_POINT ( 'NONE',  ( 0.000000000000000000, -9.799999999999997158, 26.07999999999999829 ) ) ;
#2708 = EDGE_LOOP ( 'NONE', ( #665, #826, #1753, #463 ) ) ;
#2709 = CARTESIAN_POINT ( 'NONE',  ( 7.698987737608761428, 9.899999999999996803, 0.000000000000000000 ) ) ;
#2710 = EDGE_LOOP ( 'NONE', ( #1345, #107, #2538, #280 ) ) ;
#2711 = DIRECTION ( 'NONE',  ( 1.000000000000000000, 0.000000000000000000, 0.000000000000000000 ) ) ;
#2712 = EDGE_CURVE ( 'NONE', #2717, #2674, #1554, .T. ) ;
#2713 = FACE_OUTER_BOUND ( 'NONE', #1858, .T. ) ;
#2714 = LINE ( 'NONE', #126, #2374 ) ;
#2715 = EDGE_CURVE ( 'NONE', #2471, #2962, #1318, .T. ) ;
#2716 = EDGE_LOOP ( 'NONE', ( #1651, #2158 ) ) ;
#2717 = VERTEX_POINT ( 'NONE', #456 ) ;
#2718 = DIRECTION ( 'NONE',  ( 0.000000000000000000, 0.000000000000000000, -1.000000000000000000 ) ) ;
#2719 = ADVANCED_FACE ( 'NONE', ( #2326 ), #249, .T. ) ;
#2720 = VECTOR ( 'NONE', #3050, 999.9999999999998863 ) ;
#2721 = CARTESIAN_POINT ( 'NONE',  ( -5.914412744797082233, -10.00000000000000533, 13.62946228475364130 ) ) ;
#2722 = CARTESIAN_POINT ( 'NONE',  ( -5.680000000000000604, -9.800000000000052225, 14.02489685437724809 ) ) ;
#2723 = CARTESIAN_POINT ( 'NONE',  ( 7.417499999999991545, -6.500000000000000000, 31.00000000000000000 ) ) ;
#2724 = CARTESIAN_POINT ( 'NONE',  ( -6.049789642899283670, 10.00000000000000178, 13.34821868597512129 ) ) ;
#2725 = CARTESIAN_POINT ( 'NONE',  ( -10.37999999999999723, 2.213200166698168658, 31.00000000000000000 ) ) ;
#2726 = DIRECTION ( 'NONE',  ( 0.000000000000000000, 0.000000000000000000, 1.000000000000000000 ) ) ;
#2727 =( BOUNDED_CURVE ( )  B_SPLINE_CURVE ( 3, ( #2532, #1101, #2700, #1992 ),
 .UNSPECIFIED., .F., .F. ) 
 B_SPLINE_CURVE_WITH_KNOTS ( ( 4, 4 ),
 ( 5.686707068511601015, 5.795206468749660722 ),
 .UNSPECIFIED. ) 
 CURVE ( )  GEOMETRIC_REPRESENTATION_ITEM ( )  RATIONAL_B_SPLINE_CURVE ( ( 1.000000000000000000, 0.9990192305838793141, 0.9990192305838793141, 1.000000000000000000 ) ) 
 REPRESENTATION_ITEM ( '' )  );
#2728 = VERTEX_POINT ( 'NONE', #1435 ) ;
#2729 = DIRECTION ( 'NONE',  ( 1.000000000000000000, 0.000000000000000000, 0.000000000000000000 ) ) ;
#2730 = ORIENTED_EDGE ( 'NONE', *, *, #3029, .T. ) ;
#2731 = CARTESIAN_POINT ( 'NONE',  ( -2.302500000000001101, 6.500000000000000000, 30.80000000000001137 ) ) ;
#2732 = VECTOR ( 'NONE', #1593, 1000.000000000000114 ) ;
#2733 = CARTESIAN_POINT ( 'NONE',  ( -5.999574989128288571, 10.00000000000000000, 13.42499324942386885 ) ) ;
#2734 = LINE ( 'NONE', #1774, #421 ) ;
#2735 = ORIENTED_EDGE ( 'NONE', *, *, #2773, .F. ) ;
#2736 = CIRCLE ( 'NONE', #476, 0.1500000000000008271 ) ;
#2737 = ORIENTED_EDGE ( 'NONE', *, *, #2923, .T. ) ;
#2738 = CARTESIAN_POINT ( 'NONE',  ( 9.198987737608760540, 8.500000000000000000, 4.800000000000002487 ) ) ;
#2739 = VECTOR ( 'NONE', #2004, 1000.000000000000000 ) ;
#2740 = CARTESIAN_POINT ( 'NONE',  ( -6.100307478192567245, -10.00000000000000355, 13.28230452232373260 ) ) ;
#2741 = VECTOR ( 'NONE', #587, 1000.000000000000000 ) ;
#2742 = CARTESIAN_POINT ( 'NONE',  ( -5.927761004226020702, 10.00000000000000178, 13.58339862018149802 ) ) ;
#2743 = LINE ( 'NONE', #2761, #431 ) ;
#2744 = CARTESIAN_POINT ( 'NONE',  ( -9.043933982822016659, 7.231066017177982808, -1.393933982822018747 ) ) ;
#2745 = AXIS2_PLACEMENT_3D ( 'NONE', #1708, #545, #1452 ) ;
#2746 = VERTEX_POINT ( 'NONE', #2640 ) ;
#2747 = EDGE_CURVE ( 'NONE', #597, #2674, #1234, .T. ) ;
#2748 = DIRECTION ( 'NONE',  ( -0.000000000000000000, -0.000000000000000000, 1.000000000000000000 ) ) ;
#2749 = ORIENTED_EDGE ( 'NONE', *, *, #871, .T. ) ;
#2750 = LINE ( 'NONE', #2539, #2505 ) ;
#2751 = DIRECTION ( 'NONE',  ( 0.000000000000000000, 0.000000000000000000, 1.000000000000000000 ) ) ;
#2752 = FACE_BOUND ( 'NONE', #395, .T. ) ;
#2753 = VECTOR ( 'NONE', #2527, 1000.000000000000000 ) ;
#2754 = EDGE_LOOP ( 'NONE', ( #1506, #1190, #2525, #939 ) ) ;
#2755 = EDGE_LOOP ( 'NONE', ( #2512, #1742, #1310, #403, #1018, #732 ) ) ;
#2756 = FACE_OUTER_BOUND ( 'NONE', #1807, .T. ) ;
#2757 = DIRECTION ( 'NONE',  ( 0.000000000000000000, 0.000000000000000000, -1.000000000000000000 ) ) ;
#2758 = ADVANCED_FACE ( 'NONE', ( #301 ), #771, .F. ) ;
#2759 = UNCERTAINTY_MEASURE_WITH_UNIT (LENGTH_MEASURE( 1.000000000000000082E-05 ), #948, 'distance_accuracy_value', 'NONE');
#2760 = CARTESIAN_POINT ( 'NONE',  ( -5.980149483697115187, 10.00000000000000355, 13.45943282382961570 ) ) ;
#2761 = CARTESIAN_POINT ( 'NONE',  ( -10.48000000000000043, -9.900000000000000355, 30.90000000000000213 ) ) ;
#2762 = CARTESIAN_POINT ( 'NONE',  ( -10.48000000000000043, 2.007504789401327816, 29.29999999999999361 ) ) ;
#2763 = EDGE_CURVE ( 'NONE', #574, #627, #1196, .T. ) ;
#2764 = CARTESIAN_POINT ( 'NONE',  ( -6.271994449231682367, -10.00000000000000000, 13.09260675354018133 ) ) ;
#2765 = EDGE_LOOP ( 'NONE', ( #1794, #617, #1604, #1214 ) ) ;
#2766 = CARTESIAN_POINT ( 'NONE',  ( -6.111268419065922330, 10.00000000000000000, 13.26928912478456901 ) ) ;
#2767 = DIRECTION ( 'NONE',  ( -0.000000000000000000, -0.000000000000000000, 1.000000000000000000 ) ) ;
#2768 = CARTESIAN_POINT ( 'NONE',  ( -6.010503271069237208, 3.666666666666667851, 13.07933702021180977 ) ) ;
#2769 = EDGE_LOOP ( 'NONE', ( #19, #2464, #2730, #2378 ) ) ;
#2770 = VERTEX_POINT ( 'NONE', #1874 ) ;
#2771 = DIRECTION ( 'NONE',  ( 0.7071067811865475727, 0.000000000000000000, -0.7071067811865475727 ) ) ;
#2772 = CARTESIAN_POINT ( 'NONE',  ( -6.071294490427277424, -10.00000000000001421, 13.31894981375785747 ) ) ;
#2773 = EDGE_CURVE ( 'NONE', #1962, #1193, #1892, .T. ) ;
#2774 = DIRECTION ( 'NONE',  ( 0.5773502691896257311, 0.5773502691896257311, 0.5773502691896257311 ) ) ;
#2775 = AXIS2_PLACEMENT_3D ( 'NONE', #1888, #262, #2162 ) ;
#2776 = DIRECTION ( 'NONE',  ( -1.000000000000000000, 0.000000000000000000, 0.000000000000000000 ) ) ;
#2777 = VECTOR ( 'NONE', #2929, 1000.000000000000114 ) ;
#2778 = EDGE_CURVE ( 'NONE', #1079, #1736, #2150, .T. ) ;
#2779 = VECTOR ( 'NONE', #2495, 1000.000000000000114 ) ;
#2780 = DIRECTION ( 'NONE',  ( 1.000000000000000000, 0.000000000000000000, 0.000000000000000000 ) ) ;
#2781 = ORIENTED_EDGE ( 'NONE', *, *, #1008, .F. ) ;
#2782 = CARTESIAN_POINT ( 'NONE',  ( -9.000000000000001776, -7.125000000000000000, 0.000000000000000000 ) ) ;
#2783 = CARTESIAN_POINT ( 'NONE',  ( -9.000000000000001776, 7.275000000000000355, -1.350000000000001199 ) ) ;
#2784 = EDGE_LOOP ( 'NONE', ( #1363, #1304, #925, #2492, #177, #904, #1825, #2996, #2333, #2910, #321, #8, #2018, #1853 ) ) ;
#2785 = ORIENTED_EDGE ( 'NONE', *, *, #2795, .T. ) ;
#2786 = CARTESIAN_POINT ( 'NONE',  ( -10.48000000000000043, -2.007504789401328704, 29.50000000000000000 ) ) ;
#2787 = FACE_OUTER_BOUND ( 'NONE', #2765, .T. ) ;
#2788 = AXIS2_PLACEMENT_3D ( 'NONE', #526, #26, #2136 ) ;
#2789 = CARTESIAN_POINT ( 'NONE',  ( 9.198987737608760540, 0.000000000000000000, 0.1000000000000028644 ) ) ;
#2790 =( NAMED_UNIT ( * ) PLANE_ANGLE_UNIT ( ) SI_UNIT ( $, .RADIAN. ) );
#2791 = CARTESIAN_POINT ( 'NONE',  ( -10.48000000000000043, -2.007504789401328704, 30.79999999999999361 ) ) ;
#2792 = VECTOR ( 'NONE', #2496, 1000.000000000000000 ) ;
#2793 = DIRECTION ( 'NONE',  ( 0.000000000000000000, 0.000000000000000000, 1.000000000000000000 ) ) ;
#2794 = ORIENTED_EDGE ( 'NONE', *, *, #834, .F. ) ;
#2795 = EDGE_CURVE ( 'NONE', #1356, #1019, #1988, .T. ) ;
#2796 = CARTESIAN_POINT ( 'NONE',  ( -6.233349937941855323, 9.999999999999998224, 13.13390407928936554 ) ) ;
#2797 = CARTESIAN_POINT ( 'NONE',  ( -5.680000000000000604, 11.00000000000000178, 13.80758602660535672 ) ) ;
#2798 = VERTEX_POINT ( 'NONE', #1209 ) ;
#2799 = ORIENTED_EDGE ( 'NONE', *, *, #472, .F. ) ;
#2800 = EDGE_CURVE ( 'NONE', #2239, #83, #1663, .T. ) ;
#2801 = DIRECTION ( 'NONE',  ( -0.000000000000000000, -0.000000000000000000, 1.000000000000000000 ) ) ;
#2802 = CARTESIAN_POINT ( 'NONE',  ( -13.43665174637512294, 0.000000000000000000, 30.79999999999999361 ) ) ;
#2803 = VECTOR ( 'NONE', #1237, 1000.000000000000000 ) ;
#2804 = FACE_BOUND ( 'NONE', #2094, .T. ) ;
#2805 = ORIENTED_EDGE ( 'NONE', *, *, #3039, .T. ) ;
#2806 = DIRECTION ( 'NONE',  ( -1.000000000000000000, 0.000000000000000000, 0.000000000000000000 ) ) ;
#2807 = CARTESIAN_POINT ( 'NONE',  ( -5.699429496954160790, -3.666666666671436481, 13.56522123683442871 ) ) ;
#2808 =( BOUNDED_CURVE ( )  B_SPLINE_CURVE ( 3, ( #690, #2481, #155, #1122 ),
 .UNSPECIFIED., .F., .F. ) 
 B_SPLINE_CURVE_WITH_KNOTS ( ( 4, 4 ),
 ( 5.497787143782145947, 6.283185307179586232 ),
 .UNSPECIFIED. ) 
 CURVE ( )  GEOMETRIC_REPRESENTATION_ITEM ( )  RATIONAL_B_SPLINE_CURVE ( ( 1.000000000000000000, 0.9492530216741921212, 0.9492530216741921212, 1.000000000000000000 ) ) 
 REPRESENTATION_ITEM ( '' )  );
#2809 = ORIENTED_EDGE ( 'NONE', *, *, #1768, .F. ) ;
#2810 = ADVANCED_FACE ( 'NONE', ( #2627 ), #2366, .F. ) ;
#2811 = CARTESIAN_POINT ( 'NONE',  ( -0.7825000000000010836, 6.500000000000000000, 30.80000000000001137 ) ) ;
#2812 = COLOUR_RGB ( '',0.8980392156862745390, 0.9176470588235293713, 0.9294117647058823817 ) ;
#2813 = EDGE_CURVE ( 'NONE', #1425, #1032, #2101, .T. ) ;
#2814 = CARTESIAN_POINT ( 'NONE',  ( -9.043933982822018436, -7.231066017177982808, -1.393933982822018525 ) ) ;
#2815 = DIRECTION ( 'NONE',  ( 0.000000000000000000, 0.000000000000000000, 1.000000000000000000 ) ) ;
#2816 = DIRECTION ( 'NONE',  ( -0.000000000000000000, 0.000000000000000000, 1.000000000000000000 ) ) ;
#2817 = CARTESIAN_POINT ( 'NONE',  ( -5.736689404414323512, 9.800000000000011369, 13.52385908235213385 ) ) ;
#2818 = AXIS2_PLACEMENT_3D ( 'NONE', #675, #1606, #1699 ) ;
#2819 = AXIS2_PLACEMENT_3D ( 'NONE', #2707, #2484, #2252 ) ;
#2820 = B_SPLINE_CURVE_WITH_KNOTS ( 'NONE', 5,
 ( #1131, #612, #2237, #878, #1076, #1755, #576, #651 ),
 .UNSPECIFIED., .F., .F.,
 ( 6, 2, 6 ),
 ( 0.000000000000000000, 0.5000000000000000000, 1.000000000000000000 ),
 .UNSPECIFIED. ) ;
#2821 = ORIENTED_EDGE ( 'NONE', *, *, #3049, .T. ) ;
#2822 = CARTESIAN_POINT ( 'NONE',  ( -5.680000000000000604, -3.666666666671436481, 13.80758602660535672 ) ) ;
#2823 = VERTEX_POINT ( 'NONE', #290 ) ;
#2824 = ADVANCED_FACE ( 'NONE', ( #2163 ), #119, .T. ) ;
#2825 = DIRECTION ( 'NONE',  ( 0.000000000000000000, 0.000000000000000000, 1.000000000000000000 ) ) ;
#2826 = ORIENTED_EDGE ( 'NONE', *, *, #811, .F. ) ;
#2827 = PLANE ( 'NONE',  #2841 ) ;
#2828 = VECTOR ( 'NONE', #806, 1000.000000000000114 ) ;
#2829 = LINE ( 'NONE', #2842, #1925 ) ;
#2830 = ADVANCED_FACE ( 'NONE', ( #1474, #972, #2843, #742, #2408 ), #1449, .T. ) ;
#2831 = CARTESIAN_POINT ( 'NONE',  ( -10.37999999999999723, 10.00000000000000000, 30.89999999999999858 ) ) ;
#2832 = VECTOR ( 'NONE', #848, 1000.000000000000114 ) ;
#2833 = CARTESIAN_POINT ( 'NONE',  ( -5.702689429451954339, 9.799999999999998934, 13.66289278762100778 ) ) ;
#2834 = ORIENTED_EDGE ( 'NONE', *, *, #2715, .F. ) ;
#2835 = AXIS2_PLACEMENT_3D ( 'NONE', #2250, #2957, #2442 ) ;
#2836 = LINE ( 'NONE', #1909, #2184 ) ;
#2837 = EDGE_LOOP ( 'NONE', ( #1659, #1949, #1467, #1588 ) ) ;
#2838 = DIRECTION ( 'NONE',  ( -0.000000000000000000, 0.000000000000000000, 1.000000000000000000 ) ) ;
#2839 = VERTEX_POINT ( 'NONE', #2856 ) ;
#2840 = LINE ( 'NONE', #739, #1929 ) ;
#2841 = AXIS2_PLACEMENT_3D ( 'NONE', #2111, #1872, #1660 ) ;
#2842 = CARTESIAN_POINT ( 'NONE',  ( -9.150000000000002132, 7.275000000000000355, -1.550000000000000044 ) ) ;
#2843 = FACE_BOUND ( 'NONE', #556, .T. ) ;
#2844 = CARTESIAN_POINT ( 'NONE',  ( -6.175307363473565125, 9.800000000000006040, 12.90321907687121161 ) ) ;
#2845 = VERTEX_POINT ( 'NONE', #2587 ) ;
#2846 = SURFACE_STYLE_USAGE ( .BOTH. , #2358 ) ;
#2847 = DIRECTION ( 'NONE',  ( -0.000000000000000000, -0.000000000000000000, -1.000000000000000000 ) ) ;
#2848 = CONICAL_SURFACE ( 'NONE', #2701, 1.215000000000004299, 0.7853981633974471688 ) ;
#2849 = ORIENTED_EDGE ( 'NONE', *, *, #1272, .T. ) ;
#2850 = CARTESIAN_POINT ( 'NONE',  ( -10.43606601717798199, -7.231066017177980143, -1.393933982822019413 ) ) ;
#2851 = ORIENTED_EDGE ( 'NONE', *, *, #450, .F. ) ;
#2852 = CARTESIAN_POINT ( 'NONE',  ( -2.302500000000001101, 6.500000000000000000, 30.80000000000001137 ) ) ;
#2853 = PRODUCT_DEFINITION_FORMATION_WITH_SPECIFIED_SOURCE ( '任何', '', #2460, .NOT_KNOWN. ) ;
#2854 = EDGE_CURVE ( 'NONE', #2119, #2564, #2522, .T. ) ;
#2855 = LINE ( 'NONE', #2626, #1803 ) ;
#2856 = CARTESIAN_POINT ( 'NONE',  ( -10.32999999999999829, 7.275000000000000355, -1.350000000000001199 ) ) ;
#2857 = DIRECTION ( 'NONE',  ( -1.000000000000000000, 0.000000000000000000, 0.000000000000000000 ) ) ;
#2858 = VECTOR ( 'NONE', #1393, 1000.000000000000000 ) ;
#2859 = EDGE_CURVE ( 'NONE', #1388, #3026, #49, .T. ) ;
#2860 = ORIENTED_EDGE ( 'NONE', *, *, #2763, .T. ) ;
#2861 = CARTESIAN_POINT ( 'NONE',  ( 7.217500000000000249, -6.500000000000000000, 30.80000000000001492 ) ) ;
#2862 = CIRCLE ( 'NONE', #1245, 1.215000000000004299 ) ;
#2863 = CARTESIAN_POINT ( 'NONE',  ( 7.698987737608761428, -10.00000000000000000, 30.89999999999999858 ) ) ;
#2864 = ORIENTED_EDGE ( 'NONE', *, *, #1391, .T. ) ;
#2865 = AXIS2_PLACEMENT_3D ( 'NONE', #1671, #2661, #2881 ) ;
#2866 = AXIS2_PLACEMENT_3D ( 'NONE', #2173, #312, #506 ) ;
#2867 = CARTESIAN_POINT ( 'NONE',  ( -9.000000000000000000, -7.275000000000000355, -1.350000000000001199 ) ) ;
#2868 = ORIENTED_EDGE ( 'NONE', *, *, #1189, .T. ) ;
#2869 = FACE_OUTER_BOUND ( 'NONE', #2214, .T. ) ;
#2870 = ADVANCED_FACE ( 'NONE', ( #1423 ), #716, .T. ) ;
#2871 = CARTESIAN_POINT ( 'NONE',  ( -10.37999999999999723, 9.899999999999996803, 31.00000000000000000 ) ) ;
#2872 = CARTESIAN_POINT ( 'NONE',  ( -10.40736000926904126, -1.900520658362012005, 29.37263999073095633 ) ) ;
#2873 = AXIS2_PLACEMENT_3D ( 'NONE', #114, #2479, #1061 ) ;
#2874 = CARTESIAN_POINT ( 'NONE',  ( 0.000000000000000000, 5.599999999999999645, 2.850000000000000089 ) ) ;
#2875 = VECTOR ( 'NONE', #1669, 1000.000000000000000 ) ;
#2876 = ORIENTED_EDGE ( 'NONE', *, *, #2569, .T. ) ;
#2877 = VECTOR ( 'NONE', #76, 1000.000000000000000 ) ;
#2878 = ADVANCED_FACE ( 'NONE', ( #2438 ), #2683, .T. ) ;
#2879 = ORIENTED_EDGE ( 'NONE', *, *, #2954, .F. ) ;
#2880 = VERTEX_POINT ( 'NONE', #1960 ) ;
#2881 = DIRECTION ( 'NONE',  ( 0.000000000000000000, 0.000000000000000000, -1.000000000000000000 ) ) ;
#2882 = ORIENTED_EDGE ( 'NONE', *, *, #2120, .T. ) ;
#2883 = EDGE_CURVE ( 'NONE', #1933, #752, #2584, .T. ) ;
#2884 = FACE_OUTER_BOUND ( 'NONE', #2027, .T. ) ;
#2885 = EDGE_CURVE ( 'NONE', #2668, #2880, #2669, .T. ) ;
#2886 = AXIS2_PLACEMENT_3D ( 'NONE', #1694, #30, #961 ) ;
#2887 = DIRECTION ( 'NONE',  ( 0.000000000000000000, 0.000000000000000000, 1.000000000000000000 ) ) ;
#2888 = CARTESIAN_POINT ( 'NONE',  ( -1.215000000000004299, 5.599999999999999645, 0.000000000000000000 ) ) ;
#2889 = DIRECTION ( 'NONE',  ( 0.000000000000000000, 0.000000000000000000, -1.000000000000000000 ) ) ;
#2890 = ORIENTED_EDGE ( 'NONE', *, *, #691, .F. ) ;
#2891 = PLANE ( 'NONE',  #2819 ) ;
#2892 = VECTOR ( 'NONE', #1808, 1000.000000000000000 ) ;
#2893 = EDGE_LOOP ( 'NONE', ( #399, #1056, #469, #1217, #2292, #1001 ) ) ;
#2894 = EDGE_LOOP ( 'NONE', ( #2369, #1844, #775, #1885 ) ) ;
#2895 = DIRECTION ( 'NONE',  ( -1.000000000000000000, 0.000000000000000000, 0.000000000000000000 ) ) ;
#2896 = VERTEX_POINT ( 'NONE', #813 ) ;
#2897 = DIRECTION ( 'NONE',  ( 0.5773502691896257311, 0.5773502691896257311, 0.5773502691896257311 ) ) ;
#2898 = EDGE_CURVE ( 'NONE', #1880, #101, #3034, .T. ) ;
#2899 = CARTESIAN_POINT ( 'NONE',  ( 5.697499999999999787, 6.500000000000000000, 21.78079077038578859 ) ) ;
#2900 = CARTESIAN_POINT ( 'NONE',  ( -3.822500000000001119, 6.500000000000000000, 21.78079077038578859 ) ) ;
#2901 = PLANE ( 'NONE',  #1389 ) ;
#2902 = VECTOR ( 'NONE', #1848, 1000.000000000000114 ) ;
#2903 = ORIENTED_EDGE ( 'NONE', *, *, #1842, .F. ) ;
#2904 = CARTESIAN_POINT ( 'NONE',  ( -6.084743665671080493, -9.800000000000109068, 13.00000000000000178 ) ) ;
#2905 = VECTOR ( 'NONE', #2968, 1000.000000000000000 ) ;
#2906 = ORIENTED_EDGE ( 'NONE', *, *, #1921, .F. ) ;
#2907 = ORIENTED_EDGE ( 'NONE', *, *, #1374, .F. ) ;
#2908 = CARTESIAN_POINT ( 'NONE',  ( -9.043933982822018436, -7.231066017177982808, -1.393933982822018525 ) ) ;
#2909 = CARTESIAN_POINT ( 'NONE',  ( -3.822500000000001119, -6.500000000000000000, 30.80000000000001137 ) ) ;
#2910 = ORIENTED_EDGE ( 'NONE', *, *, #1734, .T. ) ;
#2911 = EDGE_CURVE ( 'NONE', #293, #1565, #1501, .T. ) ;
#2912 = ORIENTED_EDGE ( 'NONE', *, *, #156, .T. ) ;
#2913 = DIRECTION ( 'NONE',  ( 0.7071067811865594521, 0.000000000000000000, 0.7071067811865355823 ) ) ;
#2914 = CARTESIAN_POINT ( 'NONE',  ( -10.48000000000000043, -9.899999999999996803, 0.000000000000000000 ) ) ;
#2915 = DIRECTION ( 'NONE',  ( 1.000000000000000000, 0.000000000000000000, 0.000000000000000000 ) ) ;
#2916 = CARTESIAN_POINT ( 'NONE',  ( -2.302500000000001101, -6.500000000000000000, 21.78079077038578859 ) ) ;
#2917 = FACE_OUTER_BOUND ( 'NONE', #270, .T. ) ;
#2918 = CARTESIAN_POINT ( 'NONE',  ( 8.998987737608759474, 8.500000000000000000, 26.07999999999999829 ) ) ;
#2919 = ADVANCED_FACE ( 'NONE', ( #1946 ), #1042, .F. ) ;
#2920 = DIRECTION ( 'NONE',  ( -0.000000000000000000, -0.000000000000000000, 1.000000000000000000 ) ) ;
#2921 = CIRCLE ( 'NONE', #1124, 1.014999999999999902 ) ;
#2922 = ORIENTED_EDGE ( 'NONE', *, *, #2285, .T. ) ;
#2923 = EDGE_CURVE ( 'NONE', #2169, #166, #769, .T. ) ;
#2924 = CARTESIAN_POINT ( 'NONE',  ( -6.284743665671078006, -10.00000000000000000, 13.07898230392524219 ) ) ;
#2925 = ORIENTED_EDGE ( 'NONE', *, *, #1470, .T. ) ;
#2926 = CARTESIAN_POINT ( 'NONE',  ( -5.679999999999999716, -9.799999999999997158, 26.07999999999999829 ) ) ;
#2927 = LINE ( 'NONE', #2981, #2353 ) ;
#2928 = AXIS2_PLACEMENT_3D ( 'NONE', #1772, #562, #2430 ) ;
#2929 = DIRECTION ( 'NONE',  ( 0.5773502691896206240, 0.5773502691896333916, -0.5773502691896233996 ) ) ;
#2930 = ORIENTED_EDGE ( 'NONE', *, *, #2670, .F. ) ;
#2931 = ORIENTED_EDGE ( 'NONE', *, *, #3025, .F. ) ;
#2932 = CARTESIAN_POINT ( 'NONE',  ( -1.014999999999999902, 5.599999999999999645, 0.2000000000000048683 ) ) ;
#2933 = CARTESIAN_POINT ( 'NONE',  ( -6.063019255754783288, -9.800000000000009592, 13.02322904717184926 ) ) ;
#2934 = CARTESIAN_POINT ( 'NONE',  ( -10.37999999999999723, 10.00000000000000000, 5.000000000000000000 ) ) ;
#2935 = DIRECTION ( 'NONE',  ( 0.000000000000000000, 0.000000000000000000, 1.000000000000000000 ) ) ;
#2936 = DIRECTION ( 'NONE',  ( 0.000000000000000000, 0.000000000000000000, -1.000000000000000000 ) ) ;
#2937 = DIRECTION ( 'NONE',  ( 0.000000000000000000, 0.000000000000000000, -1.000000000000000000 ) ) ;
#2938 = FACE_OUTER_BOUND ( 'NONE', #2893, .T. ) ;
#2939 = CARTESIAN_POINT ( 'NONE',  ( -10.48000000000000043, 10.00000000000000000, 5.000000000000000000 ) ) ;
#2940 = EDGE_CURVE ( 'NONE', #2446, #2485, #1171, .T. ) ;
#2941 = ORIENTED_EDGE ( 'NONE', *, *, #1315, .T. ) ;
#2942 = CARTESIAN_POINT ( 'NONE',  ( -6.225988284917368887, -9.999999999999998224, 13.14177179708002718 ) ) ;
#2943 = EDGE_CURVE ( 'NONE', #2746, #909, #1936, .T. ) ;
#2944 = ORIENTED_EDGE ( 'NONE', *, *, #234, .T. ) ;
#2945 = CARTESIAN_POINT ( 'NONE',  ( -5.879999999999995453, 10.00000000000000000, 5.000000000000000000 ) ) ;
#2946 = CARTESIAN_POINT ( 'NONE',  ( 7.698987737608761428, 9.899999999999996803, 31.00000000000000000 ) ) ;
#2947 = CARTESIAN_POINT ( 'NONE',  ( -5.813333333333331687, -9.933333333333331794, 14.02489685437724454 ) ) ;
#2948 = ORIENTED_EDGE ( 'NONE', *, *, #112, .T. ) ;
#2949 = EDGE_LOOP ( 'NONE', ( #896, #2696, #2679, #1074 ) ) ;
#2950 = CARTESIAN_POINT ( 'NONE',  ( -10.40755959750961246, 7.259572436846348786, -1.365427563153651880 ) ) ;
#2951 = CARTESIAN_POINT ( 'NONE',  ( -6.305329970759623315, -10.00000000000000000, 13.05698276059306906 ) ) ;
#2952 = LINE ( 'NONE', #2191, #2988 ) ;
#2953 = CARTESIAN_POINT ( 'NONE',  ( 6.858022075225177566E-16, -5.599999999999999645, 2.850000000000000089 ) ) ;
#2954 = EDGE_CURVE ( 'NONE', #344, #2896, #2703, .T. ) ;
#2955 = CARTESIAN_POINT ( 'NONE',  ( -5.880000810906283348, 10.00000000000000000, 14.01150650411032039 ) ) ;
#2956 = DIRECTION ( 'NONE',  ( -1.000000000000000000, 0.000000000000000000, 0.000000000000000000 ) ) ;
#2957 = DIRECTION ( 'NONE',  ( 0.000000000000000000, 0.000000000000000000, 1.000000000000000000 ) ) ;
#2958 = CYLINDRICAL_SURFACE ( 'NONE', #261, 0.1500000000000008271 ) ;
#2959 = CIRCLE ( 'NONE', #47, 3.573774619196393942 ) ;
#2960 = ORIENTED_EDGE ( 'NONE', *, *, #3008, .F. ) ;
#2961 = DIRECTION ( 'NONE',  ( 0.5773502691896260641, -0.5773502691896255090, -0.5773502691896255090 ) ) ;
#2962 = VERTEX_POINT ( 'NONE', #92 ) ;
#2963 = FACE_OUTER_BOUND ( 'NONE', #1283, .T. ) ;
#2964 = CARTESIAN_POINT ( 'NONE',  ( -5.966542884944935565, 10.00000000000000000, 13.48678571793767134 ) ) ;
#2965 = CARTESIAN_POINT ( 'NONE',  ( -6.010503271069237208, -9.799999999999995381, 13.07933702021180444 ) ) ;
#2966 = VERTEX_POINT ( 'NONE', #602 ) ;
#2967 = ORIENTED_EDGE ( 'NONE', *, *, #2623, .T. ) ;
#2968 = DIRECTION ( 'NONE',  ( -0.000000000000000000, -0.000000000000000000, 1.000000000000000000 ) ) ;
#2969 = AXIS2_PLACEMENT_3D ( 'NONE', #2994, #2521, #457 ) ;
#2970 = CARTESIAN_POINT ( 'NONE',  ( -6.115326436657334774, -10.00000000000000711, 13.26427899699749346 ) ) ;
#2971 = CARTESIAN_POINT ( 'NONE',  ( -0.7825000000000010836, -6.500000000000000000, 30.80000000000001137 ) ) ;
#2972 = CARTESIAN_POINT ( 'NONE',  ( -5.904348975847074854, 9.999999999999998224, 13.66928124214267015 ) ) ;
#2973 = CARTESIAN_POINT ( 'NONE',  ( -3.237499999999999822, 0.000000000000000000, 5.000000000000000000 ) ) ;
#2974 = EDGE_CURVE ( 'NONE', #419, #760, #2461, .T. ) ;
#2975 = PLANE ( 'NONE',  #357 ) ;
#2976 = ORIENTED_EDGE ( 'NONE', *, *, #2174, .F. ) ;
#2977 = LINE ( 'NONE', #142, #1447 ) ;
#2978 = VERTEX_POINT ( 'NONE', #2177 ) ;
#2979 = CARTESIAN_POINT ( 'NONE',  ( -5.679999999999999716, 9.799999999999997158, 26.07999999999999829 ) ) ;
#2980 = AXIS2_PLACEMENT_3D ( 'NONE', #2953, #785, #1518 ) ;
#2981 = CARTESIAN_POINT ( 'NONE',  ( 7.698987737608761428, 9.799999999999997158, 26.07999999999999829 ) ) ;
#2982 = CARTESIAN_POINT ( 'NONE',  ( -5.784850455776626710, -9.799999999999995381, 13.34891724144051217 ) ) ;
#2983 = EDGE_CURVE ( 'NONE', #1869, #2658, #2959, .T. ) ;
#2984 = EDGE_LOOP ( 'NONE', ( #1134, #52, #1071, #720 ) ) ;
#2985 = AXIS2_PLACEMENT_3D ( 'NONE', #1213, #1896, #1978 ) ;
#2986 = ORIENTED_EDGE ( 'NONE', *, *, #2482, .F. ) ;
#2987 = CARTESIAN_POINT ( 'NONE',  ( -10.37031416530970418, 7.275000000000000355, -1.350000000000001199 ) ) ;
#2988 = VECTOR ( 'NONE', #62, 1000.000000000000114 ) ;
#2989 = CARTESIAN_POINT ( 'NONE',  ( -6.145992855122158538, -10.00000000000001066, 13.22880297277505512 ) ) ;
#2990 = EDGE_CURVE ( 'NONE', #760, #419, #847, .T. ) ;
#2991 = AXIS2_PLACEMENT_3D ( 'NONE', #372, #817, #2706 ) ;
#2992 = CARTESIAN_POINT ( 'NONE',  ( 9.098987737608757342, 8.500000000000000000, 0.000000000000000000 ) ) ;
#2993 = CARTESIAN_POINT ( 'NONE',  ( -5.880008554219239514, 10.00000000000000178, 14.00034070411920339 ) ) ;
#2994 = CARTESIAN_POINT ( 'NONE',  ( -10.37999999999999901, -10.00000000000000000, 5.000000000000000000 ) ) ;
#2995 = CARTESIAN_POINT ( 'NONE',  ( -6.221016488591238236, -10.00000000000000355, 13.14708773509206452 ) ) ;
#2996 = ORIENTED_EDGE ( 'NONE', *, *, #2339, .T. ) ;
#2997 = FACE_OUTER_BOUND ( 'NONE', #2708, .T. ) ;
#2998 = DIRECTION ( 'NONE',  ( 0.000000000000000000, -0.7071067811865536790, 0.7071067811865414665 ) ) ;
#2999 = CARTESIAN_POINT ( 'NONE',  ( -5.936262876467393923, 3.666666666666667851, 13.15867404042361777 ) ) ;
#3000 = AXIS2_PLACEMENT_3D ( 'NONE', #1359, #2751, #824 ) ;
#3001 = ORIENTED_EDGE ( 'NONE', *, *, #2859, .F. ) ;
#3002 = ORIENTED_EDGE ( 'NONE', *, *, #1952, .T. ) ;
#3003 = DIRECTION ( 'NONE',  ( -1.000000000000000000, 0.000000000000000000, 0.000000000000000000 ) ) ;
#3004 = FACE_OUTER_BOUND ( 'NONE', #1477, .T. ) ;
#3005 = PRODUCT_DEFINITION_CONTEXT ( 'detailed design', #171, 'design' ) ;
#3006 = VECTOR ( 'NONE', #603, 1000.000000000000000 ) ;
#3007 = DIRECTION ( 'NONE',  ( -0.000000000000000000, -0.000000000000000000, -1.000000000000000000 ) ) ;
#3008 = EDGE_CURVE ( 'NONE', #1757, #1330, #1556, .T. ) ;
#3009 = DIRECTION ( 'NONE',  ( 0.000000000000000000, 1.000000000000000000, 0.000000000000000000 ) ) ;
#3010 = VERTEX_POINT ( 'NONE', #2723 ) ;
#3011 = ORIENTED_EDGE ( 'NONE', *, *, #1488, .F. ) ;
#3012 = CARTESIAN_POINT ( 'NONE',  ( -6.244500321480436433, 9.999999999999998224, 13.12198830907677483 ) ) ;
#3013 = CARTESIAN_POINT ( 'NONE',  ( -5.680000000000000604, 3.666666666666667851, 13.80758602660535672 ) ) ;
#3014 = ORIENTED_EDGE ( 'NONE', *, *, #799, .T. ) ;
#3015 = EDGE_LOOP ( 'NONE', ( #1771, #1176, #2851, #1430 ) ) ;
#3016 = DIRECTION ( 'NONE',  ( -0.000000000000000000, -0.000000000000000000, -1.000000000000000000 ) ) ;
#3017 = AXIS2_PLACEMENT_3D ( 'NONE', #2096, #1605, #686 ) ;
#3018 = CARTESIAN_POINT ( 'NONE',  ( -5.713910975231975442, -9.799999999999993605, 13.60751713426929221 ) ) ;
#3019 = CARTESIAN_POINT ( 'NONE',  ( -10.48000000000000043, -10.00000000000000000, 29.29999999999999361 ) ) ;
#3020 = FACE_OUTER_BOUND ( 'NONE', #1637, .T. ) ;
#3021 = DIRECTION ( 'NONE',  ( 0.000000000000000000, 0.000000000000000000, 1.000000000000000000 ) ) ;
#3022 = ADVANCED_FACE ( 'NONE', ( #622 ), #2500, .F. ) ;
#3023 = VECTOR ( 'NONE', #1077, 1000.000000000000000 ) ;
#3024 = PLANE ( 'NONE',  #2371 ) ;
#3025 = EDGE_CURVE ( 'NONE', #74, #1387, #1012, .T. ) ;
#3026 = VERTEX_POINT ( 'NONE', #2082 ) ;
#3027 = CARTESIAN_POINT ( 'NONE',  ( -6.176810067125614978, 9.999999999999996447, 13.19476930126427128 ) ) ;
#3028 = CARTESIAN_POINT ( 'NONE',  ( -5.699429496954160790, 3.666666666666667851, 13.56522123683442871 ) ) ;
#3029 = EDGE_CURVE ( 'NONE', #1964, #1193, #901, .T. ) ;
#3030 = ORIENTED_EDGE ( 'NONE', *, *, #2267, .T. ) ;
#3031 = ORIENTED_EDGE ( 'NONE', *, *, #2608, .F. ) ;
#3032 = FACE_OUTER_BOUND ( 'NONE', #1970, .T. ) ;
#3033 = CARTESIAN_POINT ( 'NONE',  ( -1.014999999999999236, -5.599999999999999645, 2.850000000000000089 ) ) ;
#3034 = CIRCLE ( 'NONE', #2047, 1.520000000000000018 ) ;
#3035 = DIRECTION ( 'NONE',  ( -0.000000000000000000, -0.000000000000000000, 1.000000000000000000 ) ) ;
#3036 = CARTESIAN_POINT ( 'NONE',  ( 7.698987737608761428, 10.00000000000000000, 30.89999999999999858 ) ) ;
#3037 = EDGE_CURVE ( 'NONE', #1933, #2728, #2281, .T. ) ;
#3038 = ORIENTED_EDGE ( 'NONE', *, *, #1633, .F. ) ;
#3039 = EDGE_CURVE ( 'NONE', #1032, #1425, #7, .T. ) ;
#3040 = CARTESIAN_POINT ( 'NONE',  ( -6.140418958095418489, 9.999999999999998224, 13.23532676774165218 ) ) ;
#3041 = CONICAL_SURFACE ( 'NONE', #1706, 1.520000000000000018, 0.7853981633974570498 ) ;
#3042 = LINE ( 'NONE', #487, #570 ) ;
#3043 = ADVANCED_FACE ( 'NONE', ( #3020 ), #454, .T. ) ;
#3044 = VERTEX_POINT ( 'NONE', #2992 ) ;
#3045 = VERTEX_POINT ( 'NONE', #2312 ) ;
#3046 = CARTESIAN_POINT ( 'NONE',  ( -5.864525804362754613, -9.800000000000004263, 13.26395243308552629 ) ) ;
#3047 = CARTESIAN_POINT ( 'NONE',  ( -1.014999999999999902, 5.599999999999999645, 2.850000000000000089 ) ) ;
#3048 = PRESENTATION_LAYER_ASSIGNMENT (  '', '', ( #1337 ) ) ;
#3049 = EDGE_CURVE ( 'NONE', #2260, #337, #1167, .T. ) ;
#3050 = DIRECTION ( 'NONE',  ( 0.5773502691896256200, -0.5773502691896260641, 0.5773502691896256200 ) ) ;
#3051 = CARTESIAN_POINT ( 'NONE',  ( 9.098987737608757342, -8.500000000000000000, 0.000000000000000000 ) ) ;
#3052 = CARTESIAN_POINT ( 'NONE',  ( -5.896142040139840113, 9.800000000000006040, 13.21904712456487196 ) ) ;
ENDSEC;
END-ISO-10303-21;
