ISO-10303-21;
HEADER;
/* Generated by software containing ST-Developer
 * from STEP Tools, Inc. (www.steptools.com) 
 */
/* OPTION: using custom schema-name function */

FILE_DESCRIPTION(
/* description */ (''),
/* implementation_level */ '2;1');

FILE_NAME(
/* name */ '\X2\9A7152A8538B73AF\X0\.stp',
/* time_stamp */ '2025-12-02T17:08:35+08:00',
/* author */ (''),
/* organization */ (''),
/* preprocessor_version */ 'ST-DEVELOPER v16.7',
/* originating_system */ 'SIEMENS PLM Software NX 12.0',
/* authorisation */ '');

FILE_SCHEMA (('AUTOMOTIVE_DESIGN { 1 0 10303 214 3 1 1 1 }'));
ENDSEC;

DATA;
#10=SHAPE_REPRESENTATION_RELATIONSHIP('None',
'relationship between \X2\9A7152A8538B73AF\X0\-None and \X2\9A7152A8538B73AF\X0\-
None',#22,#11);
#11=ADVANCED_BREP_SHAPE_REPRESENTATION('\X2\9A7152A8538B73AF\X0\-None',
(#32),#1747);
#12=SHAPE_DEFINITION_REPRESENTATION(#13,#22);
#13=PRODUCT_DEFINITION_SHAPE('','',#14);
#14=PRODUCT_DEFINITION(' ','',#16,#15);
#15=PRODUCT_DEFINITION_CONTEXT('part definition',#21,'design');
#16=PRODUCT_DEFINITION_FORMATION_WITH_SPECIFIED_SOURCE(' ',' ',#18,
 .NOT_KNOWN.);
#17=PRODUCT_RELATED_PRODUCT_CATEGORY('part','',(#18));
#18=PRODUCT('\X2\9A7152A8538B73AF\X0\','\X2\9A7152A8538B73AF\X0\',' ',(#19));
#19=PRODUCT_CONTEXT(' ',#21,'mechanical');
#20=APPLICATION_PROTOCOL_DEFINITION('international standard',
'automotive_design',2010,#21);
#21=APPLICATION_CONTEXT(
'core data for automotive mechanical design processes');
#22=SHAPE_REPRESENTATION('\X2\9A7152A8538B73AF\X0\-None',(#211),#1747);
#23=PRESENTATION_LAYER_ASSIGNMENT('1','Layer 1',(#32));
#24=STYLED_ITEM('',(#25),#32);
#25=PRESENTATION_STYLE_ASSIGNMENT((#26));
#26=SURFACE_STYLE_USAGE(.BOTH.,#27);
#27=SURFACE_SIDE_STYLE('',(#28));
#28=SURFACE_STYLE_FILL_AREA(#29);
#29=FILL_AREA_STYLE('',(#30));
#30=FILL_AREA_STYLE_COLOUR('',#31);
#31=COLOUR_RGB('Orange',1.,0.6,0.);
#32=MANIFOLD_SOLID_BREP('',#33);
#33=CLOSED_SHELL('',(#57,#58,#59,#60,#61,#62,#63,#64,#65,#66,#67,#68,#69,
#70));
#34=CONICAL_SURFACE('',#236,21.5,45.);
#35=B_SPLINE_SURFACE_WITH_KNOTS('',1,3,((#848,#849,#850,#851,#852,#853,
#854,#855,#856,#857,#858,#859,#860,#861,#862,#863,#864,#865,#866,#867,#868,
#869,#870,#871,#872,#873,#874,#875,#876,#877,#878,#879,#880,#881,#882,#883,
#884,#885,#886,#887,#888,#889,#890,#891,#892,#893,#894,#895,#896,#897,#898,
#899,#900,#901,#902,#903,#904,#905,#906,#907,#908,#909,#910,#911,#912,#913,
#914,#915,#916,#917,#918,#919,#920,#921,#922,#923,#924,#925,#926,#927,#928,
#929,#930,#931,#932,#933,#934,#935,#936,#937,#938,#939,#940,#941,#942,#943,
#944,#945,#946,#947,#948,#949,#950,#951,#952,#953,#954,#955,#956,#957,#958,
#959,#960,#961,#962,#963,#964,#965,#966,#967,#968,#969,#970,#971,#972,#973,
#974,#975,#976,#977,#978,#979,#980,#981,#982,#983,#984,#985,#986,#987,#988,
#989,#990,#991,#992,#993,#994,#995,#996,#997,#998,#999,#1000,#1001,#1002,
#1003,#1004,#1005,#1006,#1007,#1008,#1009,#1010,#1011,#1012,#1013,#1014,
#1015,#1016,#1017,#1018,#1019,#1020,#1021,#1022,#1023,#1024,#1025,#1026,
#1027,#1028,#1029,#1030),(#1031,#1032,#1033,#1034,#1035,#1036,#1037,#1038,
#1039,#1040,#1041,#1042,#1043,#1044,#1045,#1046,#1047,#1048,#1049,#1050,
#1051,#1052,#1053,#1054,#1055,#1056,#1057,#1058,#1059,#1060,#1061,#1062,
#1063,#1064,#1065,#1066,#1067,#1068,#1069,#1070,#1071,#1072,#1073,#1074,
#1075,#1076,#1077,#1078,#1079,#1080,#1081,#1082,#1083,#1084,#1085,#1086,
#1087,#1088,#1089,#1090,#1091,#1092,#1093,#1094,#1095,#1096,#1097,#1098,
#1099,#1100,#1101,#1102,#1103,#1104,#1105,#1106,#1107,#1108,#1109,#1110,
#1111,#1112,#1113,#1114,#1115,#1116,#1117,#1118,#1119,#1120,#1121,#1122,
#1123,#1124,#1125,#1126,#1127,#1128,#1129,#1130,#1131,#1132,#1133,#1134,
#1135,#1136,#1137,#1138,#1139,#1140,#1141,#1142,#1143,#1144,#1145,#1146,
#1147,#1148,#1149,#1150,#1151,#1152,#1153,#1154,#1155,#1156,#1157,#1158,
#1159,#1160,#1161,#1162,#1163,#1164,#1165,#1166,#1167,#1168,#1169,#1170,
#1171,#1172,#1173,#1174,#1175,#1176,#1177,#1178,#1179,#1180,#1181,#1182,
#1183,#1184,#1185,#1186,#1187,#1188,#1189,#1190,#1191,#1192,#1193,#1194,
#1195,#1196,#1197,#1198,#1199,#1200,#1201,#1202,#1203,#1204,#1205,#1206,
#1207,#1208,#1209,#1210,#1211,#1212,#1213)),.UNSPECIFIED.,.F.,.F.,.F.,(2,
2),(4,1,1,1,1,1,1,1,1,1,1,1,1,1,1,1,1,1,1,1,1,1,1,1,1,1,1,1,1,1,1,1,1,1,
1,1,1,1,1,1,1,1,1,1,1,1,1,1,1,1,1,1,1,1,1,1,1,1,1,1,1,1,1,1,1,1,1,1,1,1,
1,1,1,1,1,1,1,1,1,1,1,1,1,1,1,1,1,1,1,1,1,1,1,1,1,1,1,1,1,1,1,1,1,1,1,1,
1,1,1,1,1,1,1,1,1,1,1,1,1,1,1,1,1,1,1,1,1,1,1,1,1,1,1,1,1,1,1,1,1,1,1,1,
1,1,1,1,1,1,1,1,1,1,1,1,1,1,1,1,1,1,1,1,1,1,1,1,1,1,1,1,1,1,1,1,1,1,1,1,
1,1,4),(0.,1.),(0.,0.00557529449426893,0.0111505889885379,0.0167258834828068,
0.0223011779770757,0.0278764724713447,0.0334517669656136,0.0390270614598825,
0.0446023559541515,0.0501776504484204,0.0557529449426893,0.0613282394369583,
0.0669035339312272,0.0724788284254961,0.0780541229197651,0.083629417414034,
0.0892047119083029,0.0947800064025719,0.100355300896841,0.10593059539111,
0.111505889885379,0.117081184379648,0.122656478873917,0.128231773368185,
0.133807067862454,0.139382362356723,0.144957656850992,0.150532951345261,
0.15610824583953,0.161683540333799,0.167258834828068,0.172834129322337,
0.178409423816606,0.183984718310875,0.189560012805144,0.195135307299413,
0.200710601793682,0.206285896287951,0.211861190782219,0.217436485276488,
0.223011779770757,0.228587074265026,0.234162368759295,0.239737663253564,
0.245312957747833,0.250888252242102,0.256463546736371,0.26203884123064,
0.267614135724909,0.273189430219178,0.278764724713447,0.284340019207716,
0.289915313701985,0.295490608196253,0.301065902690522,0.306641197184791,
0.31221649167906,0.317791786173329,0.323367080667598,0.328942375161867,
0.334517669656136,0.340092964150405,0.345668258644674,0.351243553138943,
0.356818847633212,0.362394142127481,0.36796943662175,0.373544731116018,
0.379120025610287,0.384695320104556,0.390270614598825,0.395845909093094,
0.401421203587363,0.406996498081632,0.412571792575901,0.41814708707017,
0.423722381564439,0.429297676058708,0.434872970552977,0.440448265047246,
0.446023559541515,0.451598854035784,0.457174148530053,0.462749443024321,
0.46832473751859,0.473900032012859,0.479475326507128,0.485050621001397,
0.490625915495666,0.496201209989935,0.501776504484204,0.507351798978473,
0.512927093472742,0.518502387967011,0.52407768246128,0.529652976955549,
0.535228271449818,0.540803565944087,0.546378860438355,0.551954154932624,
0.557529449426893,0.563104743921162,0.568680038415431,0.5742553329097,0.579830627403969,
0.585405921898238,0.590981216392507,0.596556510886776,0.602131805381045,
0.607707099875314,0.613282394369583,0.618857688863852,0.62443298335812,
0.630008277852389,0.635583572346658,0.641158866840927,0.646734161335196,
0.652309455829465,0.657884750323734,0.663460044818003,0.669035339312272,
0.674610633806541,0.68018592830081,0.685761222795079,0.691336517289348,
0.696911811783617,0.702487106277886,0.708062400772155,0.713637695266423,
0.719212989760692,0.724788284254961,0.73036357874923,0.735938873243499,
0.741514167737768,0.747089462232037,0.752664756726306,0.758240051220575,
0.763815345714844,0.769390640209113,0.774965934703382,0.780541229197651,
0.78611652369192,0.791691818186189,0.797267112680457,0.802842407174726,
0.808417701668995,0.813992996163264,0.819568290657533,0.825143585151802,
0.830718879646071,0.83629417414034,0.841869468634609,0.847444763128878,
0.853020057623147,0.858595352117416,0.864170646611685,0.869745941105954,
0.875321235600222,0.880896530094491,0.88647182458876,0.892047119083029,
0.897622413577298,0.903197708071567,0.908773002565836,0.914348297060105,
0.919923591554374,0.925498886048643,0.931074180542912,0.936649475037181,
0.94222476953145,0.947800064025719,0.953375358519988,0.958950653014257,
0.964525947508525,0.970101242002794,0.975676536497063,0.981251830991332,
0.986827125485601,0.99240241997987,0.997977714474139,1.),.UNSPECIFIED.);
#36=B_SPLINE_SURFACE_WITH_KNOTS('',1,3,((#1370,#1371,#1372,#1373,#1374,
#1375,#1376,#1377,#1378,#1379,#1380,#1381,#1382,#1383,#1384,#1385,#1386,
#1387,#1388,#1389,#1390,#1391,#1392,#1393,#1394,#1395,#1396,#1397,#1398,
#1399,#1400,#1401,#1402,#1403,#1404,#1405,#1406,#1407,#1408,#1409,#1410,
#1411,#1412,#1413,#1414,#1415,#1416,#1417,#1418,#1419,#1420,#1421,#1422,
#1423,#1424,#1425,#1426,#1427,#1428,#1429,#1430,#1431,#1432,#1433,#1434,
#1435,#1436,#1437,#1438,#1439,#1440,#1441,#1442,#1443,#1444,#1445,#1446,
#1447,#1448,#1449,#1450,#1451,#1452,#1453,#1454,#1455,#1456,#1457,#1458,
#1459,#1460,#1461,#1462,#1463,#1464,#1465,#1466,#1467,#1468,#1469,#1470,
#1471,#1472,#1473,#1474,#1475,#1476,#1477,#1478,#1479,#1480,#1481,#1482,
#1483,#1484,#1485,#1486,#1487,#1488,#1489,#1490,#1491,#1492,#1493,#1494,
#1495,#1496,#1497,#1498,#1499,#1500,#1501,#1502,#1503,#1504,#1505,#1506,
#1507,#1508,#1509,#1510,#1511,#1512,#1513,#1514,#1515,#1516,#1517,#1518,
#1519,#1520,#1521,#1522,#1523,#1524,#1525,#1526,#1527,#1528,#1529,#1530,
#1531,#1532,#1533,#1534,#1535,#1536,#1537,#1538,#1539,#1540,#1541,#1542,
#1543,#1544,#1545,#1546,#1547,#1548,#1549,#1550,#1551,#1552),(#1553,#1554,
#1555,#1556,#1557,#1558,#1559,#1560,#1561,#1562,#1563,#1564,#1565,#1566,
#1567,#1568,#1569,#1570,#1571,#1572,#1573,#1574,#1575,#1576,#1577,#1578,
#1579,#1580,#1581,#1582,#1583,#1584,#1585,#1586,#1587,#1588,#1589,#1590,
#1591,#1592,#1593,#1594,#1595,#1596,#1597,#1598,#1599,#1600,#1601,#1602,
#1603,#1604,#1605,#1606,#1607,#1608,#1609,#1610,#1611,#1612,#1613,#1614,
#1615,#1616,#1617,#1618,#1619,#1620,#1621,#1622,#1623,#1624,#1625,#1626,
#1627,#1628,#1629,#1630,#1631,#1632,#1633,#1634,#1635,#1636,#1637,#1638,
#1639,#1640,#1641,#1642,#1643,#1644,#1645,#1646,#1647,#1648,#1649,#1650,
#1651,#1652,#1653,#1654,#1655,#1656,#1657,#1658,#1659,#1660,#1661,#1662,
#1663,#1664,#1665,#1666,#1667,#1668,#1669,#1670,#1671,#1672,#1673,#1674,
#1675,#1676,#1677,#1678,#1679,#1680,#1681,#1682,#1683,#1684,#1685,#1686,
#1687,#1688,#1689,#1690,#1691,#1692,#1693,#1694,#1695,#1696,#1697,#1698,
#1699,#1700,#1701,#1702,#1703,#1704,#1705,#1706,#1707,#1708,#1709,#1710,
#1711,#1712,#1713,#1714,#1715,#1716,#1717,#1718,#1719,#1720,#1721,#1722,
#1723,#1724,#1725,#1726,#1727,#1728,#1729,#1730,#1731,#1732,#1733,#1734,
#1735)),.UNSPECIFIED.,.F.,.F.,.F.,(2,2),(4,1,1,1,1,1,1,1,1,1,1,1,1,1,1,
1,1,1,1,1,1,1,1,1,1,1,1,1,1,1,1,1,1,1,1,1,1,1,1,1,1,1,1,1,1,1,1,1,1,1,1,
1,1,1,1,1,1,1,1,1,1,1,1,1,1,1,1,1,1,1,1,1,1,1,1,1,1,1,1,1,1,1,1,1,1,1,1,
1,1,1,1,1,1,1,1,1,1,1,1,1,1,1,1,1,1,1,1,1,1,1,1,1,1,1,1,1,1,1,1,1,1,1,1,
1,1,1,1,1,1,1,1,1,1,1,1,1,1,1,1,1,1,1,1,1,1,1,1,1,1,1,1,1,1,1,1,1,1,1,1,
1,1,1,1,1,1,1,1,1,1,1,1,1,1,1,1,1,1,1,1,1,4),(0.,1.),(0.,0.00557529449426893,
0.0111505889885379,0.0167258834828068,0.0223011779770757,0.0278764724713447,
0.0334517669656136,0.0390270614598825,0.0446023559541515,0.0501776504484204,
0.0557529449426893,0.0613282394369583,0.0669035339312272,0.0724788284254961,
0.0780541229197651,0.083629417414034,0.0892047119083029,0.0947800064025719,
0.100355300896841,0.10593059539111,0.111505889885379,0.117081184379648,
0.122656478873917,0.128231773368185,0.133807067862454,0.139382362356723,
0.144957656850992,0.150532951345261,0.15610824583953,0.161683540333799,
0.167258834828068,0.172834129322337,0.178409423816606,0.183984718310875,
0.189560012805144,0.195135307299413,0.200710601793682,0.206285896287951,
0.211861190782219,0.217436485276488,0.223011779770757,0.228587074265026,
0.234162368759295,0.239737663253564,0.245312957747833,0.250888252242102,
0.256463546736371,0.26203884123064,0.267614135724909,0.273189430219178,
0.278764724713447,0.284340019207716,0.289915313701985,0.295490608196253,
0.301065902690522,0.306641197184791,0.31221649167906,0.317791786173329,
0.323367080667598,0.328942375161867,0.334517669656136,0.340092964150405,
0.345668258644674,0.351243553138943,0.356818847633212,0.362394142127481,
0.36796943662175,0.373544731116018,0.379120025610287,0.384695320104556,
0.390270614598825,0.395845909093094,0.401421203587363,0.406996498081632,
0.412571792575901,0.41814708707017,0.423722381564439,0.429297676058708,
0.434872970552977,0.440448265047246,0.446023559541515,0.451598854035784,
0.457174148530053,0.462749443024321,0.46832473751859,0.473900032012859,
0.479475326507128,0.485050621001397,0.490625915495666,0.496201209989935,
0.501776504484204,0.507351798978473,0.512927093472742,0.518502387967011,
0.52407768246128,0.529652976955549,0.535228271449818,0.540803565944087,
0.546378860438355,0.551954154932624,0.557529449426893,0.563104743921162,
0.568680038415431,0.5742553329097,0.579830627403969,0.585405921898238,0.590981216392507,
0.596556510886776,0.602131805381045,0.607707099875314,0.613282394369583,
0.618857688863852,0.62443298335812,0.630008277852389,0.635583572346658,
0.641158866840927,0.646734161335196,0.652309455829465,0.657884750323734,
0.663460044818003,0.669035339312272,0.674610633806541,0.68018592830081,
0.685761222795079,0.691336517289348,0.696911811783617,0.702487106277886,
0.708062400772155,0.713637695266423,0.719212989760692,0.724788284254961,
0.73036357874923,0.735938873243499,0.741514167737768,0.747089462232037,
0.752664756726306,0.758240051220575,0.763815345714844,0.769390640209113,
0.774965934703382,0.780541229197651,0.78611652369192,0.791691818186189,
0.797267112680457,0.802842407174726,0.808417701668995,0.813992996163264,
0.819568290657533,0.825143585151802,0.830718879646071,0.83629417414034,
0.841869468634609,0.847444763128878,0.853020057623147,0.858595352117416,
0.864170646611685,0.869745941105954,0.875321235600222,0.880896530094491,
0.88647182458876,0.892047119083029,0.897622413577298,0.903197708071567,
0.908773002565836,0.914348297060105,0.919923591554374,0.925498886048643,
0.931074180542912,0.936649475037181,0.94222476953145,0.947800064025719,
0.953375358519988,0.958950653014257,0.964525947508525,0.970101242002794,
0.975676536497063,0.981251830991332,0.986827125485601,0.99240241997987,
0.997977714474139,1.),.UNSPECIFIED.);
#37=FACE_OUTER_BOUND('',#102,.T.);
#38=FACE_OUTER_BOUND('',#107,.T.);
#39=FACE_OUTER_BOUND('',#108,.T.);
#40=FACE_OUTER_BOUND('',#109,.T.);
#41=FACE_OUTER_BOUND('',#112,.T.);
#42=FACE_OUTER_BOUND('',#115,.T.);
#43=B_SPLINE_CURVE_WITH_KNOTS('',3,(#307,#308,#309,#310,#311,#312,#313,
#314,#315,#316,#317,#318),.UNSPECIFIED.,.F.,.F.,(4,2,2,2,2,4),(0.,0.25,
0.375,0.5,0.75,1.),.UNSPECIFIED.);
#44=B_SPLINE_CURVE_WITH_KNOTS('',3,(#322,#323,#324,#325,#326,#327,#328,
#329,#330,#331),.UNSPECIFIED.,.F.,.F.,(4,2,2,2,4),(0.,0.25,0.5,0.75,1.),
 .UNSPECIFIED.);
#45=B_SPLINE_CURVE_WITH_KNOTS('',3,(#336,#337,#338,#339,#340,#341,#342,
#343,#344,#345,#346,#347,#348,#349,#350,#351,#352,#353,#354,#355,#356,#357,
#358,#359,#360,#361,#362,#363,#364,#365,#366,#367,#368,#369,#370,#371,#372,
#373,#374,#375,#376,#377,#378,#379,#380,#381,#382,#383,#384,#385,#386,#387,
#388,#389,#390,#391,#392,#393,#394,#395,#396,#397,#398,#399,#400,#401,#402,
#403,#404,#405,#406,#407,#408,#409,#410,#411,#412,#413,#414,#415,#416,#417,
#418,#419,#420,#421,#422,#423,#424,#425,#426,#427,#428,#429,#430,#431,#432,
#433,#434,#435,#436,#437,#438,#439,#440,#441,#442,#443,#444,#445,#446,#447,
#448,#449,#450,#451,#452,#453,#454,#455,#456,#457,#458,#459,#460,#461,#462,
#463,#464,#465,#466,#467,#468,#469,#470,#471,#472,#473,#474,#475,#476,#477,
#478,#479,#480,#481,#482,#483,#484,#485,#486,#487,#488,#489,#490,#491,#492,
#493,#494,#495,#496,#497,#498,#499),.UNSPECIFIED.,.F.,.F.,(4,2,2,2,2,2,
2,2,2,2,2,2,2,2,2,2,2,2,2,2,2,2,2,2,2,2,2,2,2,2,2,2,2,2,2,2,2,2,2,2,2,2,
2,2,2,2,2,2,2,2,2,2,2,2,2,2,2,2,2,2,2,2,2,2,2,2,2,2,2,2,2,2,2,2,2,2,2,2,
2,2,2,4),(0.,0.015625,0.03125,0.046875,0.0546874999999999,0.0624999999999999,
0.0781249999999999,0.0859374999999999,0.0937499999999999,0.109375,0.125,
0.140625,0.15625,0.1640625,0.171875,0.1875,0.203125,0.21875,0.234375,0.2421875,
0.25,0.265625,0.2734375,0.28125,0.296875,0.3125,0.328125,0.34375,0.359375,
0.3671875,0.375,0.390625,0.40625,0.421875,0.4375,0.4453125,0.453125,0.46875,
0.4765625,0.484375,0.5,0.5078125,0.515625,0.53125,0.546875,0.5625,0.578125,
0.5859375,0.59375,0.609375,0.6171875,0.625,0.6328125,0.640625,0.65625,0.671875,
0.6875,0.703125,0.7109375,0.71875,0.734375,0.7421875,0.75,0.7578125,0.765625,
0.78125,0.796875,0.8046875,0.8125,0.828125,0.84375,0.859375,0.875,0.890625,
0.90625,0.921875,0.9296875,0.9375,0.953125,0.96875,0.984375,1.),
 .UNSPECIFIED.);
#46=B_SPLINE_CURVE_WITH_KNOTS('',3,(#500,#501,#502,#503,#504,#505,#506,
#507,#508,#509,#510,#511,#512,#513,#514,#515,#516,#517,#518,#519,#520,#521,
#522,#523,#524,#525,#526,#527,#528,#529,#530,#531,#532,#533,#534,#535,#536,
#537,#538,#539,#540,#541,#542,#543,#544,#545,#546,#547,#548,#549,#550,#551,
#552,#553,#554,#555,#556,#557,#558,#559,#560,#561,#562,#563,#564,#565,#566,
#567,#568,#569,#570,#571,#572,#573,#574,#575,#576,#577,#578,#579,#580,#581,
#582,#583,#584,#585,#586,#587,#588,#589,#590,#591,#592,#593,#594,#595,#596,
#597,#598,#599,#600,#601,#602,#603,#604,#605,#606,#607,#608,#609,#610,#611,
#612,#613,#614,#615,#616,#617,#618,#619,#620,#621,#622,#623,#624,#625,#626,
#627,#628,#629,#630,#631,#632,#633,#634,#635,#636,#637,#638,#639,#640,#641,
#642,#643,#644,#645,#646,#647,#648,#649,#650,#651,#652,#653,#654,#655,#656,
#657,#658,#659,#660,#661,#662,#663,#664,#665),.UNSPECIFIED.,.F.,.F.,(4,
2,2,2,2,2,2,2,2,2,2,2,2,2,2,2,2,2,2,2,2,2,2,2,2,2,2,2,2,2,2,2,2,2,2,2,2,
2,2,2,2,2,2,2,2,2,2,2,2,2,2,2,2,2,2,2,2,2,2,2,2,2,2,2,2,2,2,2,2,2,2,2,2,
2,2,2,2,2,2,2,2,2,4),(0.,0.015625,0.03125,0.046875,0.0546875,0.0625,0.078125,
0.0859375,0.09375,0.1015625,0.109375,0.125,0.140625,0.15625,0.171875,0.1875,
0.203125,0.21875,0.234375,0.2421875,0.25,0.265625,0.2734375,0.28125,0.296875,
0.3125,0.328125,0.34375,0.359375,0.3671875,0.375,0.390625,0.40625,0.4140625,
0.421875,0.4375,0.453125,0.46875,0.4765625,0.484375,0.5,0.5078125,0.515625,
0.5234375,0.53125,0.546875,0.5625,0.5703125,0.578125,0.59375,0.6015625,
0.609375,0.625,0.640625,0.65625,0.671875,0.6875,0.703125,0.7109375,0.71875,
0.734375,0.7421875,0.75,0.765625,0.78125,0.796875,0.8046875,0.8125,0.828125,
0.8359375,0.84375,0.859375,0.875,0.890625,0.90625,0.921875,0.9375,0.9453125,
0.953125,0.96875,0.9765625,0.984375,1.),.UNSPECIFIED.);
#47=B_SPLINE_CURVE_WITH_KNOTS('',3,(#672,#673,#674,#675,#676,#677,#678,
#679,#680,#681),.UNSPECIFIED.,.F.,.F.,(4,2,2,2,4),(0.,0.25,0.5,0.75,1.),
 .UNSPECIFIED.);
#48=B_SPLINE_CURVE_WITH_KNOTS('',3,(#682,#683,#684,#685,#686,#687,#688,
#689,#690,#691,#692,#693),.UNSPECIFIED.,.F.,.F.,(4,2,2,2,2,4),(0.,0.25,
0.375,0.5,0.75,1.),.UNSPECIFIED.);
#49=B_SPLINE_CURVE_WITH_KNOTS('',3,(#696,#697,#698,#699,#700,#701,#702,
#703,#704,#705,#706,#707,#708,#709,#710,#711,#712,#713,#714,#715,#716,#717,
#718,#719,#720,#721,#722,#723,#724,#725,#726,#727,#728,#729,#730,#731,#732,
#733,#734,#735,#736,#737,#738,#739,#740,#741,#742,#743,#744,#745,#746,#747,
#748,#749,#750,#751,#752,#753,#754,#755,#756,#757,#758,#759,#760,#761,#762,
#763,#764,#765,#766,#767,#768,#769,#770,#771,#772,#773,#774,#775,#776,#777,
#778,#779,#780,#781,#782,#783,#784,#785,#786,#787,#788,#789,#790,#791,#792,
#793,#794,#795,#796,#797,#798,#799,#800,#801,#802,#803,#804,#805,#806,#807,
#808,#809,#810,#811,#812,#813,#814,#815,#816,#817,#818,#819,#820,#821,#822,
#823,#824,#825,#826,#827,#828,#829,#830,#831,#832,#833,#834,#835,#836,#837,
#838,#839,#840,#841,#842,#843,#844,#845,#846,#847),.UNSPECIFIED.,.F.,.F.,
(4,2,2,2,2,2,2,2,2,2,2,2,2,2,2,2,2,2,2,2,2,2,2,2,2,2,2,2,2,2,2,2,2,2,2,
2,2,2,2,2,2,2,2,2,2,2,2,2,2,2,2,2,2,2,2,2,2,2,2,2,2,2,2,2,2,2,2,2,2,2,2,
2,2,2,2,4),(0.,0.015625,0.03125,0.046875,0.0625,0.078125,0.0859375,0.09375,
0.109375,0.125,0.140625,0.15625,0.1640625,0.171875,0.1875,0.203125,0.21875,
0.234375,0.2421875,0.25,0.265625,0.2734375,0.28125,0.296875,0.3125,0.328125,
0.34375,0.359375,0.375,0.390625,0.40625,0.421875,0.4375,0.453125,0.46875,
0.4765625,0.484375,0.5,0.5078125,0.515625,0.53125,0.546875,0.5625,0.578125,
0.59375,0.609375,0.625,0.640625,0.65625,0.671875,0.6875,0.703125,0.7109375,
0.71875,0.734375,0.7421875,0.75,0.765625,0.78125,0.7890625,0.796875,0.8125,
0.828125,0.84375,0.859375,0.875,0.890625,0.8984375,0.90625,0.921875,0.9296875,
0.9375,0.953125,0.96875,0.984375,1.),.UNSPECIFIED.);
#50=B_SPLINE_CURVE_WITH_KNOTS('',3,(#1214,#1215,#1216,#1217,#1218,#1219,
#1220,#1221,#1222,#1223,#1224,#1225,#1226,#1227,#1228,#1229,#1230,#1231,
#1232,#1233,#1234,#1235,#1236,#1237,#1238,#1239,#1240,#1241,#1242,#1243,
#1244,#1245,#1246,#1247,#1248,#1249,#1250,#1251,#1252,#1253,#1254,#1255,
#1256,#1257,#1258,#1259,#1260,#1261,#1262,#1263,#1264,#1265,#1266,#1267,
#1268,#1269,#1270,#1271,#1272,#1273,#1274,#1275,#1276,#1277,#1278,#1279,
#1280,#1281,#1282,#1283,#1284,#1285,#1286,#1287,#1288,#1289,#1290,#1291,
#1292,#1293,#1294,#1295,#1296,#1297,#1298,#1299,#1300,#1301,#1302,#1303,
#1304,#1305,#1306,#1307,#1308,#1309,#1310,#1311,#1312,#1313,#1314,#1315,
#1316,#1317,#1318,#1319,#1320,#1321,#1322,#1323,#1324,#1325,#1326,#1327,
#1328,#1329,#1330,#1331,#1332,#1333,#1334,#1335,#1336,#1337,#1338,#1339,
#1340,#1341,#1342,#1343,#1344,#1345,#1346,#1347,#1348,#1349,#1350,#1351,
#1352,#1353,#1354,#1355,#1356,#1357,#1358,#1359,#1360,#1361,#1362,#1363,
#1364,#1365,#1366,#1367,#1368,#1369),.UNSPECIFIED.,.F.,.F.,(4,2,2,2,2,2,
2,2,2,2,2,2,2,2,2,2,2,2,2,2,2,2,2,2,2,2,2,2,2,2,2,2,2,2,2,2,2,2,2,2,2,2,
2,2,2,2,2,2,2,2,2,2,2,2,2,2,2,2,2,2,2,2,2,2,2,2,2,2,2,2,2,2,2,2,2,2,2,4),
(0.,0.015625,0.03125,0.046875,0.0546875,0.0625,0.078125,0.09375,0.109375,
0.125,0.140625,0.15625,0.1640625,0.171875,0.1875,0.203125,0.21875,0.2265625,
0.234375,0.25,0.265625,0.28125,0.296875,0.3125,0.328125,0.34375,0.359375,
0.375,0.390625,0.3984375,0.40625,0.421875,0.4296875,0.4375,0.453125,0.4609375,
0.46875,0.484375,0.5,0.5078125,0.515625,0.53125,0.546875,0.5625,0.578125,
0.59375,0.609375,0.625,0.640625,0.65625,0.6640625,0.671875,0.6875,0.6953125,
0.703125,0.7109375,0.71875,0.734375,0.7421875,0.75,0.765625,0.78125,0.796875,
0.8125,0.828125,0.84375,0.859375,0.875,0.8828125,0.890625,0.90625,0.921875,
0.9296875,0.9375,0.953125,0.96875,0.984375,1.),.UNSPECIFIED.);
#51=CYLINDRICAL_SURFACE('',#218,21.);
#52=CYLINDRICAL_SURFACE('',#224,27.1);
#53=CYLINDRICAL_SURFACE('',#228,25.1);
#54=CYLINDRICAL_SURFACE('',#229,26.6);
#55=CYLINDRICAL_SURFACE('',#231,1.25);
#56=CYLINDRICAL_SURFACE('',#234,1.25);
#57=ADVANCED_FACE('',(#76,#77,#78,#79),#71,.F.);
#58=ADVANCED_FACE('',(#80,#81),#51,.F.);
#59=ADVANCED_FACE('',(#82,#83),#72,.F.);
#60=ADVANCED_FACE('',(#37),#52,.T.);
#61=ADVANCED_FACE('',(#84,#85),#73,.F.);
#62=ADVANCED_FACE('',(#86,#87),#53,.T.);
#63=ADVANCED_FACE('',(#38),#35,.F.);
#64=ADVANCED_FACE('',(#39),#36,.F.);
#65=ADVANCED_FACE('',(#40),#54,.T.);
#66=ADVANCED_FACE('',(#88,#89),#55,.F.);
#67=ADVANCED_FACE('',(#41),#74,.T.);
#68=ADVANCED_FACE('',(#90,#91),#56,.F.);
#69=ADVANCED_FACE('',(#42),#75,.T.);
#70=ADVANCED_FACE('',(#92,#93),#34,.F.);
#71=PLANE('',#216);
#72=PLANE('',#222);
#73=PLANE('',#227);
#74=PLANE('',#232);
#75=PLANE('',#235);
#76=FACE_BOUND('',#94,.T.);
#77=FACE_BOUND('',#95,.T.);
#78=FACE_BOUND('',#96,.T.);
#79=FACE_BOUND('',#97,.T.);
#80=FACE_BOUND('',#98,.T.);
#81=FACE_BOUND('',#99,.T.);
#82=FACE_BOUND('',#100,.T.);
#83=FACE_BOUND('',#101,.T.);
#84=FACE_BOUND('',#103,.T.);
#85=FACE_BOUND('',#104,.T.);
#86=FACE_BOUND('',#105,.T.);
#87=FACE_BOUND('',#106,.T.);
#88=FACE_BOUND('',#110,.T.);
#89=FACE_BOUND('',#111,.T.);
#90=FACE_BOUND('',#113,.T.);
#91=FACE_BOUND('',#114,.T.);
#92=FACE_BOUND('',#116,.T.);
#93=FACE_BOUND('',#117,.T.);
#94=EDGE_LOOP('',(#118));
#95=EDGE_LOOP('',(#119));
#96=EDGE_LOOP('',(#120));
#97=EDGE_LOOP('',(#121));
#98=EDGE_LOOP('',(#122));
#99=EDGE_LOOP('',(#123));
#100=EDGE_LOOP('',(#124));
#101=EDGE_LOOP('',(#125,#126,#127,#128));
#102=EDGE_LOOP('',(#129,#130,#131,#132));
#103=EDGE_LOOP('',(#133));
#104=EDGE_LOOP('',(#134,#135,#136,#137));
#105=EDGE_LOOP('',(#138));
#106=EDGE_LOOP('',(#139));
#107=EDGE_LOOP('',(#140,#141,#142,#143));
#108=EDGE_LOOP('',(#144,#145,#146,#147));
#109=EDGE_LOOP('',(#148,#149,#150,#151));
#110=EDGE_LOOP('',(#152));
#111=EDGE_LOOP('',(#153));
#112=EDGE_LOOP('',(#154));
#113=EDGE_LOOP('',(#155));
#114=EDGE_LOOP('',(#156));
#115=EDGE_LOOP('',(#157));
#116=EDGE_LOOP('',(#158));
#117=EDGE_LOOP('',(#159));
#118=ORIENTED_EDGE('',*,*,#177,.F.);
#119=ORIENTED_EDGE('',*,*,#178,.F.);
#120=ORIENTED_EDGE('',*,*,#179,.F.);
#121=ORIENTED_EDGE('',*,*,#180,.T.);
#122=ORIENTED_EDGE('',*,*,#181,.T.);
#123=ORIENTED_EDGE('',*,*,#179,.T.);
#124=ORIENTED_EDGE('',*,*,#182,.T.);
#125=ORIENTED_EDGE('',*,*,#183,.F.);
#126=ORIENTED_EDGE('',*,*,#184,.T.);
#127=ORIENTED_EDGE('',*,*,#185,.F.);
#128=ORIENTED_EDGE('',*,*,#186,.T.);
#129=ORIENTED_EDGE('',*,*,#187,.F.);
#130=ORIENTED_EDGE('',*,*,#188,.T.);
#131=ORIENTED_EDGE('',*,*,#183,.T.);
#132=ORIENTED_EDGE('',*,*,#189,.T.);
#133=ORIENTED_EDGE('',*,*,#190,.F.);
#134=ORIENTED_EDGE('',*,*,#191,.F.);
#135=ORIENTED_EDGE('',*,*,#192,.T.);
#136=ORIENTED_EDGE('',*,*,#187,.T.);
#137=ORIENTED_EDGE('',*,*,#193,.T.);
#138=ORIENTED_EDGE('',*,*,#180,.F.);
#139=ORIENTED_EDGE('',*,*,#190,.T.);
#140=ORIENTED_EDGE('',*,*,#188,.F.);
#141=ORIENTED_EDGE('',*,*,#192,.F.);
#142=ORIENTED_EDGE('',*,*,#194,.F.);
#143=ORIENTED_EDGE('',*,*,#184,.F.);
#144=ORIENTED_EDGE('',*,*,#195,.F.);
#145=ORIENTED_EDGE('',*,*,#193,.F.);
#146=ORIENTED_EDGE('',*,*,#189,.F.);
#147=ORIENTED_EDGE('',*,*,#186,.F.);
#148=ORIENTED_EDGE('',*,*,#185,.T.);
#149=ORIENTED_EDGE('',*,*,#194,.T.);
#150=ORIENTED_EDGE('',*,*,#191,.T.);
#151=ORIENTED_EDGE('',*,*,#195,.T.);
#152=ORIENTED_EDGE('',*,*,#178,.T.);
#153=ORIENTED_EDGE('',*,*,#196,.T.);
#154=ORIENTED_EDGE('',*,*,#196,.F.);
#155=ORIENTED_EDGE('',*,*,#177,.T.);
#156=ORIENTED_EDGE('',*,*,#197,.T.);
#157=ORIENTED_EDGE('',*,*,#197,.F.);
#158=ORIENTED_EDGE('',*,*,#181,.F.);
#159=ORIENTED_EDGE('',*,*,#182,.F.);
#160=VERTEX_POINT('',#291);
#161=VERTEX_POINT('',#293);
#162=VERTEX_POINT('',#295);
#163=VERTEX_POINT('',#297);
#164=VERTEX_POINT('',#300);
#165=VERTEX_POINT('',#303);
#166=VERTEX_POINT('',#305);
#167=VERTEX_POINT('',#306);
#168=VERTEX_POINT('',#319);
#169=VERTEX_POINT('',#321);
#170=VERTEX_POINT('',#334);
#171=VERTEX_POINT('',#335);
#172=VERTEX_POINT('',#668);
#173=VERTEX_POINT('',#670);
#174=VERTEX_POINT('',#671);
#175=VERTEX_POINT('',#1738);
#176=VERTEX_POINT('',#1742);
#177=EDGE_CURVE('',#160,#160,#198,.T.);
#178=EDGE_CURVE('',#161,#161,#199,.T.);
#179=EDGE_CURVE('',#162,#162,#200,.T.);
#180=EDGE_CURVE('',#163,#163,#201,.T.);
#181=EDGE_CURVE('',#164,#164,#202,.T.);
#182=EDGE_CURVE('',#165,#165,#203,.T.);
#183=EDGE_CURVE('',#166,#167,#204,.T.);
#184=EDGE_CURVE('',#166,#168,#43,.T.);
#185=EDGE_CURVE('',#169,#168,#205,.T.);
#186=EDGE_CURVE('',#169,#167,#44,.T.);
#187=EDGE_CURVE('',#170,#171,#206,.T.);
#188=EDGE_CURVE('',#170,#166,#45,.T.);
#189=EDGE_CURVE('',#167,#171,#46,.T.);
#190=EDGE_CURVE('',#172,#172,#207,.T.);
#191=EDGE_CURVE('',#173,#174,#208,.T.);
#192=EDGE_CURVE('',#173,#170,#47,.T.);
#193=EDGE_CURVE('',#171,#174,#48,.T.);
#194=EDGE_CURVE('',#168,#173,#49,.T.);
#195=EDGE_CURVE('',#174,#169,#50,.T.);
#196=EDGE_CURVE('',#175,#175,#209,.T.);
#197=EDGE_CURVE('',#176,#176,#210,.T.);
#198=CIRCLE('',#212,1.25);
#199=CIRCLE('',#213,1.25);
#200=CIRCLE('',#214,21.);
#201=CIRCLE('',#215,25.1);
#202=CIRCLE('',#217,21.);
#203=CIRCLE('',#219,21.5);
#204=CIRCLE('',#220,27.1);
#205=CIRCLE('',#221,26.6);
#206=CIRCLE('',#223,27.1);
#207=CIRCLE('',#225,25.1);
#208=CIRCLE('',#226,26.6);
#209=CIRCLE('',#230,1.25);
#210=CIRCLE('',#233,1.25);
#211=AXIS2_PLACEMENT_3D('',#289,#237,#238);
#212=AXIS2_PLACEMENT_3D('',#290,#239,#240);
#213=AXIS2_PLACEMENT_3D('',#292,#241,#242);
#214=AXIS2_PLACEMENT_3D('',#294,#243,#244);
#215=AXIS2_PLACEMENT_3D('',#296,#245,#246);
#216=AXIS2_PLACEMENT_3D('',#298,#247,#248);
#217=AXIS2_PLACEMENT_3D('',#299,#249,#250);
#218=AXIS2_PLACEMENT_3D('',#301,#251,#252);
#219=AXIS2_PLACEMENT_3D('',#302,#253,#254);
#220=AXIS2_PLACEMENT_3D('',#304,#255,#256);
#221=AXIS2_PLACEMENT_3D('',#320,#257,#258);
#222=AXIS2_PLACEMENT_3D('',#332,#259,#260);
#223=AXIS2_PLACEMENT_3D('',#333,#261,#262);
#224=AXIS2_PLACEMENT_3D('',#666,#263,#264);
#225=AXIS2_PLACEMENT_3D('',#667,#265,#266);
#226=AXIS2_PLACEMENT_3D('',#669,#267,#268);
#227=AXIS2_PLACEMENT_3D('',#694,#269,#270);
#228=AXIS2_PLACEMENT_3D('',#695,#271,#272);
#229=AXIS2_PLACEMENT_3D('',#1736,#273,#274);
#230=AXIS2_PLACEMENT_3D('',#1737,#275,#276);
#231=AXIS2_PLACEMENT_3D('',#1739,#277,#278);
#232=AXIS2_PLACEMENT_3D('',#1740,#279,#280);
#233=AXIS2_PLACEMENT_3D('',#1741,#281,#282);
#234=AXIS2_PLACEMENT_3D('',#1743,#283,#284);
#235=AXIS2_PLACEMENT_3D('',#1744,#285,#286);
#236=AXIS2_PLACEMENT_3D('',#1745,#287,#288);
#237=DIRECTION('',(0.,0.,1.));
#238=DIRECTION('',(1.,0.,0.));
#239=DIRECTION('',(-1.,0.,0.));
#240=DIRECTION('',(0.,1.,6.12323399573677E-17));
#241=DIRECTION('',(-1.,0.,0.));
#242=DIRECTION('',(0.,1.,6.12323399573677E-17));
#243=DIRECTION('',(-1.,0.,0.));
#244=DIRECTION('',(0.,0.,1.));
#245=DIRECTION('',(-1.,0.,0.));
#246=DIRECTION('',(0.,0.,1.));
#247=DIRECTION('',(1.,0.,0.));
#248=DIRECTION('',(0.,0.,-1.));
#249=DIRECTION('',(1.,0.,0.));
#250=DIRECTION('',(0.,0.,1.));
#251=DIRECTION('',(-1.,0.,0.));
#252=DIRECTION('',(0.,0.,1.));
#253=DIRECTION('',(-1.,0.,0.));
#254=DIRECTION('',(0.,0.,1.));
#255=DIRECTION('',(-1.,0.,0.));
#256=DIRECTION('',(0.,0.,1.));
#257=DIRECTION('',(-1.,0.,0.));
#258=DIRECTION('',(0.,0.,1.));
#259=DIRECTION('',(-1.,0.,0.));
#260=DIRECTION('',(0.,0.,1.));
#261=DIRECTION('',(-1.,0.,0.));
#262=DIRECTION('',(0.,0.,1.));
#263=DIRECTION('',(-1.,0.,0.));
#264=DIRECTION('',(0.,0.,1.));
#265=DIRECTION('',(-1.,0.,0.));
#266=DIRECTION('',(0.,0.,1.));
#267=DIRECTION('',(1.,0.,0.));
#268=DIRECTION('',(0.,0.,-1.));
#269=DIRECTION('',(1.,0.,0.));
#270=DIRECTION('',(0.,0.,-1.));
#271=DIRECTION('',(-1.,0.,0.));
#272=DIRECTION('',(0.,0.,1.));
#273=DIRECTION('',(-1.,0.,0.));
#274=DIRECTION('',(0.,0.,1.));
#275=DIRECTION('',(1.,0.,0.));
#276=DIRECTION('',(0.,1.,6.12323399573677E-17));
#277=DIRECTION('',(1.,0.,0.));
#278=DIRECTION('',(0.,0.,-1.));
#279=DIRECTION('',(-1.,0.,0.));
#280=DIRECTION('',(0.,0.,1.));
#281=DIRECTION('',(1.,0.,0.));
#282=DIRECTION('',(0.,1.,6.12323399573677E-17));
#283=DIRECTION('',(1.,0.,0.));
#284=DIRECTION('',(0.,0.,-1.));
#285=DIRECTION('',(-1.,0.,0.));
#286=DIRECTION('',(0.,0.,1.));
#287=DIRECTION('',(1.,0.,0.));
#288=DIRECTION('',(1.35856953576255E-17,0.,-1.));
#289=CARTESIAN_POINT('',(0.,0.,0.));
#290=CARTESIAN_POINT('',(-92.9,23.05,0.));
#291=CARTESIAN_POINT('',(-92.9,24.3,7.65404249467096E-17));
#292=CARTESIAN_POINT('',(-92.9,-23.05,0.));
#293=CARTESIAN_POINT('',(-92.9,-21.8,7.65404249467096E-17));
#294=CARTESIAN_POINT('',(-92.9,0.,0.));
#295=CARTESIAN_POINT('',(-92.9,0.,21.));
#296=CARTESIAN_POINT('',(-92.9,0.,0.));
#297=CARTESIAN_POINT('',(-92.9,0.,25.1));
#298=CARTESIAN_POINT('',(-92.9,25.1,0.));
#299=CARTESIAN_POINT('',(-87.4,0.,0.));
#300=CARTESIAN_POINT('',(-87.4,0.,21.));
#301=CARTESIAN_POINT('',(0.,0.,0.));
#302=CARTESIAN_POINT('',(-86.9,0.,0.));
#303=CARTESIAN_POINT('',(-86.9,0.,21.5));
#304=CARTESIAN_POINT('',(-86.9,0.,0.));
#305=CARTESIAN_POINT('',(-86.9,-12.0160208727317,24.2904352037191));
#306=CARTESIAN_POINT('',(-86.9,12.0160208727354,24.2904352037173));
#307=CARTESIAN_POINT('',(-86.9,-12.0160208727317,24.2904352037191));
#308=CARTESIAN_POINT('',(-86.9,-15.6633415359076,22.4395491557443));
#309=CARTESIAN_POINT('',(-86.9,-18.8590904404199,19.7615906175763));
#310=CARTESIAN_POINT('',(-86.9,-22.5236374308974,14.9444464475137));
#311=CARTESIAN_POINT('',(-86.9,-23.5796671656318,13.1733864670012));
#312=CARTESIAN_POINT('',(-86.9,-25.2462034537387,9.48418101247513));
#313=CARTESIAN_POINT('',(-86.9,-25.8658377143998,7.56421751723303));
#314=CARTESIAN_POINT('',(-86.8999999999999,-27.0715659822367,1.57391539348002));
#315=CARTESIAN_POINT('',(-86.9,-26.9489272520406,-2.58025243210891));
#316=CARTESIAN_POINT('',(-86.9000000000001,-24.90016893862,-10.4113263670634));
#317=CARTESIAN_POINT('',(-86.9,-22.9771911095251,-14.0912061547762));
#318=CARTESIAN_POINT('',(-86.9,-20.3047174366595,-17.1836681129908));
#319=CARTESIAN_POINT('',(-86.9,-20.3047174366595,-17.1836681129908));
#320=CARTESIAN_POINT('',(-86.9,0.,0.));
#321=CARTESIAN_POINT('',(-86.9,20.3047174366617,-17.1836681129882));
#322=CARTESIAN_POINT('',(-86.9,20.3047174366617,-17.1836681129882));
#323=CARTESIAN_POINT('',(-86.9,22.9795386463565,-14.0884896945835));
#324=CARTESIAN_POINT('',(-86.9,24.9113308469804,-10.380222173525));
#325=CARTESIAN_POINT('',(-86.9,26.9475919530242,-2.57374002734338));
#326=CARTESIAN_POINT('',(-86.9,27.0697287980049,1.58235472060829));
#327=CARTESIAN_POINT('',(-86.9,25.466118721202,9.55079041954635));
#328=CARTESIAN_POINT('',(-86.9,23.7477202658524,13.3396315369341));
#329=CARTESIAN_POINT('',(-86.9,18.8355877206486,19.7881928737657));
#330=CARTESIAN_POINT('',(-86.9,15.652268388746,22.4451683857157));
#331=CARTESIAN_POINT('',(-86.9,12.0160208727354,24.2904352037173));
#332=CARTESIAN_POINT('',(-86.9,21.,0.));
#333=CARTESIAN_POINT('',(-91.4,0.,0.));
#334=CARTESIAN_POINT('',(-91.4,12.0160208727097,-24.2904352037303));
#335=CARTESIAN_POINT('',(-91.4,-12.0160208727377,-24.2904352037162));
#336=CARTESIAN_POINT('',(-91.4,12.016020872739,-24.2904352037155));
#337=CARTESIAN_POINT('',(-91.3762401263661,15.6258899548243,-22.5047009476427));
#338=CARTESIAN_POINT('',(-91.3526788701034,18.8148754252428,-19.9042081872016));
#339=CARTESIAN_POINT('',(-91.3061750499369,23.7342375848096,-13.6697844567749));
#340=CARTESIAN_POINT('',(-91.2825185883245,25.5096454139735,-9.97758433098862));
#341=CARTESIAN_POINT('',(-91.2359695638074,27.3021390225261,-2.21074716403946));
#342=CARTESIAN_POINT('',(-91.2125612493332,27.3316019839156,1.86899579801971));
#343=CARTESIAN_POINT('',(-91.1770594120939,26.0459614965608,7.74872846309144));
#344=CARTESIAN_POINT('',(-91.1655676634446,25.4092935801066,9.63020612569046));
#345=CARTESIAN_POINT('',(-91.1420434177621,23.7292731187902,13.2398892562284));
#346=CARTESIAN_POINT('',(-91.1302860091817,22.6738434475049,14.9751171822987));
#347=CARTESIAN_POINT('',(-91.0951296534404,19.0341879730858,19.6951499975855));
#348=CARTESIAN_POINT('',(-91.0716441824387,15.8816546528553,22.3161008470384));
#349=CARTESIAN_POINT('',(-91.0366992985515,10.5690104726515,25.0332248324286));
#350=CARTESIAN_POINT('',(-91.0247518176767,8.66800754701761,25.7529294532263));
#351=CARTESIAN_POINT('',(-91.0015723164272,4.82419846768744,26.7408832951039));
#352=CARTESIAN_POINT('',(-90.9898979388041,2.86304272285577,27.0226389343132));
#353=CARTESIAN_POINT('',(-90.9548197640228,-3.14143736160379,27.213626838989));
#354=CARTESIAN_POINT('',(-90.9315722032174,-7.12046904601339,26.4524923128314));
#355=CARTESIAN_POINT('',(-90.8843595024066,-14.4645235010237,23.26398480235));
#356=CARTESIAN_POINT('',(-90.8610951464758,-17.7608059739263,20.8503212976352));
#357=CARTESIAN_POINT('',(-90.8142308998344,-22.9965922728939,14.8774618430817));
#358=CARTESIAN_POINT('',(-90.7907683730655,-24.9604299858601,11.280510408514));
#359=CARTESIAN_POINT('',(-90.7441016830289,-27.1506017881427,3.62185072819416));
#360=CARTESIAN_POINT('',(-90.7205802705111,-27.3924949719308,-0.446999962003985));
#361=CARTESIAN_POINT('',(-90.6853951517766,-26.4117314815395,-6.3925806670998));
#362=CARTESIAN_POINT('',(-90.6737193390249,-25.87270094681,-8.30493306084008));
#363=CARTESIAN_POINT('',(-90.6504067402095,-24.3823642307768,-11.9945355035463));
#364=CARTESIAN_POINT('',(-90.6385583889598,-23.4178549830736,-13.7827502355273));
#365=CARTESIAN_POINT('',(-90.6034037642257,-20.0257786832816,-18.6863247424686));
#366=CARTESIAN_POINT('',(-90.5798365786077,-16.9839364986998,-21.4880058819177));
#367=CARTESIAN_POINT('',(-90.5329665712754,-10.1027294433508,-25.4582669003145));
#368=CARTESIAN_POINT('',(-90.509495601786,-6.19066993420263,-26.6820369642458));
#369=CARTESIAN_POINT('',(-90.4628586636158,1.74376784478262,-27.3352293661334));
#370=CARTESIAN_POINT('',(-90.4393816710481,5.77410506745972,-26.7820188258939));
#371=CARTESIAN_POINT('',(-90.3923712582709,13.3100257443071,-23.9470256275488));
#372=CARTESIAN_POINT('',(-90.3691901748657,16.6875235952101,-21.7284431242057));
#373=CARTESIAN_POINT('',(-90.3336006676119,20.8822983491301,-17.3892721740605));
#374=CARTESIAN_POINT('',(-90.3220954656478,22.0961982459914,-15.8152404548604));
#375=CARTESIAN_POINT('',(-90.2985998803893,24.1679631362165,-12.4206829690516));
#376=CARTESIAN_POINT('',(-90.2868394410788,25.028588473275,-10.57988563105));
#377=CARTESIAN_POINT('',(-90.2516427353493,26.9429705275189,-4.92982990333859));
#378=CARTESIAN_POINT('',(-90.228167926228,27.3765918717796,-0.852895383939694));
#379=CARTESIAN_POINT('',(-90.1932443504725,26.6956605584309,5.06956710297045));
#380=CARTESIAN_POINT('',(-90.1813086668377,26.2425259975164,7.04984842909897));
#381=CARTESIAN_POINT('',(-90.1580608213153,24.9311342949902,10.8078247750765));
#382=CARTESIAN_POINT('',(-90.1463552328664,24.0760439252943,12.6009642005438));
#383=CARTESIAN_POINT('',(-90.1111896708288,20.8967378284444,17.7160127464849));
#384=CARTESIAN_POINT('',(-90.0877824168038,18.0322856112128,20.6184127821726));
#385=CARTESIAN_POINT('',(-90.0408008618148,11.3353125073976,24.9357767149943));
#386=CARTESIAN_POINT('',(-90.0174720971409,7.49016282348212,26.3462402364542));
#387=CARTESIAN_POINT('',(-89.97054178352,-0.395495685593868,27.3874149360963));
#388=CARTESIAN_POINT('',(-89.9471966513304,-4.45878104071545,27.0312621225522));
#389=CARTESIAN_POINT('',(-89.9001005963022,-12.1135976219886,24.572965082784));
#390=CARTESIAN_POINT('',(-89.8765911177121,-15.6205505817314,22.5002790033872));
#391=CARTESIAN_POINT('',(-89.83009446232,-21.4324714385304,17.0561813939486));
#392=CARTESIAN_POINT('',(-89.8065563147834,-23.7363544105897,13.6664017655497));
#393=CARTESIAN_POINT('',(-89.771431074277,-25.92890350424,8.12685225339113));
#394=CARTESIAN_POINT('',(-89.7596812923945,-26.4634759413836,6.16976748253103));
#395=CARTESIAN_POINT('',(-89.7361329574519,-27.0813398220328,2.23217900990719));
#396=CARTESIAN_POINT('',(-89.7246487448406,-27.1727486525605,0.248711042166061));
#397=CARTESIAN_POINT('',(-89.689198857272,-26.7848842155868,-5.74634524097789));
#398=CARTESIAN_POINT('',(-89.6658288526085,-25.6308545903594,-9.66399839247731));
#399=CARTESIAN_POINT('',(-89.6190724430595,-21.7573582320561,-16.6418428884522));
#400=CARTESIAN_POINT('',(-89.5954226798753,-19.0324800471715,-19.7029042660989));
#401=CARTESIAN_POINT('',(-89.5486664091774,-12.5219932582254,-24.3647166637742));
#402=CARTESIAN_POINT('',(-89.5252127681165,-8.75771188546103,-25.9515974877336));
#403=CARTESIAN_POINT('',(-89.4783786708103,-0.942938975349661,-27.3732313715947));
#404=CARTESIAN_POINT('',(-89.4550337813906,3.15204836604847,-27.2090973889185));
#405=CARTESIAN_POINT('',(-89.4197870357938,8.92312227242011,-25.666183711585));
#406=CARTESIAN_POINT('',(-89.4079548311747,10.8207711142467,-24.9267869280336));
#407=CARTESIAN_POINT('',(-89.3843649717597,14.3728936375521,-23.0619540053768));
#408=CARTESIAN_POINT('',(-89.3727581415745,16.0184024765258,-21.9495881337688));
#409=CARTESIAN_POINT('',(-89.3377730489586,20.5720187295735,-18.0847060788471));
#410=CARTESIAN_POINT('',(-89.3142596031031,23.0313197427511,-14.8365847220167));
#411=CARTESIAN_POINT('',(-89.2790561311669,25.5174665675112,-9.34386878132133));
#412=CARTESIAN_POINT('',(-89.2673783415983,26.1306243780602,-7.45367483104327));
#413=CARTESIAN_POINT('',(-89.2440675027821,26.9389164905457,-3.55831100237341));
#414=CARTESIAN_POINT('',(-89.2322223107374,27.1293983295416,-1.53533166617514));
#415=CARTESIAN_POINT('',(-89.1970573522174,27.0298827610554,4.42734978468738));
#416=CARTESIAN_POINT('',(-89.1737039457615,26.0661525601167,8.41251474813408));
#417=CARTESIAN_POINT('',(-89.1385175351472,23.4303022850986,13.7616173921388));
#418=CARTESIAN_POINT('',(-89.126712405305,22.3365603287523,15.4740190513423));
#419=CARTESIAN_POINT('',(-89.1033180392156,19.8375812163068,18.5698024870414));
#420=CARTESIAN_POINT('',(-89.0917074808874,18.4285303377802,19.9709102080148));
#421=CARTESIAN_POINT('',(-89.0563901223045,13.7079617315994,23.7203230364449));
#422=CARTESIAN_POINT('',(-89.0328896805906,10.0378994648024,25.4858804694931));
#423=CARTESIAN_POINT('',(-88.9863542216036,2.27650571484326,27.2966490745853));
#424=CARTESIAN_POINT('',(-88.9628299010959,-1.82013753598399,27.3302379142402));
#425=CARTESIAN_POINT('',(-88.9158925369876,-9.60244004643618,25.6524453074842));
#426=CARTESIAN_POINT('',(-88.8923100328206,-13.3585078209601,23.9148928049202));
#427=CARTESIAN_POINT('',(-88.8451736379658,-19.6915121565242,19.0424835056495));
#428=CARTESIAN_POINT('',(-88.8218575318826,-22.2992820465231,15.9139274829958));
#429=CARTESIAN_POINT('',(-88.7866091541135,-25.0403488469151,10.5553870869763));
#430=CARTESIAN_POINT('',(-88.7749342468503,-25.743412470866,8.69767821229785));
#431=CARTESIAN_POINT('',(-88.7516793140087,-26.7380428203865,4.84251567524545));
#432=CARTESIAN_POINT('',(-88.7397157659615,-27.0247698446432,2.83182407619926));
#433=CARTESIAN_POINT('',(-88.7049112859742,-27.2108369986664,-3.12570005757248));
#434=CARTESIAN_POINT('',(-88.6813719249024,-26.4400934383307,-7.15235331785551));
#435=CARTESIAN_POINT('',(-88.6461829055641,-24.0619123967077,-12.6249968937001));
#436=CARTESIAN_POINT('',(-88.6344165737241,-23.0511393908956,-14.3877374589264));
#437=CARTESIAN_POINT('',(-88.6109263398771,-20.7048040509197,-17.5975312364693));
#438=CARTESIAN_POINT('',(-88.5994251684473,-19.3640444720052,-19.065584533128));
#439=CARTESIAN_POINT('',(-88.5756711606413,-16.3344508109219,-21.7174687431389));
#440=CARTESIAN_POINT('',(-88.5641137116001,-14.7005761069823,-22.8528716290466));
#441=CARTESIAN_POINT('',(-88.5407406287885,-11.2089410155659,-24.7531880952824));
#442=CARTESIAN_POINT('',(-88.5288643598339,-9.32804426686153,-25.5216658294134));
#443=CARTESIAN_POINT('',(-88.4939064480496,-3.58747705693301,-27.1545825704811));
#444=CARTESIAN_POINT('',(-88.4702363055198,0.505593903823576,-27.3850315087556));
#445=CARTESIAN_POINT('',(-88.4238373592786,8.34514372612461,-26.0874328388487));
#446=CARTESIAN_POINT('',(-88.3999579159233,12.1981054718275,-24.5233959152029));
#447=CARTESIAN_POINT('',(-88.3530993896169,18.7232793141463,-19.9907362555779));
#448=CARTESIAN_POINT('',(-88.3297698855718,21.4965740820564,-16.976277726162));
#449=CARTESIAN_POINT('',(-88.2827440577258,25.4741787812299,-10.0679152818775));
#450=CARTESIAN_POINT('',(-88.259383765816,26.6907466358777,-6.17328321292659));
#451=CARTESIAN_POINT('',(-88.224140662907,27.1735768921757,-0.174826447996292));
#452=CARTESIAN_POINT('',(-88.2124666068738,27.1126511757907,1.81045807483295));
#453=CARTESIAN_POINT('',(-88.1892092288874,26.5569879913636,5.75326003648406));
#454=CARTESIAN_POINT('',(-88.1772465663267,26.0528276758818,7.72056980875556));
#455=CARTESIAN_POINT('',(-88.1424442248214,23.9460985045182,13.2959572327889));
#456=CARTESIAN_POINT('',(-88.1189045357695,21.6938982267937,16.7215992730218));
#457=CARTESIAN_POINT('',(-88.0837140016018,17.4029494854955,20.8687355830628));
#458=CARTESIAN_POINT('',(-88.0719476099222,15.7948074657054,22.1107569131676));
#459=CARTESIAN_POINT('',(-88.0484588518919,12.3993675275357,24.1788585145987));
#460=CARTESIAN_POINT('',(-88.0369571210835,10.5989349050796,25.0225294065662));
#461=CARTESIAN_POINT('',(-88.0131977565563,6.78457526412467,26.3141394978064));
#462=CARTESIAN_POINT('',(-88.0016391451242,4.84041346838319,26.7383832509586));
#463=CARTESIAN_POINT('',(-87.9782360767947,0.88234040691297,27.1586490243233));
#464=CARTESIAN_POINT('',(-87.966362496287,-1.14904529041871,27.148604781638));
#465=CARTESIAN_POINT('',(-87.9314080951738,-7.07693340127987,26.4604459582579));
#466=CARTESIAN_POINT('',(-87.9075070369902,-10.9841914679426,25.0917818111206));
#467=CARTESIAN_POINT('',(-87.8610232748542,-17.7348052118578,20.8740667038976));
#468=CARTESIAN_POINT('',(-87.8374894255424,-20.650651406126,17.9928212496487));
#469=CARTESIAN_POINT('',(-87.8023463170008,-23.8721119581427,12.9798892777515));
#470=CARTESIAN_POINT('',(-87.7905946355513,-24.7748642973979,11.1616992299567));
#471=CARTESIAN_POINT('',(-87.7670574313065,-26.140571256165,7.41943158576572));
#472=CARTESIAN_POINT('',(-87.7555680607825,-26.6135113366088,5.49070717125179));
#473=CARTESIAN_POINT('',(-87.7200989658051,-27.3907853826939,-0.4714655195921));
#474=CARTESIAN_POINT('',(-87.6967261386376,-27.0136133188294,-4.53642411751751));
#475=CARTESIAN_POINT('',(-87.6500156232061,-24.5615362235823,-12.1262272224665));
#476=CARTESIAN_POINT('',(-87.6263699625402,-22.477208148848,-15.6511692623401));
#477=CARTESIAN_POINT('',(-87.5799882155241,-17.0408981042399,-21.4427558220946));
#478=CARTESIAN_POINT('',(-87.5565149396426,-13.6609650018791,-23.7441402706493));
#479=CARTESIAN_POINT('',(-87.5093435632,-6.21945070662328,-26.6781670075498));
#480=CARTESIAN_POINT('',(-87.4860816090622,-2.18248563012026,-27.305854220454));
#481=CARTESIAN_POINT('',(-87.4389396119403,5.7905138321348,-26.7739214123412));
#482=CARTESIAN_POINT('',(-87.4155166686286,9.71228656096025,-25.6094786322676));
#483=CARTESIAN_POINT('',(-87.3690034463517,16.6504275005047,-21.7471186622323));
#484=CARTESIAN_POINT('',(-87.345359836831,19.7086083106782,-19.0233725160347));
#485=CARTESIAN_POINT('',(-87.2987819547977,24.3537572978823,-12.5384388543152));
#486=CARTESIAN_POINT('',(-87.275348744531,25.9494966772817,-8.78042607941643));
#487=CARTESIAN_POINT('',(-87.2398994823249,27.0225023644159,-2.86529770708492));
#488=CARTESIAN_POINT('',(-87.2284073456789,27.1587265111281,-0.884172806771075));
#489=CARTESIAN_POINT('',(-87.2048678444585,26.9961006514793,3.09656856434397));
#490=CARTESIAN_POINT('',(-87.1931199411639,26.6892172790925,5.10300243780654));
#491=CARTESIAN_POINT('',(-87.1579659613793,25.1454040832547,10.8581059533099));
#492=CARTESIAN_POINT('',(-87.1344942387013,23.2443464648306,14.4897514582066));
#493=CARTESIAN_POINT('',(-87.0878616091548,18.0962381802142,20.5615831983493));
#494=CARTESIAN_POINT('',(-87.0643678573109,14.8526504016629,23.021548141823));
#495=CARTESIAN_POINT('',(-87.0173922042825,7.52479521161915,26.3433171757751));
#496=CARTESIAN_POINT('',(-86.9941504753788,3.55774372089468,27.1640410034757));
#497=CARTESIAN_POINT('',(-86.9467800452291,-4.47420536385865,27.0282102697181));
#498=CARTESIAN_POINT('',(-86.9237598740145,-8.40615173281483,26.0761694883988));
#499=CARTESIAN_POINT('',(-86.9,-12.0160208727317,24.2904352037191));
#500=CARTESIAN_POINT('',(-86.9,12.0160208727354,24.2904352037173));
#501=CARTESIAN_POINT('',(-86.923757481064,15.6255264484923,22.5048807673805));
#502=CARTESIAN_POINT('',(-86.947316284265,18.8142402922266,19.9047293526936));
#503=CARTESIAN_POINT('',(-86.9938157471305,23.7333865668655,13.6711466397427));
#504=CARTESIAN_POINT('',(-87.0174700155594,25.508856022369,9.97942965887561));
#505=CARTESIAN_POINT('',(-87.064013708162,27.3018452075249,2.2135943961683));
#506=CARTESIAN_POINT('',(-87.0874197007198,27.3317830827166,-1.86564608944763));
#507=CARTESIAN_POINT('',(-87.1229179382378,26.0470357530512,-7.74507449494259));
#508=CARTESIAN_POINT('',(-87.1344087732781,25.4106948575201,-9.62646177891634));
#509=CARTESIAN_POINT('',(-87.1579304000809,23.7314238938376,-13.2360001319858));
#510=CARTESIAN_POINT('',(-87.1696865285064,22.6763830572339,-14.9712466141192));
#511=CARTESIAN_POINT('',(-87.2048403058896,19.0379039131845,-19.6914831729122));
#512=CARTESIAN_POINT('',(-87.2283225569959,15.8861963599637,-22.3127866659053));
#513=CARTESIAN_POINT('',(-87.2632645480988,10.5747636918789,-25.0307769307567));
#514=CARTESIAN_POINT('',(-87.2752061568147,8.67488888701717,-25.750873786791));
#515=CARTESIAN_POINT('',(-87.2984254855378,4.82465046031898,-26.7410535678959));
#516=CARTESIAN_POINT('',(-87.3101375760896,2.85692513396803,-27.0240624342729));
#517=CARTESIAN_POINT('',(-87.3336459120224,-1.16701950348894,-27.1495863163889));
#518=CARTESIAN_POINT('',(-87.3453330202905,-3.14998918090231,-26.9895805704142));
#519=CARTESIAN_POINT('',(-87.368630929297,-7.05378102856512,-26.2412664406224));
#520=CARTESIAN_POINT('',(-87.3804724299201,-8.99513172410199,-25.6407480821275));
#521=CARTESIAN_POINT('',(-87.4156394118408,-14.4621526645724,-23.2606441889922));
#522=CARTESIAN_POINT('',(-87.4389937041019,-17.7715377414296,-20.8398707003234));
#523=CARTESIAN_POINT('',(-87.4857756253581,-22.9965144723852,-14.8757549933653));
#524=CARTESIAN_POINT('',(-87.5092135214828,-24.9605798573646,-11.2839335411836));
#525=CARTESIAN_POINT('',(-87.5560027944212,-27.1545037002377,-3.60425190178188));
#526=CARTESIAN_POINT('',(-87.5795774760522,-27.3895800082528,0.473983418754643));
#527=CARTESIAN_POINT('',(-87.626295531391,-26.0843749579086,8.36774380373619));
#528=CARTESIAN_POINT('',(-87.649760202798,-24.5452002058,12.1535588062295));
#529=CARTESIAN_POINT('',(-87.6965821134024,-20.0269372928716,18.6841544488015));
#530=CARTESIAN_POINT('',(-87.7199199888439,-17.0171325868436,21.4638885834212));
#531=CARTESIAN_POINT('',(-87.7669329815318,-10.1200014154662,25.4532293815676));
#532=CARTESIAN_POINT('',(-87.7902175727373,-6.23927179680415,26.6771749191527));
#533=CARTESIAN_POINT('',(-87.837360501884,1.78085885846286,27.3391425605796));
#534=CARTESIAN_POINT('',(-87.8606835733857,5.78503588125156,26.7791569195051));
#535=CARTESIAN_POINT('',(-87.9076556495445,13.3138663070915,23.9443281263797));
#536=CARTESIAN_POINT('',(-87.9308458589517,16.6924779718206,21.7245363815903));
#537=CARTESIAN_POINT('',(-87.9664318021429,20.8857710429897,17.3850695540312));
#538=CARTESIAN_POINT('',(-87.9779353684818,22.0992326650955,15.8109775821788));
#539=CARTESIAN_POINT('',(-88.0014288471412,24.1701798709851,12.416340100626));
#540=CARTESIAN_POINT('',(-88.0131882568773,25.0303919441044,10.5755769480371));
#541=CARTESIAN_POINT('',(-88.0483804589279,26.9436371846079,4.92583088438602));
#542=CARTESIAN_POINT('',(-88.0718536598694,27.3766502526845,0.849249683419581));
#543=CARTESIAN_POINT('',(-88.1067732970123,26.6950765485596,-5.07256730731021));
#544=CARTESIAN_POINT('',(-88.1187080896469,26.2417684529321,-7.05260728698714));
#545=CARTESIAN_POINT('',(-88.1419532640514,24.9301518271186,-10.8100513855661));
#546=CARTESIAN_POINT('',(-88.1536577766083,24.0749928657947,-12.6029436864087));
#547=CARTESIAN_POINT('',(-88.188820342347,20.8955821032445,-17.7172947362172));
#548=CARTESIAN_POINT('',(-88.2122248241054,18.0313025024057,-20.6191930189299));
#549=CARTESIAN_POINT('',(-88.2592017731166,11.3348878568472,-24.9359039931951));
#550=CARTESIAN_POINT('',(-88.2825401571255,7.48795868319804,-26.3459081402312));
#551=CARTESIAN_POINT('',(-88.3293962359474,-0.384936239319994,-27.3866431872626));
#552=CARTESIAN_POINT('',(-88.3527874482223,-4.4556766549476,-27.0289512858425));
#553=CARTESIAN_POINT('',(-88.399666032727,-12.0761836009006,-24.5882706122906));
#554=CARTESIAN_POINT('',(-88.4233618549944,-15.6144039609303,-22.5055283688573));
#555=CARTESIAN_POINT('',(-88.469923134354,-21.4349391642477,-17.054377773509));
#556=CARTESIAN_POINT('',(-88.4934462878629,-23.7372601474003,-13.6661437873089));
#557=CARTESIAN_POINT('',(-88.5286126917888,-25.9312630678397,-8.11987358501873));
#558=CARTESIAN_POINT('',(-88.5403802951997,-26.4655215234247,-6.15953508766594));
#559=CARTESIAN_POINT('',(-88.56387555821,-27.0811323332945,-2.23068903024037));
#560=CARTESIAN_POINT('',(-88.5753708158196,-27.1734076800834,-0.245436634202681));
#561=CARTESIAN_POINT('',(-88.6109699385858,-26.7812836256764,5.7749583304789));
#562=CARTESIAN_POINT('',(-88.6342616439201,-25.6240391518292,9.67776094992306));
#563=CARTESIAN_POINT('',(-88.6808945975743,-21.7594062099963,16.6366667589005));
#564=CARTESIAN_POINT('',(-88.7045573523144,-19.0324349659504,19.696510446545));
#565=CARTESIAN_POINT('',(-88.7393436760692,-14.1928997532328,23.1714398068113));
#566=CARTESIAN_POINT('',(-88.7512690493096,-12.4241163585923,24.1664868858864));
#567=CARTESIAN_POINT('',(-88.7746087559553,-8.75707882543785,25.7233614860622));
#568=CARTESIAN_POINT('',(-88.7861867617051,-6.85556119214038,26.2949691393972));
#569=CARTESIAN_POINT('',(-88.821618575453,-0.943430978848934,27.3783933639701));
#570=CARTESIAN_POINT('',(-88.8449475740704,3.14947763524378,27.2129713689244));
#571=CARTESIAN_POINT('',(-88.8922268599432,10.8897152445157,25.1372059305358));
#572=CARTESIAN_POINT('',(-88.9157285202838,14.5223694693191,23.2255242534286));
#573=CARTESIAN_POINT('',(-88.9624549263254,20.5991424757821,18.0554568236984));
#574=CARTESIAN_POINT('',(-88.986002412718,23.0546345626197,14.797530616267));
#575=CARTESIAN_POINT('',(-89.0211182804565,25.5273470624823,9.31572990915917));
#576=CARTESIAN_POINT('',(-89.0327845713763,26.1385625110274,7.4263651987474));
#577=CARTESIAN_POINT('',(-89.0561270580226,26.9433382688052,3.52588614971997));
#578=CARTESIAN_POINT('',(-89.0679573104684,27.1310068885293,1.50448633177859));
#579=CARTESIAN_POINT('',(-89.1030996774383,27.0251576150678,-4.45319116055818));
#580=CARTESIAN_POINT('',(-89.1264454005069,26.058877613535,-8.43665747173146));
#581=CARTESIAN_POINT('',(-89.1616585794483,23.4151320216225,-13.7876635204489));
#582=CARTESIAN_POINT('',(-89.173463982412,22.3194832198672,-15.4983805675777));
#583=CARTESIAN_POINT('',(-89.1968307690999,19.8198962548307,-18.5884599649124));
#584=CARTESIAN_POINT('',(-89.2084671521033,18.4069384434042,-19.9910957622917));
#585=CARTESIAN_POINT('',(-89.2320408919463,15.2525107892862,-22.4904470222158));
#586=CARTESIAN_POINT('',(-89.2437215310113,13.5667272374468,-23.5437029560988));
#587=CARTESIAN_POINT('',(-89.2669442328352,9.98579748138848,-25.271444071936));
#588=CARTESIAN_POINT('',(-89.2789138193778,8.06957651390447,-25.9469922095077));
#589=CARTESIAN_POINT('',(-89.3137494078545,2.25857975385315,-27.297008935624));
#590=CARTESIAN_POINT('',(-89.3372897276768,-1.84072750314904,-27.3278357132027));
#591=CARTESIAN_POINT('',(-89.3841482385389,-9.60844281726877,-25.649107375032));
#592=CARTESIAN_POINT('',(-89.4076769437255,-13.3588783630029,-23.9197375056001));
#593=CARTESIAN_POINT('',(-89.4432917932311,-18.1407155855103,-20.2330251423064));
#594=CARTESIAN_POINT('',(-89.4548591394606,-19.572001132933,-18.8492889765199));
#595=CARTESIAN_POINT('',(-89.4782238568975,-22.1122276984591,-15.79266631951));
#596=CARTESIAN_POINT('',(-89.490101762973,-23.230428026379,-14.0966515491815));
#597=CARTESIAN_POINT('',(-89.5250525347357,-25.9449174308014,-8.78093071719411));
#598=CARTESIAN_POINT('',(-89.5487235929204,-26.9638119421313,-4.81064393067253));
#599=CARTESIAN_POINT('',(-89.5835173107279,-27.1485515136932,1.14499479384415));
#600=CARTESIAN_POINT('',(-89.5954398380009,-26.9876930134269,3.1686159729652));
#601=CARTESIAN_POINT('',(-89.6187893281792,-26.2346177707001,7.07958556670988));
#602=CARTESIAN_POINT('',(-89.6303555744727,-25.64846793493,8.97684445368119));
#603=CARTESIAN_POINT('',(-89.6658201639422,-23.2487883154722,14.490494017846));
#604=CARTESIAN_POINT('',(-89.6890576513265,-20.8352852777332,17.7819574550086));
#605=CARTESIAN_POINT('',(-89.7360995004347,-14.8308683603262,23.029382692876));
#606=CARTESIAN_POINT('',(-89.7595521162904,-11.2303954706513,24.9809864839409));
#607=CARTESIAN_POINT('',(-89.8060589515183,-3.59298062517288,27.152568172554));
#608=CARTESIAN_POINT('',(-89.8296701573011,0.49001661630932,27.3886560236198));
#609=CARTESIAN_POINT('',(-89.8763379925017,8.37454398298948,26.081518516785));
#610=CARTESIAN_POINT('',(-89.900091403573,12.2056549759091,24.519338674502));
#611=CARTESIAN_POINT('',(-89.9469298401246,18.7266668549031,19.9871941735536));
#612=CARTESIAN_POINT('',(-89.970265267899,21.5000115867692,16.9714533919368));
#613=CARTESIAN_POINT('',(-90.0172667032021,25.4746244191487,10.06599419676));
#614=CARTESIAN_POINT('',(-90.0406128114862,26.6909597784795,6.17392477822734));
#615=CARTESIAN_POINT('',(-90.0758767038805,27.1736847136709,0.17184105421259));
#616=CARTESIAN_POINT('',(-90.0875516129284,27.1123783140506,-1.81355782691629));
#617=CARTESIAN_POINT('',(-90.1107983988917,26.5566431242946,-5.75454218896923));
#618=CARTESIAN_POINT('',(-90.1227629963266,26.052372279468,-7.72215758885387));
#619=CARTESIAN_POINT('',(-90.1575689758297,23.945052301805,-13.297960261791));
#620=CARTESIAN_POINT('',(-90.1811076993463,21.6924499504819,-16.7231045152646));
#621=CARTESIAN_POINT('',(-90.216284454143,17.4031159749029,-20.868521910637));
#622=CARTESIAN_POINT('',(-90.2280502827324,15.7951108117423,-22.1105692764435));
#623=CARTESIAN_POINT('',(-90.2515428601085,12.3991213309558,-24.1790113425645));
#624=CARTESIAN_POINT('',(-90.2630403773394,10.599265657204,-25.0222405749236));
#625=CARTESIAN_POINT('',(-90.2986470154897,4.88314156557239,-26.9583521732306));
#626=CARTESIAN_POINT('',(-90.3219359381199,0.835381899610515,-27.3778776317133));
#627=CARTESIAN_POINT('',(-90.3685552272774,-7.07068165828997,-26.4622657273028));
#628=CARTESIAN_POINT('',(-90.3922822454912,-10.9527698761359,-25.1097635778628));
#629=CARTESIAN_POINT('',(-90.4390770231791,-17.7501891775199,-20.8661011944736));
#630=CARTESIAN_POINT('',(-90.4623052420779,-20.6343780867378,-18.0232355223113));
#631=CARTESIAN_POINT('',(-90.497920661457,-23.8953017731539,-12.9412401878527));
#632=CARTESIAN_POINT('',(-90.509422454923,-24.775778737046,-11.1589532101062));
#633=CARTESIAN_POINT('',(-90.5329122104821,-26.1388869346348,-7.42428707626377));
#634=CARTESIAN_POINT('',(-90.5446741223437,-26.6206276711412,-5.45044094509226));
#635=CARTESIAN_POINT('',(-90.5798659530128,-27.3863635343291,0.466464115920867));
#636=CARTESIAN_POINT('',(-90.6033482202793,-27.0094174042008,4.54845630819072));
#637=CARTESIAN_POINT('',(-90.6382519778105,-25.1775767695008,10.219902095488));
#638=CARTESIAN_POINT('',(-90.650188441172,-24.3442095932274,12.0719214474529));
#639=CARTESIAN_POINT('',(-90.6734390043854,-22.319169542185,15.4992418879008));
#640=CARTESIAN_POINT('',(-90.6851406972345,-21.1283672887143,17.0887992588531));
#641=CARTESIAN_POINT('',(-90.7202849726063,-17.008276722319,21.4762282657308));
#642=CARTESIAN_POINT('',(-90.7436944606137,-13.6286031324783,23.7602663705564));
#643=CARTESIAN_POINT('',(-90.7906989349859,-6.21207077329754,26.6776921424987));
#644=CARTESIAN_POINT('',(-90.8140297772537,-2.16361005750407,27.3037174260855));
#645=CARTESIAN_POINT('',(-90.8608785429239,5.75972180425258,26.7768519154525));
#646=CARTESIAN_POINT('',(-90.8845662475964,9.72679709304281,25.6081922461224));
#647=CARTESIAN_POINT('',(-90.931387247082,16.7065411722102,21.7090205643836));
#648=CARTESIAN_POINT('',(-90.954993505438,19.7491163589056,18.9774881290817));
#649=CARTESIAN_POINT('',(-91.0013625674484,24.362843791753,12.5149708359897));
#650=CARTESIAN_POINT('',(-91.0248774440633,25.9588695196037,8.74272476886248));
#651=CARTESIAN_POINT('',(-91.0718910903499,27.3768513559953,0.897860207174556));
#652=CARTESIAN_POINT('',(-91.0951241147568,27.2100683581596,-3.17913306941587));
#653=CARTESIAN_POINT('',(-91.130611629113,25.6447108056397,-8.9877686039027));
#654=CARTESIAN_POINT('',(-91.1421477875163,24.91884395152,-10.8362808658428));
#655=CARTESIAN_POINT('',(-91.1655607024927,23.0676601546317,-14.3616441215501));
#656=CARTESIAN_POINT('',(-91.1774292767689,21.9305795410297,-16.0438597828855));
#657=CARTESIAN_POINT('',(-91.2123302715794,18.069865055274,-20.5833184845754));
#658=CARTESIAN_POINT('',(-91.2360011225474,14.7960919206721,-23.0502201483566));
#659=CARTESIAN_POINT('',(-91.2708446262346,9.35925943952818,-25.5102138171512));
#660=CARTESIAN_POINT('',(-91.2827805197651,7.42705685074881,-26.1380746503486));
#661=CARTESIAN_POINT('',(-91.3060771438475,3.53421209799124,-26.9419647527396));
#662=CARTESIAN_POINT('',(-91.3176660291205,1.55417617039967,-27.1301916388665));
#663=CARTESIAN_POINT('',(-91.3532801564315,-4.48440050385212,-27.027970694118));
#664=CARTESIAN_POINT('',(-91.3762425185921,-8.40651524473165,-26.0759896659004));
#665=CARTESIAN_POINT('',(-91.4,-12.0160208727396,-24.2904352037152));
#666=CARTESIAN_POINT('',(0.,0.,0.));
#667=CARTESIAN_POINT('',(-91.4,0.,0.));
#668=CARTESIAN_POINT('',(-91.4,0.,25.1));
#669=CARTESIAN_POINT('',(-91.4,0.,0.));
#670=CARTESIAN_POINT('',(-91.4,20.3047174366594,17.1836681129909));
#671=CARTESIAN_POINT('',(-91.4,-20.3047174366583,17.1836681129922));
#672=CARTESIAN_POINT('',(-91.4,20.3047174366594,17.1836681129909));
#673=CARTESIAN_POINT('',(-91.4,22.9795386069506,14.0884897401826));
#674=CARTESIAN_POINT('',(-91.4,24.9113306761089,10.3802225941122));
#675=CARTESIAN_POINT('',(-91.4,26.9475919258888,2.57374036586156));
#676=CARTESIAN_POINT('',(-91.4,27.069728937065,-1.58235401425926));
#677=CARTESIAN_POINT('',(-91.4,25.4661185900203,-9.55079108674704));
#678=CARTESIAN_POINT('',(-91.4,23.7477199665197,-13.3396319284235));
#679=CARTESIAN_POINT('',(-91.4,18.8355880271718,-19.7881924728368));
#680=CARTESIAN_POINT('',(-91.4,15.6522683303908,-22.4451684153338));
#681=CARTESIAN_POINT('',(-91.4,12.0160208727096,-24.2904352037303));
#682=CARTESIAN_POINT('',(-91.4,-12.0160208727377,-24.2904352037162));
#683=CARTESIAN_POINT('',(-91.4,-15.6633415079479,-22.4395491699316));
#684=CARTESIAN_POINT('',(-91.4,-18.859090392151,-19.7615906581261));
#685=CARTESIAN_POINT('',(-91.4,-22.5236373707464,-14.9444465380342));
#686=CARTESIAN_POINT('',(-91.4,-23.5796671045811,-13.1733865766329));
#687=CARTESIAN_POINT('',(-91.4,-25.2462033997944,-9.4841811574074));
#688=CARTESIAN_POINT('',(-91.4,-25.8658376669363,-7.56421768084836));
#689=CARTESIAN_POINT('',(-91.4,-27.0715659662314,-1.57391561738312));
#690=CARTESIAN_POINT('',(-91.4,-26.9489272748524,2.58025217787219));
#691=CARTESIAN_POINT('',(-91.4,-24.9001690571812,10.4113260809238));
#692=CARTESIAN_POINT('',(-91.4,-22.9771914557235,14.091205754172));
#693=CARTESIAN_POINT('',(-91.4,-20.3047174366583,17.1836681129922));
#694=CARTESIAN_POINT('',(-91.4,27.1,0.));
#695=CARTESIAN_POINT('',(0.,0.,0.));
#696=CARTESIAN_POINT('',(-86.9,-20.3047174366595,-17.1836681129907));
#697=CARTESIAN_POINT('',(-86.9233415169711,-22.8308141651598,-14.1987594222152));
#698=CARTESIAN_POINT('',(-86.9468081152379,-24.6925465574806,-10.632033029693));
#699=CARTESIAN_POINT('',(-86.9936797658412,-26.7051059337672,-3.09827353603673));
#700=CARTESIAN_POINT('',(-87.0169564687874,-26.8733801733934,0.909325000413272));
#701=CARTESIAN_POINT('',(-87.064164999881,-25.4622381456759,8.64175112537953));
#702=CARTESIAN_POINT('',(-87.0876195570111,-23.8922333611824,12.3321178868233));
#703=CARTESIAN_POINT('',(-87.1342506716885,-19.3201974551589,18.6989282273978));
#704=CARTESIAN_POINT('',(-87.1578813765725,-16.3153887628326,21.3672965872848));
#705=CARTESIAN_POINT('',(-87.2044144911462,-9.49893153510212,25.1500213443806));
#706=CARTESIAN_POINT('',(-87.2278515316327,-5.64463413274733,26.2879411507433));
#707=CARTESIAN_POINT('',(-87.2631854075083,0.221205295483461,26.6711549117512));
#708=CARTESIAN_POINT('',(-87.2750130076984,2.22473537371668,26.5791213696273));
#709=CARTESIAN_POINT('',(-87.2985976956704,6.09526098398593,25.9662653033035));
#710=CARTESIAN_POINT('',(-87.3100948824469,7.97517620814643,25.4520589613617));
#711=CARTESIAN_POINT('',(-87.3454507359175,13.4481157992171,23.2832803776729));
#712=CARTESIAN_POINT('',(-87.3689136195557,16.7623831977442,21.0233288361289));
#713=CARTESIAN_POINT('',(-87.4155991728977,22.1189384128235,15.287590042572));
#714=CARTESIAN_POINT('',(-87.4392116138241,24.1456973895936,11.8211909954011));
#715=CARTESIAN_POINT('',(-87.4857476379805,26.5222579610883,4.39603134941811));
#716=CARTESIAN_POINT('',(-87.5092010236986,26.883660027993,0.391027707954577));
#717=CARTESIAN_POINT('',(-87.5562601255165,25.8565236171476,-7.37049968489141));
#718=CARTESIAN_POINT('',(-87.579513203192,24.4767788339748,-11.1329382726988));
#719=CARTESIAN_POINT('',(-87.6149728137272,21.2716910207032,-16.0918897363701));
#720=CARTESIAN_POINT('',(-87.626555390063,20.0386020743153,-17.6021977336468));
#721=CARTESIAN_POINT('',(-87.6498972358404,17.2494354701512,-20.3430556728394));
#722=CARTESIAN_POINT('',(-87.6618283426634,15.6818070044356,-21.5741535378258));
#723=CARTESIAN_POINT('',(-87.6966336769733,10.710545437449,-24.6588098582338));
#724=CARTESIAN_POINT('',(-87.7203022850728,6.90972658470396,-25.9822969401161));
#725=CARTESIAN_POINT('',(-87.7669426132428,-0.853327719229106,-26.8718422807839));
#726=CARTESIAN_POINT('',(-87.7902290222179,-4.826453970046,-26.455201296128));
#727=CARTESIAN_POINT('',(-87.837731964295,-12.3078563140084,-23.9100189564406));
#728=CARTESIAN_POINT('',(-87.8608007383742,-15.6988256643571,-21.8304596806027));
#729=CARTESIAN_POINT('',(-87.9080304165308,-21.3435936175068,-16.3546051189572));
#730=CARTESIAN_POINT('',(-87.9312939224826,-23.5256378879112,-13.0276023570707));
#731=CARTESIAN_POINT('',(-87.9665526429783,-25.6039476399866,-7.47672258082331));
#732=CARTESIAN_POINT('',(-87.9782644819691,-26.080417256963,-5.58407995957621));
#733=CARTESIAN_POINT('',(-88.0015021659155,-26.6161909605206,-1.71711736504412));
#734=CARTESIAN_POINT('',(-88.0134393727685,-26.6701217085135,0.277133443075454));
#735=CARTESIAN_POINT('',(-88.048406515307,-26.1806525059454,6.11409960106282));
#736=CARTESIAN_POINT('',(-88.071881129196,-24.9739509234581,9.95408643605483));
#737=CARTESIAN_POINT('',(-88.1070600704444,-22.0411139503136,15.0184823203022));
#738=CARTESIAN_POINT('',(-88.1188201323731,-20.8575265512537,16.6235363062626));
#739=CARTESIAN_POINT('',(-88.1423420834015,-18.2043604591052,19.4930662912957));
#740=CARTESIAN_POINT('',(-88.1538456713892,-16.7320962305548,20.7720855995826));
#741=CARTESIAN_POINT('',(-88.1893446593657,-11.8671971126715,24.13006362173));
#742=CARTESIAN_POINT('',(-88.2127645930181,-8.15068936689875,25.6208726424527));
#743=CARTESIAN_POINT('',(-88.2593076491356,-0.429339163228394,26.8826806698918));
#744=CARTESIAN_POINT('',(-88.2829627843834,3.5862410712541,26.6439065246382));
#745=CARTESIAN_POINT('',(-88.329508214635,11.0811927257338,24.4942043694003));
#746=CARTESIAN_POINT('',(-88.3529052901768,14.6056995847934,22.5756580409998));
#747=CARTESIAN_POINT('',(-88.400126179193,20.5070838251452,17.3909835643032));
#748=CARTESIAN_POINT('',(-88.423400177145,22.865221118213,14.1462819141747));
#749=CARTESIAN_POINT('',(-88.4704958905016,25.9745901742101,6.94667503644035));
#750=CARTESIAN_POINT('',(-88.4939998798941,26.7163447512533,2.99843136790152));
#751=CARTESIAN_POINT('',(-88.5403757905822,26.45338090826,-4.79294336064369));
#752=CARTESIAN_POINT('',(-88.564016726997,25.4456745995001,-8.6844997159208));
#753=CARTESIAN_POINT('',(-88.610774683042,21.8621575722034,-15.6508452624011));
#754=CARTESIAN_POINT('',(-88.6341506892522,19.2935483958905,-18.7292993551789));
#755=CARTESIAN_POINT('',(-88.6814315637024,13.048166425205,-23.5111253873699));
#756=CARTESIAN_POINT('',(-88.7046955336361,9.40548273919865,-25.1853781277301));
#757=CARTESIAN_POINT('',(-88.7515345406567,1.78076931147189,-26.8252723686718));
#758=CARTESIAN_POINT('',(-88.7750790509939,-2.24314323781318,-26.7919073512115));
#759=CARTESIAN_POINT('',(-88.8215870409929,-9.8557120699999,-25.0140546632189));
#760=CARTESIAN_POINT('',(-88.8450774882959,-13.4574361365303,-23.2821461115786));
#761=CARTESIAN_POINT('',(-88.8922309925604,-19.6419034322296,-18.3672682914106));
#762=CARTESIAN_POINT('',(-88.9156018046207,-22.1495768951063,-15.2392086001165));
#763=CARTESIAN_POINT('',(-88.9625956749631,-25.5971622797153,-8.22329122772693));
#764=CARTESIAN_POINT('',(-88.985795325946,-26.5392446681091,-4.33702296444604));
#765=CARTESIAN_POINT('',(-89.0213504860911,-26.6260859301491,1.58330886983184));
#766=CARTESIAN_POINT('',(-89.0329413265136,-26.4375768681146,3.5252662527729));
#767=CARTESIAN_POINT('',(-89.0562490049349,-25.6393656074729,7.34819052942579));
#768=CARTESIAN_POINT('',(-89.0681941398026,-25.0183471174213,9.24401022463196));
#769=CARTESIAN_POINT('',(-89.1030252513611,-22.5924848163125,14.5731705509895));
#770=CARTESIAN_POINT('',(-89.1266988490872,-20.1633441382107,17.7828759754814));
#771=CARTESIAN_POINT('',(-89.1616425135619,-15.6948610416708,21.5647656625678));
#772=CARTESIAN_POINT('',(-89.1735143662653,-14.0393349492704,22.6775675389085));
#773=CARTESIAN_POINT('',(-89.1969238521916,-10.5762485909778,24.4850558717231));
#774=CARTESIAN_POINT('',(-89.208463050878,-8.75886342377656,25.1938981660868));
#775=CARTESIAN_POINT('',(-89.2440308997177,-3.04153805577598,26.7183423769768));
#776=CARTESIAN_POINT('',(-89.2672463303951,0.956828511782158,26.8687807260779));
#777=CARTESIAN_POINT('',(-89.3142034462087,8.64802193290124,25.45699540706));
#778=CARTESIAN_POINT('',(-89.3377471636252,12.3496522255516,23.8798932683385));
#779=CARTESIAN_POINT('',(-89.3841396429443,18.6836573193551,19.3309120781255));
#780=CARTESIAN_POINT('',(-89.4077189432769,21.3549239374187,16.3394983217758));
#781=CARTESIAN_POINT('',(-89.4546480899131,25.1681778464342,9.46439674097142));
#782=CARTESIAN_POINT('',(-89.4780258001492,26.2941125892369,5.61554826415147));
#783=CARTESIAN_POINT('',(-89.5251382339796,26.7964761052196,-2.20535881544835));
#784=CARTESIAN_POINT('',(-89.5484625876958,26.1654115295025,-6.17450643239998));
#785=CARTESIAN_POINT('',(-89.5952821743779,23.2938091377376,-13.4220619148708));
#786=CARTESIAN_POINT('',(-89.6187920533296,21.0356442205616,-16.7458852542518));
#787=CARTESIAN_POINT('',(-89.6654268029351,15.3113709102618,-22.1016949931675));
#788=CARTESIAN_POINT('',(-89.6890043327387,11.8541826380949,-24.1346232455207));
#789=CARTESIAN_POINT('',(-89.7359153336112,4.36935578391889,-26.5313100930594));
#790=CARTESIAN_POINT('',(-89.7593086425924,0.37320220120407,-26.8816299887555));
#791=CARTESIAN_POINT('',(-89.8061792588976,-7.35708642721895,-25.8579695652573));
#792=CARTESIAN_POINT('',(-89.829530913291,-11.1341161457814,-24.4721192338402));
#793=CARTESIAN_POINT('',(-89.8765082330867,-17.7063852199872,-20.2320805797244));
#794=CARTESIAN_POINT('',(-89.9003692488504,-20.5612890700281,-17.3203621875996));
#795=CARTESIAN_POINT('',(-89.9467576692718,-24.667074415892,-10.6909772374528));
#796=CARTESIAN_POINT('',(-89.9704161255496,-25.9879005801554,-6.89067293421164));
#797=CARTESIAN_POINT('',(-90.0171055460232,-26.8714969767057,0.880341002802878));
#798=CARTESIAN_POINT('',(-90.0404331267835,-26.4478376494082,4.8602288250539));
#799=CARTESIAN_POINT('',(-90.0759926043267,-24.5372035058151,10.4581608925541));
#800=CARTESIAN_POINT('',(-90.0874875797362,-23.7061062849911,12.2227929640428));
#801=CARTESIAN_POINT('',(-90.1110016188616,-21.6661207898802,15.5549141095497));
#802=CARTESIAN_POINT('',(-90.1227748672761,-20.4429470296186,17.1304660488593));
#803=CARTESIAN_POINT('',(-90.15792470738,-16.3652946769644,21.3299069703495));
#804=CARTESIAN_POINT('',(-90.1814799125709,-12.9973936198498,23.5344254958673));
#805=CARTESIAN_POINT('',(-90.2163162976971,-7.51439212886159,25.5910974171911));
#806=CARTESIAN_POINT('',(-90.228285831025,-5.58054424617757,26.081208960502));
#807=CARTESIAN_POINT('',(-90.251529358602,-1.71257525413976,26.6165178211543));
#808=CARTESIAN_POINT('',(-90.2632062520426,0.237923317981409,26.6721117558017));
#809=CARTESIAN_POINT('',(-90.2985620511938,6.14065076215043,26.1810049519525));
#810=CARTESIAN_POINT('',(-90.3218648547181,9.95206903934772,24.9757594029005));
#811=CARTESIAN_POINT('',(-90.3688480146271,16.7151608531274,21.0579114246782));
#812=CARTESIAN_POINT('',(-90.3922073332646,19.6702842961516,18.3261746239334));
#813=CARTESIAN_POINT('',(-90.4273388292485,22.9948315219119,13.5129535423782));
#814=CARTESIAN_POINT('',(-90.4391801691065,23.9398832960239,11.7587129864315));
#815=CARTESIAN_POINT('',(-90.4625250695092,25.402312839879,8.1306731399951));
#816=CARTESIAN_POINT('',(-90.4741974974034,25.9291614679418,6.25365586747124));
#817=CARTESIAN_POINT('',(-90.5093059091968,26.8859317889487,0.430321272325047));
#818=CARTESIAN_POINT('',(-90.5328691575283,26.6484741257601,-3.57127479580139));
#819=CARTESIAN_POINT('',(-90.5796232819708,24.4886464273397,-11.0996113920791));
#820=CARTESIAN_POINT('',(-90.6030690612093,22.557423501444,-14.6258946614282));
#821=CARTESIAN_POINT('',(-90.6499320870745,17.4125470803768,-20.4830992245888));
#822=CARTESIAN_POINT('',(-90.6732407796507,14.1685999565093,-22.8515901092426));
#823=CARTESIAN_POINT('',(-90.7203576717573,6.96984119874419,-25.9685523068329));
#824=CARTESIAN_POINT('',(-90.743817966093,3.02898969391089,-26.7170786006479));
#825=CARTESIAN_POINT('',(-90.7905337441643,-4.81947625737071,-26.4527827671051));
#826=CARTESIAN_POINT('',(-90.8141364271802,-8.70246078728876,-25.4366794878635));
#827=CARTESIAN_POINT('',(-90.8606726692254,-15.6355191881482,-21.8697971375969));
#828=CARTESIAN_POINT('',(-90.8841377283385,-18.7298789596463,-19.2964286823075));
#829=CARTESIAN_POINT('',(-90.9197523523478,-22.3289792913095,-14.5902986687));
#830=CARTESIAN_POINT('',(-90.931253930831,-23.3345189924367,-12.9178737018188));
#831=CARTESIAN_POINT('',(-90.9547540324722,-24.9704752381407,-9.37265191746348));
#832=CARTESIAN_POINT('',(-90.9665279038252,-25.601191096447,-7.47997581559889));
#833=CARTESIAN_POINT('',(-91.0016953835899,-26.8277839873802,-1.75331154146763));
#834=CARTESIAN_POINT('',(-91.0252500370653,-26.7885225089392,2.27171154052713));
#835=CARTESIAN_POINT('',(-91.060069820282,-25.4527324164098,7.97024563125042));
#836=CARTESIAN_POINT('',(-91.0720378449326,-24.7861510180299,9.85005986596133));
#837=CARTESIAN_POINT('',(-91.0952952443149,-23.0810043147231,13.3657847309966));
#838=CARTESIAN_POINT('',(-91.1069663955159,-22.0436275532828,15.0174607591344));
#839=CARTESIAN_POINT('',(-91.1422678998599,-18.3620556875746,19.6452916589798));
#840=CARTESIAN_POINT('',(-91.1656022754593,-15.239269750925,22.1499627373592));
#841=CARTESIAN_POINT('',(-91.2126257367357,-8.2186716464826,25.5990161563909));
#842=CARTESIAN_POINT('',(-91.2359756380845,-4.30648178087567,26.5370439715973));
#843=CARTESIAN_POINT('',(-91.2828053730227,3.49016086207593,26.6566926912612));
#844=CARTESIAN_POINT('',(-91.3062758947096,7.41907603284218,25.8448101592855));
#845=CARTESIAN_POINT('',(-91.3530220948394,14.574120612699,22.5962808824174));
#846=CARTESIAN_POINT('',(-91.3766004538222,17.7723405940857,20.1759975675342));
#847=CARTESIAN_POINT('',(-91.4,20.3047174366594,17.1836681129909));
#848=CARTESIAN_POINT('',(-85.9673891043989,0.,27.11));
#849=CARTESIAN_POINT('',(-85.9778057710656,1.77434535080874,27.11));
#850=CARTESIAN_POINT('',(-85.9986391043989,5.32299133521069,26.7604845557484));
#851=CARTESIAN_POINT('',(-86.0298891043989,10.441424736353,25.2078292090013));
#852=CARTESIAN_POINT('',(-86.0611391043989,15.1585968278829,22.6864433665323));
#853=CARTESIAN_POINT('',(-86.0923891043989,19.2932372083472,19.2932372083472));
#854=CARTESIAN_POINT('',(-86.1236391043989,22.6864433665323,15.1585968278829));
#855=CARTESIAN_POINT('',(-86.1548891043989,25.2078292090013,10.441424736353));
#856=CARTESIAN_POINT('',(-86.1861391043989,26.7604845557484,5.32299133521069));
#857=CARTESIAN_POINT('',(-86.2173891043989,27.2847577221258,8.88178419700125E-16));
#858=CARTESIAN_POINT('',(-86.2486391043989,26.7604845557484,-5.32299133521069));
#859=CARTESIAN_POINT('',(-86.2798891043989,25.2078292090013,-10.441424736353));
#860=CARTESIAN_POINT('',(-86.3111391043989,22.6864433665323,-15.1585968278828));
#861=CARTESIAN_POINT('',(-86.3423891043989,19.2932372083472,-19.2932372083472));
#862=CARTESIAN_POINT('',(-86.3736391043989,15.1585968278829,-22.6864433665323));
#863=CARTESIAN_POINT('',(-86.4048891043989,10.441424736353,-25.2078292090013));
#864=CARTESIAN_POINT('',(-86.4361391043989,5.3229913352107,-26.7604845557484));
#865=CARTESIAN_POINT('',(-86.4673891043989,3.5527136788005E-15,-27.2847577221258));
#866=CARTESIAN_POINT('',(-86.4986391043989,-5.3229913352107,-26.7604845557484));
#867=CARTESIAN_POINT('',(-86.5298891043989,-10.441424736353,-25.2078292090013));
#868=CARTESIAN_POINT('',(-86.5611391043989,-15.1585968278828,-22.6864433665323));
#869=CARTESIAN_POINT('',(-86.5923891043989,-19.2932372083472,-19.2932372083472));
#870=CARTESIAN_POINT('',(-86.6236391043989,-22.6864433665323,-15.1585968278828));
#871=CARTESIAN_POINT('',(-86.6548891043989,-25.2078292090013,-10.441424736353));
#872=CARTESIAN_POINT('',(-86.6861391043989,-26.7604845557484,-5.3229913352107));
#873=CARTESIAN_POINT('',(-86.7173891043989,-27.2847577221258,-4.88498130835069E-15));
#874=CARTESIAN_POINT('',(-86.7486391043989,-26.7604845557484,5.32299133521069));
#875=CARTESIAN_POINT('',(-86.7798891043989,-25.2078292090013,10.441424736353));
#876=CARTESIAN_POINT('',(-86.8111391043989,-22.6864433665323,15.1585968278828));
#877=CARTESIAN_POINT('',(-86.8423891043989,-19.2932372083472,19.2932372083472));
#878=CARTESIAN_POINT('',(-86.8736391043989,-15.1585968278828,22.6864433665323));
#879=CARTESIAN_POINT('',(-86.9048891043989,-10.441424736353,25.2078292090013));
#880=CARTESIAN_POINT('',(-86.9361391043989,-5.3229913352107,26.7604845557484));
#881=CARTESIAN_POINT('',(-86.9673891043989,-6.21724893790088E-15,27.2847577221258));
#882=CARTESIAN_POINT('',(-86.9986391043989,5.32299133521069,26.7604845557484));
#883=CARTESIAN_POINT('',(-87.0298891043989,10.441424736353,25.2078292090013));
#884=CARTESIAN_POINT('',(-87.0611391043989,15.1585968278828,22.6864433665323));
#885=CARTESIAN_POINT('',(-87.0923891043989,19.2932372083472,19.2932372083472));
#886=CARTESIAN_POINT('',(-87.1236391043989,22.6864433665323,15.1585968278829));
#887=CARTESIAN_POINT('',(-87.1548891043989,25.2078292090013,10.441424736353));
#888=CARTESIAN_POINT('',(-87.1861391043989,26.7604845557484,5.3229913352107));
#889=CARTESIAN_POINT('',(-87.2173891043989,27.2847577221258,-4.44089209850063E-15));
#890=CARTESIAN_POINT('',(-87.2486391043989,26.7604845557484,-5.32299133521064));
#891=CARTESIAN_POINT('',(-87.2798891043989,25.2078292090013,-10.441424736353));
#892=CARTESIAN_POINT('',(-87.3111391043989,22.6864433665323,-15.1585968278828));
#893=CARTESIAN_POINT('',(-87.3423891043989,19.2932372083472,-19.2932372083471));
#894=CARTESIAN_POINT('',(-87.3736391043989,15.1585968278828,-22.6864433665323));
#895=CARTESIAN_POINT('',(-87.4048891043989,10.441424736353,-25.2078292090013));
#896=CARTESIAN_POINT('',(-87.4361391043989,5.32299133521066,-26.7604845557484));
#897=CARTESIAN_POINT('',(-87.4673891043989,9.76996261670138E-15,-27.2847577221258));
#898=CARTESIAN_POINT('',(-87.4986391043989,-5.32299133521064,-26.7604845557484));
#899=CARTESIAN_POINT('',(-87.5298891043989,-10.441424736353,-25.2078292090013));
#900=CARTESIAN_POINT('',(-87.5611391043989,-15.1585968278828,-22.6864433665323));
#901=CARTESIAN_POINT('',(-87.5923891043989,-19.2932372083472,-19.2932372083472));
#902=CARTESIAN_POINT('',(-87.6236391043989,-22.6864433665323,-15.1585968278829));
#903=CARTESIAN_POINT('',(-87.6548891043989,-25.2078292090013,-10.441424736353));
#904=CARTESIAN_POINT('',(-87.6861391043989,-26.7604845557484,-5.32299133521066));
#905=CARTESIAN_POINT('',(-87.7173891043989,-27.2847577221258,-1.06581410364015E-14));
#906=CARTESIAN_POINT('',(-87.7486391043989,-26.7604845557484,5.32299133521064));
#907=CARTESIAN_POINT('',(-87.7798891043989,-25.2078292090013,10.441424736353));
#908=CARTESIAN_POINT('',(-87.8111391043989,-22.6864433665323,15.1585968278828));
#909=CARTESIAN_POINT('',(-87.8423891043989,-19.2932372083472,19.2932372083471));
#910=CARTESIAN_POINT('',(-87.8736391043989,-15.1585968278828,22.6864433665323));
#911=CARTESIAN_POINT('',(-87.9048891043989,-10.441424736353,25.2078292090013));
#912=CARTESIAN_POINT('',(-87.9361391043989,-5.32299133521066,26.7604845557484));
#913=CARTESIAN_POINT('',(-87.9673891043989,-1.33226762955019E-14,27.2847577221258));
#914=CARTESIAN_POINT('',(-87.9986391043989,5.32299133521064,26.7604845557484));
#915=CARTESIAN_POINT('',(-88.0298891043989,10.441424736353,25.2078292090013));
#916=CARTESIAN_POINT('',(-88.0611391043989,15.1585968278828,22.6864433665323));
#917=CARTESIAN_POINT('',(-88.0923891043989,19.2932372083472,19.2932372083472));
#918=CARTESIAN_POINT('',(-88.1236391043989,22.6864433665323,15.1585968278829));
#919=CARTESIAN_POINT('',(-88.1548891043989,25.2078292090013,10.441424736353));
#920=CARTESIAN_POINT('',(-88.1861391043989,26.7604845557484,5.32299133521066));
#921=CARTESIAN_POINT('',(-88.2173891043989,27.2847577221258,1.37667655053519E-14));
#922=CARTESIAN_POINT('',(-88.2486391043989,26.7604845557484,-5.32299133521063));
#923=CARTESIAN_POINT('',(-88.2798891043989,25.2078292090013,-10.441424736353));
#924=CARTESIAN_POINT('',(-88.3111391043989,22.6864433665323,-15.1585968278828));
#925=CARTESIAN_POINT('',(-88.3423891043989,19.2932372083472,-19.2932372083471));
#926=CARTESIAN_POINT('',(-88.3736391043989,15.1585968278828,-22.6864433665323));
#927=CARTESIAN_POINT('',(-88.4048891043989,10.441424736353,-25.2078292090013));
#928=CARTESIAN_POINT('',(-88.4361391043989,5.32299133521066,-26.7604845557484));
#929=CARTESIAN_POINT('',(-88.4673891043989,2.22044604925031E-14,-27.2847577221258));
#930=CARTESIAN_POINT('',(-88.4986391043989,-5.32299133521066,-26.7604845557484));
#931=CARTESIAN_POINT('',(-88.5298891043989,-10.4414247363529,-25.2078292090013));
#932=CARTESIAN_POINT('',(-88.5611391043989,-15.1585968278829,-22.6864433665322));
#933=CARTESIAN_POINT('',(-88.5923891043989,-19.2932372083472,-19.2932372083472));
#934=CARTESIAN_POINT('',(-88.6236391043989,-22.6864433665323,-15.1585968278829));
#935=CARTESIAN_POINT('',(-88.6548891043989,-25.2078292090013,-10.441424736353));
#936=CARTESIAN_POINT('',(-88.6861391043989,-26.7604845557484,-5.32299133521074));
#937=CARTESIAN_POINT('',(-88.7173891043989,-27.2847577221258,-1.03028696685215E-13));
#938=CARTESIAN_POINT('',(-88.7486391043989,-26.7604845557484,5.32299133521075));
#939=CARTESIAN_POINT('',(-88.7798891043989,-25.2078292090013,10.441424736353));
#940=CARTESIAN_POINT('',(-88.8111391043989,-22.6864433665323,15.1585968278828));
#941=CARTESIAN_POINT('',(-88.8423891043989,-19.2932372083472,19.2932372083472));
#942=CARTESIAN_POINT('',(-88.8736391043989,-15.1585968278829,22.6864433665322));
#943=CARTESIAN_POINT('',(-88.9048891043989,-10.4414247363529,25.2078292090013));
#944=CARTESIAN_POINT('',(-88.9361391043989,-5.32299133521069,26.7604845557484));
#945=CARTESIAN_POINT('',(-88.9673891043989,-2.04281036531029E-14,27.2847577221258));
#946=CARTESIAN_POINT('',(-88.9986391043989,5.32299133521065,26.7604845557484));
#947=CARTESIAN_POINT('',(-89.0298891043989,10.4414247363529,25.2078292090013));
#948=CARTESIAN_POINT('',(-89.0611391043989,15.1585968278829,22.6864433665322));
#949=CARTESIAN_POINT('',(-89.0923891043989,19.2932372083472,19.2932372083472));
#950=CARTESIAN_POINT('',(-89.1236391043989,22.6864433665323,15.1585968278829));
#951=CARTESIAN_POINT('',(-89.1548891043989,25.2078292090013,10.441424736353));
#952=CARTESIAN_POINT('',(-89.1861391043989,26.7604845557484,5.32299133521079));
#953=CARTESIAN_POINT('',(-89.2173891043989,27.2847577221258,-6.3948846218409E-14));
#954=CARTESIAN_POINT('',(-89.2486391043989,26.7604845557484,-5.3229913352107));
#955=CARTESIAN_POINT('',(-89.2798891043989,25.2078292090013,-10.441424736353));
#956=CARTESIAN_POINT('',(-89.3111391043989,22.6864433665323,-15.1585968278828));
#957=CARTESIAN_POINT('',(-89.3423891043989,19.2932372083472,-19.2932372083472));
#958=CARTESIAN_POINT('',(-89.3736391043989,15.158596827883,-22.6864433665322));
#959=CARTESIAN_POINT('',(-89.4048891043989,10.4414247363529,-25.2078292090013));
#960=CARTESIAN_POINT('',(-89.4361391043989,5.32299133521069,-26.7604845557484));
#961=CARTESIAN_POINT('',(-89.4673891043989,2.30926389122033E-14,-27.2847577221258));
#962=CARTESIAN_POINT('',(-89.4986391043989,-5.32299133521065,-26.7604845557484));
#963=CARTESIAN_POINT('',(-89.5298891043989,-10.4414247363529,-25.2078292090014));
#964=CARTESIAN_POINT('',(-89.5611391043989,-15.1585968278829,-22.6864433665323));
#965=CARTESIAN_POINT('',(-89.5923891043989,-19.2932372083472,-19.2932372083472));
#966=CARTESIAN_POINT('',(-89.6236391043989,-22.6864433665323,-15.1585968278829));
#967=CARTESIAN_POINT('',(-89.6548891043989,-25.2078292090013,-10.441424736353));
#968=CARTESIAN_POINT('',(-89.6861391043989,-26.7604845557484,-5.32299133521074));
#969=CARTESIAN_POINT('',(-89.7173891043989,-27.2847577221258,-1.08801856413265E-13));
#970=CARTESIAN_POINT('',(-89.7486391043989,-26.7604845557484,5.32299133521074));
#971=CARTESIAN_POINT('',(-89.7798891043989,-25.2078292090013,10.441424736353));
#972=CARTESIAN_POINT('',(-89.8111391043989,-22.6864433665323,15.1585968278828));
#973=CARTESIAN_POINT('',(-89.8423891043989,-19.2932372083472,19.2932372083471));
#974=CARTESIAN_POINT('',(-89.8736391043989,-15.158596827883,22.6864433665322));
#975=CARTESIAN_POINT('',(-89.9048891043989,-10.4414247363529,25.2078292090013));
#976=CARTESIAN_POINT('',(-89.9361391043989,-5.3229913352107,26.7604845557484));
#977=CARTESIAN_POINT('',(-89.9673891043989,-2.62012633811537E-14,27.2847577221258));
#978=CARTESIAN_POINT('',(-89.9986391043989,5.32299133521065,26.7604845557484));
#979=CARTESIAN_POINT('',(-90.0298891043989,10.4414247363529,25.2078292090014));
#980=CARTESIAN_POINT('',(-90.0611391043989,15.1585968278829,22.6864433665322));
#981=CARTESIAN_POINT('',(-90.0923891043989,19.2932372083472,19.2932372083472));
#982=CARTESIAN_POINT('',(-90.1236391043989,22.6864433665323,15.1585968278829));
#983=CARTESIAN_POINT('',(-90.1548891043989,25.2078292090013,10.441424736353));
#984=CARTESIAN_POINT('',(-90.1861391043989,26.7604845557484,5.3229913352108));
#985=CARTESIAN_POINT('',(-90.2173891043989,27.2847577221258,-5.6399329650958E-14));
#986=CARTESIAN_POINT('',(-90.2486391043989,26.7604845557484,-5.32299133521069));
#987=CARTESIAN_POINT('',(-90.2798891043989,25.2078292090013,-10.441424736353));
#988=CARTESIAN_POINT('',(-90.3111391043989,22.6864433665323,-15.1585968278828));
#989=CARTESIAN_POINT('',(-90.3423891043989,19.2932372083472,-19.2932372083471));
#990=CARTESIAN_POINT('',(-90.3736391043989,15.158596827883,-22.6864433665322));
#991=CARTESIAN_POINT('',(-90.4048891043989,10.441424736353,-25.2078292090013));
#992=CARTESIAN_POINT('',(-90.4361391043989,5.3229913352107,-26.7604845557484));
#993=CARTESIAN_POINT('',(-90.4673891043989,2.97539770599542E-14,-27.2847577221258));
#994=CARTESIAN_POINT('',(-90.4986391043989,-5.32299133521064,-26.7604845557484));
#995=CARTESIAN_POINT('',(-90.5298891043989,-10.4414247363529,-25.2078292090014));
#996=CARTESIAN_POINT('',(-90.5611391043989,-15.1585968278829,-22.6864433665323));
#997=CARTESIAN_POINT('',(-90.5923891043989,-19.2932372083472,-19.2932372083472));
#998=CARTESIAN_POINT('',(-90.6236391043989,-22.6864433665323,-15.1585968278829));
#999=CARTESIAN_POINT('',(-90.6548891043989,-25.2078292090013,-10.441424736353));
#1000=CARTESIAN_POINT('',(-90.6861391043989,-26.7604845557484,-5.32299133521075));
#1001=CARTESIAN_POINT('',(-90.7173891043989,-27.2847577221258,-1.15907283770866E-13));
#1002=CARTESIAN_POINT('',(-90.7486391043989,-26.7604845557484,5.32299133521074));
#1003=CARTESIAN_POINT('',(-90.7798891043989,-25.2078292090013,10.441424736353));
#1004=CARTESIAN_POINT('',(-90.8111391043989,-22.6864433665323,15.1585968278828));
#1005=CARTESIAN_POINT('',(-90.8423891043989,-19.2932372083472,19.2932372083471));
#1006=CARTESIAN_POINT('',(-90.8736391043989,-15.158596827883,22.6864433665322));
#1007=CARTESIAN_POINT('',(-90.9048891043989,-10.441424736353,25.2078292090013));
#1008=CARTESIAN_POINT('',(-90.9361391043989,-5.3229913352107,26.7604845557484));
#1009=CARTESIAN_POINT('',(-90.9673891043989,-3.37507799486048E-14,27.2847577221258));
#1010=CARTESIAN_POINT('',(-90.9986391043989,5.32299133521064,26.7604845557484));
#1011=CARTESIAN_POINT('',(-91.0298891043989,10.4414247363529,25.2078292090013));
#1012=CARTESIAN_POINT('',(-91.0611391043989,15.1585968278828,22.6864433665323));
#1013=CARTESIAN_POINT('',(-91.0923891043989,19.2932372083471,19.2932372083472));
#1014=CARTESIAN_POINT('',(-91.1236391043989,22.6864433665322,15.158596827883));
#1015=CARTESIAN_POINT('',(-91.1548891043989,25.2078292090014,10.4414247363529));
#1016=CARTESIAN_POINT('',(-91.1861391043989,26.7604845557484,5.32299133521066));
#1017=CARTESIAN_POINT('',(-91.2173891043989,27.2847577221258,-1.46549439250521E-14));
#1018=CARTESIAN_POINT('',(-91.2486391043989,26.7604845557484,-5.32299133521068));
#1019=CARTESIAN_POINT('',(-91.2798891043989,25.2078292090013,-10.441424736353));
#1020=CARTESIAN_POINT('',(-91.3111391043989,22.6864433665323,-15.1585968278828));
#1021=CARTESIAN_POINT('',(-91.3423891043989,19.2932372083472,-19.2932372083471));
#1022=CARTESIAN_POINT('',(-91.3736391043989,15.1585968278829,-22.6864433665322));
#1023=CARTESIAN_POINT('',(-91.4048891043989,10.4414247363531,-25.2078292090013));
#1024=CARTESIAN_POINT('',(-91.4361391043989,5.3229913352108,-26.7604845557484));
#1025=CARTESIAN_POINT('',(-91.4673891043989,2.03836947321179E-13,-27.2847577221258));
#1026=CARTESIAN_POINT('',(-91.4986391043989,-5.32299133521082,-26.7604845557484));
#1027=CARTESIAN_POINT('',(-91.5298891043989,-10.441424736353,-25.2078292090013));
#1028=CARTESIAN_POINT('',(-91.5545007985434,-14.1565478321477,-23.2220507393995));
#1029=CARTESIAN_POINT('',(-91.5686958260212,-16.1189854052272,-21.8069039424074));
#1030=CARTESIAN_POINT('',(-91.5724741868323,-16.6272995388858,-21.4121471325563));
#1031=CARTESIAN_POINT('',(-86.356933931118,0.,26.435288568297));
#1032=CARTESIAN_POINT('',(-86.3673505977846,1.7301855908685,26.435288568297));
#1033=CARTESIAN_POINT('',(-86.388183931118,5.19051316830834,26.0944718354358));
#1034=CARTESIAN_POINT('',(-86.419433931118,10.1815594234469,24.5804588461931));
#1035=CARTESIAN_POINT('',(-86.450683931118,14.7813309271691,22.1218250454669));
#1036=CARTESIAN_POINT('',(-86.481933931118,18.81306872074,18.81306872074));
#1037=CARTESIAN_POINT('',(-86.513183931118,22.1218250454669,14.7813309271691));
#1038=CARTESIAN_POINT('',(-86.544433931118,24.5804588461931,10.1815594234469));
#1039=CARTESIAN_POINT('',(-86.575683931118,26.0944718354358,5.19051316830834));
#1040=CARTESIAN_POINT('',(-86.606933931118,26.6056969347276,4.44089209850063E-16));
#1041=CARTESIAN_POINT('',(-86.638183931118,26.0944718354358,-5.19051316830834));
#1042=CARTESIAN_POINT('',(-86.669433931118,24.5804588461931,-10.1815594234469));
#1043=CARTESIAN_POINT('',(-86.700683931118,22.1218250454669,-14.7813309271691));
#1044=CARTESIAN_POINT('',(-86.731933931118,18.81306872074,-18.81306872074));
#1045=CARTESIAN_POINT('',(-86.763183931118,14.7813309271691,-22.1218250454669));
#1046=CARTESIAN_POINT('',(-86.794433931118,10.1815594234469,-24.5804588461931));
#1047=CARTESIAN_POINT('',(-86.825683931118,5.19051316830835,-26.0944718354358));
#1048=CARTESIAN_POINT('',(-86.856933931118,3.5527136788005E-15,-26.6056969347276));
#1049=CARTESIAN_POINT('',(-86.888183931118,-5.19051316830835,-26.0944718354358));
#1050=CARTESIAN_POINT('',(-86.919433931118,-10.1815594234469,-24.5804588461931));
#1051=CARTESIAN_POINT('',(-86.950683931118,-14.7813309271691,-22.1218250454669));
#1052=CARTESIAN_POINT('',(-86.981933931118,-18.81306872074,-18.81306872074));
#1053=CARTESIAN_POINT('',(-87.013183931118,-22.1218250454669,-14.7813309271691));
#1054=CARTESIAN_POINT('',(-87.044433931118,-24.5804588461931,-10.1815594234469));
#1055=CARTESIAN_POINT('',(-87.075683931118,-26.0944718354358,-5.19051316830835));
#1056=CARTESIAN_POINT('',(-87.106933931118,-26.6056969347276,-4.88498130835069E-15));
#1057=CARTESIAN_POINT('',(-87.138183931118,-26.0944718354358,5.19051316830834));
#1058=CARTESIAN_POINT('',(-87.169433931118,-24.5804588461931,10.1815594234469));
#1059=CARTESIAN_POINT('',(-87.200683931118,-22.1218250454669,14.7813309271691));
#1060=CARTESIAN_POINT('',(-87.231933931118,-18.81306872074,18.81306872074));
#1061=CARTESIAN_POINT('',(-87.263183931118,-14.7813309271691,22.1218250454669));
#1062=CARTESIAN_POINT('',(-87.294433931118,-10.1815594234469,24.5804588461931));
#1063=CARTESIAN_POINT('',(-87.325683931118,-5.19051316830835,26.0944718354358));
#1064=CARTESIAN_POINT('',(-87.356933931118,-6.21724893790088E-15,26.6056969347276));
#1065=CARTESIAN_POINT('',(-87.388183931118,5.19051316830834,26.0944718354358));
#1066=CARTESIAN_POINT('',(-87.419433931118,10.1815594234469,24.5804588461931));
#1067=CARTESIAN_POINT('',(-87.450683931118,14.7813309271691,22.1218250454669));
#1068=CARTESIAN_POINT('',(-87.481933931118,18.81306872074,18.81306872074));
#1069=CARTESIAN_POINT('',(-87.513183931118,22.1218250454669,14.7813309271691));
#1070=CARTESIAN_POINT('',(-87.544433931118,24.5804588461931,10.1815594234469));
#1071=CARTESIAN_POINT('',(-87.575683931118,26.0944718354358,5.19051316830835));
#1072=CARTESIAN_POINT('',(-87.606933931118,26.6056969347276,-4.44089209850063E-15));
#1073=CARTESIAN_POINT('',(-87.638183931118,26.0944718354358,-5.19051316830829));
#1074=CARTESIAN_POINT('',(-87.669433931118,24.5804588461931,-10.1815594234469));
#1075=CARTESIAN_POINT('',(-87.700683931118,22.1218250454669,-14.7813309271691));
#1076=CARTESIAN_POINT('',(-87.731933931118,18.8130687207401,-18.81306872074));
#1077=CARTESIAN_POINT('',(-87.763183931118,14.7813309271691,-22.1218250454669));
#1078=CARTESIAN_POINT('',(-87.794433931118,10.181559423447,-24.5804588461931));
#1079=CARTESIAN_POINT('',(-87.825683931118,5.19051316830831,-26.0944718354358));
#1080=CARTESIAN_POINT('',(-87.856933931118,9.76996261670138E-15,-26.6056969347276));
#1081=CARTESIAN_POINT('',(-87.888183931118,-5.19051316830829,-26.0944718354358));
#1082=CARTESIAN_POINT('',(-87.919433931118,-10.1815594234469,-24.5804588461931));
#1083=CARTESIAN_POINT('',(-87.950683931118,-14.7813309271691,-22.1218250454669));
#1084=CARTESIAN_POINT('',(-87.981933931118,-18.8130687207401,-18.81306872074));
#1085=CARTESIAN_POINT('',(-88.013183931118,-22.1218250454669,-14.7813309271691));
#1086=CARTESIAN_POINT('',(-88.044433931118,-24.5804588461931,-10.1815594234469));
#1087=CARTESIAN_POINT('',(-88.075683931118,-26.0944718354358,-5.19051316830832));
#1088=CARTESIAN_POINT('',(-88.106933931118,-26.6056969347276,-9.32587340685131E-15));
#1089=CARTESIAN_POINT('',(-88.138183931118,-26.0944718354358,5.19051316830829));
#1090=CARTESIAN_POINT('',(-88.169433931118,-24.5804588461931,10.1815594234469));
#1091=CARTESIAN_POINT('',(-88.200683931118,-22.1218250454669,14.7813309271691));
#1092=CARTESIAN_POINT('',(-88.231933931118,-18.8130687207401,18.81306872074));
#1093=CARTESIAN_POINT('',(-88.263183931118,-14.7813309271691,22.1218250454669));
#1094=CARTESIAN_POINT('',(-88.294433931118,-10.181559423447,24.5804588461931));
#1095=CARTESIAN_POINT('',(-88.325683931118,-5.19051316830831,26.0944718354358));
#1096=CARTESIAN_POINT('',(-88.356933931118,-1.33226762955019E-14,26.6056969347276));
#1097=CARTESIAN_POINT('',(-88.388183931118,5.19051316830829,26.0944718354358));
#1098=CARTESIAN_POINT('',(-88.419433931118,10.1815594234469,24.5804588461931));
#1099=CARTESIAN_POINT('',(-88.450683931118,14.7813309271691,22.121825045467));
#1100=CARTESIAN_POINT('',(-88.481933931118,18.8130687207401,18.81306872074));
#1101=CARTESIAN_POINT('',(-88.513183931118,22.1218250454669,14.7813309271691));
#1102=CARTESIAN_POINT('',(-88.544433931118,24.5804588461931,10.1815594234469));
#1103=CARTESIAN_POINT('',(-88.575683931118,26.0944718354358,5.19051316830831));
#1104=CARTESIAN_POINT('',(-88.606933931118,26.6056969347276,1.28785870856518E-14));
#1105=CARTESIAN_POINT('',(-88.638183931118,26.0944718354358,-5.19051316830828));
#1106=CARTESIAN_POINT('',(-88.669433931118,24.5804588461931,-10.1815594234469));
#1107=CARTESIAN_POINT('',(-88.700683931118,22.1218250454669,-14.7813309271691));
#1108=CARTESIAN_POINT('',(-88.731933931118,18.8130687207401,-18.81306872074));
#1109=CARTESIAN_POINT('',(-88.763183931118,14.7813309271691,-22.1218250454669));
#1110=CARTESIAN_POINT('',(-88.794433931118,10.181559423447,-24.5804588461931));
#1111=CARTESIAN_POINT('',(-88.825683931118,5.19051316830832,-26.0944718354358));
#1112=CARTESIAN_POINT('',(-88.856933931118,2.22044604925031E-14,-26.6056969347276));
#1113=CARTESIAN_POINT('',(-88.888183931118,-5.19051316830831,-26.0944718354358));
#1114=CARTESIAN_POINT('',(-88.919433931118,-10.1815594234468,-24.5804588461932));
#1115=CARTESIAN_POINT('',(-88.950683931118,-14.7813309271692,-22.1218250454669));
#1116=CARTESIAN_POINT('',(-88.981933931118,-18.81306872074,-18.81306872074));
#1117=CARTESIAN_POINT('',(-89.013183931118,-22.1218250454669,-14.7813309271691));
#1118=CARTESIAN_POINT('',(-89.044433931118,-24.5804588461931,-10.1815594234469));
#1119=CARTESIAN_POINT('',(-89.075683931118,-26.0944718354358,-5.19051316830839));
#1120=CARTESIAN_POINT('',(-89.106933931118,-26.6056969347276,-1.00364161426114E-13));
#1121=CARTESIAN_POINT('',(-89.138183931118,-26.0944718354358,5.1905131683084));
#1122=CARTESIAN_POINT('',(-89.169433931118,-24.5804588461931,10.1815594234469));
#1123=CARTESIAN_POINT('',(-89.200683931118,-22.1218250454669,14.7813309271691));
#1124=CARTESIAN_POINT('',(-89.231933931118,-18.8130687207401,18.81306872074));
#1125=CARTESIAN_POINT('',(-89.263183931118,-14.7813309271692,22.1218250454669));
#1126=CARTESIAN_POINT('',(-89.294433931118,-10.1815594234469,24.5804588461932));
#1127=CARTESIAN_POINT('',(-89.325683931118,-5.19051316830834,26.0944718354358));
#1128=CARTESIAN_POINT('',(-89.356933931118,-2.04281036531029E-14,26.6056969347276));
#1129=CARTESIAN_POINT('',(-89.388183931118,5.1905131683083,26.0944718354358));
#1130=CARTESIAN_POINT('',(-89.419433931118,10.1815594234468,24.5804588461932));
#1131=CARTESIAN_POINT('',(-89.450683931118,14.7813309271692,22.1218250454669));
#1132=CARTESIAN_POINT('',(-89.481933931118,18.81306872074,18.81306872074));
#1133=CARTESIAN_POINT('',(-89.513183931118,22.1218250454669,14.7813309271691));
#1134=CARTESIAN_POINT('',(-89.544433931118,24.5804588461931,10.1815594234469));
#1135=CARTESIAN_POINT('',(-89.575683931118,26.0944718354358,5.19051316830844));
#1136=CARTESIAN_POINT('',(-89.606933931118,26.6056969347276,-6.21724893790088E-14));
#1137=CARTESIAN_POINT('',(-89.638183931118,26.0944718354358,-5.19051316830835));
#1138=CARTESIAN_POINT('',(-89.669433931118,24.5804588461931,-10.1815594234469));
#1139=CARTESIAN_POINT('',(-89.700683931118,22.1218250454669,-14.7813309271691));
#1140=CARTESIAN_POINT('',(-89.731933931118,18.8130687207401,-18.81306872074));
#1141=CARTESIAN_POINT('',(-89.763183931118,14.7813309271692,-22.1218250454669));
#1142=CARTESIAN_POINT('',(-89.794433931118,10.1815594234469,-24.5804588461931));
#1143=CARTESIAN_POINT('',(-89.825683931118,5.19051316830835,-26.0944718354358));
#1144=CARTESIAN_POINT('',(-89.856933931118,2.30926389122033E-14,-26.6056969347276));
#1145=CARTESIAN_POINT('',(-89.888183931118,-5.1905131683083,-26.0944718354358));
#1146=CARTESIAN_POINT('',(-89.919433931118,-10.1815594234468,-24.5804588461932));
#1147=CARTESIAN_POINT('',(-89.950683931118,-14.7813309271692,-22.1218250454669));
#1148=CARTESIAN_POINT('',(-89.981933931118,-18.81306872074,-18.81306872074));
#1149=CARTESIAN_POINT('',(-90.013183931118,-22.1218250454669,-14.7813309271691));
#1150=CARTESIAN_POINT('',(-90.044433931118,-24.5804588461931,-10.1815594234469));
#1151=CARTESIAN_POINT('',(-90.075683931118,-26.0944718354358,-5.19051316830839));
#1152=CARTESIAN_POINT('',(-90.106933931118,-26.6056969347276,-1.05693231944315E-13));
#1153=CARTESIAN_POINT('',(-90.138183931118,-26.0944718354358,5.19051316830839));
#1154=CARTESIAN_POINT('',(-90.169433931118,-24.5804588461931,10.1815594234469));
#1155=CARTESIAN_POINT('',(-90.200683931118,-22.1218250454669,14.7813309271691));
#1156=CARTESIAN_POINT('',(-90.231933931118,-18.8130687207401,18.81306872074));
#1157=CARTESIAN_POINT('',(-90.263183931118,-14.7813309271692,22.1218250454669));
#1158=CARTESIAN_POINT('',(-90.294433931118,-10.1815594234469,24.5804588461931));
#1159=CARTESIAN_POINT('',(-90.325683931118,-5.19051316830835,26.0944718354358));
#1160=CARTESIAN_POINT('',(-90.356933931118,-2.62012633811537E-14,26.6056969347276));
#1161=CARTESIAN_POINT('',(-90.388183931118,5.1905131683083,26.0944718354358));
#1162=CARTESIAN_POINT('',(-90.419433931118,10.1815594234468,24.5804588461932));
#1163=CARTESIAN_POINT('',(-90.450683931118,14.7813309271692,22.1218250454669));
#1164=CARTESIAN_POINT('',(-90.481933931118,18.81306872074,18.8130687207401));
#1165=CARTESIAN_POINT('',(-90.513183931118,22.1218250454669,14.7813309271691));
#1166=CARTESIAN_POINT('',(-90.544433931118,24.5804588461931,10.1815594234469));
#1167=CARTESIAN_POINT('',(-90.575683931118,26.0944718354358,5.19051316830845));
#1168=CARTESIAN_POINT('',(-90.606933931118,26.6056969347276,-5.50670620214078E-14));
#1169=CARTESIAN_POINT('',(-90.638183931118,26.0944718354358,-5.19051316830834));
#1170=CARTESIAN_POINT('',(-90.669433931118,24.5804588461931,-10.1815594234469));
#1171=CARTESIAN_POINT('',(-90.700683931118,22.1218250454669,-14.7813309271691));
#1172=CARTESIAN_POINT('',(-90.731933931118,18.8130687207401,-18.81306872074));
#1173=CARTESIAN_POINT('',(-90.763183931118,14.7813309271692,-22.1218250454669));
#1174=CARTESIAN_POINT('',(-90.794433931118,10.1815594234469,-24.5804588461931));
#1175=CARTESIAN_POINT('',(-90.825683931118,5.19051316830835,-26.0944718354358));
#1176=CARTESIAN_POINT('',(-90.856933931118,2.97539770599542E-14,-26.6056969347276));
#1177=CARTESIAN_POINT('',(-90.888183931118,-5.1905131683083,-26.0944718354358));
#1178=CARTESIAN_POINT('',(-90.919433931118,-10.1815594234468,-24.5804588461932));
#1179=CARTESIAN_POINT('',(-90.950683931118,-14.7813309271692,-22.1218250454669));
#1180=CARTESIAN_POINT('',(-90.981933931118,-18.81306872074,-18.81306872074));
#1181=CARTESIAN_POINT('',(-91.013183931118,-22.1218250454669,-14.7813309271691));
#1182=CARTESIAN_POINT('',(-91.044433931118,-24.5804588461931,-10.1815594234469));
#1183=CARTESIAN_POINT('',(-91.075683931118,-26.0944718354358,-5.1905131683084));
#1184=CARTESIAN_POINT('',(-91.106933931118,-26.6056969347276,-1.12798659301916E-13));
#1185=CARTESIAN_POINT('',(-91.138183931118,-26.0944718354358,5.19051316830839));
#1186=CARTESIAN_POINT('',(-91.169433931118,-24.5804588461931,10.1815594234469));
#1187=CARTESIAN_POINT('',(-91.200683931118,-22.1218250454669,14.7813309271691));
#1188=CARTESIAN_POINT('',(-91.231933931118,-18.8130687207401,18.81306872074));
#1189=CARTESIAN_POINT('',(-91.263183931118,-14.7813309271692,22.1218250454669));
#1190=CARTESIAN_POINT('',(-91.294433931118,-10.1815594234469,24.5804588461931));
#1191=CARTESIAN_POINT('',(-91.325683931118,-5.19051316830836,26.0944718354358));
#1192=CARTESIAN_POINT('',(-91.356933931118,-3.37507799486048E-14,26.6056969347276));
#1193=CARTESIAN_POINT('',(-91.388183931118,5.19051316830829,26.0944718354358));
#1194=CARTESIAN_POINT('',(-91.419433931118,10.1815594234469,24.5804588461932));
#1195=CARTESIAN_POINT('',(-91.450683931118,14.781330927169,22.121825045467));
#1196=CARTESIAN_POINT('',(-91.481933931118,18.81306872074,18.8130687207401));
#1197=CARTESIAN_POINT('',(-91.513183931118,22.1218250454668,14.7813309271693));
#1198=CARTESIAN_POINT('',(-91.544433931118,24.5804588461932,10.1815594234468));
#1199=CARTESIAN_POINT('',(-91.575683931118,26.0944718354358,5.19051316830831));
#1200=CARTESIAN_POINT('',(-91.606933931118,26.6056969347276,-1.37667655053519E-14));
#1201=CARTESIAN_POINT('',(-91.638183931118,26.0944718354358,-5.19051316830834));
#1202=CARTESIAN_POINT('',(-91.669433931118,24.5804588461931,-10.1815594234469));
#1203=CARTESIAN_POINT('',(-91.700683931118,22.1218250454669,-14.7813309271691));
#1204=CARTESIAN_POINT('',(-91.731933931118,18.8130687207401,-18.81306872074));
#1205=CARTESIAN_POINT('',(-91.763183931118,14.7813309271692,-22.1218250454669));
#1206=CARTESIAN_POINT('',(-91.794433931118,10.181559423447,-24.5804588461931));
#1207=CARTESIAN_POINT('',(-91.825683931118,5.19051316830845,-26.0944718354358));
#1208=CARTESIAN_POINT('',(-91.856933931118,2.03836947321179E-13,-26.6056969347276));
#1209=CARTESIAN_POINT('',(-91.888183931118,-5.19051316830847,-26.0944718354358));
#1210=CARTESIAN_POINT('',(-91.919433931118,-10.1815594234469,-24.5804588461931));
#1211=CARTESIAN_POINT('',(-91.9440456252624,-13.8042208437375,-22.6441022664574));
#1212=CARTESIAN_POINT('',(-91.9582406527402,-15.7178174332478,-21.2641755255874));
#1213=CARTESIAN_POINT('',(-91.9620190135514,-16.2134806869036,-20.8792433904817));
#1214=CARTESIAN_POINT('',(-91.4,-20.3047174366583,17.1836681129922));
#1215=CARTESIAN_POINT('',(-91.3766288779177,-22.8340181289172,14.1949735263089));
#1216=CARTESIAN_POINT('',(-91.3531778129199,-24.6933581616728,10.6298046233494));
#1217=CARTESIAN_POINT('',(-91.3063171590978,-26.7050305017137,3.09774587946987));
#1218=CARTESIAN_POINT('',(-91.283010092077,-26.8721825262003,-0.914800094631002));
#1219=CARTESIAN_POINT('',(-91.2358843377787,-25.4639109595496,-8.63367196381085));
#1220=CARTESIAN_POINT('',(-91.2124237707941,-23.896371242521,-12.3261303927117));
#1221=CARTESIAN_POINT('',(-91.1773933873993,-20.461916388239,-17.109134693939));
#1222=CARTESIAN_POINT('',(-91.1656953699062,-19.1577159269456,-18.5574663765879));
#1223=CARTESIAN_POINT('',(-91.1423774112909,-16.2323944944708,-21.1638136173896));
#1224=CARTESIAN_POINT('',(-91.130377452657,-14.5962354088387,-22.3237745399028));
#1225=CARTESIAN_POINT('',(-91.0952764531376,-9.45211051506011,-25.1710468214114));
#1226=CARTESIAN_POINT('',(-91.0718467455243,-5.59438729639696,-26.29555426937));
#1227=CARTESIAN_POINT('',(-91.0249824697848,2.18531847539836,-26.7951063949474));
#1228=CARTESIAN_POINT('',(-91.0016574829199,6.15593593557823,-26.1728545192022));
#1229=CARTESIAN_POINT('',(-90.9545913072507,13.4416305060213,-23.2859706747618));
#1230=CARTESIAN_POINT('',(-90.931136292379,16.756518368594,-21.0293199738605));
#1231=CARTESIAN_POINT('',(-90.8843667844483,22.122982403208,-15.2835485404204));
#1232=CARTESIAN_POINT('',(-90.8607857662276,24.1460540223319,-11.8208101183941));
#1233=CARTESIAN_POINT('',(-90.8142367717539,26.5228312234081,-4.39350664038521));
#1234=CARTESIAN_POINT('',(-90.7907686768956,26.8830287187467,-0.386023247171793));
#1235=CARTESIAN_POINT('',(-90.7437676631128,25.8571001232766,7.36590932982227));
#1236=CARTESIAN_POINT('',(-90.7205538753501,24.482484520982,11.1234067975023));
#1237=CARTESIAN_POINT('',(-90.6850168371263,21.2709340881345,16.093412310444));
#1238=CARTESIAN_POINT('',(-90.6734286014679,20.0367277404819,17.6041018826863));
#1239=CARTESIAN_POINT('',(-90.6501115493984,17.2504466729495,20.3419996860171));
#1240=CARTESIAN_POINT('',(-90.6381711911095,15.6817938559284,21.5742727243264));
#1241=CARTESIAN_POINT('',(-90.603344296177,10.7072923938576,24.6606061986772));
#1242=CARTESIAN_POINT('',(-90.5796716933047,6.90539126317746,25.9829330262753));
#1243=CARTESIAN_POINT('',(-90.5330721475012,-0.850866714792521,26.8714209333845));
#1244=CARTESIAN_POINT('',(-90.5092588813215,-4.90937662721744,26.4327470695999));
#1245=CARTESIAN_POINT('',(-90.4623314356896,-12.2955785686041,23.9083843907654));
#1246=CARTESIAN_POINT('',(-90.4389667432364,-15.7274213685571,21.8046993871116));
#1247=CARTESIAN_POINT('',(-90.4038059271604,-19.9285403300461,17.7263209629167));
#1248=CARTESIAN_POINT('',(-90.3919505221969,-21.1977888978684,16.1872487092085));
#1249=CARTESIAN_POINT('',(-90.3686454258356,-23.3344684409536,12.9180438732227));
#1250=CARTESIAN_POINT('',(-90.3569606970885,-24.2177232876128,11.1783917597787));
#1251=CARTESIAN_POINT('',(-90.321742227329,-26.2943824651606,5.63415522130391));
#1252=CARTESIAN_POINT('',(-90.2982342615189,-26.8336508811955,1.67148484887143));
#1253=CARTESIAN_POINT('',(-90.2515654985245,-26.1801388033481,-6.11874279989942));
#1254=CARTESIAN_POINT('',(-90.228097831502,-24.97237424267,-9.9572431000731));
#1255=CARTESIAN_POINT('',(-90.1812168125855,-21.0635907240085,-16.7060261965969));
#1256=CARTESIAN_POINT('',(-90.1579513933117,-18.3485866784134,-19.6559377335631));
#1257=CARTESIAN_POINT('',(-90.1107161035001,-11.8757425906494,-24.1245364556834));
#1258=CARTESIAN_POINT('',(-90.0872656729947,-8.15571465118877,-25.6200726267893));
#1259=CARTESIAN_POINT('',(-90.040660393873,-0.424033350632584,-26.8835265281757));
#1260=CARTESIAN_POINT('',(-90.0170229544151,3.58864456209095,-26.6434850088621));
#1261=CARTESIAN_POINT('',(-89.9704850643175,11.0821678414108,-24.493656712408));
#1262=CARTESIAN_POINT('',(-89.9470595433475,14.6100080213722,-22.5717164455777));
#1263=CARTESIAN_POINT('',(-89.899918569732,20.501577813793,-17.3959772599619));
#1264=CARTESIAN_POINT('',(-89.8766447263812,22.8621572684644,-14.1530805245526));
#1265=CARTESIAN_POINT('',(-89.8294687378456,25.9770246873511,-6.94133356749412));
#1266=CARTESIAN_POINT('',(-89.8059934502377,26.7165715885287,-2.99731427148324));
#1267=CARTESIAN_POINT('',(-89.7596094119616,26.4530322229858,4.79543287896872));
#1268=CARTESIAN_POINT('',(-89.7359508619794,25.443218806227,8.68934861591168));
#1269=CARTESIAN_POINT('',(-89.6892549488214,21.8644003697207,15.6464104210182));
#1270=CARTESIAN_POINT('',(-89.6659098454906,19.3013904631107,18.7229274281242));
#1271=CARTESIAN_POINT('',(-89.6303761446634,14.6079363843867,22.317058854423));
#1272=CARTESIAN_POINT('',(-89.6188809693072,12.9375743982675,23.3237517915361));
#1273=CARTESIAN_POINT('',(-89.59535916405,9.39037221380538,24.9639567903424));
#1274=CARTESIAN_POINT('',(-89.5835910269359,7.49874953006555,25.5955928662112));
#1275=CARTESIAN_POINT('',(-89.548443558536,1.77711322446261,26.8258148680976));
#1276=CARTESIAN_POINT('',(-89.5248476000187,-2.25635996033534,26.7955605092329));
#1277=CARTESIAN_POINT('',(-89.489679103453,-8.01101980436826,25.4414399653923));
#1278=CARTESIAN_POINT('',(-89.4779740502867,-9.84819699135911,24.7869132436367));
#1279=CARTESIAN_POINT('',(-89.4547134513029,-13.3645349166546,23.0817516360806));
#1280=CARTESIAN_POINT('',(-89.4427812152173,-15.0517382149257,22.0184219684272));
#1281=CARTESIAN_POINT('',(-89.4078403543116,-19.6286985089362,18.3710944673087));
#1282=CARTESIAN_POINT('',(-89.3843691477918,-22.1518554589237,15.234927162307));
#1283=CARTESIAN_POINT('',(-89.3491576844788,-24.7348332438897,9.9779732849627));
#1284=CARTESIAN_POINT('',(-89.3373945904551,-25.4114277990329,8.10121692429011));
#1285=CARTESIAN_POINT('',(-89.3138985031455,-26.3218341603484,4.30481415103902));
#1286=CARTESIAN_POINT('',(-89.3023842729698,-26.5678711122046,2.36874568756872));
#1287=CARTESIAN_POINT('',(-89.2667944945169,-26.6555287631066,-3.55720573309447));
#1288=CARTESIAN_POINT('',(-89.2434293790947,-25.8280528905674,-7.46568031026147));
#1289=CARTESIAN_POINT('',(-89.1969468183769,-22.5903702510101,-14.5773752965083));
#1290=CARTESIAN_POINT('',(-89.1732773329836,-20.1604260748867,-17.7856584800633));
#1291=CARTESIAN_POINT('',(-89.1383548119827,-15.6944551526242,-21.5649526833442));
#1292=CARTESIAN_POINT('',(-89.1264924487746,-14.0403660795284,-22.6771082352472));
#1293=CARTESIAN_POINT('',(-89.1030579290881,-10.5735304441046,-24.4863956414145));
#1294=CARTESIAN_POINT('',(-89.0915244607626,-8.75683001498203,-25.1942729653077));
#1295=CARTESIAN_POINT('',(-89.0560334730192,-3.05193751150297,-26.715903991308));
#1296=CARTESIAN_POINT('',(-89.0327791234939,0.952659631537488,-26.869636124275));
#1297=CARTESIAN_POINT('',(-88.9857638623054,8.65337627258825,-25.4559223936104));
#1298=CARTESIAN_POINT('',(-88.96223498528,12.3522464350735,-23.8783839168923));
#1299=CARTESIAN_POINT('',(-88.9158548726873,18.6842490416831,-19.3301331662161));
#1300=CARTESIAN_POINT('',(-88.8922441718318,21.3578023960802,-16.3340497506444));
#1301=CARTESIAN_POINT('',(-88.8453989551681,25.1644737901732,-9.47133376617163));
#1302=CARTESIAN_POINT('',(-88.8220135572634,26.2936528102489,-5.62208320296164));
#1303=CARTESIAN_POINT('',(-88.7748256626333,26.7969011835171,2.21135356914144));
#1304=CARTESIAN_POINT('',(-88.751526703512,26.1650560443497,6.17622587904978));
#1305=CARTESIAN_POINT('',(-88.7047037029091,23.2926414635084,13.4241862906268));
#1306=CARTESIAN_POINT('',(-88.681173362938,21.0314246478327,16.7498816789772));
#1307=CARTESIAN_POINT('',(-88.634604919371,15.3152392500675,22.0980271900093));
#1308=CARTESIAN_POINT('',(-88.6110499243299,11.862805456624,24.1316472835241));
#1309=CARTESIAN_POINT('',(-88.5640469113221,4.36336590996813,26.5334428948422));
#1310=CARTESIAN_POINT('',(-88.54080090781,0.390699465499212,26.8864333351096));
#1311=CARTESIAN_POINT('',(-88.4935103854835,-7.40769971306628,25.848770348252));
#1312=CARTESIAN_POINT('',(-88.4703464755132,-11.1539415622058,24.4673986710052));
#1313=CARTESIAN_POINT('',(-88.4348823209438,-16.1114527125364,21.2569304937579));
#1314=CARTESIAN_POINT('',(-88.4232955794056,-17.6206751939523,20.0223257140583));
#1315=CARTESIAN_POINT('',(-88.399962347919,-20.3585535941117,17.231106083078));
#1316=CARTESIAN_POINT('',(-88.3880269803583,-21.5884453367718,15.6621445968846));
#1317=CARTESIAN_POINT('',(-88.3532204088061,-24.6687746012247,10.6876817600447));
#1318=CARTESIAN_POINT('',(-88.3295525085831,-25.9886628429167,6.88544701013923));
#1319=CARTESIAN_POINT('',(-88.2945723091565,-26.6504094200235,1.0633306015454));
#1320=CARTESIAN_POINT('',(-88.2827007265758,-26.6552101749903,-0.931434611556729));
#1321=CARTESIAN_POINT('',(-88.2593146386615,-26.2339235267942,-4.81134662010792));
#1322=CARTESIAN_POINT('',(-88.2477578081221,-25.8131433931579,-6.71918033082598));
#1323=CARTESIAN_POINT('',(-88.2239960855324,-24.5367809615622,-10.4600256308582));
#1324=CARTESIAN_POINT('',(-88.2124931617097,-23.7045283736484,-12.2255776735988));
#1325=CARTESIAN_POINT('',(-88.188999873094,-21.6661572707967,-15.5546470222697));
#1326=CARTESIAN_POINT('',(-88.1772245365425,-20.4429786251317,-17.130604710755));
#1327=CARTESIAN_POINT('',(-88.1420472051501,-16.3618346738528,-21.3331276984981));
#1328=CARTESIAN_POINT('',(-88.1184931750751,-12.9932594656377,-23.536251436152));
#1329=CARTESIAN_POINT('',(-88.0836814769661,-7.51399101185848,-25.5911101727826));
#1330=CARTESIAN_POINT('',(-88.0717173698277,-5.58108253946833,-26.0812356431793));
#1331=CARTESIAN_POINT('',(-88.0484511946233,-1.7093334635459,-26.6168652192141));
#1332=CARTESIAN_POINT('',(-88.0367809333589,0.240023591035121,-26.671764629275));
#1333=CARTESIAN_POINT('',(-88.0015050926713,6.12951918293268,-26.1822755626942));
#1334=CARTESIAN_POINT('',(-87.9781559139637,9.94916982959948,-24.9776167488662));
#1335=CARTESIAN_POINT('',(-87.9311186369493,16.7198708566316,-21.0550050412964));
#1336=CARTESIAN_POINT('',(-87.9077711212544,19.6725507814109,-18.3234472963364));
#1337=CARTESIAN_POINT('',(-87.8609464046512,24.1031900358451,-11.9077371975008));
#1338=CARTESIAN_POINT('',(-87.8374668636936,25.6111524934447,-8.18836254179775));
#1339=CARTESIAN_POINT('',(-87.7907434955397,26.8847185593847,-0.438544343332343));
#1340=CARTESIAN_POINT('',(-87.7671646909996,26.650069710923,3.56583894102777));
#1341=CARTESIAN_POINT('',(-87.7203400613819,24.4869211179355,11.1054994085997));
#1342=CARTESIAN_POINT('',(-87.6969171184589,22.5561383252548,14.6278714766325));
#1343=CARTESIAN_POINT('',(-87.650053911406,17.4107776854215,20.484599592712));
#1344=CARTESIAN_POINT('',(-87.6267221103229,14.1629490988184,22.8540740859634));
#1345=CARTESIAN_POINT('',(-87.5796766503701,6.97506610591731,25.9662527585423));
#1346=CARTESIAN_POINT('',(-87.5562610102336,3.04225774915051,26.7175016418194));
#1347=CARTESIAN_POINT('',(-87.5093891869837,-4.83242384809351,26.452370516558));
#1348=CARTESIAN_POINT('',(-87.485776243363,-8.7172465206941,25.4324730602494));
#1349=CARTESIAN_POINT('',(-87.4508201028457,-13.9224093381299,22.7494348597338));
#1350=CARTESIAN_POINT('',(-87.4389475080884,-15.5839128237488,21.6451774878291));
#1351=CARTESIAN_POINT('',(-87.4155463118963,-18.577388188755,19.137729631859));
#1352=CARTESIAN_POINT('',(-87.4040045318739,-19.9280009293441,17.7294289490197));
#1353=CARTESIAN_POINT('',(-87.3684006096659,-23.5265695698152,13.025053238653));
#1354=CARTESIAN_POINT('',(-87.3452068687613,-25.1921171893361,9.39095362319486));
#1355=CARTESIAN_POINT('',(-87.2982733110584,-26.8286571100275,1.74812359597719));
#1356=CARTESIAN_POINT('',(-87.2747242910924,-26.7878433905573,-2.27597032525615));
#1357=CARTESIAN_POINT('',(-87.2399240959287,-25.4523460347288,-7.97121257639295));
#1358=CARTESIAN_POINT('',(-87.2279676074196,-24.7866318097732,-9.8492834216473));
#1359=CARTESIAN_POINT('',(-87.204684117971,-23.079410135401,-13.3688566525021));
#1360=CARTESIAN_POINT('',(-87.1930180302753,-22.0419248541303,-15.019418904631));
#1361=CARTESIAN_POINT('',(-87.1577907059306,-18.3683245064664,-19.6377757614452));
#1362=CARTESIAN_POINT('',(-87.134422820924,-15.2430637806325,-22.148247915721));
#1363=CARTESIAN_POINT('',(-87.087338236947,-8.21324576776897,-25.6015326321471));
#1364=CARTESIAN_POINT('',(-87.0640045783838,-4.30325644583419,-26.5374475989063));
#1365=CARTESIAN_POINT('',(-87.017185378297,3.49176911765917,-26.6563630214677));
#1366=CARTESIAN_POINT('',(-86.9936852075225,7.42501677627233,-25.8420742343619));
#1367=CARTESIAN_POINT('',(-86.9470196470765,14.5677445388409,-22.5992144534554));
#1368=CARTESIAN_POINT('',(-86.9234383254173,17.7681437755983,-20.1809566492025));
#1369=CARTESIAN_POINT('',(-86.9,20.3047174366617,-17.1836681129882));
#1370=CARTESIAN_POINT('',(-86.443066068882,0.,26.435288568297));
#1371=CARTESIAN_POINT('',(-86.4534827355487,1.7301855908685,26.435288568297));
#1372=CARTESIAN_POINT('',(-86.474316068882,5.19051316830834,26.0944718354358));
#1373=CARTESIAN_POINT('',(-86.505566068882,10.1815594234469,24.5804588461931));
#1374=CARTESIAN_POINT('',(-86.536816068882,14.7813309271691,22.1218250454669));
#1375=CARTESIAN_POINT('',(-86.568066068882,18.81306872074,18.81306872074));
#1376=CARTESIAN_POINT('',(-86.599316068882,22.1218250454669,14.7813309271691));
#1377=CARTESIAN_POINT('',(-86.630566068882,24.5804588461931,10.1815594234469));
#1378=CARTESIAN_POINT('',(-86.661816068882,26.0944718354358,5.19051316830834));
#1379=CARTESIAN_POINT('',(-86.693066068882,26.6056969347276,4.44089209850063E-16));
#1380=CARTESIAN_POINT('',(-86.724316068882,26.0944718354358,-5.19051316830834));
#1381=CARTESIAN_POINT('',(-86.755566068882,24.5804588461931,-10.1815594234469));
#1382=CARTESIAN_POINT('',(-86.786816068882,22.1218250454669,-14.7813309271691));
#1383=CARTESIAN_POINT('',(-86.818066068882,18.81306872074,-18.81306872074));
#1384=CARTESIAN_POINT('',(-86.849316068882,14.7813309271691,-22.1218250454669));
#1385=CARTESIAN_POINT('',(-86.880566068882,10.1815594234469,-24.5804588461931));
#1386=CARTESIAN_POINT('',(-86.911816068882,5.19051316830835,-26.0944718354358));
#1387=CARTESIAN_POINT('',(-86.943066068882,3.5527136788005E-15,-26.6056969347276));
#1388=CARTESIAN_POINT('',(-86.974316068882,-5.19051316830835,-26.0944718354358));
#1389=CARTESIAN_POINT('',(-87.005566068882,-10.1815594234469,-24.5804588461931));
#1390=CARTESIAN_POINT('',(-87.036816068882,-14.7813309271691,-22.1218250454669));
#1391=CARTESIAN_POINT('',(-87.068066068882,-18.81306872074,-18.81306872074));
#1392=CARTESIAN_POINT('',(-87.099316068882,-22.1218250454669,-14.7813309271691));
#1393=CARTESIAN_POINT('',(-87.130566068882,-24.5804588461931,-10.1815594234469));
#1394=CARTESIAN_POINT('',(-87.161816068882,-26.0944718354358,-5.19051316830835));
#1395=CARTESIAN_POINT('',(-87.193066068882,-26.6056969347276,-4.88498130835069E-15));
#1396=CARTESIAN_POINT('',(-87.224316068882,-26.0944718354358,5.19051316830834));
#1397=CARTESIAN_POINT('',(-87.255566068882,-24.5804588461931,10.1815594234469));
#1398=CARTESIAN_POINT('',(-87.286816068882,-22.1218250454669,14.7813309271691));
#1399=CARTESIAN_POINT('',(-87.318066068882,-18.81306872074,18.81306872074));
#1400=CARTESIAN_POINT('',(-87.349316068882,-14.7813309271691,22.1218250454669));
#1401=CARTESIAN_POINT('',(-87.380566068882,-10.1815594234469,24.5804588461931));
#1402=CARTESIAN_POINT('',(-87.411816068882,-5.19051316830835,26.0944718354358));
#1403=CARTESIAN_POINT('',(-87.443066068882,-6.21724893790088E-15,26.6056969347276));
#1404=CARTESIAN_POINT('',(-87.474316068882,5.19051316830834,26.0944718354358));
#1405=CARTESIAN_POINT('',(-87.505566068882,10.1815594234469,24.5804588461931));
#1406=CARTESIAN_POINT('',(-87.536816068882,14.7813309271691,22.1218250454669));
#1407=CARTESIAN_POINT('',(-87.568066068882,18.81306872074,18.81306872074));
#1408=CARTESIAN_POINT('',(-87.599316068882,22.1218250454669,14.7813309271691));
#1409=CARTESIAN_POINT('',(-87.630566068882,24.5804588461931,10.1815594234469));
#1410=CARTESIAN_POINT('',(-87.661816068882,26.0944718354358,5.19051316830835));
#1411=CARTESIAN_POINT('',(-87.693066068882,26.6056969347276,-4.44089209850063E-15));
#1412=CARTESIAN_POINT('',(-87.724316068882,26.0944718354358,-5.19051316830829));
#1413=CARTESIAN_POINT('',(-87.755566068882,24.5804588461931,-10.1815594234469));
#1414=CARTESIAN_POINT('',(-87.786816068882,22.1218250454669,-14.7813309271691));
#1415=CARTESIAN_POINT('',(-87.818066068882,18.8130687207401,-18.81306872074));
#1416=CARTESIAN_POINT('',(-87.849316068882,14.7813309271691,-22.1218250454669));
#1417=CARTESIAN_POINT('',(-87.880566068882,10.181559423447,-24.5804588461931));
#1418=CARTESIAN_POINT('',(-87.911816068882,5.19051316830831,-26.0944718354358));
#1419=CARTESIAN_POINT('',(-87.943066068882,9.76996261670138E-15,-26.6056969347276));
#1420=CARTESIAN_POINT('',(-87.974316068882,-5.19051316830829,-26.0944718354358));
#1421=CARTESIAN_POINT('',(-88.005566068882,-10.1815594234469,-24.5804588461931));
#1422=CARTESIAN_POINT('',(-88.036816068882,-14.7813309271691,-22.1218250454669));
#1423=CARTESIAN_POINT('',(-88.068066068882,-18.8130687207401,-18.81306872074));
#1424=CARTESIAN_POINT('',(-88.099316068882,-22.1218250454669,-14.7813309271691));
#1425=CARTESIAN_POINT('',(-88.130566068882,-24.5804588461931,-10.1815594234469));
#1426=CARTESIAN_POINT('',(-88.161816068882,-26.0944718354358,-5.19051316830832));
#1427=CARTESIAN_POINT('',(-88.193066068882,-26.6056969347276,-9.32587340685131E-15));
#1428=CARTESIAN_POINT('',(-88.224316068882,-26.0944718354358,5.19051316830829));
#1429=CARTESIAN_POINT('',(-88.255566068882,-24.5804588461931,10.1815594234469));
#1430=CARTESIAN_POINT('',(-88.286816068882,-22.1218250454669,14.7813309271691));
#1431=CARTESIAN_POINT('',(-88.318066068882,-18.8130687207401,18.81306872074));
#1432=CARTESIAN_POINT('',(-88.349316068882,-14.7813309271691,22.1218250454669));
#1433=CARTESIAN_POINT('',(-88.380566068882,-10.181559423447,24.5804588461931));
#1434=CARTESIAN_POINT('',(-88.411816068882,-5.19051316830831,26.0944718354358));
#1435=CARTESIAN_POINT('',(-88.443066068882,-1.33226762955019E-14,26.6056969347276));
#1436=CARTESIAN_POINT('',(-88.474316068882,5.19051316830829,26.0944718354358));
#1437=CARTESIAN_POINT('',(-88.505566068882,10.1815594234469,24.5804588461931));
#1438=CARTESIAN_POINT('',(-88.536816068882,14.7813309271691,22.121825045467));
#1439=CARTESIAN_POINT('',(-88.568066068882,18.8130687207401,18.81306872074));
#1440=CARTESIAN_POINT('',(-88.599316068882,22.1218250454669,14.7813309271691));
#1441=CARTESIAN_POINT('',(-88.630566068882,24.5804588461931,10.1815594234469));
#1442=CARTESIAN_POINT('',(-88.661816068882,26.0944718354358,5.19051316830831));
#1443=CARTESIAN_POINT('',(-88.693066068882,26.6056969347276,1.28785870856518E-14));
#1444=CARTESIAN_POINT('',(-88.724316068882,26.0944718354358,-5.19051316830828));
#1445=CARTESIAN_POINT('',(-88.755566068882,24.5804588461931,-10.1815594234469));
#1446=CARTESIAN_POINT('',(-88.786816068882,22.1218250454669,-14.7813309271691));
#1447=CARTESIAN_POINT('',(-88.818066068882,18.8130687207401,-18.81306872074));
#1448=CARTESIAN_POINT('',(-88.849316068882,14.7813309271691,-22.1218250454669));
#1449=CARTESIAN_POINT('',(-88.880566068882,10.181559423447,-24.5804588461931));
#1450=CARTESIAN_POINT('',(-88.911816068882,5.19051316830832,-26.0944718354358));
#1451=CARTESIAN_POINT('',(-88.943066068882,2.22044604925031E-14,-26.6056969347276));
#1452=CARTESIAN_POINT('',(-88.974316068882,-5.19051316830831,-26.0944718354358));
#1453=CARTESIAN_POINT('',(-89.005566068882,-10.1815594234468,-24.5804588461932));
#1454=CARTESIAN_POINT('',(-89.036816068882,-14.7813309271692,-22.1218250454669));
#1455=CARTESIAN_POINT('',(-89.068066068882,-18.81306872074,-18.81306872074));
#1456=CARTESIAN_POINT('',(-89.099316068882,-22.1218250454669,-14.7813309271691));
#1457=CARTESIAN_POINT('',(-89.130566068882,-24.5804588461931,-10.1815594234469));
#1458=CARTESIAN_POINT('',(-89.161816068882,-26.0944718354358,-5.19051316830839));
#1459=CARTESIAN_POINT('',(-89.193066068882,-26.6056969347276,-1.00364161426114E-13));
#1460=CARTESIAN_POINT('',(-89.224316068882,-26.0944718354358,5.1905131683084));
#1461=CARTESIAN_POINT('',(-89.255566068882,-24.5804588461931,10.1815594234469));
#1462=CARTESIAN_POINT('',(-89.286816068882,-22.1218250454669,14.7813309271691));
#1463=CARTESIAN_POINT('',(-89.318066068882,-18.8130687207401,18.81306872074));
#1464=CARTESIAN_POINT('',(-89.349316068882,-14.7813309271692,22.1218250454669));
#1465=CARTESIAN_POINT('',(-89.380566068882,-10.1815594234469,24.5804588461932));
#1466=CARTESIAN_POINT('',(-89.411816068882,-5.19051316830834,26.0944718354358));
#1467=CARTESIAN_POINT('',(-89.443066068882,-2.04281036531029E-14,26.6056969347276));
#1468=CARTESIAN_POINT('',(-89.474316068882,5.1905131683083,26.0944718354358));
#1469=CARTESIAN_POINT('',(-89.505566068882,10.1815594234468,24.5804588461932));
#1470=CARTESIAN_POINT('',(-89.536816068882,14.7813309271692,22.1218250454669));
#1471=CARTESIAN_POINT('',(-89.568066068882,18.81306872074,18.81306872074));
#1472=CARTESIAN_POINT('',(-89.599316068882,22.1218250454669,14.7813309271691));
#1473=CARTESIAN_POINT('',(-89.630566068882,24.5804588461931,10.1815594234469));
#1474=CARTESIAN_POINT('',(-89.661816068882,26.0944718354358,5.19051316830844));
#1475=CARTESIAN_POINT('',(-89.693066068882,26.6056969347276,-6.21724893790088E-14));
#1476=CARTESIAN_POINT('',(-89.724316068882,26.0944718354358,-5.19051316830835));
#1477=CARTESIAN_POINT('',(-89.755566068882,24.5804588461931,-10.1815594234469));
#1478=CARTESIAN_POINT('',(-89.786816068882,22.1218250454669,-14.7813309271691));
#1479=CARTESIAN_POINT('',(-89.818066068882,18.8130687207401,-18.81306872074));
#1480=CARTESIAN_POINT('',(-89.849316068882,14.7813309271692,-22.1218250454669));
#1481=CARTESIAN_POINT('',(-89.880566068882,10.1815594234469,-24.5804588461931));
#1482=CARTESIAN_POINT('',(-89.911816068882,5.19051316830835,-26.0944718354358));
#1483=CARTESIAN_POINT('',(-89.943066068882,2.30926389122033E-14,-26.6056969347276));
#1484=CARTESIAN_POINT('',(-89.974316068882,-5.1905131683083,-26.0944718354358));
#1485=CARTESIAN_POINT('',(-90.005566068882,-10.1815594234468,-24.5804588461932));
#1486=CARTESIAN_POINT('',(-90.036816068882,-14.7813309271692,-22.1218250454669));
#1487=CARTESIAN_POINT('',(-90.068066068882,-18.81306872074,-18.81306872074));
#1488=CARTESIAN_POINT('',(-90.099316068882,-22.1218250454669,-14.7813309271691));
#1489=CARTESIAN_POINT('',(-90.130566068882,-24.5804588461931,-10.1815594234469));
#1490=CARTESIAN_POINT('',(-90.161816068882,-26.0944718354358,-5.19051316830839));
#1491=CARTESIAN_POINT('',(-90.193066068882,-26.6056969347276,-1.05693231944315E-13));
#1492=CARTESIAN_POINT('',(-90.224316068882,-26.0944718354358,5.19051316830839));
#1493=CARTESIAN_POINT('',(-90.255566068882,-24.5804588461931,10.1815594234469));
#1494=CARTESIAN_POINT('',(-90.286816068882,-22.1218250454669,14.7813309271691));
#1495=CARTESIAN_POINT('',(-90.318066068882,-18.8130687207401,18.81306872074));
#1496=CARTESIAN_POINT('',(-90.349316068882,-14.7813309271692,22.1218250454669));
#1497=CARTESIAN_POINT('',(-90.380566068882,-10.1815594234469,24.5804588461931));
#1498=CARTESIAN_POINT('',(-90.411816068882,-5.19051316830835,26.0944718354358));
#1499=CARTESIAN_POINT('',(-90.443066068882,-2.62012633811537E-14,26.6056969347276));
#1500=CARTESIAN_POINT('',(-90.474316068882,5.1905131683083,26.0944718354358));
#1501=CARTESIAN_POINT('',(-90.505566068882,10.1815594234468,24.5804588461932));
#1502=CARTESIAN_POINT('',(-90.536816068882,14.7813309271692,22.1218250454669));
#1503=CARTESIAN_POINT('',(-90.568066068882,18.81306872074,18.8130687207401));
#1504=CARTESIAN_POINT('',(-90.599316068882,22.1218250454669,14.7813309271691));
#1505=CARTESIAN_POINT('',(-90.630566068882,24.5804588461931,10.1815594234469));
#1506=CARTESIAN_POINT('',(-90.661816068882,26.0944718354358,5.19051316830845));
#1507=CARTESIAN_POINT('',(-90.693066068882,26.6056969347276,-5.50670620214078E-14));
#1508=CARTESIAN_POINT('',(-90.724316068882,26.0944718354358,-5.19051316830834));
#1509=CARTESIAN_POINT('',(-90.755566068882,24.5804588461931,-10.1815594234469));
#1510=CARTESIAN_POINT('',(-90.786816068882,22.1218250454669,-14.7813309271691));
#1511=CARTESIAN_POINT('',(-90.818066068882,18.8130687207401,-18.81306872074));
#1512=CARTESIAN_POINT('',(-90.849316068882,14.7813309271692,-22.1218250454669));
#1513=CARTESIAN_POINT('',(-90.880566068882,10.1815594234469,-24.5804588461931));
#1514=CARTESIAN_POINT('',(-90.911816068882,5.19051316830835,-26.0944718354358));
#1515=CARTESIAN_POINT('',(-90.943066068882,2.97539770599542E-14,-26.6056969347276));
#1516=CARTESIAN_POINT('',(-90.974316068882,-5.1905131683083,-26.0944718354358));
#1517=CARTESIAN_POINT('',(-91.005566068882,-10.1815594234468,-24.5804588461932));
#1518=CARTESIAN_POINT('',(-91.036816068882,-14.7813309271692,-22.1218250454669));
#1519=CARTESIAN_POINT('',(-91.068066068882,-18.81306872074,-18.81306872074));
#1520=CARTESIAN_POINT('',(-91.099316068882,-22.1218250454669,-14.7813309271691));
#1521=CARTESIAN_POINT('',(-91.130566068882,-24.5804588461931,-10.1815594234469));
#1522=CARTESIAN_POINT('',(-91.161816068882,-26.0944718354358,-5.1905131683084));
#1523=CARTESIAN_POINT('',(-91.193066068882,-26.6056969347276,-1.12798659301916E-13));
#1524=CARTESIAN_POINT('',(-91.224316068882,-26.0944718354358,5.19051316830839));
#1525=CARTESIAN_POINT('',(-91.255566068882,-24.5804588461931,10.1815594234469));
#1526=CARTESIAN_POINT('',(-91.286816068882,-22.1218250454669,14.7813309271691));
#1527=CARTESIAN_POINT('',(-91.318066068882,-18.8130687207401,18.81306872074));
#1528=CARTESIAN_POINT('',(-91.349316068882,-14.7813309271692,22.1218250454669));
#1529=CARTESIAN_POINT('',(-91.380566068882,-10.1815594234469,24.5804588461931));
#1530=CARTESIAN_POINT('',(-91.411816068882,-5.19051316830836,26.0944718354358));
#1531=CARTESIAN_POINT('',(-91.443066068882,-3.37507799486048E-14,26.6056969347276));
#1532=CARTESIAN_POINT('',(-91.474316068882,5.19051316830829,26.0944718354358));
#1533=CARTESIAN_POINT('',(-91.505566068882,10.1815594234469,24.5804588461932));
#1534=CARTESIAN_POINT('',(-91.536816068882,14.781330927169,22.121825045467));
#1535=CARTESIAN_POINT('',(-91.568066068882,18.81306872074,18.8130687207401));
#1536=CARTESIAN_POINT('',(-91.599316068882,22.1218250454668,14.7813309271693));
#1537=CARTESIAN_POINT('',(-91.630566068882,24.5804588461932,10.1815594234468));
#1538=CARTESIAN_POINT('',(-91.661816068882,26.0944718354358,5.19051316830831));
#1539=CARTESIAN_POINT('',(-91.693066068882,26.6056969347276,-1.37667655053519E-14));
#1540=CARTESIAN_POINT('',(-91.724316068882,26.0944718354358,-5.19051316830834));
#1541=CARTESIAN_POINT('',(-91.755566068882,24.5804588461931,-10.1815594234469));
#1542=CARTESIAN_POINT('',(-91.786816068882,22.1218250454669,-14.7813309271691));
#1543=CARTESIAN_POINT('',(-91.818066068882,18.8130687207401,-18.81306872074));
#1544=CARTESIAN_POINT('',(-91.849316068882,14.7813309271692,-22.1218250454669));
#1545=CARTESIAN_POINT('',(-91.880566068882,10.181559423447,-24.5804588461931));
#1546=CARTESIAN_POINT('',(-91.911816068882,5.19051316830845,-26.0944718354358));
#1547=CARTESIAN_POINT('',(-91.943066068882,2.03836947321179E-13,-26.6056969347276));
#1548=CARTESIAN_POINT('',(-91.974316068882,-5.19051316830847,-26.0944718354358));
#1549=CARTESIAN_POINT('',(-92.005566068882,-10.1815594234469,-24.5804588461931));
#1550=CARTESIAN_POINT('',(-92.0301777630265,-13.8042208437375,-22.6441022664574));
#1551=CARTESIAN_POINT('',(-92.0443727905043,-15.7178174332478,-21.2641755255874));
#1552=CARTESIAN_POINT('',(-92.0481511513154,-16.2134806869036,-20.8792433904817));
#1553=CARTESIAN_POINT('',(-86.8326108956011,0.,27.11));
#1554=CARTESIAN_POINT('',(-86.8430275622677,1.77434535080874,27.11));
#1555=CARTESIAN_POINT('',(-86.8638608956011,5.32299133521069,26.7604845557484));
#1556=CARTESIAN_POINT('',(-86.8951108956011,10.441424736353,25.2078292090013));
#1557=CARTESIAN_POINT('',(-86.9263608956011,15.1585968278829,22.6864433665323));
#1558=CARTESIAN_POINT('',(-86.9576108956011,19.2932372083472,19.2932372083472));
#1559=CARTESIAN_POINT('',(-86.9888608956011,22.6864433665323,15.1585968278829));
#1560=CARTESIAN_POINT('',(-87.0201108956011,25.2078292090013,10.441424736353));
#1561=CARTESIAN_POINT('',(-87.0513608956011,26.7604845557484,5.32299133521069));
#1562=CARTESIAN_POINT('',(-87.0826108956011,27.2847577221258,8.88178419700125E-16));
#1563=CARTESIAN_POINT('',(-87.1138608956011,26.7604845557484,-5.32299133521069));
#1564=CARTESIAN_POINT('',(-87.1451108956011,25.2078292090013,-10.441424736353));
#1565=CARTESIAN_POINT('',(-87.1763608956011,22.6864433665323,-15.1585968278828));
#1566=CARTESIAN_POINT('',(-87.2076108956011,19.2932372083472,-19.2932372083472));
#1567=CARTESIAN_POINT('',(-87.2388608956011,15.1585968278829,-22.6864433665323));
#1568=CARTESIAN_POINT('',(-87.2701108956011,10.441424736353,-25.2078292090013));
#1569=CARTESIAN_POINT('',(-87.3013608956011,5.3229913352107,-26.7604845557484));
#1570=CARTESIAN_POINT('',(-87.3326108956011,3.5527136788005E-15,-27.2847577221258));
#1571=CARTESIAN_POINT('',(-87.3638608956011,-5.3229913352107,-26.7604845557484));
#1572=CARTESIAN_POINT('',(-87.3951108956011,-10.441424736353,-25.2078292090013));
#1573=CARTESIAN_POINT('',(-87.4263608956011,-15.1585968278828,-22.6864433665323));
#1574=CARTESIAN_POINT('',(-87.4576108956011,-19.2932372083472,-19.2932372083472));
#1575=CARTESIAN_POINT('',(-87.4888608956011,-22.6864433665323,-15.1585968278828));
#1576=CARTESIAN_POINT('',(-87.5201108956011,-25.2078292090013,-10.441424736353));
#1577=CARTESIAN_POINT('',(-87.5513608956011,-26.7604845557484,-5.3229913352107));
#1578=CARTESIAN_POINT('',(-87.5826108956011,-27.2847577221258,-4.88498130835069E-15));
#1579=CARTESIAN_POINT('',(-87.6138608956011,-26.7604845557484,5.32299133521069));
#1580=CARTESIAN_POINT('',(-87.6451108956011,-25.2078292090013,10.441424736353));
#1581=CARTESIAN_POINT('',(-87.6763608956011,-22.6864433665323,15.1585968278828));
#1582=CARTESIAN_POINT('',(-87.7076108956011,-19.2932372083472,19.2932372083472));
#1583=CARTESIAN_POINT('',(-87.7388608956011,-15.1585968278828,22.6864433665323));
#1584=CARTESIAN_POINT('',(-87.7701108956011,-10.441424736353,25.2078292090013));
#1585=CARTESIAN_POINT('',(-87.8013608956011,-5.3229913352107,26.7604845557484));
#1586=CARTESIAN_POINT('',(-87.8326108956011,-6.21724893790088E-15,27.2847577221258));
#1587=CARTESIAN_POINT('',(-87.8638608956011,5.32299133521069,26.7604845557484));
#1588=CARTESIAN_POINT('',(-87.8951108956011,10.441424736353,25.2078292090013));
#1589=CARTESIAN_POINT('',(-87.9263608956011,15.1585968278828,22.6864433665323));
#1590=CARTESIAN_POINT('',(-87.9576108956011,19.2932372083472,19.2932372083472));
#1591=CARTESIAN_POINT('',(-87.9888608956011,22.6864433665323,15.1585968278829));
#1592=CARTESIAN_POINT('',(-88.0201108956011,25.2078292090013,10.441424736353));
#1593=CARTESIAN_POINT('',(-88.0513608956011,26.7604845557484,5.3229913352107));
#1594=CARTESIAN_POINT('',(-88.0826108956011,27.2847577221258,-4.44089209850063E-15));
#1595=CARTESIAN_POINT('',(-88.1138608956011,26.7604845557484,-5.32299133521064));
#1596=CARTESIAN_POINT('',(-88.1451108956011,25.2078292090013,-10.441424736353));
#1597=CARTESIAN_POINT('',(-88.1763608956011,22.6864433665323,-15.1585968278828));
#1598=CARTESIAN_POINT('',(-88.2076108956011,19.2932372083472,-19.2932372083471));
#1599=CARTESIAN_POINT('',(-88.2388608956011,15.1585968278828,-22.6864433665323));
#1600=CARTESIAN_POINT('',(-88.2701108956011,10.441424736353,-25.2078292090013));
#1601=CARTESIAN_POINT('',(-88.3013608956011,5.32299133521066,-26.7604845557484));
#1602=CARTESIAN_POINT('',(-88.3326108956011,9.76996261670138E-15,-27.2847577221258));
#1603=CARTESIAN_POINT('',(-88.3638608956011,-5.32299133521064,-26.7604845557484));
#1604=CARTESIAN_POINT('',(-88.3951108956011,-10.441424736353,-25.2078292090013));
#1605=CARTESIAN_POINT('',(-88.4263608956011,-15.1585968278828,-22.6864433665323));
#1606=CARTESIAN_POINT('',(-88.4576108956011,-19.2932372083472,-19.2932372083472));
#1607=CARTESIAN_POINT('',(-88.4888608956011,-22.6864433665323,-15.1585968278829));
#1608=CARTESIAN_POINT('',(-88.5201108956011,-25.2078292090013,-10.441424736353));
#1609=CARTESIAN_POINT('',(-88.5513608956011,-26.7604845557484,-5.32299133521066));
#1610=CARTESIAN_POINT('',(-88.5826108956011,-27.2847577221258,-1.06581410364015E-14));
#1611=CARTESIAN_POINT('',(-88.6138608956011,-26.7604845557484,5.32299133521064));
#1612=CARTESIAN_POINT('',(-88.6451108956011,-25.2078292090013,10.441424736353));
#1613=CARTESIAN_POINT('',(-88.6763608956011,-22.6864433665323,15.1585968278828));
#1614=CARTESIAN_POINT('',(-88.7076108956011,-19.2932372083472,19.2932372083471));
#1615=CARTESIAN_POINT('',(-88.7388608956011,-15.1585968278828,22.6864433665323));
#1616=CARTESIAN_POINT('',(-88.7701108956011,-10.441424736353,25.2078292090013));
#1617=CARTESIAN_POINT('',(-88.8013608956011,-5.32299133521066,26.7604845557484));
#1618=CARTESIAN_POINT('',(-88.8326108956011,-1.33226762955019E-14,27.2847577221258));
#1619=CARTESIAN_POINT('',(-88.8638608956011,5.32299133521064,26.7604845557484));
#1620=CARTESIAN_POINT('',(-88.8951108956011,10.441424736353,25.2078292090013));
#1621=CARTESIAN_POINT('',(-88.9263608956011,15.1585968278828,22.6864433665323));
#1622=CARTESIAN_POINT('',(-88.9576108956011,19.2932372083472,19.2932372083472));
#1623=CARTESIAN_POINT('',(-88.9888608956011,22.6864433665323,15.1585968278829));
#1624=CARTESIAN_POINT('',(-89.0201108956011,25.2078292090013,10.441424736353));
#1625=CARTESIAN_POINT('',(-89.0513608956011,26.7604845557484,5.32299133521066));
#1626=CARTESIAN_POINT('',(-89.0826108956011,27.2847577221258,1.37667655053519E-14));
#1627=CARTESIAN_POINT('',(-89.1138608956011,26.7604845557484,-5.32299133521063));
#1628=CARTESIAN_POINT('',(-89.1451108956011,25.2078292090013,-10.441424736353));
#1629=CARTESIAN_POINT('',(-89.1763608956011,22.6864433665323,-15.1585968278828));
#1630=CARTESIAN_POINT('',(-89.2076108956011,19.2932372083472,-19.2932372083471));
#1631=CARTESIAN_POINT('',(-89.2388608956011,15.1585968278828,-22.6864433665323));
#1632=CARTESIAN_POINT('',(-89.2701108956011,10.441424736353,-25.2078292090013));
#1633=CARTESIAN_POINT('',(-89.3013608956011,5.32299133521066,-26.7604845557484));
#1634=CARTESIAN_POINT('',(-89.3326108956011,2.22044604925031E-14,-27.2847577221258));
#1635=CARTESIAN_POINT('',(-89.3638608956011,-5.32299133521066,-26.7604845557484));
#1636=CARTESIAN_POINT('',(-89.3951108956011,-10.4414247363529,-25.2078292090013));
#1637=CARTESIAN_POINT('',(-89.4263608956011,-15.1585968278829,-22.6864433665322));
#1638=CARTESIAN_POINT('',(-89.4576108956011,-19.2932372083472,-19.2932372083472));
#1639=CARTESIAN_POINT('',(-89.4888608956011,-22.6864433665323,-15.1585968278829));
#1640=CARTESIAN_POINT('',(-89.5201108956011,-25.2078292090013,-10.441424736353));
#1641=CARTESIAN_POINT('',(-89.5513608956011,-26.7604845557484,-5.32299133521074));
#1642=CARTESIAN_POINT('',(-89.5826108956011,-27.2847577221258,-1.03028696685215E-13));
#1643=CARTESIAN_POINT('',(-89.6138608956011,-26.7604845557484,5.32299133521075));
#1644=CARTESIAN_POINT('',(-89.6451108956011,-25.2078292090013,10.441424736353));
#1645=CARTESIAN_POINT('',(-89.6763608956011,-22.6864433665323,15.1585968278828));
#1646=CARTESIAN_POINT('',(-89.7076108956011,-19.2932372083472,19.2932372083472));
#1647=CARTESIAN_POINT('',(-89.7388608956011,-15.1585968278829,22.6864433665322));
#1648=CARTESIAN_POINT('',(-89.7701108956011,-10.4414247363529,25.2078292090013));
#1649=CARTESIAN_POINT('',(-89.8013608956011,-5.32299133521069,26.7604845557484));
#1650=CARTESIAN_POINT('',(-89.8326108956011,-2.04281036531029E-14,27.2847577221258));
#1651=CARTESIAN_POINT('',(-89.8638608956011,5.32299133521065,26.7604845557484));
#1652=CARTESIAN_POINT('',(-89.8951108956011,10.4414247363529,25.2078292090013));
#1653=CARTESIAN_POINT('',(-89.9263608956011,15.1585968278829,22.6864433665322));
#1654=CARTESIAN_POINT('',(-89.9576108956011,19.2932372083472,19.2932372083472));
#1655=CARTESIAN_POINT('',(-89.9888608956011,22.6864433665323,15.1585968278829));
#1656=CARTESIAN_POINT('',(-90.0201108956011,25.2078292090013,10.441424736353));
#1657=CARTESIAN_POINT('',(-90.0513608956011,26.7604845557484,5.32299133521079));
#1658=CARTESIAN_POINT('',(-90.0826108956011,27.2847577221258,-6.3948846218409E-14));
#1659=CARTESIAN_POINT('',(-90.1138608956011,26.7604845557484,-5.3229913352107));
#1660=CARTESIAN_POINT('',(-90.1451108956011,25.2078292090013,-10.441424736353));
#1661=CARTESIAN_POINT('',(-90.1763608956011,22.6864433665323,-15.1585968278828));
#1662=CARTESIAN_POINT('',(-90.2076108956011,19.2932372083472,-19.2932372083472));
#1663=CARTESIAN_POINT('',(-90.2388608956011,15.158596827883,-22.6864433665322));
#1664=CARTESIAN_POINT('',(-90.2701108956011,10.4414247363529,-25.2078292090013));
#1665=CARTESIAN_POINT('',(-90.3013608956011,5.32299133521069,-26.7604845557484));
#1666=CARTESIAN_POINT('',(-90.3326108956011,2.30926389122033E-14,-27.2847577221258));
#1667=CARTESIAN_POINT('',(-90.3638608956011,-5.32299133521065,-26.7604845557484));
#1668=CARTESIAN_POINT('',(-90.3951108956011,-10.4414247363529,-25.2078292090014));
#1669=CARTESIAN_POINT('',(-90.4263608956011,-15.1585968278829,-22.6864433665323));
#1670=CARTESIAN_POINT('',(-90.4576108956011,-19.2932372083472,-19.2932372083472));
#1671=CARTESIAN_POINT('',(-90.4888608956011,-22.6864433665323,-15.1585968278829));
#1672=CARTESIAN_POINT('',(-90.5201108956011,-25.2078292090013,-10.441424736353));
#1673=CARTESIAN_POINT('',(-90.5513608956011,-26.7604845557484,-5.32299133521074));
#1674=CARTESIAN_POINT('',(-90.5826108956011,-27.2847577221258,-1.08801856413265E-13));
#1675=CARTESIAN_POINT('',(-90.6138608956011,-26.7604845557484,5.32299133521074));
#1676=CARTESIAN_POINT('',(-90.6451108956011,-25.2078292090013,10.441424736353));
#1677=CARTESIAN_POINT('',(-90.6763608956011,-22.6864433665323,15.1585968278828));
#1678=CARTESIAN_POINT('',(-90.7076108956011,-19.2932372083472,19.2932372083471));
#1679=CARTESIAN_POINT('',(-90.7388608956011,-15.158596827883,22.6864433665322));
#1680=CARTESIAN_POINT('',(-90.7701108956011,-10.4414247363529,25.2078292090013));
#1681=CARTESIAN_POINT('',(-90.8013608956011,-5.3229913352107,26.7604845557484));
#1682=CARTESIAN_POINT('',(-90.8326108956011,-2.62012633811537E-14,27.2847577221258));
#1683=CARTESIAN_POINT('',(-90.8638608956011,5.32299133521065,26.7604845557484));
#1684=CARTESIAN_POINT('',(-90.8951108956011,10.4414247363529,25.2078292090014));
#1685=CARTESIAN_POINT('',(-90.9263608956011,15.1585968278829,22.6864433665322));
#1686=CARTESIAN_POINT('',(-90.9576108956011,19.2932372083472,19.2932372083472));
#1687=CARTESIAN_POINT('',(-90.9888608956011,22.6864433665323,15.1585968278829));
#1688=CARTESIAN_POINT('',(-91.0201108956011,25.2078292090013,10.441424736353));
#1689=CARTESIAN_POINT('',(-91.0513608956011,26.7604845557484,5.3229913352108));
#1690=CARTESIAN_POINT('',(-91.0826108956011,27.2847577221258,-5.6399329650958E-14));
#1691=CARTESIAN_POINT('',(-91.1138608956011,26.7604845557484,-5.32299133521069));
#1692=CARTESIAN_POINT('',(-91.1451108956011,25.2078292090013,-10.441424736353));
#1693=CARTESIAN_POINT('',(-91.1763608956011,22.6864433665323,-15.1585968278828));
#1694=CARTESIAN_POINT('',(-91.2076108956011,19.2932372083472,-19.2932372083471));
#1695=CARTESIAN_POINT('',(-91.2388608956011,15.158596827883,-22.6864433665322));
#1696=CARTESIAN_POINT('',(-91.2701108956011,10.441424736353,-25.2078292090013));
#1697=CARTESIAN_POINT('',(-91.3013608956011,5.3229913352107,-26.7604845557484));
#1698=CARTESIAN_POINT('',(-91.3326108956011,2.97539770599542E-14,-27.2847577221258));
#1699=CARTESIAN_POINT('',(-91.3638608956011,-5.32299133521064,-26.7604845557484));
#1700=CARTESIAN_POINT('',(-91.3951108956011,-10.4414247363529,-25.2078292090014));
#1701=CARTESIAN_POINT('',(-91.4263608956011,-15.1585968278829,-22.6864433665323));
#1702=CARTESIAN_POINT('',(-91.4576108956011,-19.2932372083472,-19.2932372083472));
#1703=CARTESIAN_POINT('',(-91.4888608956011,-22.6864433665323,-15.1585968278829));
#1704=CARTESIAN_POINT('',(-91.5201108956011,-25.2078292090013,-10.441424736353));
#1705=CARTESIAN_POINT('',(-91.5513608956011,-26.7604845557484,-5.32299133521075));
#1706=CARTESIAN_POINT('',(-91.5826108956011,-27.2847577221258,-1.15907283770866E-13));
#1707=CARTESIAN_POINT('',(-91.6138608956011,-26.7604845557484,5.32299133521074));
#1708=CARTESIAN_POINT('',(-91.6451108956011,-25.2078292090013,10.441424736353));
#1709=CARTESIAN_POINT('',(-91.6763608956011,-22.6864433665323,15.1585968278828));
#1710=CARTESIAN_POINT('',(-91.7076108956011,-19.2932372083472,19.2932372083471));
#1711=CARTESIAN_POINT('',(-91.7388608956011,-15.158596827883,22.6864433665322));
#1712=CARTESIAN_POINT('',(-91.7701108956011,-10.441424736353,25.2078292090013));
#1713=CARTESIAN_POINT('',(-91.8013608956011,-5.3229913352107,26.7604845557484));
#1714=CARTESIAN_POINT('',(-91.8326108956011,-3.37507799486048E-14,27.2847577221258));
#1715=CARTESIAN_POINT('',(-91.8638608956011,5.32299133521064,26.7604845557484));
#1716=CARTESIAN_POINT('',(-91.8951108956011,10.4414247363529,25.2078292090013));
#1717=CARTESIAN_POINT('',(-91.9263608956011,15.1585968278828,22.6864433665323));
#1718=CARTESIAN_POINT('',(-91.9576108956011,19.2932372083471,19.2932372083472));
#1719=CARTESIAN_POINT('',(-91.9888608956011,22.6864433665322,15.158596827883));
#1720=CARTESIAN_POINT('',(-92.0201108956011,25.2078292090014,10.4414247363529));
#1721=CARTESIAN_POINT('',(-92.0513608956011,26.7604845557484,5.32299133521066));
#1722=CARTESIAN_POINT('',(-92.0826108956011,27.2847577221258,-1.46549439250521E-14));
#1723=CARTESIAN_POINT('',(-92.1138608956011,26.7604845557484,-5.32299133521068));
#1724=CARTESIAN_POINT('',(-92.1451108956011,25.2078292090013,-10.441424736353));
#1725=CARTESIAN_POINT('',(-92.1763608956011,22.6864433665323,-15.1585968278828));
#1726=CARTESIAN_POINT('',(-92.2076108956011,19.2932372083472,-19.2932372083471));
#1727=CARTESIAN_POINT('',(-92.2388608956011,15.1585968278829,-22.6864433665322));
#1728=CARTESIAN_POINT('',(-92.2701108956011,10.4414247363531,-25.2078292090013));
#1729=CARTESIAN_POINT('',(-92.3013608956011,5.3229913352108,-26.7604845557484));
#1730=CARTESIAN_POINT('',(-92.3326108956011,2.03836947321179E-13,-27.2847577221258));
#1731=CARTESIAN_POINT('',(-92.3638608956011,-5.32299133521082,-26.7604845557484));
#1732=CARTESIAN_POINT('',(-92.3951108956011,-10.441424736353,-25.2078292090013));
#1733=CARTESIAN_POINT('',(-92.4197225897455,-14.1565478321477,-23.2220507393995));
#1734=CARTESIAN_POINT('',(-92.4339176172233,-16.1189854052272,-21.8069039424074));
#1735=CARTESIAN_POINT('',(-92.4376959780345,-16.6272995388858,-21.4121471325563));
#1736=CARTESIAN_POINT('',(-86.4,0.,0.));
#1737=CARTESIAN_POINT('',(-88.9,-23.05,0.));
#1738=CARTESIAN_POINT('',(-88.9,-21.8,7.65404249467096E-17));
#1739=CARTESIAN_POINT('',(-92.9,-23.05,0.));
#1740=CARTESIAN_POINT('',(-88.9,-23.05,0.));
#1741=CARTESIAN_POINT('',(-88.9,23.05,0.));
#1742=CARTESIAN_POINT('',(-88.9,24.3,7.65404249467096E-17));
#1743=CARTESIAN_POINT('',(-92.9,23.05,0.));
#1744=CARTESIAN_POINT('',(-88.9,23.05,0.));
#1745=CARTESIAN_POINT('',(-86.9,0.,0.));
#1746=MECHANICAL_DESIGN_GEOMETRIC_PRESENTATION_REPRESENTATION('',(#24),
#1747);
#1747=(
GEOMETRIC_REPRESENTATION_CONTEXT(3)
GLOBAL_UNCERTAINTY_ASSIGNED_CONTEXT((#1748))
GLOBAL_UNIT_ASSIGNED_CONTEXT((#1754,#1750,#1749))
REPRESENTATION_CONTEXT('\X2\9A7152A8538B73AF\X0\',
'TOP_LEVEL_ASSEMBLY_PART')
);
#1748=UNCERTAINTY_MEASURE_WITH_UNIT(LENGTH_MEASURE(0.0508),#1754,
'DISTANCE_ACCURACY_VALUE','Maximum Tolerance applied to model');
#1749=(
NAMED_UNIT(*)
SI_UNIT($,.STERADIAN.)
SOLID_ANGLE_UNIT()
);
#1750=(
CONVERSION_BASED_UNIT('DEGREE',#1752)
NAMED_UNIT(#1751)
PLANE_ANGLE_UNIT()
);
#1751=DIMENSIONAL_EXPONENTS(0.,0.,0.,0.,0.,0.,0.);
#1752=PLANE_ANGLE_MEASURE_WITH_UNIT(PLANE_ANGLE_MEASURE(0.0174532925),#1753);
#1753=(
NAMED_UNIT(*)
PLANE_ANGLE_UNIT()
SI_UNIT($,.RADIAN.)
);
#1754=(
LENGTH_UNIT()
NAMED_UNIT(*)
SI_UNIT(.MILLI.,.METRE.)
);
ENDSEC;
END-ISO-10303-21;
